word,arpabet,syllables,tokenized_word,hamming_distance,word_frequency,phon_vec
flashers,"['F', 'L', 'AE', 'SH', 'ER', 'Z']","['flash', 'ers']","['flash', 'ers']",0.0,9.77e-08,"[20, 25, 2, 32, 8, 38, 0, 0]"
lexmark,"['L', 'EH', 'K', 'S', 'M', 'AA', 'R', 'K']","['lex', 'mark']","['lex', 'mark']",0.0,1.23e-07,"[25, 7, 24, 31, 26, 1, 30, 24]"
shareware,"['SH', 'EH', 'R', 'W', 'EH', 'R']","['share', 'ware']","['share', 'ware']",0.0,1.91e-07,"[32, 7, 30, 36, 7, 30, 0, 0]"
minolta,"['M', 'IH', 'N', 'AA', 'L', 'T', 'AH']","['min', 'olta']","['min', 'olta']",0.0,2.14e-07,"[26, 10, 27, 1, 25, 33, 3, 0]"
housewares,"['HH', 'AW', 'S', 'W', 'EH', 'R', 'Z']","['house', 'wares']","['house', 'wares']",0.0,2.34e-07,"[22, 5, 31, 36, 7, 30, 38, 0]"
disclaimers,"['D', 'IH', 'S', 'K', 'L', 'EY', 'M', 'ER', 'Z']","['dis', 'claim', 'ers']","['dis', 'claim', 'ers']",0.0,2.82e-07,"[18, 10, 31, 24, 25, 9, 26, 8]"
cached,"['K', 'AE', 'SH', 'T']",['cached'],['cached'],0.0,3.98e-07,"[24, 2, 32, 33, 0, 0, 0, 0]"
adaptor,"['AH', 'D', 'AE', 'P', 'T', 'ER']","['ad', 'aptor']","['ad', 'aptor']",0.0,4.37e-07,"[3, 18, 2, 29, 33, 8, 0, 0]"
netscape,"['N', 'EH', 'T', 'S', 'K', 'EY', 'P']","['nets', 'cape']","['nets', 'cape']",0.0,4.37e-07,"[27, 7, 33, 31, 24, 9, 29, 0]"
thinkpad,"['TH', 'IH', 'NG', 'K', 'P', 'AE', 'D']","['think', 'pad']","['think', 'pad']",0.0,4.57e-07,"[34, 10, 28, 24, 29, 2, 18, 0]"
bestsellers,"['B', 'EH', 'S', 'T', 'S', 'EH', 'L', 'ER', 'Z']","['best', 'sellers']","['best', 's', 'ellers']",0.09090909090909091,5.13e-07,"[16, 7, 31, 33, 31, 7, 25, 8]"
conferencing,"['K', 'AA', 'N', 'F', 'R', 'AH', 'N', 'S', 'IH', 'NG']","['con', 'fer', 'en', 'cing']","['con', 'fer', 'encing']",0.08333333333333333,5.25e-07,"[24, 1, 27, 20, 30, 3, 27, 31]"
cordless,"['K', 'AO', 'R', 'D', 'L', 'AH', 'S']","['cord', 'less']","['cord', 'less']",0.0,5.37e-07,"[24, 4, 30, 18, 25, 3, 31, 0]"
pix,"['P', 'IH', 'K', 'S']",['pix'],['pix'],0.0,5.62e-07,"[29, 10, 24, 31, 0, 0, 0, 0]"
bookmarks,"['B', 'UH', 'K', 'M', 'AA', 'R', 'K', 'S']","['book', 'marks']","['book', 'marks']",0.0,6.46e-07,"[16, 14, 24, 26, 1, 30, 24, 31]"
mpeg,"['EH', 'M', 'P', 'EH', 'G']",['mpeg'],['mpeg'],0.0,6.61e-07,"[7, 26, 29, 7, 21, 0, 0, 0]"
airfare,"['EH', 'R', 'F', 'EH', 'R']","['air', 'fare']","['air', 'fare']",0.0,6.76e-07,"[7, 30, 20, 7, 30, 0, 0, 0]"
adapters,"['AH', 'D', 'AE', 'P', 'T', 'ER', 'Z']","['ad', 'apters']","['ad', 'apters']",0.0,7.24e-07,"[3, 18, 2, 29, 33, 8, 38, 0]"
mailman,"['M', 'EY', 'L', 'M', 'AE', 'N']","['mail', 'man']","['mail', 'man']",0.0,7.59e-07,"[26, 9, 25, 26, 2, 27, 0, 0]"
telephony,"['T', 'EH', 'L', 'AH', 'F', 'OW', 'N', 'IY']","['tele', 'phony']","['tele', 'phony']",0.0,7.76e-07,"[33, 7, 25, 3, 20, 12, 27, 11]"
deutschland,"['D', 'OY', 'CH', 'L', 'AE', 'N', 'D']","['deutsch', 'land']","['de', 'utsch', 'land']",0.09090909090909091,8.32e-07,"[18, 13, 17, 25, 2, 27, 18, 0]"
printable,"['P', 'R', 'IH', 'N', 'T', 'AH', 'B', 'AH', 'L']","['print', 'able']","['print', 'able']",0.0,8.32e-07,"[29, 30, 10, 27, 33, 3, 16, 3]"
newsletters,"['N', 'UW', 'Z', 'L', 'EH', 'T', 'ER', 'Z']","['news', 'let', 'ters']","['news', 'letters']",0.09090909090909091,8.71e-07,"[27, 15, 38, 25, 7, 33, 8, 38]"
gratis,"['G', 'R', 'AE', 'T', 'AH', 'S']",['gratis'],['gratis'],0.0,8.71e-07,"[21, 30, 2, 33, 3, 31, 0, 0]"
boolean,"['B', 'UW', 'L', 'IY', 'AH', 'N']",['boolean'],['boolean'],0.0,8.91e-07,"[16, 15, 25, 11, 3, 27, 0, 0]"
perl,"['P', 'ER', 'L']",['perl'],['perl'],0.0,9.33e-07,"[29, 8, 25, 0, 0, 0, 0, 0]"
transsexual,"['T', 'R', 'AE', 'N', 'S', 'EH', 'K', 'SH', 'Y', 'UW', 'AH', 'L']","['trans', 'sexu', 'al']","['trans', 'sexual']",0.09090909090909091,9.77e-07,"[33, 30, 2, 27, 31, 7, 24, 32]"
snowboard,"['S', 'N', 'OW', 'B', 'AO', 'R', 'D']","['snow', 'board']","['snow', 'board']",0.0,1.02e-06,"[31, 27, 12, 16, 4, 30, 18, 0]"
ericsson,"['EH', 'R', 'IH', 'K', 'S', 'AH', 'N']","['eric', 'sson']","['eric', 'sson']",0.0,1.05e-06,"[7, 30, 10, 24, 31, 3, 27, 0]"
grenada,"['G', 'R', 'IH', 'N', 'EY', 'D', 'AH']","['gren', 'ada']","['gren', 'ada']",0.0,1.05e-06,"[21, 30, 10, 27, 9, 18, 3, 0]"
erotica,"['IH', 'R', 'AA', 'T', 'IH', 'K', 'AH']","['erot', 'ica']","['erot', 'ica']",0.0,1.05e-06,"[10, 30, 1, 33, 10, 24, 3, 0]"
paintball,"['P', 'EY', 'N', 'T', 'B', 'AA', 'L']","['paint', 'ball']","['paint', 'ball']",0.0,1.07e-06,"[29, 9, 27, 33, 16, 1, 25, 0]"
reprints,"['R', 'IY', 'P', 'R', 'IH', 'N', 'T', 'S']","['re', 'prints']","['re', 'prints']",0.0,1.07e-06,"[30, 11, 29, 30, 10, 27, 33, 31]"
gnu,"['N', 'UW']",['gnu'],['gnu'],0.0,1.1e-06,"[27, 15, 0, 0, 0, 0, 0, 0]"
ata,"['AA', 'T', 'AH']",['ata'],['ata'],0.0,1.1e-06,"[1, 33, 3, 0, 0, 0, 0, 0]"
workstation,"['W', 'ER', 'K', 'S', 'T', 'EY', 'SH', 'AH', 'N']","['work', 'sta', 'tion']","['work', 'station']",0.09090909090909091,1.1e-06,"[36, 8, 24, 31, 33, 9, 32, 3]"
asp,"['AE', 'S', 'P']",['asp'],['asp'],0.0,1.12e-06,"[2, 31, 29, 0, 0, 0, 0, 0]"
lambda,"['L', 'AE', 'M', 'D', 'AH']",['lambda'],['lambda'],0.0,1.15e-06,"[25, 2, 26, 18, 3, 0, 0, 0]"
sie,"['S', 'IY']",['sie'],['sie'],0.0,1.15e-06,"[31, 11, 0, 0, 0, 0, 0, 0]"
mime,"['M', 'AY', 'M']",['mime'],['mime'],0.0,1.15e-06,"[26, 6, 26, 0, 0, 0, 0, 0]"
lolita,"['L', 'OW', 'L', 'IY', 'T', 'AH']","['lol', 'ita']","['lol', 'ita']",0.0,1.17e-06,"[25, 12, 25, 11, 33, 3, 0, 0]"
goto,"['G', 'OW', 'T', 'UW']",['goto'],['goto'],0.0,1.17e-06,"[21, 12, 33, 15, 0, 0, 0, 0]"
televisions,"['T', 'EH', 'L', 'AH', 'V', 'IH', 'ZH', 'AH', 'N', 'Z']","['tele', 'vi', 'sions']","['tele', 'visions']",0.09090909090909091,1.2e-06,"[33, 7, 25, 3, 35, 10, 39, 3]"
collectibles,"['K', 'AH', 'L', 'EH', 'K', 'T', 'AH', 'B', 'AH', 'L', 'Z']","['col', 'lect', 'ibles']","['collect', 'ibles']",0.08333333333333333,1.29e-06,"[24, 3, 25, 7, 24, 33, 3, 16]"
autos,"['AO', 'T', 'OW', 'Z']",['autos'],['autos'],0.0,1.32e-06,"[4, 33, 12, 38, 0, 0, 0, 0]"
lat,"['L', 'AA', 'T']",['lat'],['lat'],0.0,1.35e-06,"[25, 1, 33, 0, 0, 0, 0, 0]"
acer,"['EY', 'S', 'ER']",['acer'],['acer'],0.0,1.35e-06,"[9, 31, 8, 0, 0, 0, 0, 0]"
crossword,"['K', 'R', 'AO', 'S', 'W', 'ER', 'D']","['cross', 'word']","['cross', 'word']",0.0,1.38e-06,"[24, 30, 4, 31, 36, 8, 18, 0]"
ide,"['AY', 'D']",['ide'],['ide'],0.0,1.38e-06,"[6, 18, 0, 0, 0, 0, 0, 0]"
postings,"['P', 'OW', 'S', 'T', 'IH', 'NG', 'Z']","['post', 'ings']","['post', 'ings']",0.0,1.38e-06,"[29, 12, 31, 33, 10, 28, 38, 0]"
collectible,"['K', 'AH', 'L', 'EH', 'K', 'T', 'AH', 'B', 'AH', 'L']","['col', 'lect', 'ible']","['collect', 'ible']",0.09090909090909091,1.38e-06,"[24, 3, 25, 7, 24, 33, 3, 16]"
nightlife,"['N', 'AY', 'T', 'L', 'AY', 'F']","['night', 'life']","['night', 'life']",0.0,1.41e-06,"[27, 6, 33, 25, 6, 20, 0, 0]"
byte,"['B', 'AY', 'T']",['byte'],['byte'],0.0,1.41e-06,"[16, 6, 33, 0, 0, 0, 0, 0]"
aud,"['AO', 'D']",['aud'],['aud'],0.0,1.45e-06,"[4, 18, 0, 0, 0, 0, 0, 0]"
theta,"['TH', 'EY', 'T', 'AH']",['theta'],['theta'],0.0,1.45e-06,"[34, 9, 33, 3, 0, 0, 0, 0]"
blackjack,"['B', 'L', 'AE', 'K', 'JH', 'AE', 'K']","['black', 'jack']","['black', 'jack']",0.0,1.45e-06,"[16, 25, 2, 24, 23, 2, 24, 0]"
shortcuts,"['SH', 'AO', 'R', 'T', 'K', 'AH', 'T', 'S']","['short', 'cuts']","['short', 'cuts']",0.0,1.45e-06,"[32, 4, 30, 33, 24, 3, 33, 31]"
greensboro,"['G', 'R', 'IY', 'N', 'Z', 'B', 'ER', 'R', 'OW']","['greens', 'boro']","['greens', 'boro']",0.0,1.45e-06,"[21, 30, 11, 27, 38, 16, 8, 30]"
handbags,"['HH', 'AE', 'N', 'D', 'B', 'AE', 'G', 'Z']","['hand', 'bags']","['hand', 'bags']",0.0,1.51e-06,"[22, 2, 27, 18, 16, 2, 21, 38]"
avi,"['AA', 'V', 'IY']",['avi'],['avi'],0.0,1.51e-06,"[1, 35, 11, 0, 0, 0, 0, 0]"
shopper,"['SH', 'AA', 'P', 'ER']","['shop', 'per']","['shop', 'per']",0.0,1.55e-06,"[32, 1, 29, 8, 0, 0, 0, 0]"
diff,"['D', 'IH', 'F']",['diff'],['diff'],0.0,1.58e-06,"[18, 10, 20, 0, 0, 0, 0, 0]"
enlarge,"['EH', 'N', 'L', 'AA', 'R', 'JH']","['en', 'large']","['en', 'large']",0.0,1.58e-06,"[7, 27, 25, 1, 30, 23, 0, 0]"
sender,"['S', 'EH', 'N', 'D', 'ER']",['sender'],['sender'],0.0,1.62e-06,"[31, 7, 27, 18, 8, 0, 0, 0]"
pty,"['T', 'AY']",['pty'],['pty'],0.0,1.66e-06,"[33, 6, 0, 0, 0, 0, 0, 0]"
metallica,"['M', 'AH', 'T', 'AE', 'L', 'IH', 'K', 'AH']","['metal', 'lica']","['metal', 'lica']",0.0,1.66e-06,"[26, 3, 33, 2, 25, 10, 24, 3]"
gage,"['G', 'EY', 'JH']",['gage'],['gage'],0.0,1.66e-06,"[21, 9, 23, 0, 0, 0, 0, 0]"
folders,"['F', 'OW', 'L', 'D', 'ER', 'Z']",['folders'],['folders'],0.0,1.66e-06,"[20, 12, 25, 18, 8, 38, 0, 0]"
redhead,"['R', 'EH', 'D', 'HH', 'EH', 'D']","['red', 'head']","['red', 'head']",0.0,1.7e-06,"[30, 7, 18, 22, 7, 18, 0, 0]"
notebooks,"['N', 'OW', 'T', 'B', 'UH', 'K', 'S']","['note', 'books']","['note', 'books']",0.0,1.7e-06,"[27, 12, 33, 16, 14, 24, 31, 0]"
eos,"['IY', 'AA', 'S']",['eos'],['eos'],0.0,1.7e-06,"[11, 1, 31, 0, 0, 0, 0, 0]"
botswana,"['B', 'AA', 'T', 'S', 'W', 'AA', 'N', 'AH']","['bot', 'swana']","['bot', 'swana']",0.0,1.74e-06,"[16, 1, 33, 31, 36, 1, 27, 3]"
belize,"['B', 'EH', 'L', 'IY', 'Z']","['bel', 'ize']","['bel', 'ize']",0.0,1.74e-06,"[16, 7, 25, 11, 38, 0, 0, 0]"
fonts,"['F', 'AA', 'N', 'T', 'S']",['fonts'],['fonts'],0.0,1.74e-06,"[20, 1, 27, 33, 31, 0, 0, 0]"
firewall,"['F', 'AY', 'R', 'W', 'AA', 'L']","['fire', 'wall']","['fire', 'wall']",0.0,1.74e-06,"[20, 6, 30, 36, 1, 25, 0, 0]"
malpractice,"['M', 'AE', 'L', 'P', 'R', 'AE', 'K', 'T', 'AH', 'S']","['mal', 'prac', 'tice']","['mal', 'practice']",0.09090909090909091,1.78e-06,"[26, 2, 25, 29, 30, 2, 24, 33]"
nav,"['N', 'AE', 'V']",['nav'],['nav'],0.0,1.82e-06,"[27, 2, 35, 0, 0, 0, 0, 0]"
bytes,"['B', 'AY', 'T', 'S']",['bytes'],['bytes'],0.0,1.82e-06,"[16, 6, 33, 31, 0, 0, 0, 0]"
uri,"['Y', 'ER', 'IY']",['uri'],['uri'],0.0,1.82e-06,"[37, 8, 11, 0, 0, 0, 0, 0]"
bios,"['B', 'AY', 'OW', 'S']",['bios'],['bios'],0.0,1.82e-06,"[16, 6, 12, 31, 0, 0, 0, 0]"
sig,"['S', 'IH', 'G']",['sig'],['sig'],0.0,1.86e-06,"[31, 10, 21, 0, 0, 0, 0, 0]"
biz,"['B', 'IH', 'Z']",['biz'],['biz'],0.0,1.86e-06,"[16, 10, 38, 0, 0, 0, 0, 0]"
lexus,"['L', 'EH', 'K', 'S', 'AH', 'S']","['lex', 'us']","['lex', 'us']",0.0,1.86e-06,"[25, 7, 24, 31, 3, 31, 0, 0]"
flooring,"['F', 'L', 'AO', 'R', 'IH', 'NG']","['floor', 'ing']","['floor', 'ing']",0.0,1.91e-06,"[20, 25, 4, 30, 10, 28, 0, 0]"
packard,"['P', 'AE', 'K', 'ER', 'D']","['pack', 'ard']","['pack', 'ard']",0.0,1.91e-06,"[29, 2, 24, 8, 18, 0, 0, 0]"
postcards,"['P', 'OW', 'S', 'T', 'K', 'AA', 'R', 'D', 'Z']","['post', 'cards']","['post', 'cards']",0.0,1.91e-06,"[29, 12, 31, 33, 24, 1, 30, 18]"
keyword,"['K', 'IY', 'W', 'ER', 'D']",['keyword'],['keyword'],0.0,1.95e-06,"[24, 11, 36, 8, 18, 0, 0, 0]"
prepaid,"['P', 'R', 'IY', 'P', 'EY', 'D']","['pre', 'paid']","['pre', 'paid']",0.0,2e-06,"[29, 30, 11, 29, 9, 18, 0, 0]"
unix,"['Y', 'UW', 'N', 'IH', 'K', 'S']",['unix'],['unix'],0.0,2.04e-06,"[37, 15, 27, 10, 24, 31, 0, 0]"
fairfield,"['F', 'EH', 'R', 'F', 'IY', 'L', 'D']","['fair', 'field']","['fair', 'field']",0.0,2.04e-06,"[20, 7, 30, 20, 11, 25, 18, 0]"
specialties,"['S', 'P', 'EH', 'SH', 'AH', 'L', 'T', 'IY', 'Z']","['spe', 'cial', 'ties']","['special', 'ties']",0.09090909090909091,2.04e-06,"[31, 29, 7, 32, 3, 25, 33, 11]"
qui,"['K', 'W', 'IY']",['qui'],['qui'],0.0,2.09e-06,"[24, 36, 11, 0, 0, 0, 0, 0]"
ent,"['EH', 'N', 'T']",['ent'],['ent'],0.0,2.09e-06,"[7, 27, 33, 0, 0, 0, 0, 0]"
volt,"['V', 'OW', 'L', 'T']",['volt'],['volt'],0.0,2.09e-06,"[35, 12, 25, 33, 0, 0, 0, 0]"
dentists,"['D', 'EH', 'N', 'T', 'AH', 'S', 'T', 'S']","['dent', 'ists']","['dent', 'ists']",0.0,2.09e-06,"[18, 7, 27, 33, 3, 31, 33, 31]"
nil,"['N', 'IH', 'L']",['nil'],['nil'],0.0,2.14e-06,"[27, 10, 25, 0, 0, 0, 0, 0]"
previews,"['P', 'R', 'IY', 'V', 'Y', 'UW', 'Z']","['pre', 'views']","['pre', 'views']",0.0,2.14e-06,"[29, 30, 11, 35, 37, 15, 38, 0]"
playback,"['P', 'L', 'EY', 'B', 'AE', 'K']","['play', 'back']","['play', 'back']",0.0,2.14e-06,"[29, 25, 9, 16, 2, 24, 0, 0]"
bookings,"['B', 'UH', 'K', 'IH', 'NG', 'Z']","['book', 'ings']","['book', 'ings']",0.0,2.14e-06,"[16, 14, 24, 10, 28, 38, 0, 0]"
boxed,"['B', 'AA', 'K', 'S', 'T']",['boxed'],['boxed'],0.0,2.19e-06,"[16, 1, 24, 31, 33, 0, 0, 0]"
hardwood,"['HH', 'AA', 'R', 'D', 'W', 'UH', 'D']","['hard', 'wood']","['hard', 'wood']",0.0,2.19e-06,"[22, 1, 30, 18, 36, 14, 18, 0]"
foo,"['F', 'UW']",['foo'],['foo'],0.0,2.19e-06,"[20, 15, 0, 0, 0, 0, 0, 0]"
maldives,"['M', 'AO', 'L', 'D', 'AY', 'V', 'Z']","['mal', 'dives']","['mal', 'dives']",0.0,2.24e-06,"[26, 4, 25, 18, 6, 35, 38, 0]"
topless,"['T', 'AA', 'P', 'L', 'AH', 'S']","['top', 'less']","['top', 'less']",0.0,2.29e-06,"[33, 1, 29, 25, 3, 31, 0, 0]"
handheld,"['HH', 'AE', 'N', 'D', 'HH', 'EH', 'L', 'D']","['hand', 'held']","['hand', 'held']",0.0,2.29e-06,"[22, 2, 27, 18, 22, 7, 25, 18]"
cookbook,"['K', 'UH', 'K', 'B', 'UH', 'K']","['cook', 'book']","['cook', 'book']",0.0,2.29e-06,"[24, 14, 24, 16, 14, 24, 0, 0]"
porno,"['P', 'AO', 'R', 'N', 'OW']",['porno'],['porno'],0.0,2.29e-06,"[29, 4, 30, 27, 12, 0, 0, 0]"
oman,"['OW', 'M', 'AA', 'N']",['oman'],['oman'],0.0,2.29e-06,"[12, 26, 1, 27, 0, 0, 0, 0]"
brochure,"['B', 'R', 'OW', 'SH', 'UH', 'R']","['bro', 'chure']","['bro', 'chure']",0.0,2.34e-06,"[16, 30, 12, 32, 14, 30, 0, 0]"
bracelets,"['B', 'R', 'EY', 'S', 'L', 'IH', 'T', 'S']","['brace', 'lets']","['brace', 'lets']",0.0,2.34e-06,"[16, 30, 9, 31, 25, 10, 33, 31]"
keyboards,"['K', 'IY', 'B', 'AO', 'R', 'D', 'Z']","['key', 'boards']","['key', 'boards']",0.0,2.4e-06,"[24, 11, 16, 4, 30, 18, 38, 0]"
bras,"['B', 'R', 'AE', 'S']",['bras'],['bras'],0.0,2.4e-06,"[16, 30, 2, 31, 0, 0, 0, 0]"
latina,"['L', 'AA', 'T', 'IY', 'N', 'AH']","['lat', 'ina']","['lat', 'ina']",0.0,2.4e-06,"[25, 1, 33, 11, 27, 3, 0, 0]"
midi,"['M', 'IY', 'D', 'IY']",['midi'],['midi'],0.0,2.4e-06,"[26, 11, 18, 11, 0, 0, 0, 0]"
newfoundland,"['N', 'UW', 'F', 'AH', 'N', 'D', 'L', 'AH', 'N', 'D']","['new', 'found', 'land']","['new', 'foundland']",0.08333333333333333,2.4e-06,"[27, 15, 20, 3, 27, 18, 25, 3]"
inquire,"['IH', 'N', 'K', 'W', 'AY', 'R']","['in', 'quire']","['in', 'quire']",0.0,2.4e-06,"[10, 27, 24, 36, 6, 30, 0, 0]"
samoa,"['S', 'AH', 'M', 'OW', 'AH']","['sam', 'oa']","['sam', 'oa']",0.0,2.45e-06,"[31, 3, 26, 12, 3, 0, 0, 0]"
reprint,"['R', 'IY', 'P', 'R', 'IH', 'N', 'T']","['re', 'print']","['re', 'print']",0.0,2.45e-06,"[30, 11, 29, 30, 10, 27, 33, 0]"
roommates,"['R', 'UW', 'M', 'EY', 'T', 'S']","['room', 'mates']","['room', 'mates']",0.0,2.45e-06,"[30, 15, 26, 9, 33, 31, 0, 0]"
housewives,"['HH', 'AW', 'S', 'W', 'AY', 'V', 'Z']","['house', 'wives']","['house', 'wives']",0.0,2.51e-06,"[22, 5, 31, 36, 6, 35, 38, 0]"
latex,"['L', 'EY', 'T', 'EH', 'K', 'S']",['latex'],['latex'],0.0,2.51e-06,"[25, 9, 33, 7, 24, 31, 0, 0]"
bedding,"['B', 'EH', 'D', 'IH', 'NG']","['bed', 'ding']","['bed', 'ding']",0.0,2.51e-06,"[16, 7, 18, 10, 28, 0, 0, 0]"
nasdaq,"['N', 'AE', 'Z', 'D', 'AE', 'K']","['nas', 'daq']","['nas', 'daq']",0.0,2.57e-06,"[27, 2, 38, 18, 2, 24, 0, 0]"
bouquet,"['B', 'UW', 'K', 'EY']","['bou', 'quet']","['bou', 'quet']",0.0,2.57e-06,"[16, 15, 24, 9, 0, 0, 0, 0]"
cad,"['K', 'AE', 'D']",['cad'],['cad'],0.0,2.57e-06,"[24, 2, 18, 0, 0, 0, 0, 0]"
footwear,"['F', 'UH', 'T', 'W', 'EH', 'R']","['foot', 'wear']","['foot', 'wear']",0.0,2.63e-06,"[20, 14, 33, 36, 7, 30, 0, 0]"
rentals,"['R', 'EH', 'N', 'T', 'AH', 'L', 'Z']","['rent', 'als']","['rent', 'als']",0.0,2.63e-06,"[30, 7, 27, 33, 3, 25, 38, 0]"
bookstore,"['B', 'UH', 'K', 'S', 'T', 'AO', 'R']","['book', 'store']","['book', 'store']",0.0,2.63e-06,"[16, 14, 24, 31, 33, 4, 30, 0]"
ver,"['V', 'ER']",['ver'],['ver'],0.0,2.63e-06,"[35, 8, 0, 0, 0, 0, 0, 0]"
keywords,"['K', 'IY', 'W', 'ER', 'D', 'Z']",['keywords'],['keywords'],0.0,2.63e-06,"[24, 11, 36, 8, 18, 38, 0, 0]"
len,"['L', 'EH', 'N']",['len'],['len'],0.0,2.69e-06,"[25, 7, 27, 0, 0, 0, 0, 0]"
evaluations,"['IH', 'V', 'AE', 'L', 'Y', 'UW', 'EY', 'SH', 'AH', 'N', 'Z']","['eval', 'u', 'ations']","['eval', 'uations']",0.09090909090909091,2.69e-06,"[10, 35, 2, 25, 37, 15, 9, 32]"
menus,"['M', 'EH', 'N', 'Y', 'UW', 'Z']",['menus'],['menus'],0.0,2.75e-06,"[26, 7, 27, 37, 15, 38, 0, 0]"
postcard,"['P', 'OW', 'S', 'T', 'K', 'AA', 'R', 'D']","['post', 'card']","['post', 'card']",0.0,2.75e-06,"[29, 12, 31, 33, 24, 1, 30, 18]"
questionnaire,"['K', 'W', 'EH', 'S', 'CH', 'AH', 'N', 'EH', 'R']","['ques', 'tion', 'naire']","['question', 'naire']",0.07692307692307693,2.75e-06,"[24, 36, 7, 31, 17, 3, 27, 7]"
hyundai,"['HH', 'Y', 'AH', 'N', 'D', 'EY']","['hy', 'undai']","['hy', 'undai']",0.0,2.75e-06,"[22, 37, 3, 27, 18, 9, 0, 0]"
una,"['UW', 'N', 'AH']",['una'],['una'],0.0,2.75e-06,"[15, 27, 3, 0, 0, 0, 0, 0]"
groundwater,"['G', 'R', 'AW', 'N', 'D', 'W', 'AA', 'T', 'ER']","['ground', 'wa', 'ter']","['ground', 'water']",0.09090909090909091,2.75e-06,"[21, 30, 5, 27, 18, 36, 1, 33]"
mens,"['M', 'EH', 'N', 'Z']",['mens'],['mens'],0.0,2.82e-06,"[26, 7, 27, 38, 0, 0, 0, 0]"
psi,"['S', 'AY']",['psi'],['psi'],0.0,2.82e-06,"[31, 6, 0, 0, 0, 0, 0, 0]"
checklist,"['CH', 'EH', 'K', 'L', 'IH', 'S', 'T']","['check', 'list']","['check', 'list']",0.0,2.82e-06,"[17, 7, 24, 25, 10, 31, 33, 0]"
programmers,"['P', 'R', 'OW', 'G', 'R', 'AE', 'M', 'ER', 'Z']","['pro', 'gram', 'mers']","['program', 'mers']",0.09090909090909091,2.82e-06,"[29, 30, 12, 21, 30, 2, 26, 8]"
cleanup,"['K', 'L', 'IY', 'N', 'AH', 'P']",['cleanup'],['cleanup'],0.0,2.88e-06,"[24, 25, 11, 27, 3, 29, 0, 0]"
convergence,"['K', 'AH', 'N', 'V', 'ER', 'JH', 'AH', 'N', 'S']","['con', 'ver', 'gence']","['con', 'vergence']",0.09090909090909091,2.88e-06,"[24, 3, 27, 35, 8, 23, 3, 27]"
standings,"['S', 'T', 'AE', 'N', 'D', 'IH', 'NG', 'Z']","['stand', 'ings']","['stand', 'ings']",0.0,2.88e-06,"[31, 33, 2, 27, 18, 10, 28, 38]"
chem,"['K', 'EH', 'M']",['chem'],['chem'],0.0,2.88e-06,"[24, 7, 26, 0, 0, 0, 0, 0]"
anaheim,"['AE', 'N', 'AH', 'HH', 'AY', 'M']","['ana', 'heim']","['ana', 'heim']",0.0,2.88e-06,"[2, 27, 3, 22, 6, 26, 0, 0]"
cleaners,"['K', 'L', 'IY', 'N', 'ER', 'Z']","['clean', 'ers']","['clean', 'ers']",0.0,2.88e-06,"[24, 25, 11, 27, 8, 38, 0, 0]"
bondage,"['B', 'AA', 'N', 'D', 'IH', 'JH']","['bond', 'age']","['bond', 'age']",0.0,2.88e-06,"[16, 1, 27, 18, 10, 23, 0, 0]"
alto,"['AE', 'L', 'T', 'OW']",['alto'],['alto'],0.0,2.95e-06,"[2, 25, 33, 12, 0, 0, 0, 0]"
biodiversity,"['B', 'AY', 'OW', 'D', 'AY', 'V', 'ER', 'S', 'AH', 'T', 'IY']","['biod', 'iversity']","['b', 'iod', 'iversity']",0.08333333333333333,2.95e-06,"[16, 6, 12, 18, 6, 35, 8, 31]"
concord,"['K', 'AA', 'N', 'K', 'AO', 'R', 'D']","['con', 'cord']","['con', 'cord']",0.0,2.95e-06,"[24, 1, 27, 24, 4, 30, 18, 0]"
reggae,"['R', 'EH', 'G', 'EY']","['reg', 'gae']","['reg', 'gae']",0.0,2.95e-06,"[30, 7, 21, 9, 0, 0, 0, 0]"
nano,"['N', 'AA', 'N', 'OW']",['nano'],['nano'],0.0,2.95e-06,"[27, 1, 27, 12, 0, 0, 0, 0]"
stockings,"['S', 'T', 'AA', 'K', 'IH', 'NG', 'Z']","['stock', 'ings']","['stock', 'ings']",0.0,2.95e-06,"[31, 33, 1, 24, 10, 28, 38, 0]"
char,"['CH', 'AA', 'R']",['char'],['char'],0.0,2.95e-06,"[17, 1, 30, 0, 0, 0, 0, 0]"
tit,"['T', 'IH', 'T']",['tit'],['tit'],0.0,3.02e-06,"[33, 10, 33, 0, 0, 0, 0, 0]"
bidder,"['B', 'IH', 'D', 'ER']","['bid', 'der']","['bid', 'der']",0.0,3.02e-06,"[16, 10, 18, 8, 0, 0, 0, 0]"
sublime,"['S', 'AH', 'B', 'L', 'AY', 'M']","['sub', 'lime']","['sub', 'lime']",0.0,3.02e-06,"[31, 3, 16, 25, 6, 26, 0, 0]"
totals,"['T', 'OW', 'T', 'AH', 'L', 'Z']",['totals'],['totals'],0.0,3.02e-06,"[33, 12, 33, 3, 25, 38, 0, 0]"
arbor,"['AA', 'R', 'B', 'ER']","['ar', 'bor']","['ar', 'bor']",0.0,3.09e-06,"[1, 30, 16, 8, 0, 0, 0, 0]"
supplemental,"['S', 'AH', 'P', 'L', 'AH', 'M', 'EH', 'N', 'T', 'AH', 'L']","['sup', 'ple', 'ment', 'al']","['sup', 'plement', 'al']",0.08333333333333333,3.09e-06,"[31, 3, 29, 25, 3, 26, 7, 27]"
cho,"['CH', 'OW']",['cho'],['cho'],0.0,3.09e-06,"[17, 12, 0, 0, 0, 0, 0, 0]"
rpm,"['AA', 'R', 'P', 'IY', 'EH', 'M']",['rpm'],['rpm'],0.0,3.09e-06,"[1, 30, 29, 11, 7, 26, 0, 0]"
tariff,"['T', 'EH', 'R', 'AH', 'F']","['tar', 'iff']","['tar', 'iff']",0.0,3.09e-06,"[33, 7, 30, 3, 20, 0, 0, 0]"
pixels,"['P', 'IH', 'K', 'S', 'AH', 'L', 'Z']",['pixels'],['pixels'],0.0,3.09e-06,"[29, 10, 24, 31, 3, 25, 38, 0]"
motorcycles,"['M', 'OW', 'T', 'ER', 'S', 'AY', 'K', 'AH', 'L', 'Z']","['mo', 'tor', 'cycles']","['motor', 'cycles']",0.09090909090909091,3.09e-06,"[26, 12, 33, 8, 31, 6, 24, 3]"
mixer,"['M', 'IH', 'K', 'S', 'ER']","['mix', 'er']","['mix', 'er']",0.0,3.16e-06,"[26, 10, 24, 31, 8, 0, 0, 0]"
albuquerque,"['AE', 'L', 'B', 'AH', 'K', 'ER', 'K', 'IY']","['al', 'buquerque']","['al', 'buquerque']",0.0,3.16e-06,"[2, 25, 16, 3, 24, 8, 24, 11]"
payable,"['P', 'EY', 'AH', 'B', 'AH', 'L']","['pay', 'able']","['pay', 'able']",0.0,3.16e-06,"[29, 9, 3, 16, 3, 25, 0, 0]"
por,"['P', 'AO', 'R']",['por'],['por'],0.0,3.16e-06,"[29, 4, 30, 0, 0, 0, 0, 0]"
statutes,"['S', 'T', 'AE', 'CH', 'UW', 'T', 'S']","['stat', 'utes']","['stat', 'utes']",0.0,3.16e-06,"[31, 33, 2, 17, 15, 33, 31, 0]"
router,"['R', 'UW', 'T', 'ER']",['router'],['router'],0.0,3.16e-06,"[30, 15, 33, 8, 0, 0, 0, 0]"
honolulu,"['HH', 'AA', 'N', 'AH', 'L', 'UW', 'L', 'UW']","['hon', 'olulu']","['hon', 'olulu']",0.0,3.16e-06,"[22, 1, 27, 3, 25, 15, 25, 15]"
sigma,"['S', 'IH', 'G', 'M', 'AH']",['sigma'],['sigma'],0.0,3.24e-06,"[31, 10, 21, 26, 3, 0, 0, 0]"
cas,"['K', 'AE', 'S']",['cas'],['cas'],0.0,3.24e-06,"[24, 2, 31, 0, 0, 0, 0, 0]"
postage,"['P', 'OW', 'S', 'T', 'AH', 'JH']","['post', 'age']","['post', 'age']",0.0,3.24e-06,"[29, 12, 31, 33, 3, 23, 0, 0]"
licking,"['L', 'IH', 'K', 'IH', 'NG']","['lick', 'ing']","['lick', 'ing']",0.0,3.24e-06,"[25, 10, 24, 10, 28, 0, 0, 0]"
wal,"['W', 'AO', 'L']",['wal'],['wal'],0.0,3.31e-06,"[36, 4, 25, 0, 0, 0, 0, 0]"
reno,"['R', 'IY', 'N', 'OW']",['reno'],['reno'],0.0,3.31e-06,"[30, 11, 27, 12, 0, 0, 0, 0]"
packets,"['P', 'AE', 'K', 'IH', 'T', 'S']","['pack', 'ets']","['pack', 'ets']",0.0,3.31e-06,"[29, 2, 24, 10, 33, 31, 0, 0]"
tex,"['T', 'EH', 'K', 'S']",['tex'],['tex'],0.0,3.31e-06,"[33, 7, 24, 31, 0, 0, 0, 0]"
mono,"['M', 'OW', 'N', 'OW']",['mono'],['mono'],0.0,3.39e-06,"[26, 12, 27, 12, 0, 0, 0, 0]"
staffing,"['S', 'T', 'AE', 'F', 'IH', 'NG']","['staff', 'ing']","['staff', 'ing']",0.0,3.39e-06,"[31, 33, 2, 20, 10, 28, 0, 0]"
mas,"['M', 'AA', 'Z']",['mas'],['mas'],0.0,3.39e-06,"[26, 1, 38, 0, 0, 0, 0, 0]"
creations,"['K', 'R', 'IY', 'EY', 'SH', 'AH', 'N', 'Z']","['cre', 'ations']","['cre', 'ations']",0.0,3.39e-06,"[24, 30, 11, 9, 32, 3, 27, 38]"
rebound,"['R', 'IY', 'B', 'AW', 'N', 'D']","['re', 'bound']","['re', 'bound']",0.0,3.39e-06,"[30, 11, 16, 5, 27, 18, 0, 0]"
ala,"['EY', 'L', 'AH']",['ala'],['ala'],0.0,3.39e-06,"[9, 25, 3, 0, 0, 0, 0, 0]"
mai,"['M', 'AY']",['mai'],['mai'],0.0,3.39e-06,"[26, 6, 0, 0, 0, 0, 0, 0]"
lite,"['L', 'AY', 'T']",['lite'],['lite'],0.0,3.39e-06,"[25, 6, 33, 0, 0, 0, 0, 0]"
saturn,"['S', 'AE', 'T', 'ER', 'N']","['sat', 'urn']","['sat', 'urn']",0.0,3.47e-06,"[31, 2, 33, 8, 27, 0, 0, 0]"
consoles,"['K', 'AH', 'N', 'S', 'OW', 'L', 'Z']","['con', 'soles']","['con', 'soles']",0.0,3.47e-06,"[24, 3, 27, 31, 12, 25, 38, 0]"
burner,"['B', 'ER', 'N', 'ER']","['burn', 'er']","['burn', 'er']",0.0,3.47e-06,"[16, 8, 27, 8, 0, 0, 0, 0]"
specs,"['S', 'P', 'EH', 'K', 'S']",['specs'],['specs'],0.0,3.47e-06,"[31, 29, 7, 24, 31, 0, 0, 0]"
apache,"['AH', 'P', 'AE', 'CH', 'IY']",['apache'],['apache'],0.0,3.47e-06,"[3, 29, 2, 17, 11, 0, 0, 0]"
headset,"['HH', 'EH', 'D', 'S', 'EH', 'T']","['head', 'set']","['head', 'set']",0.0,3.47e-06,"[22, 7, 18, 31, 7, 33, 0, 0]"
dryer,"['D', 'R', 'AY', 'ER']","['dry', 'er']","['dry', 'er']",0.0,3.47e-06,"[18, 30, 6, 8, 0, 0, 0, 0]"
vat,"['V', 'AE', 'T']",['vat'],['vat'],0.0,3.47e-06,"[35, 2, 33, 0, 0, 0, 0, 0]"
fireplace,"['F', 'AY', 'ER', 'P', 'L', 'EY', 'S']","['fire', 'place']","['fire', 'place']",0.0,3.47e-06,"[20, 6, 8, 29, 25, 9, 31, 0]"
org,"['AO', 'R', 'G']",['org'],['org'],0.0,3.55e-06,"[4, 30, 21, 0, 0, 0, 0, 0]"
budapest,"['B', 'UW', 'D', 'AH', 'P', 'EH', 'S', 'T']","['bud', 'apest']","['bud', 'apest']",0.0,3.55e-06,"[16, 15, 18, 3, 29, 7, 31, 33]"
convertible,"['K', 'AH', 'N', 'V', 'ER', 'T', 'AH', 'B', 'AH', 'L']","['con', 'vert', 'ible']","['convert', 'ible']",0.09090909090909091,3.55e-06,"[24, 3, 27, 35, 8, 33, 3, 16]"
phi,"['F', 'AY']",['phi'],['phi'],0.0,3.55e-06,"[20, 6, 0, 0, 0, 0, 0, 0]"
ware,"['W', 'EH', 'R']",['ware'],['ware'],0.0,3.55e-06,"[36, 7, 30, 0, 0, 0, 0, 0]"
dat,"['D', 'AE', 'T']",['dat'],['dat'],0.0,3.55e-06,"[18, 2, 33, 0, 0, 0, 0, 0]"
graphs,"['G', 'R', 'AE', 'F', 'S']",['graphs'],['graphs'],0.0,3.55e-06,"[21, 30, 2, 20, 31, 0, 0, 0]"
playboy,"['P', 'L', 'EY', 'B', 'OY']","['play', 'boy']","['play', 'boy']",0.0,3.63e-06,"[29, 25, 9, 16, 13, 0, 0, 0]"
walnut,"['W', 'AO', 'L', 'N', 'AH', 'T']","['wal', 'nut']","['wal', 'nut']",0.0,3.63e-06,"[36, 4, 25, 27, 3, 33, 0, 0]"
discrete,"['D', 'IH', 'S', 'K', 'R', 'IY', 'T']","['dis', 'crete']","['dis', 'crete']",0.0,3.63e-06,"[18, 10, 31, 24, 30, 11, 33, 0]"
barbie,"['B', 'AA', 'R', 'B', 'IY']","['bar', 'bie']","['bar', 'bie']",0.0,3.63e-06,"[16, 1, 30, 16, 11, 0, 0, 0]"
ons,"['AA', 'N', 'Z']",['ons'],['ons'],0.0,3.63e-06,"[1, 27, 38, 0, 0, 0, 0, 0]"
alerts,"['AH', 'L', 'ER', 'T', 'S']",['alerts'],['alerts'],0.0,3.63e-06,"[3, 25, 8, 33, 31, 0, 0, 0]"
bosnia,"['B', 'AA', 'Z', 'N', 'IY', 'AH']","['bos', 'nia']","['bos', 'nia']",0.0,3.72e-06,"[16, 1, 38, 27, 11, 3, 0, 0]"
instructors,"['IH', 'N', 'S', 'T', 'R', 'AH', 'K', 'T', 'ER', 'Z']","['in', 'struct', 'ors']","['in', 'structors']",0.09090909090909091,3.72e-06,"[10, 27, 31, 33, 30, 3, 24, 33]"
undo,"['AH', 'N', 'D', 'UW']",['undo'],['undo'],0.0,3.72e-06,"[3, 27, 18, 15, 0, 0, 0, 0]"
aus,"['AW', 'Z']",['aus'],['aus'],0.0,3.72e-06,"[5, 38, 0, 0, 0, 0, 0, 0]"
skirts,"['S', 'K', 'ER', 'T', 'S']",['skirts'],['skirts'],0.0,3.72e-06,"[31, 24, 8, 33, 31, 0, 0, 0]"
wellness,"['W', 'EH', 'L', 'N', 'AH', 'S']","['well', 'ness']","['well', 'ness']",0.0,3.72e-06,"[36, 7, 25, 27, 3, 31, 0, 0]"
springer,"['S', 'P', 'R', 'IH', 'NG', 'ER']","['spring', 'er']","['spring', 'er']",0.0,3.72e-06,"[31, 29, 30, 10, 28, 8, 0, 0]"
flux,"['F', 'L', 'AH', 'K', 'S']",['flux'],['flux'],0.0,3.72e-06,"[20, 25, 3, 24, 31, 0, 0, 0]"
flyer,"['F', 'L', 'AY', 'ER']","['fly', 'er']","['fly', 'er']",0.0,3.8e-06,"[20, 25, 6, 8, 0, 0, 0, 0]"
telecom,"['T', 'EH', 'L', 'AH', 'K', 'AA', 'M']","['tele', 'com']","['tele', 'com']",0.0,3.8e-06,"[33, 7, 25, 3, 24, 1, 26, 0]"
fabrics,"['F', 'AE', 'B', 'R', 'IH', 'K', 'S']","['fab', 'rics']","['fab', 'rics']",0.0,3.8e-06,"[20, 2, 16, 30, 10, 24, 31, 0]"
forecasts,"['F', 'AO', 'R', 'K', 'AE', 'S', 'T', 'S']","['fore', 'casts']","['fore', 'casts']",0.0,3.8e-06,"[20, 4, 30, 24, 2, 31, 33, 31]"
sans,"['S', 'AE', 'N', 'Z']",['sans'],['sans'],0.0,3.8e-06,"[31, 2, 27, 38, 0, 0, 0, 0]"
fetish,"['F', 'EH', 'T', 'IH', 'SH']","['fet', 'ish']","['fet', 'ish']",0.0,3.89e-06,"[20, 7, 33, 10, 32, 0, 0, 0]"
isa,"['IY', 'S', 'AH']",['isa'],['isa'],0.0,3.89e-06,"[11, 31, 3, 0, 0, 0, 0, 0]"
billing,"['B', 'IH', 'L', 'IH', 'NG']",['billing'],['billing'],0.0,3.89e-06,"[16, 10, 25, 10, 28, 0, 0, 0]"
pas,"['P', 'AA', 'Z']",['pas'],['pas'],0.0,3.89e-06,"[29, 1, 38, 0, 0, 0, 0, 0]"
spec,"['S', 'P', 'EH', 'K']",['spec'],['spec'],0.0,3.89e-06,"[31, 29, 7, 24, 0, 0, 0, 0]"
browse,"['B', 'R', 'AW', 'Z']",['browse'],['browse'],0.0,3.89e-06,"[16, 30, 5, 38, 0, 0, 0, 0]"
bedford,"['B', 'EH', 'D', 'F', 'ER', 'D']","['bed', 'ford']","['bed', 'ford']",0.0,3.98e-06,"[16, 7, 18, 20, 8, 18, 0, 0]"
colon,"['K', 'OW', 'L', 'AH', 'N']",['colon'],['colon'],0.0,3.98e-06,"[24, 12, 25, 3, 27, 0, 0, 0]"
sap,"['S', 'AE', 'P']",['sap'],['sap'],0.0,3.98e-06,"[31, 2, 29, 0, 0, 0, 0, 0]"
mailing,"['M', 'EY', 'L', 'IH', 'NG']","['mail', 'ing']","['mail', 'ing']",0.0,3.98e-06,"[26, 9, 25, 10, 28, 0, 0, 0]"
grad,"['G', 'R', 'AE', 'D']",['grad'],['grad'],0.0,3.98e-06,"[21, 30, 2, 18, 0, 0, 0, 0]"
portsmouth,"['P', 'AO', 'R', 'T', 'S', 'M', 'AH', 'TH']","['ports', 'mouth']","['ports', 'mouth']",0.0,3.98e-06,"[29, 4, 30, 33, 31, 26, 3, 34]"
deborah,"['D', 'EH', 'B', 'ER', 'AH']","['de', 'borah']","['de', 'borah']",0.0,4.07e-06,"[18, 7, 16, 8, 3, 0, 0, 0]"
payday,"['P', 'EY', 'D', 'EY']","['pay', 'day']","['pay', 'day']",0.0,4.07e-06,"[29, 9, 18, 9, 0, 0, 0, 0]"
geo,"['JH', 'IY', 'OW']",['geo'],['geo'],0.0,4.07e-06,"[23, 11, 12, 0, 0, 0, 0, 0]"
alloy,"['AE', 'L', 'OY']","['al', 'loy']","['al', 'loy']",0.0,4.07e-06,"[2, 25, 13, 0, 0, 0, 0, 0]"
tabs,"['T', 'AE', 'B', 'Z']",['tabs'],['tabs'],0.0,4.07e-06,"[33, 2, 16, 38, 0, 0, 0, 0]"
katrina,"['K', 'AH', 'T', 'R', 'IY', 'N', 'AH']","['kat', 'rina']","['kat', 'rina']",0.0,4.07e-06,"[24, 3, 33, 30, 11, 27, 3, 0]"
presentations,"['P', 'R', 'EH', 'Z', 'AH', 'N', 'T', 'EY', 'SH', 'AH', 'N', 'Z']","['present', 'a', 'tions']","['present', 'ations']",0.07692307692307693,4.07e-06,"[29, 30, 7, 38, 3, 27, 33, 9]"
algeria,"['AE', 'L', 'JH', 'IH', 'R', 'IY', 'AH']","['al', 'ger', 'ia']","['al', 'ger', 'ia']",0.0,4.17e-06,"[2, 25, 23, 10, 30, 11, 3, 0]"
sic,"['S', 'IH', 'K']",['sic'],['sic'],0.0,4.17e-06,"[31, 10, 24, 0, 0, 0, 0, 0]"
bandwidth,"['B', 'AE', 'N', 'D', 'W', 'IH', 'D', 'TH']","['band', 'width']","['band', 'width']",0.0,4.17e-06,"[16, 2, 27, 18, 36, 10, 18, 34]"
printers,"['P', 'R', 'IH', 'N', 'T', 'ER', 'Z']","['print', 'ers']","['print', 'ers']",0.0,4.17e-06,"[29, 30, 10, 27, 33, 8, 38, 0]"
rec,"['R', 'EH', 'K']",['rec'],['rec'],0.0,4.17e-06,"[30, 7, 24, 0, 0, 0, 0, 0]"
dim,"['D', 'IH', 'M']",['dim'],['dim'],0.0,4.17e-06,"[18, 10, 26, 0, 0, 0, 0, 0]"
hash,"['HH', 'AE', 'SH']",['hash'],['hash'],0.0,4.27e-06,"[22, 2, 32, 0, 0, 0, 0, 0]"
cache,"['K', 'AE', 'SH']",['cache'],['cache'],0.0,4.27e-06,"[24, 2, 32, 0, 0, 0, 0, 0]"
fax,"['F', 'AE', 'K', 'S']",['fax'],['fax'],0.0,4.27e-06,"[20, 2, 24, 31, 0, 0, 0, 0]"
tar,"['T', 'AA', 'R']",['tar'],['tar'],0.0,4.27e-06,"[33, 1, 30, 0, 0, 0, 0, 0]"
unavailable,"['AH', 'N', 'AH', 'V', 'EY', 'L', 'AH', 'B', 'AH', 'L']","['un', 'avail', 'able']","['un', 'available']",0.09090909090909091,4.27e-06,"[3, 27, 3, 35, 9, 25, 3, 16]"
align,"['AH', 'L', 'AY', 'N']",['align'],['align'],0.0,4.27e-06,"[3, 25, 6, 27, 0, 0, 0, 0]"
leone,"['L', 'IY', 'OW', 'N']","['le', 'one']","['le', 'one']",0.0,4.37e-06,"[25, 11, 12, 27, 0, 0, 0, 0]"
query,"['K', 'W', 'IY', 'R', 'IY']",['query'],['query'],0.0,4.37e-06,"[24, 36, 11, 30, 11, 0, 0, 0]"
poly,"['P', 'AA', 'L', 'IY']",['poly'],['poly'],0.0,4.37e-06,"[29, 1, 25, 11, 0, 0, 0, 0]"
shipments,"['SH', 'IH', 'P', 'M', 'AH', 'N', 'T', 'S']","['ship', 'ments']","['ship', 'ments']",0.0,4.37e-06,"[32, 10, 29, 26, 3, 27, 33, 31]"
corpus,"['K', 'AO', 'R', 'P', 'AH', 'S']","['cor', 'pus']","['cor', 'pus']",0.0,4.37e-06,"[24, 4, 30, 29, 3, 31, 0, 0]"
polymer,"['P', 'AA', 'L', 'AH', 'M', 'ER']","['poly', 'mer']","['poly', 'mer']",0.0,4.37e-06,"[29, 1, 25, 3, 26, 8, 0, 0]"
expo,"['EH', 'K', 'S', 'P', 'OW']",['expo'],['expo'],0.0,4.37e-06,"[7, 24, 31, 29, 12, 0, 0, 0]"
lan,"['L', 'AE', 'N']",['lan'],['lan'],0.0,4.37e-06,"[25, 2, 27, 0, 0, 0, 0, 0]"
pest,"['P', 'EH', 'S', 'T']",['pest'],['pest'],0.0,4.37e-06,"[29, 7, 31, 33, 0, 0, 0, 0]"
camel,"['K', 'AE', 'M', 'AH', 'L']",['camel'],['camel'],0.0,4.37e-06,"[24, 2, 26, 3, 25, 0, 0, 0]"
chronicles,"['K', 'R', 'AA', 'N', 'IH', 'K', 'AH', 'L', 'Z']","['chron', 'icles']","['chron', 'icles']",0.0,4.37e-06,"[24, 30, 1, 27, 10, 24, 3, 25]"
handmade,"['HH', 'AE', 'N', 'D', 'M', 'EY', 'D']","['hand', 'made']","['hand', 'made']",0.0,4.37e-06,"[22, 2, 27, 18, 26, 9, 18, 0]"
rapids,"['R', 'AE', 'P', 'AH', 'D', 'Z']","['rap', 'ids']","['rap', 'ids']",0.0,4.37e-06,"[30, 2, 29, 3, 18, 38, 0, 0]"
hartford,"['HH', 'AA', 'R', 'T', 'F', 'ER', 'D']","['hart', 'ford']","['hart', 'ford']",0.0,4.37e-06,"[22, 1, 30, 33, 20, 8, 18, 0]"
canberra,"['K', 'AE', 'N', 'B', 'EH', 'R', 'AH']","['can', 'berra']","['can', 'berra']",0.0,4.37e-06,"[24, 2, 27, 16, 7, 30, 3, 0]"
logged,"['L', 'AO', 'G', 'D']",['logged'],['logged'],0.0,4.47e-06,"[25, 4, 21, 18, 0, 0, 0, 0]"
blackberry,"['B', 'L', 'AE', 'K', 'B', 'EH', 'R', 'IY']","['black', 'berry']","['black', 'berry']",0.0,4.47e-06,"[16, 25, 2, 24, 16, 7, 30, 11]"
mae,"['M', 'EY']",['mae'],['mae'],0.0,4.47e-06,"[26, 9, 0, 0, 0, 0, 0, 0]"
contracting,"['K', 'AA', 'N', 'T', 'R', 'AE', 'K', 'T', 'IH', 'NG']","['con', 'tract', 'ing']","['contract', 'ing']",0.09090909090909091,4.47e-06,"[24, 1, 27, 33, 30, 2, 24, 33]"
seafood,"['S', 'IY', 'F', 'UW', 'D']","['sea', 'food']","['sea', 'food']",0.0,4.47e-06,"[31, 11, 20, 15, 18, 0, 0, 0]"
loops,"['L', 'UW', 'P', 'S']",['loops'],['loops'],0.0,4.47e-06,"[25, 15, 29, 31, 0, 0, 0, 0]"
trailers,"['T', 'R', 'EY', 'L', 'ER', 'Z']","['trail', 'ers']","['trail', 'ers']",0.0,4.47e-06,"[33, 30, 9, 25, 8, 38, 0, 0]"
crest,"['K', 'R', 'EH', 'S', 'T']",['crest'],['crest'],0.0,4.47e-06,"[24, 30, 7, 31, 33, 0, 0, 0]"
eng,"['EH', 'NG']",['eng'],['eng'],0.0,4.57e-06,"[7, 28, 0, 0, 0, 0, 0, 0]"
textbooks,"['T', 'EH', 'K', 'S', 'T', 'B', 'UH', 'K', 'S']","['text', 'books']","['text', 'books']",0.0,4.57e-06,"[33, 7, 24, 31, 33, 16, 14, 24]"
wed,"['W', 'EH', 'D']",['wed'],['wed'],0.0,4.57e-06,"[36, 7, 18, 0, 0, 0, 0, 0]"
softball,"['S', 'AO', 'F', 'T', 'B', 'AO', 'L']","['soft', 'ball']","['soft', 'ball']",0.0,4.57e-06,"[31, 4, 20, 33, 16, 4, 25, 0]"
proceeding,"['P', 'R', 'AH', 'S', 'IY', 'D', 'IH', 'NG']","['pro', 'ceed', 'ing']","['pro', 'ceed', 'ing']",0.0,4.57e-06,"[29, 30, 3, 31, 11, 18, 10, 28]"
audi,"['AO', 'D', 'IY']",['audi'],['audi'],0.0,4.57e-06,"[4, 18, 11, 0, 0, 0, 0, 0]"
replica,"['R', 'EH', 'P', 'L', 'IH', 'K', 'AH']","['rep', 'lica']","['rep', 'lica']",0.0,4.68e-06,"[30, 7, 29, 25, 10, 24, 3, 0]"
sip,"['S', 'IH', 'P']",['sip'],['sip'],0.0,4.68e-06,"[31, 10, 29, 0, 0, 0, 0, 0]"
prostate,"['P', 'R', 'AA', 'S', 'T', 'EY', 'T']","['pro', 'state']","['pro', 'state']",0.0,4.68e-06,"[29, 30, 1, 31, 33, 9, 33, 0]"
cite,"['S', 'AY', 'T']",['cite'],['cite'],0.0,4.68e-06,"[31, 6, 33, 0, 0, 0, 0, 0]"
transmit,"['T', 'R', 'AE', 'N', 'Z', 'M', 'IH', 'T']","['trans', 'mit']","['trans', 'mit']",0.0,4.68e-06,"[33, 30, 2, 27, 38, 26, 10, 33]"
ripe,"['R', 'AY', 'P']",['ripe'],['ripe'],0.0,4.68e-06,"[30, 6, 29, 0, 0, 0, 0, 0]"
copying,"['K', 'AA', 'P', 'IY', 'IH', 'NG']","['copy', 'ing']","['copy', 'ing']",0.0,4.79e-06,"[24, 1, 29, 11, 10, 28, 0, 0]"
exhibitions,"['EH', 'K', 'S', 'AH', 'B', 'IH', 'SH', 'AH', 'N', 'Z']","['ex', 'hib', 'i', 'tions']","['ex', 'hib', 'itions']",0.09090909090909091,4.79e-06,"[7, 24, 31, 3, 16, 10, 32, 3]"
reg,"['R', 'EH', 'G']",['reg'],['reg'],0.0,4.79e-06,"[30, 7, 21, 0, 0, 0, 0, 0]"
strand,"['S', 'T', 'R', 'AE', 'N', 'D']",['strand'],['strand'],0.0,4.79e-06,"[31, 33, 30, 2, 27, 18, 0, 0]"
impaired,"['IH', 'M', 'P', 'EH', 'R', 'D']","['im', 'paired']","['im', 'paired']",0.0,4.79e-06,"[10, 26, 29, 7, 30, 18, 0, 0]"
clusters,"['K', 'L', 'AH', 'S', 'T', 'ER', 'Z']",['clusters'],['clusters'],0.0,4.79e-06,"[24, 25, 3, 31, 33, 8, 38, 0]"
trustee,"['T', 'R', 'AH', 'S', 'T', 'IY']","['trust', 'ee']","['trust', 'ee']",0.0,4.79e-06,"[33, 30, 3, 31, 33, 11, 0, 0]"
outreach,"['AW', 'T', 'R', 'IY', 'CH']","['out', 'reach']","['out', 'reach']",0.0,4.79e-06,"[5, 33, 30, 11, 17, 0, 0, 0]"
clone,"['K', 'L', 'OW', 'N']",['clone'],['clone'],0.0,4.79e-06,"[24, 25, 12, 27, 0, 0, 0, 0]"
pike,"['P', 'AY', 'K']",['pike'],['pike'],0.0,4.79e-06,"[29, 6, 24, 0, 0, 0, 0, 0]"
weighted,"['W', 'EY', 'T', 'IH', 'D']",['weighted'],['weighted'],0.0,4.79e-06,"[36, 9, 33, 10, 18, 0, 0, 0]"
timer,"['T', 'AY', 'M', 'ER']",['timer'],['timer'],0.0,4.79e-06,"[33, 6, 26, 8, 0, 0, 0, 0]"
corrections,"['K', 'ER', 'EH', 'K', 'SH', 'AH', 'N', 'Z']","['cor', 'rec', 'tions']","['cor', 'rections']",0.09090909090909091,4.9e-06,"[24, 8, 7, 24, 32, 3, 27, 38]"
sol,"['S', 'AA', 'L']",['sol'],['sol'],0.0,4.9e-06,"[31, 1, 25, 0, 0, 0, 0, 0]"
dos,"['D', 'AO', 'S']",['dos'],['dos'],0.0,4.9e-06,"[18, 4, 31, 0, 0, 0, 0, 0]"
uni,"['Y', 'UW', 'N', 'IY']",['uni'],['uni'],0.0,4.9e-06,"[37, 15, 27, 11, 0, 0, 0, 0]"
avatar,"['AE', 'V', 'AH', 'T', 'AA', 'R']",['avatar'],['avatar'],0.0,4.9e-06,"[2, 35, 3, 33, 1, 30, 0, 0]"
apt,"['AE', 'P', 'T']",['apt'],['apt'],0.0,4.9e-06,"[2, 29, 33, 0, 0, 0, 0, 0]"
midlands,"['M', 'IH', 'D', 'L', 'AE', 'N', 'D', 'Z']","['mid', 'lands']","['mid', 'lands']",0.0,4.9e-06,"[26, 10, 18, 25, 2, 27, 18, 38]"
thumbs,"['TH', 'AH', 'M', 'Z']",['thumbs'],['thumbs'],0.0,4.9e-06,"[34, 3, 26, 38, 0, 0, 0, 0]"
stickers,"['S', 'T', 'IH', 'K', 'ER', 'Z']","['stick', 'ers']","['stick', 'ers']",0.0,4.9e-06,"[31, 33, 10, 24, 8, 38, 0, 0]"
mortgages,"['M', 'AO', 'R', 'G', 'AH', 'JH', 'AH', 'Z']","['mort', 'gages']","['mort', 'gages']",0.0,4.9e-06,"[26, 4, 30, 21, 3, 23, 3, 38]"
plymouth,"['P', 'L', 'IH', 'M', 'AH', 'TH']","['ply', 'mouth']","['ply', 'mouth']",0.0,4.9e-06,"[29, 25, 10, 26, 3, 34, 0, 0]"
mart,"['M', 'AA', 'R', 'T']",['mart'],['mart'],0.0,4.9e-06,"[26, 1, 30, 33, 0, 0, 0, 0]"
highland,"['HH', 'AY', 'L', 'AH', 'N', 'D']","['high', 'land']","['high', 'land']",0.0,5.01e-06,"[22, 6, 25, 3, 27, 18, 0, 0]"
downloading,"['D', 'AW', 'N', 'L', 'OW', 'D', 'IH', 'NG']","['down', 'load', 'ing']","['down', 'loading']",0.09090909090909091,5.01e-06,"[18, 5, 27, 25, 12, 18, 10, 28]"
sur,"['S', 'ER']",['sur'],['sur'],0.0,5.01e-06,"[31, 8, 0, 0, 0, 0, 0, 0]"
uruguay,"['Y', 'ER', 'AH', 'G', 'W', 'EY']","['ur', 'uguay']","['ur', 'uguay']",0.0,5.01e-06,"[37, 8, 3, 21, 36, 9, 0, 0]"
idle,"['AY', 'D', 'AH', 'L']",['idle'],['idle'],0.0,5.01e-06,"[6, 18, 3, 25, 0, 0, 0, 0]"
fin,"['F', 'IH', 'N']",['fin'],['fin'],0.0,5.01e-06,"[20, 10, 27, 0, 0, 0, 0, 0]"
zen,"['Z', 'EH', 'N']",['zen'],['zen'],0.0,5.01e-06,"[38, 7, 27, 0, 0, 0, 0, 0]"
quad,"['K', 'W', 'AA', 'D']",['quad'],['quad'],0.0,5.01e-06,"[24, 36, 1, 18, 0, 0, 0, 0]"
pos,"['P', 'AA', 'S']",['pos'],['pos'],0.0,5.01e-06,"[29, 1, 31, 0, 0, 0, 0, 0]"
pottery,"['P', 'AA', 'T', 'ER', 'IY']","['pot', 'tery']","['pot', 'tery']",0.0,5.01e-06,"[29, 1, 33, 8, 11, 0, 0, 0]"
gamma,"['G', 'AE', 'M', 'AH']",['gamma'],['gamma'],0.0,5.01e-06,"[21, 2, 26, 3, 0, 0, 0, 0]"
bracelet,"['B', 'R', 'EY', 'S', 'L', 'AH', 'T']","['brace', 'let']","['brace', 'let']",0.0,5.01e-06,"[16, 30, 9, 31, 25, 3, 33, 0]"
chronicle,"['K', 'R', 'AA', 'N', 'IH', 'K', 'AH', 'L']","['chron', 'icle']","['chron', 'icle']",0.0,5.01e-06,"[24, 30, 1, 27, 10, 24, 3, 25]"
validity,"['V', 'AH', 'L', 'IH', 'D', 'AH', 'T', 'IY']","['valid', 'ity']","['valid', 'ity']",0.0,5.01e-06,"[35, 3, 25, 10, 18, 3, 33, 11]"
baseline,"['B', 'EY', 'S', 'L', 'AY', 'N']",['baseline'],['baseline'],0.0,5.01e-06,"[16, 9, 31, 25, 6, 27, 0, 0]"
nam,"['N', 'AE', 'M']",['nam'],['nam'],0.0,5.01e-06,"[27, 2, 26, 0, 0, 0, 0, 0]"
tiles,"['T', 'AY', 'L', 'Z']",['tiles'],['tiles'],0.0,5.13e-06,"[33, 6, 25, 38, 0, 0, 0, 0]"
mag,"['M', 'AE', 'G']",['mag'],['mag'],0.0,5.13e-06,"[26, 2, 21, 0, 0, 0, 0, 0]"
scripts,"['S', 'K', 'R', 'IH', 'P', 'T', 'S']",['scripts'],['scripts'],0.0,5.13e-06,"[31, 24, 30, 10, 29, 33, 31, 0]"
pcs,"['P', 'IY', 'S', 'IY', 'Z']",['pcs'],['pcs'],0.0,5.13e-06,"[29, 11, 31, 11, 38, 0, 0, 0]"
infrared,"['IH', 'N', 'F', 'R', 'ER', 'EH', 'D']","['in', 'frared']","['in', 'frared']",0.0,5.13e-06,"[10, 27, 20, 30, 8, 7, 18, 0]"
pod,"['P', 'AA', 'D']",['pod'],['pod'],0.0,5.13e-06,"[29, 1, 18, 0, 0, 0, 0, 0]"
val,"['V', 'AE', 'L']",['val'],['val'],0.0,5.13e-06,"[35, 2, 25, 0, 0, 0, 0, 0]"
bon,"['B', 'AA', 'N']",['bon'],['bon'],0.0,5.13e-06,"[16, 1, 27, 0, 0, 0, 0, 0]"
submissions,"['S', 'AH', 'B', 'M', 'IH', 'SH', 'AH', 'N', 'Z']","['sub', 'mis', 'sions']","['sub', 'missions']",0.09090909090909091,5.13e-06,"[31, 3, 16, 26, 10, 32, 3, 27]"
tri,"['T', 'R', 'AY']",['tri'],['tri'],0.0,5.13e-06,"[33, 30, 6, 0, 0, 0, 0, 0]"
openings,"['OW', 'P', 'AH', 'N', 'IH', 'NG', 'Z']","['open', 'ings']","['open', 'ings']",0.0,5.13e-06,"[12, 29, 3, 27, 10, 28, 38, 0]"
tract,"['T', 'R', 'AE', 'K', 'T']",['tract'],['tract'],0.0,5.13e-06,"[33, 30, 2, 24, 33, 0, 0, 0]"
outdoors,"['AW', 'T', 'D', 'AO', 'R', 'Z']","['out', 'doors']","['out', 'doors']",0.0,5.13e-06,"[5, 33, 18, 4, 30, 38, 0, 0]"
ada,"['EY', 'D', 'AH']",['ada'],['ada'],0.0,5.13e-06,"[9, 18, 3, 0, 0, 0, 0, 0]"
macro,"['M', 'AE', 'K', 'R', 'OW']",['macro'],['macro'],0.0,5.13e-06,"[26, 2, 24, 30, 12, 0, 0, 0]"
eco,"['IY', 'K', 'OW']",['eco'],['eco'],0.0,5.13e-06,"[11, 24, 12, 0, 0, 0, 0, 0]"
serbia,"['S', 'ER', 'B', 'IY', 'AH']","['ser', 'bia']","['ser', 'bia']",0.0,5.13e-06,"[31, 8, 16, 11, 3, 0, 0, 0]"
arbitration,"['AA', 'R', 'B', 'IH', 'T', 'R', 'EY', 'SH', 'AH', 'N']","['ar', 'bit', 'ra', 'tion']","['ar', 'bit', 'ration']",0.09090909090909091,5.25e-06,"[1, 30, 16, 10, 33, 30, 9, 32]"
pixel,"['P', 'IH', 'K', 'S', 'AH', 'L']",['pixel'],['pixel'],0.0,5.25e-06,"[29, 10, 24, 31, 3, 25, 0, 0]"
sponsorship,"['S', 'P', 'AA', 'N', 'S', 'ER', 'SH', 'IH', 'P']","['spon', 'sor', 'ship']","['sponsor', 'ship']",0.09090909090909091,5.25e-06,"[31, 29, 1, 27, 31, 8, 32, 10]"
atom,"['AE', 'T', 'AH', 'M']",['atom'],['atom'],0.0,5.25e-06,"[2, 33, 3, 26, 0, 0, 0, 0]"
bedrooms,"['B', 'EH', 'D', 'R', 'UW', 'M', 'Z']","['bed', 'rooms']","['bed', 'rooms']",0.0,5.25e-06,"[16, 7, 18, 30, 15, 26, 38, 0]"
harley,"['HH', 'AA', 'R', 'L', 'IY']","['har', 'ley']","['har', 'ley']",0.0,5.25e-06,"[22, 1, 30, 25, 11, 0, 0, 0]"
trainers,"['T', 'R', 'EY', 'N', 'ER', 'Z']","['train', 'ers']","['train', 'ers']",0.0,5.25e-06,"[33, 30, 9, 27, 8, 38, 0, 0]"
marilyn,"['M', 'EH', 'R', 'AH', 'L', 'AH', 'N']","['mar', 'ilyn']","['mar', 'ilyn']",0.0,5.25e-06,"[26, 7, 30, 3, 25, 3, 27, 0]"
rug,"['R', 'AH', 'G']",['rug'],['rug'],0.0,5.25e-06,"[30, 3, 21, 0, 0, 0, 0, 0]"
genres,"['ZH', 'AA', 'N', 'R', 'AH', 'Z']",['genres'],['genres'],0.0,5.25e-06,"[39, 1, 27, 30, 3, 38, 0, 0]"
surfing,"['S', 'ER', 'F', 'IH', 'NG']","['surf', 'ing']","['surf', 'ing']",0.0,5.25e-06,"[31, 8, 20, 10, 28, 0, 0, 0]"
miniature,"['M', 'IH', 'N', 'IY', 'AH', 'CH', 'UH', 'R']","['mini', 'ature']","['mini', 'ature']",0.0,5.25e-06,"[26, 10, 27, 11, 3, 17, 14, 30]"
tile,"['T', 'AY', 'L']",['tile'],['tile'],0.0,5.25e-06,"[33, 6, 25, 0, 0, 0, 0, 0]"
commodities,"['K', 'AH', 'M', 'AA', 'D', 'AH', 'T', 'IY', 'Z']","['com', 'mod', 'it', 'ies']","['com', 'mod', 'ities']",0.09090909090909091,5.37e-06,"[24, 3, 26, 1, 18, 3, 33, 11]"
dis,"['D', 'IH', 'S']",['dis'],['dis'],0.0,5.37e-06,"[18, 10, 31, 0, 0, 0, 0, 0]"
blink,"['B', 'L', 'IH', 'NG', 'K']",['blink'],['blink'],0.0,5.37e-06,"[16, 25, 10, 28, 24, 0, 0, 0]"
null,"['N', 'AH', 'L']",['null'],['null'],0.0,5.37e-06,"[27, 3, 25, 0, 0, 0, 0, 0]"
flex,"['F', 'L', 'EH', 'K', 'S']",['flex'],['flex'],0.0,5.37e-06,"[20, 25, 7, 24, 31, 0, 0, 0]"
yen,"['Y', 'EH', 'N']",['yen'],['yen'],0.0,5.37e-06,"[37, 7, 27, 0, 0, 0, 0, 0]"
das,"['D', 'AE', 'S']",['das'],['das'],0.0,5.37e-06,"[18, 2, 31, 0, 0, 0, 0, 0]"
oops,"['UW', 'P', 'S']",['oops'],['oops'],0.0,5.37e-06,"[15, 29, 31, 0, 0, 0, 0, 0]"
proxy,"['P', 'R', 'AA', 'K', 'S', 'IY']",['proxy'],['proxy'],0.0,5.37e-06,"[29, 30, 1, 24, 31, 11, 0, 0]"
myers,"['M', 'AY', 'ER', 'Z']","['my', 'ers']","['my', 'ers']",0.0,5.37e-06,"[26, 6, 8, 38, 0, 0, 0, 0]"
viruses,"['V', 'AY', 'R', 'AH', 'S', 'AH', 'Z']","['vir', 'uses']","['vir', 'uses']",0.0,5.37e-06,"[35, 6, 30, 3, 31, 3, 38, 0]"
renew,"['R', 'IH', 'N', 'UW']","['re', 'new']","['re', 'new']",0.0,5.37e-06,"[30, 10, 27, 15, 0, 0, 0, 0]"
laden,"['L', 'EY', 'D', 'AH', 'N']",['laden'],['laden'],0.0,5.5e-06,"[25, 9, 18, 3, 27, 0, 0, 0]"
kingston,"['K', 'IH', 'NG', 'S', 'T', 'AH', 'N']","['king', 'ston']","['king', 'ston']",0.0,5.5e-06,"[24, 10, 28, 31, 33, 3, 27, 0]"
serum,"['S', 'IH', 'R', 'AH', 'M']","['ser', 'um']","['ser', 'um']",0.0,5.5e-06,"[31, 10, 30, 3, 26, 0, 0, 0]"
brook,"['B', 'R', 'UH', 'K']",['brook'],['brook'],0.0,5.5e-06,"[16, 30, 14, 24, 0, 0, 0, 0]"
folder,"['F', 'OW', 'L', 'D', 'ER']",['folder'],['folder'],0.0,5.5e-06,"[20, 12, 25, 18, 8, 0, 0, 0]"
stud,"['S', 'T', 'AH', 'D']",['stud'],['stud'],0.0,5.5e-06,"[31, 33, 3, 18, 0, 0, 0, 0]"
istanbul,"['IH', 'S', 'T', 'AA', 'N', 'B', 'UW', 'L']","['istan', 'bul']","['istan', 'bul']",0.0,5.5e-06,"[10, 31, 33, 1, 27, 16, 15, 25]"
briefing,"['B', 'R', 'IY', 'F', 'IH', 'NG']","['brief', 'ing']","['brief', 'ing']",0.0,5.5e-06,"[16, 30, 11, 20, 10, 28, 0, 0]"
meta,"['M', 'IY', 'T', 'AH']",['meta'],['meta'],0.0,5.5e-06,"[26, 11, 33, 3, 0, 0, 0, 0]"
icons,"['AY', 'K', 'AA', 'N', 'Z']",['icons'],['icons'],0.0,5.5e-06,"[6, 24, 1, 27, 38, 0, 0, 0]"
mit,"['EH', 'M', 'AY', 'T', 'IY']",['mit'],['mit'],0.0,5.5e-06,"[7, 26, 6, 33, 11, 0, 0, 0]"
thereof,"['DH', 'EH', 'R', 'AH', 'V']","['there', 'of']","['there', 'of']",0.0,5.5e-06,"[19, 7, 30, 3, 35, 0, 0, 0]"
mil,"['M', 'IH', 'L']",['mil'],['mil'],0.0,5.5e-06,"[26, 10, 25, 0, 0, 0, 0, 0]"
consultants,"['K', 'AH', 'N', 'S', 'AH', 'L', 'T', 'AH', 'N', 'T', 'S']","['con', 'sult', 'ants']","['consult', 'ants']",0.09090909090909091,5.5e-06,"[24, 3, 27, 31, 3, 25, 33, 3]"
notebook,"['N', 'OW', 'T', 'B', 'UH', 'K']","['note', 'book']","['note', 'book']",0.0,5.5e-06,"[27, 12, 33, 16, 14, 24, 0, 0]"
monitored,"['M', 'AA', 'N', 'AH', 'T', 'ER', 'D']","['mon', 'itored']","['mon', 'itored']",0.0,5.62e-06,"[26, 1, 27, 3, 33, 8, 18, 0]"
temp,"['T', 'EH', 'M', 'P']",['temp'],['temp'],0.0,5.62e-06,"[33, 7, 26, 29, 0, 0, 0, 0]"
sampling,"['S', 'AE', 'M', 'P', 'L', 'IH', 'NG']",['sampling'],['sampling'],0.0,5.62e-06,"[31, 2, 26, 29, 25, 10, 28, 0]"
rom,"['R', 'AA', 'M']",['rom'],['rom'],0.0,5.62e-06,"[30, 1, 26, 0, 0, 0, 0, 0]"
lib,"['L', 'IH', 'B']",['lib'],['lib'],0.0,5.62e-06,"[25, 10, 16, 0, 0, 0, 0, 0]"
merge,"['M', 'ER', 'JH']",['merge'],['merge'],0.0,5.62e-06,"[26, 8, 23, 0, 0, 0, 0, 0]"
nat,"['N', 'AE', 'T']",['nat'],['nat'],0.0,5.62e-06,"[27, 2, 33, 0, 0, 0, 0, 0]"
rica,"['R', 'IY', 'K', 'AH']",['rica'],['rica'],0.0,5.62e-06,"[30, 11, 24, 3, 0, 0, 0, 0]"
bind,"['B', 'AY', 'N', 'D']",['bind'],['bind'],0.0,5.62e-06,"[16, 6, 27, 18, 0, 0, 0, 0]"
utilize,"['Y', 'UW', 'T', 'AH', 'L', 'AY', 'Z']","['util', 'ize']","['util', 'ize']",0.0,5.62e-06,"[37, 15, 33, 3, 25, 6, 38, 0]"
mesh,"['M', 'EH', 'SH']",['mesh'],['mesh'],0.0,5.62e-06,"[26, 7, 32, 0, 0, 0, 0, 0]"
dice,"['D', 'AY', 'S']",['dice'],['dice'],0.0,5.75e-06,"[18, 6, 31, 0, 0, 0, 0, 0]"
weddings,"['W', 'EH', 'D', 'IH', 'NG', 'Z']","['wed', 'dings']","['wed', 'dings']",0.0,5.75e-06,"[36, 7, 18, 10, 28, 38, 0, 0]"
ping,"['P', 'IH', 'NG']",['ping'],['ping'],0.0,5.75e-06,"[29, 10, 28, 0, 0, 0, 0, 0]"
privileges,"['P', 'R', 'IH', 'V', 'L', 'AH', 'JH', 'AH', 'Z']","['priv', 'ileges']","['priv', 'ileges']",0.0,5.75e-06,"[29, 30, 10, 35, 25, 3, 23, 3]"
dev,"['D', 'EH', 'V']",['dev'],['dev'],0.0,5.75e-06,"[18, 7, 35, 0, 0, 0, 0, 0]"
sussex,"['S', 'AH', 'S', 'IH', 'K', 'S']","['sus', 'sex']","['sus', 'sex']",0.0,5.75e-06,"[31, 3, 31, 10, 24, 31, 0, 0]"
statutory,"['S', 'T', 'AE', 'CH', 'AH', 'T', 'AO', 'R', 'IY']","['stat', 'utory']","['stat', 'utory']",0.0,5.75e-06,"[31, 33, 2, 17, 3, 33, 4, 30]"
webster,"['W', 'EH', 'B', 'S', 'T', 'ER']","['web', 'ster']","['web', 'ster']",0.0,5.75e-06,"[36, 7, 16, 31, 33, 8, 0, 0]"
prix,"['P', 'R', 'IY']",['prix'],['prix'],0.0,5.75e-06,"[29, 30, 11, 0, 0, 0, 0, 0]"
cons,"['K', 'AA', 'N', 'Z']",['cons'],['cons'],0.0,5.75e-06,"[24, 1, 27, 38, 0, 0, 0, 0]"
stockholm,"['S', 'T', 'AA', 'K', 'HH', 'OW', 'L', 'M']","['stock', 'holm']","['stock', 'holm']",0.0,5.75e-06,"[31, 33, 1, 24, 22, 12, 25, 26]"
tones,"['T', 'OW', 'N', 'Z']",['tones'],['tones'],0.0,5.75e-06,"[33, 12, 27, 38, 0, 0, 0, 0]"
formats,"['F', 'AO', 'R', 'M', 'AE', 'T', 'S']",['formats'],['formats'],0.0,5.75e-06,"[20, 4, 30, 26, 2, 33, 31, 0]"
polished,"['P', 'AA', 'L', 'IH', 'SH', 'T']","['pol', 'ished']","['pol', 'ished']",0.0,5.75e-06,"[29, 1, 25, 10, 32, 33, 0, 0]"
coleman,"['K', 'OW', 'L', 'M', 'AH', 'N']","['cole', 'man']","['cole', 'man']",0.0,5.89e-06,"[24, 12, 25, 26, 3, 27, 0, 0]"
cornwall,"['K', 'AO', 'R', 'N', 'W', 'AO', 'L']","['corn', 'wall']","['corn', 'wall']",0.0,5.89e-06,"[24, 4, 30, 27, 36, 4, 25, 0]"
vendors,"['V', 'EH', 'N', 'D', 'ER', 'Z']",['vendors'],['vendors'],0.0,5.89e-06,"[35, 7, 27, 18, 8, 38, 0, 0]"
supplements,"['S', 'AH', 'P', 'L', 'AH', 'M', 'AH', 'N', 'T', 'S']","['sup', 'ple', 'ments']","['sup', 'plements']",0.09090909090909091,5.89e-06,"[31, 3, 29, 25, 3, 26, 3, 27]"
symphony,"['S', 'IH', 'M', 'F', 'AH', 'N', 'IY']","['sym', 'phony']","['sym', 'phony']",0.0,5.89e-06,"[31, 10, 26, 20, 3, 27, 11, 0]"
velvet,"['V', 'EH', 'L', 'V', 'AH', 'T']","['vel', 'vet']","['vel', 'vet']",0.0,5.89e-06,"[35, 7, 25, 35, 3, 33, 0, 0]"
comparative,"['K', 'AH', 'M', 'P', 'EH', 'R', 'AH', 'T', 'IH', 'V']","['com', 'par', 'at', 'ive']","['com', 'par', 'ative']",0.09090909090909091,5.89e-06,"[24, 3, 26, 29, 7, 30, 3, 33]"
algebra,"['AE', 'L', 'JH', 'AH', 'B', 'R', 'AH']","['al', 'gebra']","['al', 'gebra']",0.0,5.89e-06,"[2, 25, 23, 3, 16, 30, 3, 0]"
aaa,"['T', 'R', 'IH', 'P', 'AH', 'L', 'EY']",['aaa'],['aaa'],0.0,5.89e-06,"[33, 30, 10, 29, 3, 25, 9, 0]"
textbook,"['T', 'EH', 'K', 'S', 'T', 'B', 'UH', 'K']","['text', 'book']","['text', 'book']",0.0,5.89e-06,"[33, 7, 24, 31, 33, 16, 14, 24]"
worm,"['W', 'ER', 'M']",['worm'],['worm'],0.0,5.89e-06,"[36, 8, 26, 0, 0, 0, 0, 0]"
patents,"['P', 'AE', 'T', 'AH', 'N', 'T', 'S']","['pat', 'ents']","['pat', 'ents']",0.0,5.89e-06,"[29, 2, 33, 3, 27, 33, 31, 0]"
plots,"['P', 'L', 'AA', 'T', 'S']",['plots'],['plots'],0.0,5.89e-06,"[29, 25, 1, 33, 31, 0, 0, 0]"
render,"['R', 'EH', 'N', 'D', 'ER']",['render'],['render'],0.0,6.03e-06,"[30, 7, 27, 18, 8, 0, 0, 0]"
greenhouse,"['G', 'R', 'IY', 'N', 'HH', 'AW', 'S']","['green', 'house']","['green', 'house']",0.0,6.03e-06,"[21, 30, 11, 27, 22, 5, 31, 0]"
upgrades,"['AH', 'P', 'G', 'R', 'EY', 'D', 'Z']","['up', 'grades']","['up', 'grades']",0.0,6.03e-06,"[3, 29, 21, 30, 9, 18, 38, 0]"
forge,"['F', 'AO', 'R', 'JH']",['forge'],['forge'],0.0,6.03e-06,"[20, 4, 30, 23, 0, 0, 0, 0]"
calgary,"['K', 'AE', 'L', 'G', 'ER', 'IY']","['cal', 'gary']","['cal', 'gary']",0.0,6.03e-06,"[24, 2, 25, 21, 8, 11, 0, 0]"
newport,"['N', 'UW', 'P', 'AO', 'R', 'T']","['new', 'port']","['new', 'port']",0.0,6.03e-06,"[27, 15, 29, 4, 30, 33, 0, 0]"
respondents,"['R', 'IH', 'S', 'P', 'AA', 'N', 'D', 'AH', 'N', 'T', 'S']","['re', 'spond', 'ents']","['respond', 'ents']",0.09090909090909091,6.03e-06,"[30, 10, 31, 29, 1, 27, 18, 3]"
exempt,"['IH', 'G', 'Z', 'EH', 'M', 'P', 'T']","['ex', 'empt']","['ex', 'empt']",0.0,6.03e-06,"[10, 21, 38, 7, 26, 29, 33, 0]"
vernon,"['V', 'ER', 'N', 'AH', 'N']","['ver', 'non']","['ver', 'non']",0.0,6.03e-06,"[35, 8, 27, 3, 27, 0, 0, 0]"
omega,"['OW', 'M', 'EH', 'G', 'AH']",['omega'],['omega'],0.0,6.03e-06,"[12, 26, 7, 21, 3, 0, 0, 0]"
kits,"['K', 'IH', 'T', 'S']",['kits'],['kits'],0.0,6.03e-06,"[24, 10, 33, 31, 0, 0, 0, 0]"
nodes,"['N', 'OW', 'D', 'Z']",['nodes'],['nodes'],0.0,6.03e-06,"[27, 12, 18, 38, 0, 0, 0, 0]"
lightweight,"['L', 'AY', 'T', 'W', 'EY', 'T']","['light', 'weight']","['light', 'weight']",0.0,6.03e-06,"[25, 6, 33, 36, 9, 33, 0, 0]"
queue,"['K', 'Y', 'UW']",['queue'],['queue'],0.0,6.03e-06,"[24, 37, 15, 0, 0, 0, 0, 0]"
conventions,"['K', 'AH', 'N', 'V', 'EH', 'N', 'SH', 'AH', 'N', 'Z']","['con', 'ven', 'tions']","['con', 'ventions']",0.09090909090909091,6.03e-06,"[24, 3, 27, 35, 7, 27, 32, 3]"
dom,"['D', 'AA', 'M']",['dom'],['dom'],0.0,6.03e-06,"[18, 1, 26, 0, 0, 0, 0, 0]"
slides,"['S', 'L', 'AY', 'D', 'Z']",['slides'],['slides'],0.0,6.03e-06,"[31, 25, 6, 18, 38, 0, 0, 0]"
hearings,"['HH', 'IY', 'R', 'IH', 'NG', 'Z']","['hear', 'ings']","['hear', 'ings']",0.0,6.17e-06,"[22, 11, 30, 10, 28, 38, 0, 0]"
commitments,"['K', 'AH', 'M', 'IH', 'T', 'M', 'AH', 'N', 'T', 'S']","['com', 'mit', 'ments']","['commit', 'ments']",0.09090909090909091,6.17e-06,"[24, 3, 26, 10, 33, 26, 3, 27]"
surround,"['S', 'ER', 'AW', 'N', 'D']","['sur', 'round']","['sur', 'round']",0.0,6.17e-06,"[31, 8, 5, 27, 18, 0, 0, 0]"
preston,"['P', 'R', 'EH', 'S', 'T', 'AH', 'N']","['pre', 'ston']","['pre', 'ston']",0.0,6.17e-06,"[29, 30, 7, 31, 33, 3, 27, 0]"
res,"['R', 'EY', 'Z']",['res'],['res'],0.0,6.17e-06,"[30, 9, 38, 0, 0, 0, 0, 0]"
skins,"['S', 'K', 'IH', 'N', 'Z']",['skins'],['skins'],0.0,6.17e-06,"[31, 24, 10, 27, 38, 0, 0, 0]"
hygiene,"['HH', 'AY', 'JH', 'IY', 'N']","['hy', 'giene']","['hy', 'giene']",0.0,6.17e-06,"[22, 6, 23, 11, 27, 0, 0, 0]"
strap,"['S', 'T', 'R', 'AE', 'P']",['strap'],['strap'],0.0,6.17e-06,"[31, 33, 30, 2, 29, 0, 0, 0]"
johnston,"['JH', 'AA', 'N', 'S', 'T', 'AH', 'N']","['john', 'ston']","['john', 'ston']",0.0,6.17e-06,"[23, 1, 27, 31, 33, 3, 27, 0]"
coordinated,"['K', 'OW', 'AO', 'R', 'D', 'AH', 'N', 'EY', 'T', 'IH', 'D']","['co', 'ordin', 'ated']","['co', 'ordinated']",0.09090909090909091,6.17e-06,"[24, 12, 4, 30, 18, 3, 27, 9]"
vendor,"['V', 'EH', 'N', 'D', 'ER']",['vendor'],['vendor'],0.0,6.17e-06,"[35, 7, 27, 18, 8, 0, 0, 0]"
springfield,"['S', 'P', 'R', 'IH', 'NG', 'F', 'IY', 'L', 'D']","['spring', 'field']","['spring', 'field']",0.0,6.17e-06,"[31, 29, 30, 10, 28, 20, 11, 25]"
rehab,"['R', 'IY', 'HH', 'AE', 'B']","['re', 'hab']","['re', 'hab']",0.0,6.17e-06,"[30, 11, 22, 2, 16, 0, 0, 0]"
comparisons,"['K', 'AH', 'M', 'P', 'EH', 'R', 'AH', 'S', 'AH', 'N', 'Z']","['com', 'par', 'is', 'ons']","['com', 'par', 'isons']",0.09090909090909091,6.17e-06,"[24, 3, 26, 29, 7, 30, 3, 31]"
clinics,"['K', 'L', 'IH', 'N', 'IH', 'K', 'S']","['clin', 'ics']","['clin', 'ics']",0.0,6.17e-06,"[24, 25, 10, 27, 10, 24, 31, 0]"
royalty,"['R', 'OY', 'AH', 'L', 'T', 'IY']","['roy', 'alty']","['roy', 'alty']",0.0,6.31e-06,"[30, 13, 3, 25, 33, 11, 0, 0]"
atlas,"['AE', 'T', 'L', 'AH', 'S']","['at', 'las']","['at', 'las']",0.0,6.31e-06,"[2, 33, 25, 3, 31, 0, 0, 0]"
burton,"['B', 'ER', 'T', 'AH', 'N']","['bur', 'ton']","['bur', 'ton']",0.0,6.31e-06,"[16, 8, 33, 3, 27, 0, 0, 0]"
constraints,"['K', 'AH', 'N', 'S', 'T', 'R', 'EY', 'N', 'T', 'S']","['con', 'straints']",['constraints'],0.09090909090909091,6.31e-06,"[24, 3, 27, 31, 33, 30, 9, 27]"
combo,"['K', 'AA', 'M', 'B', 'OW']",['combo'],['combo'],0.0,6.31e-06,"[24, 1, 26, 16, 12, 0, 0, 0]"
picnic,"['P', 'IH', 'K', 'N', 'IH', 'K']","['pic', 'nic']","['pic', 'nic']",0.0,6.31e-06,"[29, 10, 24, 27, 10, 24, 0, 0]"
font,"['F', 'AA', 'N', 'T']",['font'],['font'],0.0,6.31e-06,"[20, 1, 27, 33, 0, 0, 0, 0]"
pins,"['P', 'IH', 'N', 'Z']",['pins'],['pins'],0.0,6.31e-06,"[29, 10, 27, 38, 0, 0, 0, 0]"
mel,"['M', 'EH', 'L']",['mel'],['mel'],0.0,6.31e-06,"[26, 7, 25, 0, 0, 0, 0, 0]"
amp,"['AE', 'M', 'P']",['amp'],['amp'],0.0,6.31e-06,"[2, 26, 29, 0, 0, 0, 0, 0]"
sticky,"['S', 'T', 'IH', 'K', 'IY']",['sticky'],['sticky'],0.0,6.31e-06,"[31, 33, 10, 24, 11, 0, 0, 0]"
flush,"['F', 'L', 'AH', 'SH']",['flush'],['flush'],0.0,6.31e-06,"[20, 25, 3, 32, 0, 0, 0, 0]"
carroll,"['K', 'AE', 'R', 'AH', 'L']","['car', 'roll']","['car', 'roll']",0.0,6.31e-06,"[24, 2, 30, 3, 25, 0, 0, 0]"
sim,"['S', 'IH', 'M']",['sim'],['sim'],0.0,6.31e-06,"[31, 10, 26, 0, 0, 0, 0, 0]"
wan,"['W', 'AA', 'N']",['wan'],['wan'],0.0,6.31e-06,"[36, 1, 27, 0, 0, 0, 0, 0]"
logs,"['L', 'AO', 'G', 'Z']",['logs'],['logs'],0.0,6.46e-06,"[25, 4, 21, 38, 0, 0, 0, 0]"
roommate,"['R', 'UW', 'M', 'EY', 'T']","['room', 'mate']","['room', 'mate']",0.0,6.46e-06,"[30, 15, 26, 9, 33, 0, 0, 0]"
hawk,"['HH', 'AO', 'K']",['hawk'],['hawk'],0.0,6.46e-06,"[22, 4, 24, 0, 0, 0, 0, 0]"
memo,"['M', 'EH', 'M', 'OW']",['memo'],['memo'],0.0,6.46e-06,"[26, 7, 26, 12, 0, 0, 0, 0]"
respiratory,"['R', 'EH', 'S', 'P', 'ER', 'AH', 'T', 'AO', 'R', 'IY']","['res', 'pir', 'at', 'ory']","['res', 'pir', 'atory']",0.09090909090909091,6.46e-06,"[30, 7, 31, 29, 8, 3, 33, 4]"
reliance,"['R', 'IH', 'L', 'AY', 'AH', 'N', 'S']","['re', 'li', 'ance']","['re', 'li', 'ance']",0.0,6.46e-06,"[30, 10, 25, 6, 3, 27, 31, 0]"
lid,"['L', 'IH', 'D']",['lid'],['lid'],0.0,6.46e-06,"[25, 10, 18, 0, 0, 0, 0, 0]"
exhaust,"['IH', 'G', 'Z', 'AO', 'S', 'T']","['ex', 'haust']","['ex', 'haust']",0.0,6.46e-06,"[10, 21, 38, 4, 31, 33, 0, 0]"
promo,"['P', 'R', 'OW', 'M', 'OW']",['promo'],['promo'],0.0,6.46e-06,"[29, 30, 12, 26, 12, 0, 0, 0]"
mic,"['M', 'IH', 'K']",['mic'],['mic'],0.0,6.46e-06,"[26, 10, 24, 0, 0, 0, 0, 0]"
mirrors,"['M', 'IH', 'R', 'ER', 'Z']","['mir', 'rors']","['mir', 'rors']",0.0,6.46e-06,"[26, 10, 30, 8, 38, 0, 0, 0]"
algorithms,"['AE', 'L', 'G', 'ER', 'IH', 'DH', 'AH', 'M', 'Z']","['al', 'gorithms']","['al', 'gorithms']",0.0,6.46e-06,"[2, 25, 21, 8, 10, 19, 3, 26]"
chester,"['CH', 'EH', 'S', 'T', 'ER']",['chester'],['chester'],0.0,6.46e-06,"[17, 7, 31, 33, 8, 0, 0, 0]"
manor,"['M', 'AE', 'N', 'ER']","['man', 'or']","['man', 'or']",0.0,6.46e-06,"[26, 2, 27, 8, 0, 0, 0, 0]"
alt,"['AA', 'L', 'T']",['alt'],['alt'],0.0,6.46e-06,"[1, 25, 33, 0, 0, 0, 0, 0]"
forbes,"['F', 'AO', 'R', 'B', 'Z']","['for', 'bes']","['for', 'bes']",0.0,6.46e-06,"[20, 4, 30, 16, 38, 0, 0, 0]"
sunrise,"['S', 'AH', 'N', 'R', 'AY', 'Z']","['sun', 'rise']","['sun', 'rise']",0.0,6.61e-06,"[31, 3, 27, 30, 6, 38, 0, 0]"
marketplace,"['M', 'AA', 'R', 'K', 'AH', 'T', 'P', 'L', 'EY', 'S']","['mar', 'ket', 'place']","['market', 'place']",0.09090909090909091,6.61e-06,"[26, 1, 30, 24, 3, 33, 29, 25]"
tee,"['T', 'IY']",['tee'],['tee'],0.0,6.61e-06,"[33, 11, 0, 0, 0, 0, 0, 0]"
tags,"['T', 'AE', 'G', 'Z']",['tags'],['tags'],0.0,6.61e-06,"[33, 2, 21, 38, 0, 0, 0, 0]"
labs,"['L', 'AE', 'B', 'Z']",['labs'],['labs'],0.0,6.61e-06,"[25, 2, 16, 38, 0, 0, 0, 0]"
nickel,"['N', 'IH', 'K', 'AH', 'L']","['nick', 'el']","['nick', 'el']",0.0,6.61e-06,"[27, 10, 24, 3, 25, 0, 0, 0]"
grams,"['G', 'R', 'AE', 'M', 'Z']",['grams'],['grams'],0.0,6.61e-06,"[21, 30, 2, 26, 38, 0, 0, 0]"
quiz,"['K', 'W', 'IH', 'Z']",['quiz'],['quiz'],0.0,6.61e-06,"[24, 36, 10, 38, 0, 0, 0, 0]"
adjustments,"['AH', 'JH', 'AH', 'S', 'T', 'M', 'AH', 'N', 'T', 'S']","['ad', 'just', 'ments']","['adjust', 'ments']",0.09090909090909091,6.61e-06,"[3, 23, 3, 31, 33, 26, 3, 27]"
remedy,"['R', 'EH', 'M', 'AH', 'D', 'IY']","['rem', 'edy']","['rem', 'edy']",0.0,6.61e-06,"[30, 7, 26, 3, 18, 11, 0, 0]"
cube,"['K', 'Y', 'UW', 'B']",['cube'],['cube'],0.0,6.61e-06,"[24, 37, 15, 16, 0, 0, 0, 0]"
exhibits,"['IH', 'G', 'Z', 'IH', 'B', 'AH', 'T', 'S']","['ex', 'hib', 'its']","['ex', 'hib', 'its']",0.0,6.61e-06,"[10, 21, 38, 10, 16, 3, 33, 31]"
lace,"['L', 'EY', 'S']",['lace'],['lace'],0.0,6.61e-06,"[25, 9, 31, 0, 0, 0, 0, 0]"
membrane,"['M', 'EH', 'M', 'B', 'R', 'EY', 'N']","['mem', 'brane']","['mem', 'brane']",0.0,6.61e-06,"[26, 7, 26, 16, 30, 9, 27, 0]"
bibliography,"['B', 'IH', 'B', 'L', 'IY', 'AA', 'G', 'R', 'AH', 'F', 'IY']","['bib', 'li', 'o', 'graphy']","['bib', 'li', 'ography']",0.08333333333333333,6.61e-06,"[16, 10, 16, 25, 11, 1, 21, 30]"
apollo,"['AH', 'P', 'AA', 'L', 'OW']",['apollo'],['apollo'],0.0,6.61e-06,"[3, 29, 1, 25, 12, 0, 0, 0]"
token,"['T', 'OW', 'K', 'AH', 'N']",['token'],['token'],0.0,6.61e-06,"[33, 12, 24, 3, 27, 0, 0, 0]"
eden,"['IY', 'D', 'AH', 'N']",['eden'],['eden'],0.0,6.61e-06,"[11, 18, 3, 27, 0, 0, 0, 0]"
dana,"['D', 'EY', 'N', 'AH']",['dana'],['dana'],0.0,6.61e-06,"[18, 9, 27, 3, 0, 0, 0, 0]"
metallic,"['M', 'AH', 'T', 'AE', 'L', 'IH', 'K']","['metal', 'lic']","['metal', 'lic']",0.0,6.61e-06,"[26, 3, 33, 2, 25, 10, 24, 0]"
commissions,"['K', 'AH', 'M', 'IH', 'SH', 'AH', 'N', 'Z']","['com', 'mis', 'sions']","['com', 'missions']",0.09090909090909091,6.61e-06,"[24, 3, 26, 10, 32, 3, 27, 38]"
isle,"['AY', 'L']",['isle'],['isle'],0.0,6.76e-06,"[6, 25, 0, 0, 0, 0, 0, 0]"
remedies,"['R', 'EH', 'M', 'AH', 'D', 'IY', 'Z']","['rem', 'ed', 'ies']","['rem', 'ed', 'ies']",0.0,6.76e-06,"[30, 7, 26, 3, 18, 11, 38, 0]"
statute,"['S', 'T', 'AE', 'CH', 'UW', 'T']","['stat', 'ute']","['stat', 'ute']",0.0,6.76e-06,"[31, 33, 2, 17, 15, 33, 0, 0]"
slots,"['S', 'L', 'AA', 'T', 'S']",['slots'],['slots'],0.0,6.76e-06,"[31, 25, 1, 33, 31, 0, 0, 0]"
rand,"['R', 'AE', 'N', 'D']",['rand'],['rand'],0.0,6.76e-06,"[30, 2, 27, 18, 0, 0, 0, 0]"
zoom,"['Z', 'UW', 'M']",['zoom'],['zoom'],0.0,6.76e-06,"[38, 15, 26, 0, 0, 0, 0, 0]"
newman,"['N', 'UW', 'M', 'AH', 'N']","['new', 'man']","['new', 'man']",0.0,6.76e-06,"[27, 15, 26, 3, 27, 0, 0, 0]"
sage,"['S', 'EY', 'JH']",['sage'],['sage'],0.0,6.76e-06,"[31, 9, 23, 0, 0, 0, 0, 0]"
skiing,"['S', 'K', 'IY', 'IH', 'NG']","['ski', 'ing']","['ski', 'ing']",0.0,6.92e-06,"[31, 24, 11, 10, 28, 0, 0, 0]"
gel,"['JH', 'EH', 'L']",['gel'],['gel'],0.0,6.92e-06,"[23, 7, 25, 0, 0, 0, 0, 0]"
norfolk,"['N', 'AO', 'R', 'F', 'AH', 'K']","['nor', 'folk']","['nor', 'folk']",0.0,6.92e-06,"[27, 4, 30, 20, 3, 24, 0, 0]"
mat,"['M', 'AE', 'T']",['mat'],['mat'],0.0,6.92e-06,"[26, 2, 33, 0, 0, 0, 0, 0]"
renewal,"['R', 'IH', 'N', 'UW', 'AH', 'L']","['re', 'new', 'al']","['re', 'new', 'al']",0.0,6.92e-06,"[30, 10, 27, 15, 3, 25, 0, 0]"
heel,"['HH', 'IY', 'L']",['heel'],['heel'],0.0,6.92e-06,"[22, 11, 25, 0, 0, 0, 0, 0]"
dee,"['D', 'IY']",['dee'],['dee'],0.0,6.92e-06,"[18, 11, 0, 0, 0, 0, 0, 0]"
trustees,"['T', 'R', 'AH', 'S', 'T', 'IY', 'Z']","['trust', 'ees']","['trust', 'ees']",0.0,6.92e-06,"[33, 30, 3, 31, 33, 11, 38, 0]"
marina,"['M', 'ER', 'IY', 'N', 'AH']","['mar', 'ina']","['mar', 'ina']",0.0,6.92e-06,"[26, 8, 11, 27, 3, 0, 0, 0]"
ira,"['AY', 'R', 'AH']",['ira'],['ira'],0.0,6.92e-06,"[6, 30, 3, 0, 0, 0, 0, 0]"
que,"['K', 'Y', 'UW']",['que'],['que'],0.0,6.92e-06,"[24, 37, 15, 0, 0, 0, 0, 0]"
vermont,"['V', 'ER', 'M', 'AA', 'N', 'T']","['ver', 'mont']","['ver', 'mont']",0.0,6.92e-06,"[35, 8, 26, 1, 27, 33, 0, 0]"
vic,"['V', 'IH', 'K']",['vic'],['vic'],0.0,6.92e-06,"[35, 10, 24, 0, 0, 0, 0, 0]"
handles,"['HH', 'AE', 'N', 'D', 'AH', 'L', 'Z']",['handles'],['handles'],0.0,7.08e-06,"[22, 2, 27, 18, 3, 25, 38, 0]"
hints,"['HH', 'IH', 'N', 'T', 'S']",['hints'],['hints'],0.0,7.08e-06,"[22, 10, 27, 33, 31, 0, 0, 0]"
volleyball,"['V', 'AA', 'L', 'IY', 'B', 'AO', 'L']","['vol', 'ley', 'ball']","['vol', 'ley', 'ball']",0.0,7.08e-06,"[35, 1, 25, 11, 16, 4, 25, 0]"
rim,"['R', 'IH', 'M']",['rim'],['rim'],0.0,7.08e-06,"[30, 10, 26, 0, 0, 0, 0, 0]"
merchants,"['M', 'ER', 'CH', 'AH', 'N', 'T', 'S']","['mer', 'chants']","['mer', 'chants']",0.0,7.08e-06,"[26, 8, 17, 3, 27, 33, 31, 0]"
bra,"['B', 'R', 'AA']",['bra'],['bra'],0.0,7.08e-06,"[16, 30, 1, 0, 0, 0, 0, 0]"
comp,"['K', 'AA', 'M', 'P']",['comp'],['comp'],0.0,7.08e-06,"[24, 1, 26, 29, 0, 0, 0, 0]"
threads,"['TH', 'R', 'EH', 'D', 'Z']",['threads'],['threads'],0.0,7.08e-06,"[34, 30, 7, 18, 38, 0, 0, 0]"
lang,"['L', 'AE', 'NG']",['lang'],['lang'],0.0,7.08e-06,"[25, 2, 28, 0, 0, 0, 0, 0]"
readings,"['R', 'EH', 'D', 'IH', 'NG', 'Z']","['read', 'ings']","['read', 'ings']",0.0,7.08e-06,"[30, 7, 18, 10, 28, 38, 0, 0]"
cakes,"['K', 'EY', 'K', 'S']",['cakes'],['cakes'],0.0,7.08e-06,"[24, 9, 24, 31, 0, 0, 0, 0]"
para,"['P', 'EH', 'R', 'AH']",['para'],['para'],0.0,7.08e-06,"[29, 7, 30, 3, 0, 0, 0, 0]"
cowboy,"['K', 'AW', 'B', 'OY']","['cow', 'boy']","['cow', 'boy']",0.0,7.08e-06,"[24, 5, 16, 13, 0, 0, 0, 0]"
correspondence,"['K', 'AO', 'R', 'AH', 'S', 'P', 'AA', 'N', 'D', 'AH', 'N', 'S']","['cor', 'res', 'pond', 'ence']","['cor', 'respond', 'ence']",0.07142857142857142,7.08e-06,"[24, 4, 30, 3, 31, 29, 1, 27]"
necklace,"['N', 'EH', 'K', 'L', 'AH', 'S']","['neck', 'lace']","['neck', 'lace']",0.0,7.08e-06,"[27, 7, 24, 25, 3, 31, 0, 0]"
coupon,"['K', 'UW', 'P', 'AO', 'N']",['coupon'],['coupon'],0.0,7.24e-06,"[24, 15, 29, 4, 27, 0, 0, 0]"
mounting,"['M', 'AW', 'N', 'T', 'IH', 'NG']","['mount', 'ing']","['mount', 'ing']",0.0,7.24e-06,"[26, 5, 27, 33, 10, 28, 0, 0]"
rows,"['R', 'OW', 'Z']",['rows'],['rows'],0.0,7.24e-06,"[30, 12, 38, 0, 0, 0, 0, 0]"
weights,"['W', 'EY', 'T', 'S']",['weights'],['weights'],0.0,7.24e-06,"[36, 9, 33, 31, 0, 0, 0, 0]"
abs,"['EY', 'B', 'IY', 'EH', 'S']",['abs'],['abs'],0.0,7.24e-06,"[9, 16, 11, 7, 31, 0, 0, 0]"
coral,"['K', 'AO', 'R', 'AH', 'L']","['cor', 'al']","['cor', 'al']",0.0,7.24e-06,"[24, 4, 30, 3, 25, 0, 0, 0]"
scroll,"['S', 'K', 'R', 'OW', 'L']",['scroll'],['scroll'],0.0,7.24e-06,"[31, 24, 30, 12, 25, 0, 0, 0]"
defines,"['D', 'IH', 'F', 'AY', 'N', 'Z']",['defines'],['defines'],0.0,7.24e-06,"[18, 10, 20, 6, 27, 38, 0, 0]"
patches,"['P', 'AE', 'CH', 'AH', 'Z']",['patches'],['patches'],0.0,7.24e-06,"[29, 2, 17, 3, 38, 0, 0, 0]"
surf,"['S', 'ER', 'F']",['surf'],['surf'],0.0,7.24e-06,"[31, 8, 20, 0, 0, 0, 0, 0]"
nonprofit,"['N', 'AA', 'N', 'P', 'R', 'AA', 'F', 'AH', 'T']","['non', 'profit']","['non', 'profit']",0.0,7.24e-06,"[27, 1, 27, 29, 30, 1, 20, 3]"
pickup,"['P', 'IH', 'K', 'AH', 'P']",['pickup'],['pickup'],0.0,7.24e-06,"[29, 10, 24, 3, 29, 0, 0, 0]"
mon,"['M', 'OW', 'N']",['mon'],['mon'],0.0,7.24e-06,"[26, 12, 27, 0, 0, 0, 0, 0]"
honors,"['AA', 'N', 'ER', 'Z']","['hon', 'ors']","['hon', 'ors']",0.0,7.24e-06,"[1, 27, 8, 38, 0, 0, 0, 0]"
handbook,"['HH', 'AE', 'N', 'D', 'B', 'UH', 'K']","['hand', 'book']","['hand', 'book']",0.0,7.24e-06,"[22, 2, 27, 18, 16, 14, 24, 0]"
sync,"['S', 'IH', 'NG', 'K']",['sync'],['sync'],0.0,7.24e-06,"[31, 10, 28, 24, 0, 0, 0, 0]"
prompt,"['P', 'R', 'AA', 'M', 'P', 'T']",['prompt'],['prompt'],0.0,7.24e-06,"[29, 30, 1, 26, 29, 33, 0, 0]"
ant,"['AE', 'N', 'T']",['ant'],['ant'],0.0,7.24e-06,"[2, 27, 33, 0, 0, 0, 0, 0]"
lime,"['L', 'AY', 'M']",['lime'],['lime'],0.0,7.24e-06,"[25, 6, 26, 0, 0, 0, 0, 0]"
mia,"['M', 'IY', 'AH']",['mia'],['mia'],0.0,7.41e-06,"[26, 11, 3, 0, 0, 0, 0, 0]"
marsh,"['M', 'AA', 'R', 'SH']",['marsh'],['marsh'],0.0,7.41e-06,"[26, 1, 30, 32, 0, 0, 0, 0]"
zip,"['Z', 'IH', 'P']",['zip'],['zip'],0.0,7.41e-06,"[38, 10, 29, 0, 0, 0, 0, 0]"
gem,"['JH', 'EH', 'M']",['gem'],['gem'],0.0,7.41e-06,"[23, 7, 26, 0, 0, 0, 0, 0]"
festivals,"['F', 'EH', 'S', 'T', 'AH', 'V', 'AH', 'L', 'Z']","['fest', 'ivals']","['fest', 'ivals']",0.0,7.41e-06,"[20, 7, 31, 33, 3, 35, 3, 25]"
surplus,"['S', 'ER', 'P', 'L', 'AH', 'S']","['sur', 'plus']","['sur', 'plus']",0.0,7.41e-06,"[31, 8, 29, 25, 3, 31, 0, 0]"
transmitted,"['T', 'R', 'AE', 'N', 'S', 'M', 'IH', 'T', 'IH', 'D']","['trans', 'mit', 'ted']","['trans', 'mitted']",0.09090909090909091,7.41e-06,"[33, 30, 2, 27, 31, 26, 10, 33]"
minneapolis,"['M', 'IH', 'N', 'IY', 'AE', 'P', 'AH', 'L', 'IH', 'S']","['min', 'neapol', 'is']","['min', 'neapolis']",0.09090909090909091,7.41e-06,"[26, 10, 27, 11, 2, 29, 3, 25]"
beth,"['B', 'EH', 'TH']",['beth'],['beth'],0.0,7.41e-06,"[16, 7, 34, 0, 0, 0, 0, 0]"
workshops,"['W', 'ER', 'K', 'SH', 'AA', 'P', 'S']","['work', 'shops']","['work', 'shops']",0.0,7.59e-06,"[36, 8, 24, 32, 1, 29, 31, 0]"
med,"['M', 'EH', 'D']",['med'],['med'],0.0,7.59e-06,"[26, 7, 18, 0, 0, 0, 0, 0]"
terrace,"['T', 'EH', 'R', 'AH', 'S']","['ter', 'race']","['ter', 'race']",0.0,7.59e-06,"[33, 7, 30, 3, 31, 0, 0, 0]"
node,"['N', 'OW', 'D']",['node'],['node'],0.0,7.59e-06,"[27, 12, 18, 0, 0, 0, 0, 0]"
blah,"['B', 'L', 'AA']",['blah'],['blah'],0.0,7.59e-06,"[16, 25, 1, 0, 0, 0, 0, 0]"
lil,"['L', 'IH', 'L']",['lil'],['lil'],0.0,7.59e-06,"[25, 10, 25, 0, 0, 0, 0, 0]"
highways,"['HH', 'AY', 'W', 'EY', 'Z']","['high', 'ways']","['high', 'ways']",0.0,7.59e-06,"[22, 6, 36, 9, 38, 0, 0, 0]"
headphones,"['HH', 'EH', 'D', 'F', 'OW', 'N', 'Z']","['head', 'phones']","['head', 'phones']",0.0,7.59e-06,"[22, 7, 18, 20, 12, 27, 38, 0]"
incentives,"['IH', 'N', 'S', 'EH', 'N', 'T', 'IH', 'V', 'Z']","['in', 'cent', 'ives']","['in', 'cent', 'ives']",0.0,7.59e-06,"[10, 27, 31, 7, 27, 33, 10, 35]"
cod,"['K', 'AA', 'D']",['cod'],['cod'],0.0,7.76e-06,"[24, 1, 18, 0, 0, 0, 0, 0]"
touring,"['T', 'UH', 'R', 'IH', 'NG']","['tour', 'ing']","['tour', 'ing']",0.0,7.76e-06,"[33, 14, 30, 10, 28, 0, 0, 0]"
cocktail,"['K', 'AA', 'K', 'T', 'EY', 'L']","['cock', 'tail']","['cock', 'tail']",0.0,7.76e-06,"[24, 1, 24, 33, 9, 25, 0, 0]"
frog,"['F', 'R', 'AA', 'G']",['frog'],['frog'],0.0,7.76e-06,"[20, 30, 1, 21, 0, 0, 0, 0]"
designing,"['D', 'IH', 'Z', 'AY', 'N', 'IH', 'NG']","['design', 'ing']","['design', 'ing']",0.0,7.76e-06,"[18, 10, 38, 6, 27, 10, 28, 0]"
feeds,"['F', 'IY', 'D', 'Z']",['feeds'],['feeds'],0.0,7.76e-06,"[20, 11, 18, 38, 0, 0, 0, 0]"
browser,"['B', 'R', 'AW', 'Z', 'ER']",['browser'],['browser'],0.0,7.76e-06,"[16, 30, 5, 38, 8, 0, 0, 0]"
excluded,"['IH', 'K', 'S', 'K', 'L', 'UW', 'D', 'AH', 'D']","['ex', 'cluded']","['ex', 'cluded']",0.0,7.76e-06,"[10, 24, 31, 24, 25, 15, 18, 3]"
trim,"['T', 'R', 'IH', 'M']",['trim'],['trim'],0.0,7.76e-06,"[33, 30, 10, 26, 0, 0, 0, 0]"
hopkins,"['HH', 'AA', 'P', 'K', 'IH', 'N', 'Z']","['hop', 'kins']","['hop', 'kins']",0.0,7.76e-06,"[22, 1, 29, 24, 10, 27, 38, 0]"
monroe,"['M', 'AH', 'N', 'R', 'OW']","['mon', 'roe']","['mon', 'roe']",0.0,7.76e-06,"[26, 3, 27, 30, 12, 0, 0, 0]"
powell,"['P', 'AW', 'AH', 'L']","['pow', 'ell']","['pow', 'ell']",0.0,7.76e-06,"[29, 5, 3, 25, 0, 0, 0, 0]"
adverse,"['AE', 'D', 'V', 'ER', 'S']","['ad', 'verse']","['ad', 'verse']",0.0,7.76e-06,"[2, 18, 35, 8, 31, 0, 0, 0]"
hon,"['HH', 'AA', 'N']",['hon'],['hon'],0.0,7.76e-06,"[22, 1, 27, 0, 0, 0, 0, 0]"
aye,['AY'],['aye'],['aye'],0.0,7.76e-06,"[6, 0, 0, 0, 0, 0, 0, 0]"
broker,"['B', 'R', 'OW', 'K', 'ER']",['broker'],['broker'],0.0,7.76e-06,"[16, 30, 12, 24, 8, 0, 0, 0]"
ana,"['AA', 'N', 'AH']",['ana'],['ana'],0.0,7.76e-06,"[1, 27, 3, 0, 0, 0, 0, 0]"
transparency,"['T', 'R', 'AE', 'N', 'S', 'P', 'EH', 'R', 'AH', 'N', 'S', 'IY']","['trans', 'par', 'ency']","['trans', 'parency']",0.08333333333333333,7.94e-06,"[33, 30, 2, 27, 31, 29, 7, 30]"
vault,"['V', 'AO', 'L', 'T']",['vault'],['vault'],0.0,7.94e-06,"[35, 4, 25, 33, 0, 0, 0, 0]"
shaft,"['SH', 'AE', 'F', 'T']",['shaft'],['shaft'],0.0,7.94e-06,"[32, 2, 20, 33, 0, 0, 0, 0]"
balloon,"['B', 'AH', 'L', 'UW', 'N']","['bal', 'loon']","['bal', 'loon']",0.0,7.94e-06,"[16, 3, 25, 15, 27, 0, 0, 0]"
opt,"['AA', 'P', 'T']",['opt'],['opt'],0.0,7.94e-06,"[1, 29, 33, 0, 0, 0, 0, 0]"
rack,"['R', 'AE', 'K']",['rack'],['rack'],0.0,7.94e-06,"[30, 2, 24, 0, 0, 0, 0, 0]"
specialists,"['S', 'P', 'EH', 'SH', 'AH', 'L', 'AH', 'S', 'T', 'S']","['spe', 'cial', 'ists']","['special', 'ists']",0.09090909090909091,7.94e-06,"[31, 29, 7, 32, 3, 25, 3, 31]"
conclude,"['K', 'AH', 'N', 'K', 'L', 'UW', 'D']","['con', 'clude']","['con', 'clude']",0.0,7.94e-06,"[24, 3, 27, 24, 25, 15, 18, 0]"
finances,"['F', 'IH', 'N', 'AE', 'N', 'S', 'IH', 'Z']","['fin', 'ances']","['fin', 'ances']",0.0,7.94e-06,"[20, 10, 27, 2, 27, 31, 10, 38]"
eva,"['EY', 'V', 'AH']",['eva'],['eva'],0.0,7.94e-06,"[9, 35, 3, 0, 0, 0, 0, 0]"
listings,"['L', 'IH', 'S', 'T', 'IH', 'NG', 'Z']","['list', 'ings']","['list', 'ings']",0.0,7.94e-06,"[25, 10, 31, 33, 10, 28, 38, 0]"
chorus,"['K', 'AO', 'R', 'AH', 'S']","['chor', 'us']","['chor', 'us']",0.0,7.94e-06,"[24, 4, 30, 3, 31, 0, 0, 0]"
slope,"['S', 'L', 'OW', 'P']",['slope'],['slope'],0.0,7.94e-06,"[31, 25, 12, 29, 0, 0, 0, 0]"
cleaner,"['K', 'L', 'IY', 'N', 'ER']","['clean', 'er']","['clean', 'er']",0.0,7.94e-06,"[24, 25, 11, 27, 8, 0, 0, 0]"
chrome,"['K', 'R', 'OW', 'M']",['chrome'],['chrome'],0.0,7.94e-06,"[24, 30, 12, 26, 0, 0, 0, 0]"
armstrong,"['AA', 'R', 'M', 'S', 'T', 'R', 'AA', 'NG']","['arm', 'strong']","['arm', 'strong']",0.0,7.94e-06,"[1, 30, 26, 31, 33, 30, 1, 28]"
tel,"['T', 'EH', 'L']",['tel'],['tel'],0.0,7.94e-06,"[33, 7, 25, 0, 0, 0, 0, 0]"
spotlight,"['S', 'P', 'AA', 'T', 'L', 'AY', 'T']","['spot', 'light']","['spot', 'light']",0.0,7.94e-06,"[31, 29, 1, 33, 25, 6, 33, 0]"
gilbert,"['G', 'IH', 'L', 'B', 'ER', 'T']","['gil', 'bert']","['gil', 'bert']",0.0,7.94e-06,"[21, 10, 25, 16, 8, 33, 0, 0]"
particle,"['P', 'AA', 'R', 'T', 'AH', 'K', 'AH', 'L']",['particle'],['particle'],0.0,7.94e-06,"[29, 1, 30, 33, 3, 24, 3, 25]"
ronald,"['R', 'AA', 'N', 'AH', 'L', 'D']","['ron', 'ald']","['ron', 'ald']",0.0,8.13e-06,"[30, 1, 27, 3, 25, 18, 0, 0]"
mod,"['M', 'AO', 'D']",['mod'],['mod'],0.0,8.13e-06,"[26, 4, 18, 0, 0, 0, 0, 0]"
recreational,"['R', 'EH', 'K', 'R', 'IY', 'EY', 'SH', 'AH', 'N', 'AH', 'L']","['re', 'cre', 'ation', 'al']","['re', 'cre', 'ational']",0.08333333333333333,8.13e-06,"[30, 7, 24, 30, 11, 9, 32, 3]"
paste,"['P', 'EY', 'S', 'T']",['paste'],['paste'],0.0,8.13e-06,"[29, 9, 31, 33, 0, 0, 0, 0]"
offshore,"['AO', 'F', 'SH', 'AO', 'R']","['off', 'shore']","['off', 'shore']",0.0,8.13e-06,"[4, 20, 32, 4, 30, 0, 0, 0]"
danish,"['D', 'EY', 'N', 'IH', 'SH']","['dan', 'ish']","['dan', 'ish']",0.0,8.13e-06,"[18, 9, 27, 10, 32, 0, 0, 0]"
hay,"['HH', 'EY']",['hay'],['hay'],0.0,8.13e-06,"[22, 9, 0, 0, 0, 0, 0, 0]"
headlines,"['HH', 'EH', 'D', 'L', 'AY', 'N', 'Z']","['head', 'lines']","['head', 'lines']",0.0,8.13e-06,"[22, 7, 18, 25, 6, 27, 38, 0]"
turtle,"['T', 'ER', 'T', 'AH', 'L']",['turtle'],['turtle'],0.0,8.13e-06,"[33, 8, 33, 3, 25, 0, 0, 0]"
clicking,"['K', 'L', 'IH', 'K', 'IH', 'NG']","['click', 'ing']","['click', 'ing']",0.0,8.13e-06,"[24, 25, 10, 24, 10, 28, 0, 0]"
yang,"['Y', 'AE', 'NG']",['yang'],['yang'],0.0,8.13e-06,"[37, 2, 28, 0, 0, 0, 0, 0]"
renewable,"['R', 'IY', 'N', 'UW', 'AH', 'B', 'AH', 'L']","['re', 'new', 'able']","['re', 'new', 'able']",0.0,8.13e-06,"[30, 11, 27, 15, 3, 16, 3, 25]"
sphere,"['S', 'F', 'IH', 'R']",['sphere'],['sphere'],0.0,8.13e-06,"[31, 20, 10, 30, 0, 0, 0, 0]"
batch,"['B', 'AE', 'CH']",['batch'],['batch'],0.0,8.13e-06,"[16, 2, 17, 0, 0, 0, 0, 0]"
showcase,"['SH', 'OW', 'K', 'EY', 'S']","['show', 'case']","['show', 'case']",0.0,8.32e-06,"[32, 12, 24, 9, 31, 0, 0, 0]"
ins,"['IH', 'N', 'Z']",['ins'],['ins'],0.0,8.32e-06,"[10, 27, 38, 0, 0, 0, 0, 0]"
mint,"['M', 'IH', 'N', 'T']",['mint'],['mint'],0.0,8.32e-06,"[26, 10, 27, 33, 0, 0, 0, 0]"
exceed,"['IH', 'K', 'S', 'IY', 'D']","['ex', 'ceed']","['ex', 'ceed']",0.0,8.32e-06,"[10, 24, 31, 11, 18, 0, 0, 0]"
nova,"['N', 'OW', 'V', 'AH']",['nova'],['nova'],0.0,8.32e-06,"[27, 12, 35, 3, 0, 0, 0, 0]"
sensor,"['S', 'EH', 'N', 'S', 'ER']",['sensor'],['sensor'],0.0,8.32e-06,"[31, 7, 27, 31, 8, 0, 0, 0]"
garlic,"['G', 'AA', 'R', 'L', 'IH', 'K']","['gar', 'lic']","['gar', 'lic']",0.0,8.32e-06,"[21, 1, 30, 25, 10, 24, 0, 0]"
essex,"['EH', 'S', 'IH', 'K', 'S']","['es', 'sex']","['es', 'sex']",0.0,8.32e-06,"[7, 31, 10, 24, 31, 0, 0, 0]"
enabling,"['EH', 'N', 'EY', 'B', 'AH', 'L', 'IH', 'NG']","['en', 'abling']","['en', 'abling']",0.0,8.32e-06,"[7, 27, 9, 16, 3, 25, 10, 28]"
airplane,"['EH', 'R', 'P', 'L', 'EY', 'N']","['air', 'plane']","['air', 'plane']",0.0,8.32e-06,"[7, 30, 29, 25, 9, 27, 0, 0]"
montgomery,"['M', 'AA', 'N', 'T', 'G', 'AH', 'M', 'R', 'IY']","['mont', 'gomery']","['mont', 'gomery']",0.0,8.32e-06,"[26, 1, 27, 33, 21, 3, 26, 30]"
impose,"['IH', 'M', 'P', 'OW', 'Z']","['im', 'pose']","['im', 'pose']",0.0,8.32e-06,"[10, 26, 29, 12, 38, 0, 0, 0]"
enrolled,"['EH', 'N', 'R', 'OW', 'L', 'D']","['en', 'rolled']","['en', 'rolled']",0.0,8.32e-06,"[7, 27, 30, 12, 25, 18, 0, 0]"
readily,"['R', 'EH', 'D', 'AH', 'L', 'IY']","['read', 'ily']","['read', 'ily']",0.0,8.51e-06,"[30, 7, 18, 3, 25, 11, 0, 0]"
guild,"['G', 'IH', 'L', 'D']",['guild'],['guild'],0.0,8.51e-06,"[21, 10, 25, 18, 0, 0, 0, 0]"
norm,"['N', 'AO', 'R', 'M']",['norm'],['norm'],0.0,8.51e-06,"[27, 4, 30, 26, 0, 0, 0, 0]"
airports,"['EH', 'R', 'P', 'AO', 'R', 'T', 'S']","['air', 'ports']","['air', 'ports']",0.0,8.51e-06,"[7, 30, 29, 4, 30, 33, 31, 0]"
conjunction,"['K', 'AH', 'N', 'JH', 'AH', 'NG', 'K', 'SH', 'AH', 'N']","['con', 'junc', 'tion']","['con', 'junction']",0.09090909090909091,8.51e-06,"[24, 3, 27, 23, 3, 28, 24, 32]"
substances,"['S', 'AH', 'B', 'S', 'T', 'AH', 'N', 'S', 'AH', 'Z']","['sub', 'stances']","['sub', 'stances']",0.0,8.51e-06,"[31, 3, 16, 31, 33, 3, 27, 31]"
battlefield,"['B', 'AE', 'T', 'AH', 'L', 'F', 'IY', 'L', 'D']","['bat', 'tle', 'field']","['battle', 'field']",0.09090909090909091,8.51e-06,"[16, 2, 33, 3, 25, 20, 11, 25]"
overhead,"['OW', 'V', 'ER', 'HH', 'EH', 'D']","['over', 'head']","['over', 'head']",0.0,8.51e-06,"[12, 35, 8, 22, 7, 18, 0, 0]"
acre,"['EY', 'K', 'ER']",['acre'],['acre'],0.0,8.51e-06,"[9, 24, 8, 0, 0, 0, 0, 0]"
sonic,"['S', 'AA', 'N', 'IH', 'K']","['son', 'ic']","['son', 'ic']",0.0,8.51e-06,"[31, 1, 27, 10, 24, 0, 0, 0]"
desktop,"['D', 'EH', 'S', 'K', 'T', 'AA', 'P']",['desktop'],['desktop'],0.0,8.51e-06,"[18, 7, 31, 24, 33, 1, 29, 0]"
bundle,"['B', 'AH', 'N', 'D', 'AH', 'L']",['bundle'],['bundle'],0.0,8.51e-06,"[16, 3, 27, 18, 3, 25, 0, 0]"
pac,"['P', 'AE', 'K']",['pac'],['pac'],0.0,8.51e-06,"[29, 2, 24, 0, 0, 0, 0, 0]"
jar,"['JH', 'AA', 'R']",['jar'],['jar'],0.0,8.51e-06,"[23, 1, 30, 0, 0, 0, 0, 0]"
reunion,"['R', 'IY', 'UW', 'N', 'Y', 'AH', 'N']","['re', 'union']","['re', 'union']",0.0,8.51e-06,"[30, 11, 15, 27, 37, 3, 27, 0]"
implied,"['IH', 'M', 'P', 'L', 'AY', 'D']","['im', 'plied']","['im', 'plied']",0.0,8.51e-06,"[10, 26, 29, 25, 6, 18, 0, 0]"
discharge,"['D', 'IH', 'S', 'CH', 'AA', 'R', 'JH']","['dis', 'charge']","['dis', 'charge']",0.0,8.51e-06,"[18, 10, 31, 17, 1, 30, 23, 0]"
cycles,"['S', 'AY', 'K', 'AH', 'L', 'Z']",['cycles'],['cycles'],0.0,8.51e-06,"[31, 6, 24, 3, 25, 38, 0, 0]"
varies,"['V', 'EH', 'R', 'IY', 'Z']","['var', 'ies']","['var', 'ies']",0.0,8.71e-06,"[35, 7, 30, 11, 38, 0, 0, 0]"
fare,"['F', 'EH', 'R']",['fare'],['fare'],0.0,8.71e-06,"[20, 7, 30, 0, 0, 0, 0, 0]"
consequently,"['K', 'AA', 'N', 'S', 'AH', 'K', 'W', 'AH', 'N', 'T', 'L', 'IY']","['con', 'sequently']","['con', 'sequently']",0.0,8.71e-06,"[24, 1, 27, 31, 3, 24, 36, 3]"
enables,"['EH', 'N', 'EY', 'B', 'AH', 'L', 'Z']","['en', 'ables']","['en', 'ables']",0.0,8.71e-06,"[7, 27, 9, 16, 3, 25, 38, 0]"
jun,"['JH', 'AH', 'N']",['jun'],['jun'],0.0,8.71e-06,"[23, 3, 27, 0, 0, 0, 0, 0]"
newer,"['N', 'UW', 'ER']","['new', 'er']","['new', 'er']",0.0,8.71e-06,"[27, 15, 8, 0, 0, 0, 0, 0]"
locks,"['L', 'AA', 'K', 'S']",['locks'],['locks'],0.0,8.71e-06,"[25, 1, 24, 31, 0, 0, 0, 0]"
workforce,"['W', 'ER', 'K', 'F', 'AO', 'R', 'S']","['work', 'force']","['work', 'force']",0.0,8.71e-06,"[36, 8, 24, 20, 4, 30, 31, 0]"
newton,"['N', 'UW', 'T', 'AH', 'N']","['new', 'ton']","['new', 'ton']",0.0,8.71e-06,"[27, 15, 33, 3, 27, 0, 0, 0]"
cox,"['K', 'AA', 'K', 'S']",['cox'],['cox'],0.0,8.71e-06,"[24, 1, 24, 31, 0, 0, 0, 0]"
lou,"['L', 'UW']",['lou'],['lou'],0.0,8.71e-06,"[25, 15, 0, 0, 0, 0, 0, 0]"
shareholders,"['SH', 'EH', 'R', 'HH', 'OW', 'L', 'D', 'ER', 'Z']","['share', 'hold', 'ers']","['share', 'holders']",0.08333333333333333,8.71e-06,"[32, 7, 30, 22, 12, 25, 18, 8]"
prep,"['P', 'R', 'EH', 'P']",['prep'],['prep'],0.0,8.71e-06,"[29, 30, 7, 29, 0, 0, 0, 0]"
sep,"['S', 'EH', 'P']",['sep'],['sep'],0.0,8.71e-06,"[31, 7, 29, 0, 0, 0, 0, 0]"
playstation,"['P', 'L', 'EY', 'S', 'T', 'EY', 'SH', 'AH', 'N']","['play', 'sta', 'tion']","['play', 'station']",0.09090909090909091,8.71e-06,"[29, 25, 9, 31, 33, 9, 32, 3]"
und,"['AH', 'N', 'D']",['und'],['und'],0.0,8.71e-06,"[3, 27, 18, 0, 0, 0, 0, 0]"
anal,"['EY', 'N', 'AH', 'L']",['anal'],['anal'],0.0,8.71e-06,"[9, 27, 3, 25, 0, 0, 0, 0]"
sci,"['S', 'IY']",['sci'],['sci'],0.0,8.71e-06,"[31, 11, 0, 0, 0, 0, 0, 0]"
postal,"['P', 'OW', 'S', 'T', 'AH', 'L']",['postal'],['postal'],0.0,8.71e-06,"[29, 12, 31, 33, 3, 25, 0, 0]"
float,"['F', 'L', 'OW', 'T']",['float'],['float'],0.0,8.71e-06,"[20, 25, 12, 33, 0, 0, 0, 0]"
swap,"['S', 'W', 'AA', 'P']",['swap'],['swap'],0.0,8.71e-06,"[31, 36, 1, 29, 0, 0, 0, 0]"
pipes,"['P', 'AY', 'P', 'S']",['pipes'],['pipes'],0.0,8.91e-06,"[29, 6, 29, 31, 0, 0, 0, 0]"
ing,"['IH', 'NG']",['ing'],['ing'],0.0,8.91e-06,"[10, 28, 0, 0, 0, 0, 0, 0]"
cab,"['K', 'AE', 'B']",['cab'],['cab'],0.0,8.91e-06,"[24, 2, 16, 0, 0, 0, 0, 0]"
chi,"['K', 'AY']",['chi'],['chi'],0.0,8.91e-06,"[24, 6, 0, 0, 0, 0, 0, 0]"
finland,"['F', 'IH', 'N', 'L', 'AE', 'N', 'D']","['fin', 'land']","['fin', 'land']",0.0,8.91e-06,"[20, 10, 27, 25, 2, 27, 18, 0]"
blend,"['B', 'L', 'EH', 'N', 'D']",['blend'],['blend'],0.0,8.91e-06,"[16, 25, 7, 27, 18, 0, 0, 0]"
tracked,"['T', 'R', 'AE', 'K', 'T']",['tracked'],['tracked'],0.0,8.91e-06,"[33, 30, 2, 24, 33, 0, 0, 0]"
stat,"['S', 'T', 'AE', 'T']",['stat'],['stat'],0.0,8.91e-06,"[31, 33, 2, 33, 0, 0, 0, 0]"
marking,"['M', 'AA', 'R', 'K', 'IH', 'NG']","['mark', 'ing']","['mark', 'ing']",0.0,8.91e-06,"[26, 1, 30, 24, 10, 28, 0, 0]"
appointments,"['AH', 'P', 'OY', 'N', 'T', 'M', 'AH', 'N', 'T', 'S']","['ap', 'point', 'ments']","['appoint', 'ments']",0.08333333333333333,8.91e-06,"[3, 29, 13, 27, 33, 26, 3, 27]"
mainland,"['M', 'EY', 'N', 'L', 'AE', 'N', 'D']","['main', 'land']","['main', 'land']",0.0,8.91e-06,"[26, 9, 27, 25, 2, 27, 18, 0]"
herald,"['HH', 'EH', 'R', 'AH', 'L', 'D']","['her', 'ald']","['her', 'ald']",0.0,8.91e-06,"[22, 7, 30, 3, 25, 18, 0, 0]"
exchanges,"['IH', 'K', 'S', 'CH', 'EY', 'N', 'JH', 'AH', 'Z']","['ex', 'changes']","['ex', 'changes']",0.0,8.91e-06,"[10, 24, 31, 17, 9, 27, 23, 3]"
wang,"['W', 'AE', 'NG']",['wang'],['wang'],0.0,8.91e-06,"[36, 2, 28, 0, 0, 0, 0, 0]"
ref,"['R', 'EH', 'F']",['ref'],['ref'],0.0,8.91e-06,"[30, 7, 20, 0, 0, 0, 0, 0]"
modes,"['M', 'OW', 'D', 'Z']",['modes'],['modes'],0.0,9.12e-06,"[26, 12, 18, 38, 0, 0, 0, 0]"
monica,"['M', 'AA', 'N', 'IH', 'K', 'AH']","['mon', 'ica']","['mon', 'ica']",0.0,9.12e-06,"[26, 1, 27, 10, 24, 3, 0, 0]"
packaging,"['P', 'AE', 'K', 'IH', 'JH', 'IH', 'NG']","['pack', 'aging']","['pack', 'aging']",0.0,9.12e-06,"[29, 2, 24, 10, 23, 10, 28, 0]"
clearance,"['K', 'L', 'IH', 'R', 'AH', 'N', 'S']","['clear', 'ance']","['clear', 'ance']",0.0,9.12e-06,"[24, 25, 10, 30, 3, 27, 31, 0]"
linking,"['L', 'IH', 'NG', 'K', 'IH', 'NG']","['link', 'ing']","['link', 'ing']",0.0,9.12e-06,"[25, 10, 28, 24, 10, 28, 0, 0]"
pee,"['P', 'IY']",['pee'],['pee'],0.0,9.12e-06,"[29, 11, 0, 0, 0, 0, 0, 0]"
eyed,"['AY', 'D']",['eyed'],['eyed'],0.0,9.12e-06,"[6, 18, 0, 0, 0, 0, 0, 0]"
wit,"['W', 'IH', 'T']",['wit'],['wit'],0.0,9.12e-06,"[36, 10, 33, 0, 0, 0, 0, 0]"
chen,"['CH', 'EH', 'N']",['chen'],['chen'],0.0,9.12e-06,"[17, 7, 27, 0, 0, 0, 0, 0]"
spa,"['S', 'P', 'AA']",['spa'],['spa'],0.0,9.12e-06,"[31, 29, 1, 0, 0, 0, 0, 0]"
tab,"['T', 'AE', 'B']",['tab'],['tab'],0.0,9.12e-06,"[33, 2, 16, 0, 0, 0, 0, 0]"
flu,"['F', 'L', 'UW']",['flu'],['flu'],0.0,9.12e-06,"[20, 25, 15, 0, 0, 0, 0, 0]"
assembled,"['AH', 'S', 'EH', 'M', 'B', 'AH', 'L', 'D']","['as', 'sembled']","['as', 'sembled']",0.0,9.12e-06,"[3, 31, 7, 26, 16, 3, 25, 18]"
rebecca,"['R', 'AH', 'B', 'EH', 'K', 'AH']","['re', 'becca']","['re', 'becca']",0.0,9.12e-06,"[30, 3, 16, 7, 24, 3, 0, 0]"
portable,"['P', 'AO', 'R', 'T', 'AH', 'B', 'AH', 'L']","['port', 'able']","['port', 'able']",0.0,9.33e-06,"[29, 4, 30, 33, 3, 16, 3, 25]"
performs,"['P', 'ER', 'F', 'AO', 'R', 'M', 'Z']","['per', 'forms']","['per', 'forms']",0.0,9.33e-06,"[29, 8, 20, 4, 30, 26, 38, 0]"
merger,"['M', 'ER', 'JH', 'ER']","['mer', 'ger']","['mer', 'ger']",0.0,9.33e-06,"[26, 8, 23, 8, 0, 0, 0, 0]"
quebec,"['K', 'W', 'AH', 'B', 'EH', 'K']","['que', 'bec']","['que', 'bec']",0.0,9.33e-06,"[24, 36, 3, 16, 7, 24, 0, 0]"
tuition,"['T', 'Y', 'UW', 'IH', 'SH', 'AH', 'N']","['tu', 'ition']","['tu', 'ition']",0.0,9.33e-06,"[33, 37, 15, 10, 32, 3, 27, 0]"
rico,"['R', 'IY', 'K', 'OW']",['rico'],['rico'],0.0,9.33e-06,"[30, 11, 24, 12, 0, 0, 0, 0]"
rankings,"['R', 'AE', 'NG', 'K', 'IH', 'NG', 'Z']","['rank', 'ings']","['rank', 'ings']",0.0,9.33e-06,"[30, 2, 28, 24, 10, 28, 38, 0]"
incentive,"['IH', 'N', 'S', 'EH', 'N', 'T', 'IH', 'V']","['in', 'cent', 'ive']","['in', 'cent', 'ive']",0.0,9.33e-06,"[10, 27, 31, 7, 27, 33, 10, 35]"
jackie,"['JH', 'AE', 'K', 'IY']","['jack', 'ie']","['jack', 'ie']",0.0,9.33e-06,"[23, 2, 24, 11, 0, 0, 0, 0]"
foundations,"['F', 'AW', 'N', 'D', 'EY', 'SH', 'AH', 'N', 'Z']","['found', 'a', 'tions']","['found', 'ations']",0.09090909090909091,9.33e-06,"[20, 5, 27, 18, 9, 32, 3, 27]"
hardcore,"['HH', 'AA', 'R', 'D', 'K', 'AO', 'R']","['hard', 'core']","['hard', 'core']",0.0,9.33e-06,"[22, 1, 30, 18, 24, 4, 30, 0]"
berry,"['B', 'EH', 'R', 'IY']",['berry'],['berry'],0.0,9.33e-06,"[16, 7, 30, 11, 0, 0, 0, 0]"
brisbane,"['B', 'R', 'IH', 'Z', 'B', 'EY', 'N']","['bris', 'bane']","['bris', 'bane']",0.0,9.33e-06,"[16, 30, 10, 38, 16, 9, 27, 0]"
thereafter,"['DH', 'EH', 'R', 'AE', 'F', 'T', 'ER']","['there', 'after']","['there', 'after']",0.0,9.33e-06,"[19, 7, 30, 2, 20, 33, 8, 0]"
madness,"['M', 'AE', 'D', 'N', 'AH', 'S']","['mad', 'ness']","['mad', 'ness']",0.0,9.33e-06,"[26, 2, 18, 27, 3, 31, 0, 0]"
varying,"['V', 'EH', 'R', 'IY', 'IH', 'NG']","['vary', 'ing']","['vary', 'ing']",0.0,9.33e-06,"[35, 7, 30, 11, 10, 28, 0, 0]"
columns,"['K', 'AA', 'L', 'AH', 'M', 'Z']",['columns'],['columns'],0.0,9.33e-06,"[24, 1, 25, 3, 26, 38, 0, 0]"
dale,"['D', 'EY', 'L']",['dale'],['dale'],0.0,9.55e-06,"[18, 9, 25, 0, 0, 0, 0, 0]"
cart,"['K', 'AA', 'R', 'T']",['cart'],['cart'],0.0,9.55e-06,"[24, 1, 30, 33, 0, 0, 0, 0]"
vienna,"['V', 'IY', 'EH', 'N', 'AH']","['vi', 'enna']","['vi', 'enna']",0.0,9.55e-06,"[35, 11, 7, 27, 3, 0, 0, 0]"
pond,"['P', 'AA', 'N', 'D']",['pond'],['pond'],0.0,9.55e-06,"[29, 1, 27, 18, 0, 0, 0, 0]"
cord,"['K', 'AO', 'R', 'D']",['cord'],['cord'],0.0,9.55e-06,"[24, 4, 30, 18, 0, 0, 0, 0]"
cyber,"['S', 'AY', 'B', 'ER']","['cy', 'ber']","['cy', 'ber']",0.0,9.55e-06,"[31, 6, 16, 8, 0, 0, 0, 0]"
bean,"['B', 'IY', 'N']",['bean'],['bean'],0.0,9.55e-06,"[16, 11, 27, 0, 0, 0, 0, 0]"
ruby,"['R', 'UW', 'B', 'IY']",['ruby'],['ruby'],0.0,9.55e-06,"[30, 15, 16, 11, 0, 0, 0, 0]"
township,"['T', 'AW', 'N', 'SH', 'IH', 'P']","['town', 'ship']","['town', 'ship']",0.0,9.55e-06,"[33, 5, 27, 32, 10, 29, 0, 0]"
mercedes,"['M', 'ER', 'S', 'EY', 'D', 'IY', 'Z']","['mer', 'cedes']","['mer', 'cedes']",0.0,9.55e-06,"[26, 8, 31, 9, 18, 11, 38, 0]"
needle,"['N', 'IY', 'D', 'AH', 'L']",['needle'],['needle'],0.0,9.55e-06,"[27, 11, 18, 3, 25, 0, 0, 0]"
stanford,"['S', 'T', 'AE', 'N', 'F', 'ER', 'D']","['stan', 'ford']","['stan', 'ford']",0.0,9.55e-06,"[31, 33, 2, 27, 20, 8, 18, 0]"
raymond,"['R', 'EY', 'M', 'AH', 'N', 'D']","['ray', 'mond']","['ray', 'mond']",0.0,9.55e-06,"[30, 9, 26, 3, 27, 18, 0, 0]"
oval,"['OW', 'V', 'AH', 'L']",['oval'],['oval'],0.0,9.55e-06,"[12, 35, 3, 25, 0, 0, 0, 0]"
colleague,"['K', 'AA', 'L', 'IY', 'G']","['col', 'league']","['col', 'league']",0.0,9.55e-06,"[24, 1, 25, 11, 21, 0, 0, 0]"
archive,"['AA', 'R', 'K', 'AY', 'V']",['archive'],['archive'],0.0,9.55e-06,"[1, 30, 24, 6, 35, 0, 0, 0]"
cohen,"['K', 'OW', 'AH', 'N']","['co', 'hen']","['co', 'hen']",0.0,9.55e-06,"[24, 12, 3, 27, 0, 0, 0, 0]"
harbour,"['HH', 'AA', 'R', 'B', 'ER']","['har', 'bour']","['har', 'bour']",0.0,9.55e-06,"[22, 1, 30, 16, 8, 0, 0, 0]"
dense,"['D', 'EH', 'N', 'S']",['dense'],['dense'],0.0,9.55e-06,"[18, 7, 27, 31, 0, 0, 0, 0]"
adelaide,"['AE', 'D', 'AH', 'L', 'EY', 'D']","['ad', 'elaide']","['ad', 'elaide']",0.0,9.77e-06,"[2, 18, 3, 25, 9, 18, 0, 0]"
roller,"['R', 'OW', 'L', 'ER']",['roller'],['roller'],0.0,9.77e-06,"[30, 12, 25, 8, 0, 0, 0, 0]"
feat,"['F', 'IY', 'T']",['feat'],['feat'],0.0,9.77e-06,"[20, 11, 33, 0, 0, 0, 0, 0]"
obligations,"['AA', 'B', 'L', 'AH', 'G', 'EY', 'SH', 'AH', 'N', 'Z']","['ob', 'lig', 'a', 'tions']","['ob', 'lig', 'ations']",0.09090909090909091,9.77e-06,"[1, 16, 25, 3, 21, 9, 32, 3]"
dock,"['D', 'AA', 'K']",['dock'],['dock'],0.0,9.77e-06,"[18, 1, 24, 0, 0, 0, 0, 0]"
linux,"['L', 'IH', 'N', 'AH', 'K', 'S']",['linux'],['linux'],0.0,9.77e-06,"[25, 10, 27, 3, 24, 31, 0, 0]"
cluster,"['K', 'L', 'AH', 'S', 'T', 'ER']",['cluster'],['cluster'],0.0,9.77e-06,"[24, 25, 3, 31, 33, 8, 0, 0]"
pal,"['P', 'AE', 'L']",['pal'],['pal'],0.0,9.77e-06,"[29, 2, 25, 0, 0, 0, 0, 0]"
neo,"['N', 'IY', 'OW']",['neo'],['neo'],0.0,9.77e-06,"[27, 11, 12, 0, 0, 0, 0, 0]"
reid,"['R', 'IY', 'D']","['re', 'id']","['re', 'id']",0.0,9.77e-06,"[30, 11, 18, 0, 0, 0, 0, 0]"
failures,"['F', 'EY', 'L', 'Y', 'ER', 'Z']","['fail', 'ures']","['fail', 'ures']",0.0,9.77e-06,"[20, 9, 25, 37, 8, 38, 0, 0]"
clause,"['K', 'L', 'AO', 'Z']",['clause'],['clause'],0.0,9.77e-06,"[24, 25, 4, 38, 0, 0, 0, 0]"
shapes,"['SH', 'EY', 'P', 'S']",['shapes'],['shapes'],0.0,9.77e-06,"[32, 9, 29, 31, 0, 0, 0, 0]"
pirates,"['P', 'AY', 'R', 'AH', 'T', 'S']","['pir', 'ates']","['pir', 'ates']",0.0,9.77e-06,"[29, 6, 30, 3, 33, 31, 0, 0]"
probe,"['P', 'R', 'OW', 'B']",['probe'],['probe'],0.0,9.77e-06,"[29, 30, 12, 16, 0, 0, 0, 0]"
outlets,"['AW', 'T', 'L', 'EH', 'T', 'S']","['out', 'lets']","['out', 'lets']",0.0,1e-05,"[5, 33, 25, 7, 33, 31, 0, 0]"
minus,"['M', 'AY', 'N', 'AH', 'S']",['minus'],['minus'],0.0,1e-05,"[26, 6, 27, 3, 31, 0, 0, 0]"
java,"['JH', 'AA', 'V', 'AH']",['java'],['java'],0.0,1e-05,"[23, 1, 35, 3, 0, 0, 0, 0]"
exams,"['IH', 'G', 'Z', 'AE', 'M', 'Z']","['ex', 'ams']","['ex', 'ams']",0.0,1e-05,"[10, 21, 38, 2, 26, 38, 0, 0]"
holdings,"['HH', 'OW', 'L', 'D', 'IH', 'NG', 'Z']","['hold', 'ings']","['hold', 'ings']",0.0,1e-05,"[22, 12, 25, 18, 10, 28, 38, 0]"
dash,"['D', 'AE', 'SH']",['dash'],['dash'],0.0,1e-05,"[18, 2, 32, 0, 0, 0, 0, 0]"
deposits,"['D', 'AH', 'P', 'AA', 'Z', 'IH', 'T', 'S']","['de', 'pos', 'its']","['de', 'pos', 'its']",0.0,1e-05,"[18, 3, 29, 1, 38, 10, 33, 31]"
surveys,"['S', 'ER', 'V', 'EY', 'Z']","['sur', 'veys']","['sur', 'veys']",0.0,1e-05,"[31, 8, 35, 9, 38, 0, 0, 0]"
lottery,"['L', 'AA', 'T', 'ER', 'IY']","['lot', 'tery']","['lot', 'tery']",0.0,1e-05,"[25, 1, 33, 8, 11, 0, 0, 0]"
conclusions,"['K', 'AH', 'N', 'K', 'L', 'UW', 'ZH', 'AH', 'N', 'Z']","['con', 'clu', 'sions']","['con', 'clusions']",0.09090909090909091,1e-05,"[24, 3, 27, 24, 25, 15, 39, 3]"
enterprises,"['EH', 'N', 'T', 'ER', 'P', 'R', 'AY', 'Z', 'IH', 'Z']","['en', 'ter', 'prises']","['enter', 'prises']",0.09090909090909091,1e-05,"[7, 27, 33, 8, 29, 30, 6, 38]"
outlet,"['AW', 'T', 'L', 'EH', 'T']","['out', 'let']","['out', 'let']",0.0,1e-05,"[5, 33, 25, 7, 33, 0, 0, 0]"
camping,"['K', 'AE', 'M', 'P', 'IH', 'NG']","['camp', 'ing']","['camp', 'ing']",0.0,1e-05,"[24, 2, 26, 29, 10, 28, 0, 0]"
chan,"['CH', 'AE', 'N']",['chan'],['chan'],0.0,1e-05,"[17, 2, 27, 0, 0, 0, 0, 0]"
betting,"['B', 'EH', 'T', 'IH', 'NG']","['bet', 'ting']","['bet', 'ting']",0.0,1e-05,"[16, 7, 33, 10, 28, 0, 0, 0]"
subscribers,"['S', 'AH', 'B', 'S', 'K', 'R', 'AY', 'B', 'ER', 'Z']","['sub', 'scribers']","['sub', 'scribers']",0.0,1e-05,"[31, 3, 16, 31, 24, 30, 6, 16]"
westminster,"['W', 'EH', 'S', 'T', 'M', 'IH', 'N', 'S', 'T', 'ER']","['west', 'min', 'ster']","['west', 'minster']",0.09090909090909091,1e-05,"[36, 7, 31, 33, 26, 10, 27, 31]"
shakespeare,"['SH', 'EY', 'K', 'S', 'P', 'IY', 'R']",['shakespeare'],"['sh', 'akespeare']",0.09090909090909091,1e-05,"[32, 9, 24, 31, 29, 11, 30, 0]"
portal,"['P', 'AO', 'R', 'T', 'AH', 'L']",['portal'],['portal'],0.0,1e-05,"[29, 4, 30, 33, 3, 25, 0, 0]"
acute,"['AH', 'K', 'Y', 'UW', 'T']",['acute'],['acute'],0.0,1e-05,"[3, 24, 37, 15, 33, 0, 0, 0]"
tan,"['T', 'AE', 'N']",['tan'],['tan'],0.0,1.02e-05,"[33, 2, 27, 0, 0, 0, 0, 0]"
thumb,"['TH', 'AH', 'M']",['thumb'],['thumb'],0.0,1.02e-05,"[34, 3, 26, 0, 0, 0, 0, 0]"
salmon,"['S', 'AE', 'M', 'AH', 'N']","['sal', 'mon']","['sal', 'mon']",0.0,1.02e-05,"[31, 2, 26, 3, 27, 0, 0, 0]"
sen,"['S', 'EH', 'N']",['sen'],['sen'],0.0,1.02e-05,"[31, 7, 27, 0, 0, 0, 0, 0]"
dealers,"['D', 'IY', 'L', 'ER', 'Z']","['deal', 'ers']","['deal', 'ers']",0.0,1.02e-05,"[18, 11, 25, 8, 38, 0, 0, 0]"
timber,"['T', 'IH', 'M', 'B', 'ER']","['tim', 'ber']","['tim', 'ber']",0.0,1.02e-05,"[33, 10, 26, 16, 8, 0, 0, 0]"
harassment,"['HH', 'ER', 'AE', 'S', 'M', 'AH', 'N', 'T']","['har', 'ass', 'ment']","['har', 'ass', 'ment']",0.0,1.02e-05,"[22, 8, 2, 31, 26, 3, 27, 33]"
matched,"['M', 'AE', 'CH', 'T']",['matched'],['matched'],0.0,1.02e-05,"[26, 2, 17, 33, 0, 0, 0, 0]"
frames,"['F', 'R', 'EY', 'M', 'Z']",['frames'],['frames'],0.0,1.02e-05,"[20, 30, 9, 26, 38, 0, 0, 0]"
den,"['D', 'EH', 'N']",['den'],['den'],0.0,1.02e-05,"[18, 7, 27, 0, 0, 0, 0, 0]"
void,"['V', 'OY', 'D']",['void'],['void'],0.0,1.02e-05,"[35, 13, 18, 0, 0, 0, 0, 0]"
seo,"['S', 'IY', 'OW']",['seo'],['seo'],0.0,1.02e-05,"[31, 11, 12, 0, 0, 0, 0, 0]"
lebanon,"['L', 'EH', 'B', 'AH', 'N', 'AH', 'N']","['le', 'ban', 'on']","['le', 'ban', 'on']",0.0,1.02e-05,"[25, 7, 16, 3, 27, 3, 27, 0]"
seller,"['S', 'EH', 'L', 'ER']",['seller'],['seller'],0.0,1.02e-05,"[31, 7, 25, 8, 0, 0, 0, 0]"
disk,"['D', 'IH', 'S', 'K']",['disk'],['disk'],0.0,1.02e-05,"[18, 10, 31, 24, 0, 0, 0, 0]"
contractors,"['K', 'AA', 'N', 'T', 'R', 'AE', 'K', 'T', 'ER', 'Z']","['con', 'tract', 'ors']","['contract', 'ors']",0.09090909090909091,1.02e-05,"[24, 1, 27, 33, 30, 2, 24, 33]"
caroline,"['K', 'EH', 'R', 'AH', 'L', 'AY', 'N']","['car', 'oline']","['car', 'oline']",0.0,1.02e-05,"[24, 7, 30, 3, 25, 6, 27, 0]"
cal,"['K', 'AE', 'L']",['cal'],['cal'],0.0,1.02e-05,"[24, 2, 25, 0, 0, 0, 0, 0]"
pad,"['P', 'AE', 'D']",['pad'],['pad'],0.0,1.02e-05,"[29, 2, 18, 0, 0, 0, 0, 0]"
bernard,"['B', 'ER', 'N', 'AA', 'R', 'D']","['bern', 'ard']","['bern', 'ard']",0.0,1.05e-05,"[16, 8, 27, 1, 30, 18, 0, 0]"
mercury,"['M', 'ER', 'K', 'Y', 'ER', 'IY']","['mer', 'cury']","['mer', 'cury']",0.0,1.05e-05,"[26, 8, 24, 37, 8, 11, 0, 0]"
arch,"['AA', 'R', 'CH']",['arch'],['arch'],0.0,1.05e-05,"[1, 30, 17, 0, 0, 0, 0, 0]"
insects,"['IH', 'N', 'S', 'EH', 'K', 'T', 'S']","['in', 'sects']","['in', 'sects']",0.0,1.05e-05,"[10, 27, 31, 7, 24, 33, 31, 0]"
mega,"['M', 'EH', 'G', 'AH']",['mega'],['mega'],0.0,1.05e-05,"[26, 7, 21, 3, 0, 0, 0, 0]"
convenience,"['K', 'AH', 'N', 'V', 'IY', 'N', 'Y', 'AH', 'N', 'S']","['con', 'veni', 'ence']","['con', 'venience']",0.09090909090909091,1.05e-05,"[24, 3, 27, 35, 11, 27, 37, 3]"
paths,"['P', 'AE', 'DH', 'Z']",['paths'],['paths'],0.0,1.05e-05,"[29, 2, 19, 38, 0, 0, 0, 0]"
helmet,"['HH', 'EH', 'L', 'M', 'AH', 'T']","['hel', 'met']","['hel', 'met']",0.0,1.05e-05,"[22, 7, 25, 26, 3, 33, 0, 0]"
starter,"['S', 'T', 'AA', 'R', 'T', 'ER']",['starter'],['starter'],0.0,1.05e-05,"[31, 33, 1, 30, 33, 8, 0, 0]"
carol,"['K', 'AE', 'R', 'AH', 'L']","['car', 'ol']","['car', 'ol']",0.0,1.05e-05,"[24, 2, 30, 3, 25, 0, 0, 0]"
accommodate,"['AH', 'K', 'AA', 'M', 'AH', 'D', 'EY', 'T']","['ac', 'com', 'mod', 'ate']","['accom', 'mod', 'ate']",0.09090909090909091,1.05e-05,"[3, 24, 1, 26, 3, 18, 9, 33]"
shelf,"['SH', 'EH', 'L', 'F']",['shelf'],['shelf'],0.0,1.05e-05,"[32, 7, 25, 20, 0, 0, 0, 0]"
pending,"['P', 'EH', 'N', 'D', 'IH', 'NG']",['pending'],['pending'],0.0,1.05e-05,"[29, 7, 27, 18, 10, 28, 0, 0]"
transfers,"['T', 'R', 'AE', 'N', 'S', 'F', 'ER', 'Z']","['trans', 'fers']","['trans', 'fers']",0.0,1.05e-05,"[33, 30, 2, 27, 31, 20, 8, 38]"
width,"['W', 'IH', 'D', 'TH']",['width'],['width'],0.0,1.05e-05,"[36, 10, 18, 34, 0, 0, 0, 0]"
broadcasting,"['B', 'R', 'AO', 'D', 'K', 'AE', 'S', 'T', 'IH', 'NG']","['broad', 'cast', 'ing']","['broadcast', 'ing']",0.08333333333333333,1.05e-05,"[16, 30, 4, 18, 24, 2, 31, 33]"
badge,"['B', 'AE', 'JH']",['badge'],['badge'],0.0,1.05e-05,"[16, 2, 23, 0, 0, 0, 0, 0]"
functioning,"['F', 'AH', 'NG', 'K', 'SH', 'AH', 'N', 'IH', 'NG']","['func', 'tion', 'ing']","['function', 'ing']",0.09090909090909091,1.05e-05,"[20, 3, 28, 24, 32, 3, 27, 10]"
surfaces,"['S', 'ER', 'F', 'AH', 'S', 'AH', 'Z']","['sur', 'faces']","['sur', 'faces']",0.0,1.05e-05,"[31, 8, 20, 3, 31, 3, 38, 0]"
fisher,"['F', 'IH', 'SH', 'ER']","['fish', 'er']","['fish', 'er']",0.0,1.05e-05,"[20, 10, 32, 8, 0, 0, 0, 0]"
tin,"['T', 'IH', 'N']",['tin'],['tin'],0.0,1.07e-05,"[33, 10, 27, 0, 0, 0, 0, 0]"
harvest,"['HH', 'AA', 'R', 'V', 'AH', 'S', 'T']","['har', 'vest']","['har', 'vest']",0.0,1.07e-05,"[22, 1, 30, 35, 3, 31, 33, 0]"
screens,"['S', 'K', 'R', 'IY', 'N', 'Z']",['screens'],['screens'],0.0,1.07e-05,"[31, 24, 30, 11, 27, 38, 0, 0]"
rays,"['R', 'EY', 'Z']",['rays'],['rays'],0.0,1.07e-05,"[30, 9, 38, 0, 0, 0, 0, 0]"
harold,"['HH', 'EH', 'R', 'AH', 'L', 'D']","['har', 'old']","['har', 'old']",0.0,1.07e-05,"[22, 7, 30, 3, 25, 18, 0, 0]"
threshold,"['TH', 'R', 'EH', 'SH', 'OW', 'L', 'D']",['threshold'],['threshold'],0.0,1.07e-05,"[34, 30, 7, 32, 12, 25, 18, 0]"
varied,"['V', 'EH', 'R', 'IY', 'D']","['var', 'ied']","['var', 'ied']",0.0,1.07e-05,"[35, 7, 30, 11, 18, 0, 0, 0]"
fork,"['F', 'AO', 'R', 'K']",['fork'],['fork'],0.0,1.07e-05,"[20, 4, 30, 24, 0, 0, 0, 0]"
fur,"['F', 'ER']",['fur'],['fur'],0.0,1.07e-05,"[20, 8, 0, 0, 0, 0, 0, 0]"
lobby,"['L', 'AA', 'B', 'IY']",['lobby'],['lobby'],0.0,1.07e-05,"[25, 1, 16, 11, 0, 0, 0, 0]"
elect,"['IH', 'L', 'EH', 'K', 'T']",['elect'],['elect'],0.0,1.07e-05,"[10, 25, 7, 24, 33, 0, 0, 0]"
mph,"['EH', 'M', 'P', 'IY', 'EY', 'CH']",['mph'],['mph'],0.0,1.07e-05,"[7, 26, 29, 11, 9, 17, 0, 0]"
pill,"['P', 'IH', 'L']",['pill'],['pill'],0.0,1.07e-05,"[29, 10, 25, 0, 0, 0, 0, 0]"
passive,"['P', 'AE', 'S', 'IH', 'V']","['pass', 'ive']","['pass', 'ive']",0.0,1.07e-05,"[29, 2, 31, 10, 35, 0, 0, 0]"
cloth,"['K', 'L', 'AO', 'TH']",['cloth'],['cloth'],0.0,1.07e-05,"[24, 25, 4, 34, 0, 0, 0, 0]"
kidney,"['K', 'IH', 'D', 'N', 'IY']","['kid', 'ney']","['kid', 'ney']",0.0,1.07e-05,"[24, 10, 18, 27, 11, 0, 0, 0]"
semester,"['S', 'AH', 'M', 'EH', 'S', 'T', 'ER']",['semester'],['semester'],0.0,1.07e-05,"[31, 3, 26, 7, 31, 33, 8, 0]"
til,"['T', 'IH', 'L']",['til'],['til'],0.0,1.07e-05,"[33, 10, 25, 0, 0, 0, 0, 0]"
conferences,"['K', 'AA', 'N', 'F', 'ER', 'AH', 'N', 'S', 'AH', 'Z']","['con', 'fer', 'ences']","['con', 'ferences']",0.09090909090909091,1.07e-05,"[24, 1, 27, 20, 8, 3, 27, 31]"
workplace,"['W', 'ER', 'K', 'P', 'L', 'EY', 'S']","['work', 'place']","['work', 'place']",0.0,1.1e-05,"[36, 8, 24, 29, 25, 9, 31, 0]"
airline,"['EH', 'R', 'L', 'AY', 'N']","['air', 'line']","['air', 'line']",0.0,1.1e-05,"[7, 30, 25, 6, 27, 0, 0, 0]"
cope,"['K', 'OW', 'P']",['cope'],['cope'],0.0,1.1e-05,"[24, 12, 29, 0, 0, 0, 0, 0]"
bolt,"['B', 'OW', 'L', 'T']",['bolt'],['bolt'],0.0,1.1e-05,"[16, 12, 25, 33, 0, 0, 0, 0]"
clearing,"['K', 'L', 'IH', 'R', 'IH', 'NG']","['clear', 'ing']","['clear', 'ing']",0.0,1.1e-05,"[24, 25, 10, 30, 10, 28, 0, 0]"
thermal,"['TH', 'ER', 'M', 'AH', 'L']",['thermal'],['thermal'],0.0,1.1e-05,"[34, 8, 26, 3, 25, 0, 0, 0]"
comply,"['K', 'AH', 'M', 'P', 'L', 'AY']","['com', 'ply']","['com', 'ply']",0.0,1.1e-05,"[24, 3, 26, 29, 25, 6, 0, 0]"
orlando,"['AO', 'R', 'L', 'AE', 'N', 'D', 'OW']","['or', 'lando']","['or', 'lando']",0.0,1.1e-05,"[4, 30, 25, 2, 27, 18, 12, 0]"
audit,"['AO', 'D', 'IH', 'T']",['audit'],['audit'],0.0,1.1e-05,"[4, 18, 10, 33, 0, 0, 0, 0]"
newest,"['N', 'UW', 'AH', 'S', 'T']","['new', 'est']","['new', 'est']",0.0,1.1e-05,"[27, 15, 3, 31, 33, 0, 0, 0]"
echo,"['EH', 'K', 'OW']",['echo'],['echo'],0.0,1.1e-05,"[7, 24, 12, 0, 0, 0, 0, 0]"
puerto,"['P', 'W', 'EH', 'R', 'T', 'OW']","['pu', 'erto']","['pu', 'erto']",0.0,1.1e-05,"[29, 36, 7, 30, 33, 12, 0, 0]"
drawings,"['D', 'R', 'AO', 'IH', 'NG', 'Z']","['draw', 'ings']","['draw', 'ings']",0.0,1.1e-05,"[18, 30, 4, 10, 28, 38, 0, 0]"
aging,"['EY', 'JH', 'IH', 'NG']",['aging'],['aging'],0.0,1.1e-05,"[9, 23, 10, 28, 0, 0, 0, 0]"
nut,"['N', 'AH', 'T']",['nut'],['nut'],0.0,1.1e-05,"[27, 3, 33, 0, 0, 0, 0, 0]"
bugs,"['B', 'AH', 'G', 'Z']",['bugs'],['bugs'],0.0,1.1e-05,"[16, 3, 21, 38, 0, 0, 0, 0]"
pipeline,"['P', 'AY', 'P', 'L', 'AY', 'N']",['pipeline'],['pipeline'],0.0,1.1e-05,"[29, 6, 29, 25, 6, 27, 0, 0]"
cum,"['K', 'AH', 'M']",['cum'],['cum'],0.0,1.1e-05,"[24, 3, 26, 0, 0, 0, 0, 0]"
hart,"['HH', 'AA', 'R', 'T']",['hart'],['hart'],0.0,1.1e-05,"[22, 1, 30, 33, 0, 0, 0, 0]"
strings,"['S', 'T', 'R', 'IH', 'NG', 'Z']",['strings'],['strings'],0.0,1.1e-05,"[31, 33, 30, 10, 28, 38, 0, 0]"
denmark,"['D', 'EH', 'N', 'M', 'AA', 'R', 'K']","['den', 'mark']","['den', 'mark']",0.0,1.1e-05,"[18, 7, 27, 26, 1, 30, 24, 0]"
ave,"['AE', 'V', 'AH', 'N', 'UW']",['ave'],['ave'],0.0,1.1e-05,"[2, 35, 3, 27, 15, 0, 0, 0]"
edwards,"['EH', 'D', 'W', 'ER', 'D', 'Z']","['ed', 'wards']","['ed', 'wards']",0.0,1.1e-05,"[7, 18, 36, 8, 18, 38, 0, 0]"
milan,"['M', 'AH', 'L', 'AA', 'N']","['mil', 'an']","['mil', 'an']",0.0,1.12e-05,"[26, 3, 25, 1, 27, 0, 0, 0]"
graph,"['G', 'R', 'AE', 'F']",['graph'],['graph'],0.0,1.12e-05,"[21, 30, 2, 20, 0, 0, 0, 0]"
dot,"['D', 'AA', 'T']",['dot'],['dot'],0.0,1.12e-05,"[18, 1, 33, 0, 0, 0, 0, 0]"
spam,"['S', 'P', 'AE', 'M']",['spam'],['spam'],0.0,1.12e-05,"[31, 29, 2, 26, 0, 0, 0, 0]"
planets,"['P', 'L', 'AE', 'N', 'AH', 'T', 'S']","['plan', 'ets']","['plan', 'ets']",0.0,1.12e-05,"[29, 25, 2, 27, 3, 33, 31, 0]"
influences,"['IH', 'N', 'F', 'L', 'UW', 'AH', 'N', 'S', 'IH', 'Z']","['in', 'flu', 'ences']","['in', 'flu', 'ences']",0.0,1.12e-05,"[10, 27, 20, 25, 15, 3, 27, 31]"
lamp,"['L', 'AE', 'M', 'P']",['lamp'],['lamp'],0.0,1.12e-05,"[25, 2, 26, 29, 0, 0, 0, 0]"
raises,"['R', 'EY', 'Z', 'AH', 'Z']",['raises'],['raises'],0.0,1.12e-05,"[30, 9, 38, 3, 38, 0, 0, 0]"
buzz,"['B', 'AH', 'Z']",['buzz'],['buzz'],0.0,1.12e-05,"[16, 3, 38, 0, 0, 0, 0, 0]"
weekends,"['W', 'IY', 'K', 'EH', 'N', 'D', 'Z']","['week', 'ends']","['week', 'ends']",0.0,1.12e-05,"[36, 11, 24, 7, 27, 18, 38, 0]"
oven,"['AH', 'V', 'AH', 'N']",['oven'],['oven'],0.0,1.12e-05,"[3, 35, 3, 27, 0, 0, 0, 0]"
rats,"['R', 'AE', 'T', 'S']",['rats'],['rats'],0.0,1.12e-05,"[30, 2, 33, 31, 0, 0, 0, 0]"
measurements,"['M', 'EH', 'ZH', 'ER', 'M', 'AH', 'N', 'T', 'S']","['meas', 'ure', 'ments']","['measure', 'ments']",0.08333333333333333,1.12e-05,"[26, 7, 39, 8, 26, 3, 27, 33]"
stack,"['S', 'T', 'AE', 'K']",['stack'],['stack'],0.0,1.12e-05,"[31, 33, 2, 24, 0, 0, 0, 0]"
ranges,"['R', 'EY', 'N', 'JH', 'AH', 'Z']",['ranges'],['ranges'],0.0,1.12e-05,"[30, 9, 27, 23, 3, 38, 0, 0]"
hack,"['HH', 'AE', 'K']",['hack'],['hack'],0.0,1.12e-05,"[22, 2, 24, 0, 0, 0, 0, 0]"
cos,"['K', 'AO', 'S']",['cos'],['cos'],0.0,1.12e-05,"[24, 4, 31, 0, 0, 0, 0, 0]"
tent,"['T', 'EH', 'N', 'T']",['tent'],['tent'],0.0,1.12e-05,"[33, 7, 27, 33, 0, 0, 0, 0]"
tolerance,"['T', 'AA', 'L', 'ER', 'AH', 'N', 'S']","['tol', 'er', 'ance']","['tol', 'er', 'ance']",0.0,1.15e-05,"[33, 1, 25, 8, 3, 27, 31, 0]"
lbs,"['P', 'AW', 'N', 'D', 'Z']",['lbs'],['lbs'],0.0,1.15e-05,"[29, 5, 27, 18, 38, 0, 0, 0]"
independently,"['IH', 'N', 'D', 'IH', 'P', 'EH', 'N', 'D', 'AH', 'N', 'T', 'L', 'IY']","['in', 'de', 'pend', 'ently']","['in', 'depend', 'ently']",0.07692307692307693,1.15e-05,"[10, 27, 18, 10, 29, 7, 27, 18]"
switching,"['S', 'W', 'IH', 'CH', 'IH', 'NG']","['switch', 'ing']","['switch', 'ing']",0.0,1.15e-05,"[31, 36, 10, 17, 10, 28, 0, 0]"
guided,"['G', 'AY', 'D', 'AH', 'D']",['guided'],['guided'],0.0,1.15e-05,"[21, 6, 18, 3, 18, 0, 0, 0]"
rides,"['R', 'AY', 'D', 'Z']",['rides'],['rides'],0.0,1.15e-05,"[30, 6, 18, 38, 0, 0, 0, 0]"
sierra,"['S', 'IY', 'EH', 'R', 'AH']","['si', 'erra']","['si', 'erra']",0.0,1.15e-05,"[31, 11, 7, 30, 3, 0, 0, 0]"
reforms,"['R', 'AH', 'F', 'AO', 'R', 'M', 'Z']","['re', 'forms']","['re', 'forms']",0.0,1.15e-05,"[30, 3, 20, 4, 30, 26, 38, 0]"
fiber,"['F', 'AY', 'B', 'ER']",['fiber'],['fiber'],0.0,1.15e-05,"[20, 6, 16, 8, 0, 0, 0, 0]"
doll,"['D', 'AA', 'L']",['doll'],['doll'],0.0,1.15e-05,"[18, 1, 25, 0, 0, 0, 0, 0]"
realm,"['R', 'EH', 'L', 'M']",['realm'],['realm'],0.0,1.15e-05,"[30, 7, 25, 26, 0, 0, 0, 0]"
grocery,"['G', 'R', 'OW', 'S', 'ER', 'IY']","['gro', 'cery']","['gro', 'cery']",0.0,1.15e-05,"[21, 30, 12, 31, 8, 11, 0, 0]"
cooling,"['K', 'UW', 'L', 'IH', 'NG']","['cool', 'ing']","['cool', 'ing']",0.0,1.15e-05,"[24, 15, 25, 10, 28, 0, 0, 0]"
stan,"['S', 'T', 'AE', 'N']",['stan'],['stan'],0.0,1.15e-05,"[31, 33, 2, 27, 0, 0, 0, 0]"
pulse,"['P', 'AH', 'L', 'S']",['pulse'],['pulse'],0.0,1.15e-05,"[29, 3, 25, 31, 0, 0, 0, 0]"
demo,"['D', 'EH', 'M', 'OW']",['demo'],['demo'],0.0,1.15e-05,"[18, 7, 26, 12, 0, 0, 0, 0]"
valued,"['V', 'AE', 'L', 'Y', 'UW', 'D']","['val', 'ued']","['val', 'ued']",0.0,1.17e-05,"[35, 2, 25, 37, 15, 18, 0, 0]"
avoiding,"['AH', 'V', 'OY', 'D', 'IH', 'NG']","['avoid', 'ing']","['avoid', 'ing']",0.0,1.17e-05,"[3, 35, 13, 18, 10, 28, 0, 0]"
nest,"['N', 'EH', 'S', 'T']",['nest'],['nest'],0.0,1.17e-05,"[27, 7, 31, 33, 0, 0, 0, 0]"
hint,"['HH', 'IH', 'N', 'T']",['hint'],['hint'],0.0,1.17e-05,"[22, 10, 27, 33, 0, 0, 0, 0]"
displays,"['D', 'IH', 'S', 'P', 'L', 'EY', 'Z']","['dis', 'plays']","['dis', 'plays']",0.0,1.17e-05,"[18, 10, 31, 29, 25, 9, 38, 0]"
rainbow,"['R', 'EY', 'N', 'B', 'OW']","['rain', 'bow']","['rain', 'bow']",0.0,1.17e-05,"[30, 9, 27, 16, 12, 0, 0, 0]"
consequence,"['K', 'AA', 'N', 'S', 'AH', 'K', 'W', 'AH', 'N', 'S']","['con', 'sequence']","['con', 'sequence']",0.0,1.17e-05,"[24, 1, 27, 31, 3, 24, 36, 3]"
ports,"['P', 'AO', 'R', 'T', 'S']",['ports'],['ports'],0.0,1.17e-05,"[29, 4, 30, 33, 31, 0, 0, 0]"
scan,"['S', 'K', 'AE', 'N']",['scan'],['scan'],0.0,1.17e-05,"[31, 24, 2, 27, 0, 0, 0, 0]"
outlook,"['AW', 'T', 'L', 'UH', 'K']","['out', 'look']","['out', 'look']",0.0,1.17e-05,"[5, 33, 25, 14, 24, 0, 0, 0]"
newcastle,"['N', 'UW', 'K', 'AE', 'S', 'AH', 'L']","['new', 'castle']","['new', 'castle']",0.0,1.17e-05,"[27, 15, 24, 2, 31, 3, 25, 0]"
bio,"['B', 'AY', 'OW']",['bio'],['bio'],0.0,1.17e-05,"[16, 6, 12, 0, 0, 0, 0, 0]"
reed,"['R', 'IY', 'D']",['reed'],['reed'],0.0,1.17e-05,"[30, 11, 18, 0, 0, 0, 0, 0]"
specialized,"['S', 'P', 'EH', 'SH', 'AH', 'L', 'AY', 'Z', 'D']","['spe', 'cial', 'ized']","['special', 'ized']",0.09090909090909091,1.17e-05,"[31, 29, 7, 32, 3, 25, 6, 38]"
ink,"['IH', 'NG', 'K']",['ink'],['ink'],0.0,1.17e-05,"[10, 28, 24, 0, 0, 0, 0, 0]"
span,"['S', 'P', 'AE', 'N']",['span'],['span'],0.0,1.17e-05,"[31, 29, 2, 27, 0, 0, 0, 0]"
inn,"['IH', 'N']",['inn'],['inn'],0.0,1.17e-05,"[10, 27, 0, 0, 0, 0, 0, 0]"
pets,"['P', 'EH', 'T', 'S']",['pets'],['pets'],0.0,1.2e-05,"[29, 7, 33, 31, 0, 0, 0, 0]"
fold,"['F', 'OW', 'L', 'D']",['fold'],['fold'],0.0,1.2e-05,"[20, 12, 25, 18, 0, 0, 0, 0]"
dublin,"['D', 'AH', 'B', 'L', 'IH', 'N']","['dub', 'lin']","['dub', 'lin']",0.0,1.2e-05,"[18, 3, 16, 25, 10, 27, 0, 0]"
presenting,"['P', 'R', 'IH', 'Z', 'EH', 'N', 'T', 'IH', 'NG']","['present', 'ing']","['present', 'ing']",0.0,1.2e-05,"[29, 30, 10, 38, 7, 27, 33, 10]"
merit,"['M', 'EH', 'R', 'AH', 'T']","['mer', 'it']","['mer', 'it']",0.0,1.2e-05,"[26, 7, 30, 3, 33, 0, 0, 0]"
dump,"['D', 'AH', 'M', 'P']",['dump'],['dump'],0.0,1.2e-05,"[18, 3, 26, 29, 0, 0, 0, 0]"
prints,"['P', 'R', 'IH', 'N', 'T', 'S']",['prints'],['prints'],0.0,1.2e-05,"[29, 30, 10, 27, 33, 31, 0, 0]"
throws,"['TH', 'R', 'OW', 'Z']",['throws'],['throws'],0.0,1.2e-05,"[34, 30, 12, 38, 0, 0, 0, 0]"
shaw,"['SH', 'AO']",['shaw'],['shaw'],0.0,1.2e-05,"[32, 4, 0, 0, 0, 0, 0, 0]"
viewing,"['V', 'Y', 'UW', 'IH', 'NG']","['view', 'ing']","['view', 'ing']",0.0,1.2e-05,"[35, 37, 15, 10, 28, 0, 0, 0]"
lined,"['L', 'AY', 'N', 'D']",['lined'],['lined'],0.0,1.2e-05,"[25, 6, 27, 18, 0, 0, 0, 0]"
fabulous,"['F', 'AE', 'B', 'Y', 'AH', 'L', 'AH', 'S']","['fab', 'ulous']","['fab', 'ulous']",0.0,1.2e-05,"[20, 2, 16, 37, 3, 25, 3, 31]"
hub,"['HH', 'AH', 'B']",['hub'],['hub'],0.0,1.2e-05,"[22, 3, 16, 0, 0, 0, 0, 0]"
elephant,"['EH', 'L', 'AH', 'F', 'AH', 'N', 'T']","['ele', 'phant']","['ele', 'phant']",0.0,1.2e-05,"[7, 25, 3, 20, 3, 27, 33, 0]"
particles,"['P', 'AA', 'R', 'T', 'AH', 'K', 'AH', 'L', 'Z']",['particles'],['particles'],0.0,1.2e-05,"[29, 1, 30, 33, 3, 24, 3, 25]"
pressing,"['P', 'R', 'EH', 'S', 'IH', 'NG']","['press', 'ing']","['press', 'ing']",0.0,1.2e-05,"[29, 30, 7, 31, 10, 28, 0, 0]"
wives,"['W', 'AY', 'V', 'Z']",['wives'],['wives'],0.0,1.2e-05,"[36, 6, 35, 38, 0, 0, 0, 0]"
butler,"['B', 'AH', 'T', 'L', 'ER']","['but', 'ler']","['but', 'ler']",0.0,1.2e-05,"[16, 3, 33, 25, 8, 0, 0, 0]"
lighter,"['L', 'AY', 'T', 'ER']","['light', 'er']","['light', 'er']",0.0,1.23e-05,"[25, 6, 33, 8, 0, 0, 0, 0]"
edges,"['EH', 'JH', 'AH', 'Z']",['edges'],['edges'],0.0,1.23e-05,"[7, 23, 3, 38, 0, 0, 0, 0]"
bee,"['B', 'IY']",['bee'],['bee'],0.0,1.23e-05,"[16, 11, 0, 0, 0, 0, 0, 0]"
cult,"['K', 'AH', 'L', 'T']",['cult'],['cult'],0.0,1.23e-05,"[24, 3, 25, 33, 0, 0, 0, 0]"
rogers,"['R', 'AA', 'JH', 'ER', 'Z']","['ro', 'gers']","['ro', 'gers']",0.0,1.23e-05,"[30, 1, 23, 8, 38, 0, 0, 0]"
slot,"['S', 'L', 'AA', 'T']",['slot'],['slot'],0.0,1.23e-05,"[31, 25, 1, 33, 0, 0, 0, 0]"
carlos,"['K', 'AA', 'R', 'L', 'OW', 'S']","['car', 'los']","['car', 'los']",0.0,1.23e-05,"[24, 1, 30, 25, 12, 31, 0, 0]"
diary,"['D', 'AY', 'ER', 'IY']","['di', 'ary']","['di', 'ary']",0.0,1.23e-05,"[18, 6, 8, 11, 0, 0, 0, 0]"
disagree,"['D', 'IH', 'S', 'AH', 'G', 'R', 'IY']","['dis', 'agree']","['dis', 'agree']",0.0,1.23e-05,"[18, 10, 31, 3, 21, 30, 11, 0]"
setup,"['S', 'EH', 'T', 'AH', 'P']",['setup'],['setup'],0.0,1.23e-05,"[31, 7, 33, 3, 29, 0, 0, 0]"
meter,"['M', 'IY', 'T', 'ER']",['meter'],['meter'],0.0,1.23e-05,"[26, 11, 33, 8, 0, 0, 0, 0]"
marcus,"['M', 'AA', 'R', 'K', 'AH', 'S']","['mar', 'cus']","['mar', 'cus']",0.0,1.23e-05,"[26, 1, 30, 24, 3, 31, 0, 0]"
entries,"['EH', 'N', 'T', 'R', 'IY', 'Z']",['entries'],['entries'],0.0,1.23e-05,"[7, 27, 33, 30, 11, 38, 0, 0]"
jets,"['JH', 'EH', 'T', 'S']",['jets'],['jets'],0.0,1.23e-05,"[23, 7, 33, 31, 0, 0, 0, 0]"
flags,"['F', 'L', 'AE', 'G', 'Z']",['flags'],['flags'],0.0,1.23e-05,"[20, 25, 2, 21, 38, 0, 0, 0]"
les,"['L', 'EH', 'S']",['les'],['les'],0.0,1.26e-05,"[25, 7, 31, 0, 0, 0, 0, 0]"
ralph,"['R', 'AE', 'L', 'F']","['ral', 'ph']","['ral', 'ph']",0.0,1.26e-05,"[30, 2, 25, 20, 0, 0, 0, 0]"
rewards,"['R', 'IH', 'W', 'AO', 'R', 'D', 'Z']","['re', 'wards']","['re', 'wards']",0.0,1.26e-05,"[30, 10, 36, 4, 30, 18, 38, 0]"
fitting,"['F', 'IH', 'T', 'IH', 'NG']","['fit', 'ting']","['fit', 'ting']",0.0,1.26e-05,"[20, 10, 33, 10, 28, 0, 0, 0]"
fig,"['F', 'IH', 'G']",['fig'],['fig'],0.0,1.26e-05,"[20, 10, 21, 0, 0, 0, 0, 0]"
pine,"['P', 'AY', 'N']",['pine'],['pine'],0.0,1.26e-05,"[29, 6, 27, 0, 0, 0, 0, 0]"
outcomes,"['AW', 'T', 'K', 'AH', 'M', 'Z']","['out', 'comes']","['out', 'comes']",0.0,1.26e-05,"[5, 33, 24, 3, 26, 38, 0, 0]"
archives,"['AA', 'R', 'K', 'AY', 'V', 'Z']",['archives'],['archives'],0.0,1.26e-05,"[1, 30, 24, 6, 35, 38, 0, 0]"
fatal,"['F', 'EY', 'T', 'AH', 'L']",['fatal'],['fatal'],0.0,1.26e-05,"[20, 9, 33, 3, 25, 0, 0, 0]"
hurricane,"['HH', 'ER', 'AH', 'K', 'EY', 'N']","['hur', 'ricane']","['hur', 'ricane']",0.0,1.26e-05,"[22, 8, 3, 24, 9, 27, 0, 0]"
novels,"['N', 'AA', 'V', 'AH', 'L', 'Z']","['nov', 'els']","['nov', 'els']",0.0,1.26e-05,"[27, 1, 35, 3, 25, 38, 0, 0]"
pour,"['P', 'AO', 'R']",['pour'],['pour'],0.0,1.26e-05,"[29, 4, 30, 0, 0, 0, 0, 0]"
lung,"['L', 'AH', 'NG']",['lung'],['lung'],0.0,1.26e-05,"[25, 3, 28, 0, 0, 0, 0, 0]"
mighty,"['M', 'AY', 'T', 'IY']",['mighty'],['mighty'],0.0,1.26e-05,"[26, 6, 33, 11, 0, 0, 0, 0]"
rental,"['R', 'EH', 'N', 'T', 'AH', 'L']","['rent', 'al']","['rent', 'al']",0.0,1.26e-05,"[30, 7, 27, 33, 3, 25, 0, 0]"
cam,"['K', 'AE', 'M']",['cam'],['cam'],0.0,1.26e-05,"[24, 2, 26, 0, 0, 0, 0, 0]"
pose,"['P', 'OW', 'Z']",['pose'],['pose'],0.0,1.26e-05,"[29, 12, 38, 0, 0, 0, 0, 0]"
breakdown,"['B', 'R', 'EY', 'K', 'D', 'AW', 'N']","['break', 'down']","['break', 'down']",0.0,1.26e-05,"[16, 30, 9, 24, 18, 5, 27, 0]"
ace,"['EY', 'S']",['ace'],['ace'],0.0,1.29e-05,"[9, 31, 0, 0, 0, 0, 0, 0]"
promising,"['P', 'R', 'AA', 'M', 'AH', 'S', 'IH', 'NG']","['prom', 'ising']","['prom', 'ising']",0.0,1.29e-05,"[29, 30, 1, 26, 3, 31, 10, 28]"
urge,"['ER', 'JH']",['urge'],['urge'],0.0,1.29e-05,"[8, 23, 0, 0, 0, 0, 0, 0]"
cooked,"['K', 'UH', 'K', 'T']",['cooked'],['cooked'],0.0,1.29e-05,"[24, 14, 24, 33, 0, 0, 0, 0]"
freeze,"['F', 'R', 'IY', 'Z']",['freeze'],['freeze'],0.0,1.29e-05,"[20, 30, 11, 38, 0, 0, 0, 0]"
thy,"['DH', 'AY']",['thy'],['thy'],0.0,1.29e-05,"[19, 6, 0, 0, 0, 0, 0, 0]"
hybrid,"['HH', 'AY', 'B', 'R', 'AH', 'D']","['hy', 'brid']","['hy', 'brid']",0.0,1.29e-05,"[22, 6, 16, 30, 3, 18, 0, 0]"
canon,"['K', 'AE', 'N', 'AH', 'N']","['can', 'on']","['can', 'on']",0.0,1.29e-05,"[24, 2, 27, 3, 27, 0, 0, 0]"
chains,"['CH', 'EY', 'N', 'Z']",['chains'],['chains'],0.0,1.29e-05,"[17, 9, 27, 38, 0, 0, 0, 0]"
locally,"['L', 'OW', 'K', 'AH', 'L', 'IY']","['loc', 'ally']","['loc', 'ally']",0.0,1.29e-05,"[25, 12, 24, 3, 25, 11, 0, 0]"
mixing,"['M', 'IH', 'K', 'S', 'IH', 'NG']","['mix', 'ing']","['mix', 'ing']",0.0,1.29e-05,"[26, 10, 24, 31, 10, 28, 0, 0]"
bankruptcy,"['B', 'AE', 'NG', 'K', 'R', 'AH', 'P', 'S', 'IY']","['bank', 'ruptcy']","['bank', 'ruptcy']",0.0,1.29e-05,"[16, 2, 28, 24, 30, 3, 29, 31]"
est,"['AH', 'S', 'T', 'EY', 'T']",['est'],['est'],0.0,1.29e-05,"[3, 31, 33, 9, 33, 0, 0, 0]"
ashley,"['AE', 'SH', 'L', 'IY']","['ash', 'ley']","['ash', 'ley']",0.0,1.29e-05,"[2, 32, 25, 11, 0, 0, 0, 0]"
parish,"['P', 'AE', 'R', 'IH', 'SH']","['par', 'ish']","['par', 'ish']",0.0,1.29e-05,"[29, 2, 30, 10, 32, 0, 0, 0]"
rage,"['R', 'EY', 'JH']",['rage'],['rage'],0.0,1.29e-05,"[30, 9, 23, 0, 0, 0, 0, 0]"
potter,"['P', 'AA', 'T', 'ER']","['pot', 'ter']","['pot', 'ter']",0.0,1.29e-05,"[29, 1, 33, 8, 0, 0, 0, 0]"
artwork,"['AA', 'R', 'T', 'W', 'ER', 'K']","['art', 'work']","['art', 'work']",0.0,1.29e-05,"[1, 30, 33, 36, 8, 24, 0, 0]"
nearest,"['N', 'IH', 'R', 'AH', 'S', 'T']",['nearest'],['nearest'],0.0,1.29e-05,"[27, 10, 30, 3, 31, 33, 0, 0]"
noon,"['N', 'UW', 'N']",['noon'],['noon'],0.0,1.29e-05,"[27, 15, 27, 0, 0, 0, 0, 0]"
pairs,"['P', 'EH', 'R', 'Z']",['pairs'],['pairs'],0.0,1.29e-05,"[29, 7, 30, 38, 0, 0, 0, 0]"
witch,"['W', 'IH', 'CH']",['witch'],['witch'],0.0,1.29e-05,"[36, 10, 17, 0, 0, 0, 0, 0]"
harmony,"['HH', 'AA', 'R', 'M', 'AH', 'N', 'IY']","['har', 'mony']","['har', 'mony']",0.0,1.29e-05,"[22, 1, 30, 26, 3, 27, 11, 0]"
stamp,"['S', 'T', 'AE', 'M', 'P']",['stamp'],['stamp'],0.0,1.29e-05,"[31, 33, 2, 26, 29, 0, 0, 0]"
rev,"['R', 'EH', 'V']",['rev'],['rev'],0.0,1.32e-05,"[30, 7, 35, 0, 0, 0, 0, 0]"
charm,"['CH', 'AA', 'R', 'M']",['charm'],['charm'],0.0,1.32e-05,"[17, 1, 30, 26, 0, 0, 0, 0]"
delta,"['D', 'EH', 'L', 'T', 'AH']",['delta'],['delta'],0.0,1.32e-05,"[18, 7, 25, 33, 3, 0, 0, 0]"
rap,"['R', 'AE', 'P']",['rap'],['rap'],0.0,1.32e-05,"[30, 2, 29, 0, 0, 0, 0, 0]"
juan,"['W', 'AA', 'N']",['juan'],['juan'],0.0,1.32e-05,"[36, 1, 27, 0, 0, 0, 0, 0]"
deer,"['D', 'IH', 'R']",['deer'],['deer'],0.0,1.32e-05,"[18, 10, 30, 0, 0, 0, 0, 0]"
richmond,"['R', 'IH', 'CH', 'M', 'AH', 'N', 'D']","['rich', 'mond']","['rich', 'mond']",0.0,1.32e-05,"[30, 10, 17, 26, 3, 27, 18, 0]"
