word,arpabet,syllables,tokenized_word,hamming_distance,word_frequency,phon_vec
into,"['IH', 'N', 'T', 'UW']","['in', 'to']",['into'],0.25,0.00129,"[10, 27, 33, 15, 0, 0, 0, 0]"
another,"['AH', 'N', 'AH', 'DH', 'ER']","['an', 'oth', 'er']",['another'],0.2857142857142857,0.00055,"[3, 27, 3, 19, 8, 0, 0, 0]"
different,"['D', 'IH', 'F', 'ER', 'AH', 'N', 'T']","['dif', 'fer', 'ent']",['different'],0.2222222222222222,0.000389,"[18, 10, 20, 8, 3, 27, 33, 0]"
told,"['T', 'OW', 'L', 'D']",['told'],"['t', 'old']",0.25,0.000347,"[33, 12, 25, 18, 0, 0, 0, 0]"
including,"['IH', 'N', 'K', 'L', 'UW', 'D', 'IH', 'NG']","['in', 'clud', 'ing']",['including'],0.2222222222222222,0.000331,"[10, 27, 24, 25, 15, 18, 10, 28]"
national,"['N', 'AE', 'SH', 'AH', 'N', 'AH', 'L']","['na', 'tion', 'al']",['national'],0.25,0.000324,"[27, 2, 32, 3, 27, 3, 25, 0]"
believe,"['B', 'IH', 'L', 'IY', 'V']","['be', 'lieve']","['bel', 'ieve']",0.2857142857142857,0.000324,"[16, 10, 25, 11, 35, 0, 0, 0]"
american,"['AH', 'M', 'EH', 'R', 'AH', 'K', 'AH', 'N']","['amer', 'ic', 'an']",['american'],0.25,0.000309,"[3, 26, 7, 30, 3, 24, 3, 27]"
actually,"['AE', 'K', 'CH', 'AH', 'W', 'AH', 'L', 'IY']","['ac', 'tu', 'ally']",['actually'],0.25,0.000309,"[2, 24, 17, 3, 36, 3, 25, 11]"
general,"['JH', 'EH', 'N', 'ER', 'AH', 'L']","['gen', 'er', 'al']",['general'],0.2857142857142857,0.000295,"[23, 7, 27, 8, 3, 25, 0, 0]"
following,"['F', 'AA', 'L', 'OW', 'IH', 'NG']","['fol', 'low', 'ing']",['following'],0.2222222222222222,0.000288,"[20, 1, 25, 12, 10, 28, 0, 0]"
important,"['IH', 'M', 'P', 'AO', 'R', 'T', 'AH', 'N', 'T']","['im', 'port', 'ant']",['important'],0.2222222222222222,0.000275,"[10, 26, 29, 4, 30, 33, 3, 27]"
information,"['IH', 'N', 'F', 'ER', 'M', 'EY', 'SH', 'AH', 'N']","['in', 'form', 'a', 'tion']",['information'],0.2727272727272727,0.000269,"[10, 27, 20, 8, 26, 9, 32, 3]"
guys,"['G', 'AY', 'Z']",['guys'],"['gu', 'ys']",0.25,0.000257,"[21, 6, 38, 0, 0, 0, 0, 0]"
guy,"['G', 'AY']",['guy'],"['g', 'uy']",0.3333333333333333,0.000251,"[21, 6, 0, 0, 0, 0, 0, 0]"
become,"['B', 'IH', 'K', 'AH', 'M']","['be', 'come']","['bec', 'ome']",0.3333333333333333,0.000251,"[16, 10, 24, 3, 26, 0, 0, 0]"
several,"['S', 'EH', 'V', 'R', 'AH', 'L']","['sev', 'er', 'al']","['se', 'veral']",0.42857142857142855,0.000245,"[31, 7, 35, 30, 3, 25, 0, 0]"
university,"['Y', 'UW', 'N', 'AH', 'V', 'ER', 'S', 'AH', 'T', 'IY']","['uni', 'ver', 'sity']","['un', 'iversity']",0.3,0.000245,"[37, 15, 27, 3, 35, 8, 31, 3]"
remember,"['R', 'IH', 'M', 'EH', 'M', 'B', 'ER']","['re', 'mem', 'ber']",['remember'],0.25,0.00024,"[30, 10, 26, 7, 26, 16, 8, 0]"
york,"['Y', 'AO', 'R', 'K']",['york'],"['y', 'ork']",0.25,0.000234,"[37, 4, 30, 24, 0, 0, 0, 0]"
saying,"['S', 'EY', 'IH', 'NG']","['say', 'ing']","['s', 'aying']",0.3333333333333333,0.000234,"[31, 9, 10, 28, 0, 0, 0, 0]"
international,"['IH', 'N', 'T', 'ER', 'N', 'AE', 'SH', 'AH', 'N', 'AH', 'L']","['in', 'ter', 'na', 'tion', 'al']",['international'],0.3076923076923077,0.000229,"[10, 27, 33, 8, 27, 2, 32, 3]"
saw,"['S', 'AO']",['saw'],"['s', 'aw']",0.3333333333333333,0.000219,"[31, 4, 0, 0, 0, 0, 0, 0]"
fucking,"['F', 'AH', 'K', 'IH', 'NG']","['fuck', 'ing']","['f', 'ucking']",0.2857142857142857,0.000214,"[20, 3, 24, 10, 28, 0, 0, 0]"
police,"['P', 'AH', 'L', 'IY', 'S']","['po', 'lice']","['pol', 'ice']",0.3333333333333333,0.000214,"[29, 3, 25, 11, 31, 0, 0, 0]"
morning,"['M', 'AO', 'R', 'N', 'IH', 'NG']","['morn', 'ing']","['mor', 'ning']",0.2857142857142857,0.000214,"[26, 4, 30, 27, 10, 28, 0, 0]"
development,"['D', 'IH', 'V', 'EH', 'L', 'AH', 'P', 'M', 'AH', 'N', 'T']","['de', 'vel', 'op', 'ment']",['development'],0.2727272727272727,0.000204,"[18, 10, 35, 7, 25, 3, 29, 26]"
further,"['F', 'ER', 'DH', 'ER']","['fur', 'ther']","['f', 'urther']",0.2857142857142857,0.000204,"[20, 8, 19, 8, 0, 0, 0, 0]"
behind,"['B', 'IH', 'HH', 'AY', 'N', 'D']","['be', 'hind']","['beh', 'ind']",0.3333333333333333,0.000195,"[16, 10, 22, 6, 27, 18, 0, 0]"
talking,"['T', 'AO', 'K', 'IH', 'NG']","['talk', 'ing']","['t', 'alking']",0.2857142857142857,0.000195,"[33, 4, 24, 10, 28, 0, 0, 0]"
political,"['P', 'AH', 'L', 'IH', 'T', 'AH', 'K', 'AH', 'L']","['polit', 'ic', 'al']",['political'],0.2222222222222222,0.000195,"[29, 3, 25, 10, 33, 3, 24, 3]"
according,"['AH', 'K', 'AO', 'R', 'D', 'IH', 'NG']","['ac', 'cord', 'ing']",['according'],0.2222222222222222,0.000191,"[3, 24, 4, 30, 18, 10, 28, 0]"
education,"['EH', 'JH', 'AH', 'K', 'EY', 'SH', 'AH', 'N']","['edu', 'ca', 'tion']",['education'],0.2222222222222222,0.000191,"[7, 23, 3, 24, 9, 32, 3, 27]"
experience,"['IH', 'K', 'S', 'P', 'IH', 'R', 'IY', 'AH', 'N', 'S']","['ex', 'per', 'i', 'ence']",['experience'],0.3,0.000186,"[10, 24, 31, 29, 10, 30, 11, 3]"
london,"['L', 'AH', 'N', 'D', 'AH', 'N']","['lon', 'don']","['l', 'ondon']",0.3333333333333333,0.000186,"[25, 3, 27, 18, 3, 27, 0, 0]"
gave,"['G', 'EY', 'V']",['gave'],"['g', 'ave']",0.25,0.000178,"[21, 9, 35, 0, 0, 0, 0, 0]"
goes,"['G', 'OW', 'Z']",['goes'],"['go', 'es']",0.25,0.000166,"[21, 12, 38, 0, 0, 0, 0, 0]"
beautiful,"['B', 'Y', 'UW', 'T', 'AH', 'F', 'AH', 'L']","['beau', 'ti', 'ful']",['beautiful'],0.2222222222222222,0.000166,"[16, 37, 15, 33, 3, 20, 3, 25]"
june,"['JH', 'UW', 'N']",['june'],"['j', 'une']",0.25,0.000162,"[23, 15, 27, 0, 0, 0, 0, 0]"
position,"['P', 'AH', 'Z', 'IH', 'SH', 'AH', 'N']","['po', 's', 'i', 'tion']",['position'],0.375,0.000162,"[29, 3, 38, 10, 32, 3, 27, 0]"
similar,"['S', 'IH', 'M', 'AH', 'L', 'ER']","['sim', 'il', 'ar']",['similar'],0.2857142857142857,0.000162,"[31, 10, 26, 3, 25, 8, 0, 0]"
security,"['S', 'IH', 'K', 'Y', 'UH', 'R', 'AH', 'T', 'IY']","['se', 'cur', 'ity']",['security'],0.25,0.000158,"[31, 10, 24, 37, 14, 30, 3, 33]"
military,"['M', 'IH', 'L', 'AH', 'T', 'EH', 'R', 'IY']","['mil', 'it', 'ary']","['m', 'ilitary']",0.375,0.000158,"[26, 10, 25, 3, 33, 7, 30, 11]"
happened,"['HH', 'AE', 'P', 'AH', 'N', 'D']",['happened'],"['h', 'app', 'ened']",0.25,0.000158,"[22, 2, 29, 3, 27, 18, 0, 0]"
knew,"['N', 'UW']",['knew'],"['k', 'new']",0.25,0.000158,"[27, 15, 0, 0, 0, 0, 0, 0]"
died,"['D', 'AY', 'D']",['died'],"['d', 'ied']",0.25,0.000158,"[18, 6, 18, 0, 0, 0, 0, 0]"
personal,"['P', 'ER', 'S', 'IH', 'N', 'IH', 'L']","['per', 'son', 'al']",['personal'],0.25,0.000158,"[29, 8, 31, 10, 27, 10, 25, 0]"
happen,"['HH', 'AE', 'P', 'AH', 'N']","['hap', 'pen']","['h', 'appen']",0.3333333333333333,0.000155,"[22, 2, 29, 3, 27, 0, 0, 0]"
companies,"['K', 'AH', 'M', 'P', 'AH', 'N', 'IY', 'Z']","['com', 'pan', 'ies']",['companies'],0.2222222222222222,0.000151,"[24, 3, 26, 29, 3, 27, 11, 38]"
july,"['JH', 'UW', 'L', 'AY']","['ju', 'ly']","['j', 'uly']",0.5,0.000148,"[23, 15, 25, 6, 0, 0, 0, 0]"
society,"['S', 'AH', 'S', 'AY', 'AH', 'T', 'IY']","['so', 'ci', 'ety']","['s', 'ociety']",0.42857142857142855,0.000148,"[31, 3, 31, 6, 3, 33, 11, 0]"
themselves,"['DH', 'EH', 'M', 'S', 'EH', 'L', 'V', 'Z']","['them', 'selves']","['th', 'ems', 'elves']",0.3,0.000145,"[19, 7, 26, 31, 7, 25, 35, 38]"
average,"['AE', 'V', 'ER', 'IH', 'JH']","['av', 'er', 'age']",['average'],0.2857142857142857,0.000145,"[2, 35, 8, 10, 23, 0, 0, 0]"
medical,"['M', 'EH', 'D', 'AH', 'K', 'AH', 'L']","['med', 'ic', 'al']",['medical'],0.2857142857142857,0.000145,"[26, 7, 18, 3, 24, 3, 25, 0]"
certain,"['S', 'ER', 'T', 'AH', 'N']","['cer', 'tain']","['c', 'ertain']",0.2857142857142857,0.000145,"[31, 8, 33, 3, 27, 0, 0, 0]"
original,"['ER', 'IH', 'JH', 'AH', 'N', 'AH', 'L']","['ori', 'gin', 'al']",['original'],0.25,0.000145,"[8, 10, 23, 3, 27, 3, 25, 0]"
relationship,"['R', 'IY', 'L', 'EY', 'SH', 'AH', 'N', 'SH', 'IH', 'P']","['re', 'la', 'tion', 'ship']",['relationship'],0.25,0.000141,"[30, 11, 25, 9, 32, 3, 27, 32]"
became,"['B', 'IH', 'K', 'EY', 'M']","['be', 'came']","['bec', 'ame']",0.3333333333333333,0.000141,"[16, 10, 24, 9, 26, 0, 0, 0]"
september,"['S', 'EH', 'P', 'T', 'EH', 'M', 'B', 'ER']","['septem', 'ber']","['se', 'pt', 'ember']",0.3333333333333333,0.000141,"[31, 7, 29, 33, 7, 26, 16, 8]"
director,"['D', 'ER', 'EH', 'K', 'T', 'ER']","['dir', 'ect', 'or']",['director'],0.25,0.000141,"[18, 8, 7, 24, 33, 8, 0, 0]"
giving,"['G', 'IH', 'V', 'IH', 'NG']","['giv', 'ing']","['g', 'iving']",0.3333333333333333,0.000141,"[21, 10, 35, 10, 28, 0, 0, 0]"
official,"['AH', 'F', 'IH', 'SH', 'AH', 'L']","['of', 'fi', 'cial']",['official'],0.25,0.000138,"[3, 20, 10, 32, 3, 25, 0, 0]"
evidence,"['EH', 'V', 'AH', 'D', 'AH', 'N', 'S']","['evid', 'ence']","['e', 'vidence']",0.25,0.000138,"[7, 35, 3, 18, 3, 27, 31, 0]"
david,"['D', 'EY', 'V', 'IH', 'D']","['dav', 'id']","['d', 'avid']",0.4,0.000135,"[18, 9, 35, 10, 18, 0, 0, 0]"
feeling,"['F', 'IY', 'L', 'IH', 'NG']","['feel', 'ing']","['fe', 'eling']",0.2857142857142857,0.000135,"[20, 11, 25, 10, 28, 0, 0, 0]"
federal,"['F', 'EH', 'D', 'ER', 'AH', 'L']","['fed', 'er', 'al']","['f', 'ederal']",0.42857142857142855,0.000135,"[20, 7, 18, 8, 3, 25, 0, 0]"
various,"['V', 'EH', 'R', 'IY', 'AH', 'S']","['vari', 'ous']","['var', 'ious']",0.2857142857142857,0.000132,"[35, 7, 30, 11, 3, 31, 0, 0]"
brother,"['B', 'R', 'AH', 'DH', 'ER']","['broth', 'er']","['bro', 'ther']",0.2857142857142857,0.000129,"[16, 30, 3, 19, 8, 0, 0, 0]"
october,"['AA', 'K', 'T', 'OW', 'B', 'ER']","['oc', 'to', 'ber']","['oct', 'ober']",0.42857142857142855,0.000129,"[1, 24, 33, 12, 16, 8, 0, 0]"
character,"['K', 'EH', 'R', 'IH', 'K', 'T', 'ER']","['char', 'ac', 'ter']",['character'],0.2222222222222222,0.000129,"[24, 7, 30, 10, 24, 33, 8, 0]"
hate,"['HH', 'EY', 'T']",['hate'],"['h', 'ate']",0.25,0.000129,"[22, 9, 33, 0, 0, 0, 0, 0]"
natural,"['N', 'AE', 'CH', 'ER', 'AH', 'L']","['nat', 'ur', 'al']",['natural'],0.2857142857142857,0.000129,"[27, 2, 17, 8, 3, 25, 0, 0]"
attention,"['AH', 'T', 'EH', 'N', 'SH', 'AH', 'N']","['at', 'ten', 'tion']",['attention'],0.2222222222222222,0.000129,"[3, 33, 7, 27, 32, 3, 27, 0]"
serious,"['S', 'IH', 'R', 'IY', 'AH', 'S']","['ser', 'i', 'ous']",['serious'],0.2857142857142857,0.000126,"[31, 10, 30, 11, 3, 31, 0, 0]"
november,"['N', 'OW', 'V', 'EH', 'M', 'B', 'ER']","['novem', 'ber']","['nov', 'ember']",0.25,0.000126,"[27, 12, 35, 7, 26, 16, 8, 0]"
involved,"['IH', 'N', 'V', 'AA', 'L', 'V', 'D']","['in', 'volved']","['inv', 'olved']",0.25,0.000126,"[10, 27, 35, 1, 25, 35, 18, 0]"
amazing,"['AH', 'M', 'EY', 'Z', 'IH', 'NG']","['amaz', 'ing']","['am', 'azing']",0.2857142857142857,0.000126,"[3, 26, 9, 38, 10, 28, 0, 0]"
economic,"['EH', 'K', 'AH', 'N', 'AA', 'M', 'IH', 'K']","['eco', 'nom', 'ic']",['economic'],0.25,0.000126,"[7, 24, 3, 27, 1, 26, 10, 24]"
august,"['AA', 'G', 'AH', 'S', 'T']","['au', 'gust']","['aug', 'ust']",0.3333333333333333,0.000126,"[1, 21, 3, 31, 33, 0, 0, 0]"
january,"['JH', 'AE', 'N', 'Y', 'UW', 'EH', 'R', 'IY']","['janu', 'ary']","['jan', 'uary']",0.2857142857142857,0.000123,"[23, 2, 27, 37, 15, 7, 30, 11]"
poor,"['P', 'UH', 'R']",['poor'],"['po', 'or']",0.25,0.000123,"[29, 14, 30, 0, 0, 0, 0, 0]"
situation,"['S', 'IH', 'CH', 'UW', 'EY', 'SH', 'AH', 'N']","['situ', 'ation']","['sit', 'uation']",0.2222222222222222,0.000123,"[31, 10, 17, 15, 9, 32, 3, 27]"
entire,"['IH', 'N', 'T', 'AY', 'ER']","['en', 'tire']","['ent', 'ire']",0.3333333333333333,0.000123,"[10, 27, 33, 6, 8, 0, 0, 0]"
decided,"['D', 'IH', 'S', 'AY', 'D', 'IH', 'D']","['de', 'cided']","['dec', 'ided']",0.2857142857142857,0.000123,"[18, 10, 31, 6, 18, 10, 18, 0]"
michael,"['M', 'AY', 'K', 'AH', 'L']","['mi', 'chael']","['m', 'ichael']",0.2857142857142857,0.00012,"[26, 6, 24, 3, 25, 0, 0, 0]"
seem,"['S', 'IY', 'M']",['seem'],"['se', 'em']",0.25,0.00012,"[31, 11, 26, 0, 0, 0, 0, 0]"
washington,"['W', 'AA', 'SH', 'IH', 'NG', 'T', 'AH', 'N']","['wash', 'ing', 'ton']","['w', 'ashington']",0.3,0.00012,"[36, 1, 32, 10, 28, 33, 3, 27]"
financial,"['F', 'AH', 'N', 'AE', 'N', 'SH', 'AH', 'L']","['fin', 'an', 'cial']",['financial'],0.2222222222222222,0.00012,"[20, 3, 27, 2, 27, 32, 3, 25]"
council,"['K', 'AW', 'N', 'S', 'AH', 'L']","['coun', 'cil']","['c', 'ouncil']",0.2857142857142857,0.00012,"[24, 5, 27, 31, 3, 25, 0, 0]"
continue,"['K', 'AH', 'N', 'T', 'IH', 'N', 'Y', 'UW']","['con', 'tin', 'ue']",['continue'],0.25,0.00012,"[24, 3, 27, 33, 10, 27, 37, 15]"
popular,"['P', 'AA', 'P', 'Y', 'AH', 'L', 'ER']","['pop', 'u', 'lar']",['popular'],0.2857142857142857,0.000117,"[29, 1, 29, 37, 3, 25, 8, 0]"
december,"['D', 'IH', 'S', 'EH', 'M', 'B', 'ER']","['decem', 'ber']","['dec', 'ember']",0.25,0.000117,"[18, 10, 31, 7, 26, 16, 8, 0]"
difficult,"['D', 'IH', 'F', 'AH', 'K', 'AH', 'L', 'T']","['dif', 'fi', 'cult']","['diff', 'icult']",0.3333333333333333,0.000117,"[18, 10, 20, 3, 24, 3, 25, 33]"
hospital,"['HH', 'AA', 'S', 'P', 'IH', 'T', 'AH', 'L']","['hos', 'pit', 'al']",['hospital'],0.25,0.000117,"[22, 1, 31, 29, 10, 33, 3, 25]"
australia,"['AO', 'S', 'T', 'R', 'EY', 'L', 'Y', 'AH']","['aus', 'tralia']","['au', 'str', 'alia']",0.3333333333333333,0.000115,"[4, 31, 33, 30, 9, 25, 37, 3]"
towards,"['T', 'AH', 'W', 'AO', 'R', 'D', 'Z']","['to', 'wards']","['t', 'owards']",0.2857142857142857,0.000115,"[33, 3, 36, 4, 30, 18, 38, 0]"
sir,"['S', 'ER']",['sir'],"['s', 'ir']",0.3333333333333333,0.000115,"[31, 8, 0, 0, 0, 0, 0, 0]"
army,"['AA', 'R', 'M', 'IY']",['army'],"['arm', 'y']",0.25,0.000115,"[1, 30, 26, 11, 0, 0, 0, 0]"
internet,"['IH', 'N', 'T', 'ER', 'N', 'EH', 'T']","['in', 'ter', 'net']",['internet'],0.25,0.000115,"[10, 27, 33, 8, 27, 7, 33, 0]"
followed,"['F', 'AA', 'L', 'OW', 'D']","['fol', 'lowed']","['follow', 'ed']",0.25,0.000112,"[20, 1, 25, 12, 18, 0, 0, 0]"
professional,"['P', 'R', 'AH', 'F', 'EH', 'SH', 'AH', 'N', 'AH', 'L']","['pro', 'fes', 'sion', 'al']",['professional'],0.25,0.000112,"[29, 30, 3, 20, 7, 32, 3, 27]"
india,"['IH', 'N', 'D', 'IY', 'AH']","['in', 'dia']","['ind', 'ia']",0.4,0.00011,"[10, 27, 18, 11, 3, 0, 0, 0]"
tonight,"['T', 'AH', 'N', 'AY', 'T']","['to', 'night']","['ton', 'ight']",0.2857142857142857,0.000107,"[33, 3, 27, 6, 33, 0, 0, 0]"
paul,"['P', 'AO', 'L']",['paul'],"['p', 'aul']",0.25,0.000107,"[29, 4, 25, 0, 0, 0, 0, 0]"
february,"['F', 'EH', 'B', 'Y', 'AH', 'W', 'EH', 'R', 'IY']","['feb', 'ru', 'ary']","['fe', 'bruary']",0.375,0.000107,"[20, 7, 16, 37, 3, 36, 7, 30]"
specific,"['S', 'P', 'AH', 'S', 'IH', 'F', 'IH', 'K']","['spe', 'cif', 'ic']",['specific'],0.25,0.000107,"[31, 29, 3, 31, 10, 20, 10, 24]"
officer,"['AO', 'F', 'AH', 'S', 'ER']","['of', 'ficer']","['off', 'icer']",0.2857142857142857,0.000107,"[4, 20, 3, 31, 8, 0, 0, 0]"
tomorrow,"['T', 'AH', 'M', 'AA', 'R', 'OW']","['to', 'mor', 'row']","['tom', 'orrow']",0.375,0.000105,"[33, 3, 26, 1, 30, 12, 0, 0]"
recently,"['R', 'IY', 'S', 'AH', 'N', 'T', 'L', 'IY']","['re', 'cently']","['recent', 'ly']",0.25,0.000105,"[30, 11, 31, 3, 27, 33, 25, 11]"
century,"['S', 'EH', 'N', 'CH', 'ER', 'IY']","['cen', 'tury']","['cent', 'ury']",0.2857142857142857,0.000105,"[31, 7, 27, 17, 8, 11, 0, 0]"
treatment,"['T', 'R', 'IY', 'T', 'M', 'AH', 'N', 'T']","['treat', 'ment']","['t', 'reatment']",0.2222222222222222,0.000102,"[33, 30, 11, 33, 26, 3, 27, 33]"
addition,"['AH', 'D', 'IH', 'SH', 'AH', 'N']","['ad', 'di', 'tion']","['add', 'ition']",0.375,0.000102,"[3, 18, 10, 32, 3, 27, 0, 0]"
committee,"['K', 'AH', 'M', 'IH', 'T', 'IY']","['com', 'mit', 'tee']",['committee'],0.2222222222222222,0.000102,"[24, 3, 26, 10, 33, 11, 0, 0]"
association,"['AH', 'S', 'OW', 'S', 'IY', 'EY', 'SH', 'AH', 'N']","['as', 'so', 'ci', 'ation']",['association'],0.2727272727272727,0.000102,"[3, 31, 12, 31, 11, 9, 32, 3]"
capital,"['K', 'AE', 'P', 'AH', 'T', 'AH', 'L']","['cap', 'it', 'al']",['capital'],0.2857142857142857,0.000102,"[24, 2, 29, 3, 33, 3, 25, 0]"
potential,"['P', 'AH', 'T', 'EH', 'N', 'SH', 'AH', 'L']","['po', 'ten', 'tial']",['potential'],0.2222222222222222,0.000102,"[29, 3, 33, 7, 27, 32, 3, 25]"
russian,"['R', 'AH', 'SH', 'AH', 'N']","['rus', 'si', 'an']","['r', 'ussian']",0.42857142857142855,0.000102,"[30, 3, 32, 3, 27, 0, 0, 0]"
population,"['P', 'AA', 'P', 'Y', 'AH', 'L', 'EY', 'SH', 'AH', 'N']","['pop', 'u', 'la', 'tion']",['population'],0.3,0.000102,"[29, 1, 29, 37, 3, 25, 9, 32]"
california,"['K', 'AE', 'L', 'AH', 'F', 'AO', 'R', 'N', 'Y', 'AH']","['cali', 'for', 'nia']","['cal', 'ifornia']",0.3,0.0001,"[24, 2, 25, 3, 20, 4, 30, 27]"
interesting,"['IH', 'N', 'T', 'R', 'AH', 'S', 'T', 'IH', 'NG']","['in', 'ter', 'est', 'ing']",['interesting'],0.2727272727272727,0.0001,"[10, 27, 33, 30, 3, 31, 33, 10]"
particular,"['P', 'ER', 'T', 'IH', 'K', 'Y', 'AH', 'L', 'ER']","['par', 'tic', 'u', 'lar']","['part', 'icular']",0.4,0.0001,"[29, 8, 33, 10, 24, 37, 3, 25]"
individual,"['IH', 'N', 'D', 'AH', 'V', 'IH', 'JH', 'AH', 'W', 'AH', 'L']","['in', 'di', 'vidu', 'al']",['individual'],0.3,0.0001,"[10, 27, 18, 3, 35, 10, 23, 3]"
previous,"['P', 'R', 'IY', 'V', 'IY', 'AH', 'S']","['pre', 'vi', 'ous']",['previous'],0.25,0.0001,"[29, 30, 11, 35, 11, 3, 31, 0]"
described,"['D', 'IH', 'S', 'K', 'R', 'AY', 'B', 'D']","['de', 'scribed']","['des', 'cribed']",0.2222222222222222,0.0001,"[18, 10, 31, 24, 30, 6, 16, 18]"
certainly,"['S', 'ER', 'T', 'AH', 'N', 'L', 'IY']","['cer', 'tainly']","['c', 'ertain', 'ly']",0.3333333333333333,0.0001,"[31, 8, 33, 3, 27, 25, 11, 0]"
reported,"['R', 'IY', 'P', 'AO', 'R', 'T', 'AH', 'D']","['re', 'por', 'ted']",['reported'],0.25,0.0001,"[30, 11, 29, 4, 30, 33, 3, 18]"
jesus,"['JH', 'IY', 'Z', 'AH', 'S']","['je', 'sus']","['jes', 'us']",0.4,9.77e-05,"[23, 11, 38, 3, 31, 0, 0, 0]"
positive,"['P', 'AA', 'Z', 'AH', 'T', 'IH', 'V']","['pos', 'it', 'ive']",['positive'],0.25,9.77e-05,"[29, 1, 38, 3, 33, 10, 35, 0]"
feet,"['F', 'IY', 'T']",['feet'],"['fe', 'et']",0.25,9.77e-05,"[20, 11, 33, 0, 0, 0, 0, 0]"
studies,"['S', 'T', 'AH', 'D', 'IY', 'Z']","['stud', 'ies']","['st', 'udies']",0.2857142857142857,9.55e-05,"[31, 33, 3, 18, 11, 38, 0, 0]"
earlier,"['ER', 'L', 'IY', 'ER']","['earli', 'er']","['ear', 'lier']",0.2857142857142857,9.55e-05,"[8, 25, 11, 8, 0, 0, 0, 0]"
absolutely,"['AE', 'B', 'S', 'AH', 'L', 'UW', 'T', 'L', 'IY']","['ab', 'so', 'lutely']","['abs', 'olutely']",0.3,9.55e-05,"[2, 16, 31, 3, 25, 15, 33, 25]"
leaving,"['L', 'IY', 'V', 'IH', 'NG']","['leav', 'ing']","['le', 'aving']",0.2857142857142857,9.55e-05,"[25, 11, 35, 10, 28, 0, 0, 0]"
beyond,"['B', 'IH', 'AA', 'N', 'D']","['bey', 'ond']","['b', 'eyond']",0.3333333333333333,9.55e-05,"[16, 10, 1, 27, 18, 0, 0, 0]"
significant,"['S', 'AH', 'G', 'N', 'IH', 'F', 'IH', 'K', 'AH', 'N', 'T']","['sig', 'ni', 'fic', 'ant']",['significant'],0.2727272727272727,9.55e-05,"[31, 3, 21, 27, 10, 20, 10, 24]"
additional,"['AH', 'D', 'IH', 'SH', 'AH', 'N', 'AH', 'L']","['ad', 'di', 'tion', 'al']",['additional'],0.3,9.55e-05,"[3, 18, 10, 32, 3, 27, 3, 25]"
favorite,"['F', 'EY', 'V', 'ER', 'IH', 'T']","['fa', 'vor', 'ite']",['favorite'],0.25,9.33e-05,"[20, 9, 35, 8, 10, 33, 0, 0]"
continued,"['K', 'AH', 'N', 'T', 'IH', 'N', 'Y', 'UW', 'D']","['con', 'tin', 'ued']",['continued'],0.2222222222222222,9.12e-05,"[24, 3, 27, 33, 10, 27, 37, 15]"
happens,"['HH', 'AE', 'P', 'AH', 'N', 'Z']","['hap', 'pens']","['h', 'app', 'ens']",0.42857142857142855,9.12e-05,"[22, 2, 29, 3, 27, 38, 0, 0]"
expected,"['IH', 'K', 'S', 'P', 'EH', 'K', 'T', 'AH', 'D']","['ex', 'pec', 'ted']",['expected'],0.25,9.12e-05,"[10, 24, 31, 29, 7, 24, 33, 3]"
announced,"['AH', 'N', 'AW', 'N', 'S', 'T']","['an', 'nounced']","['ann', 'ounced']",0.2222222222222222,9.12e-05,"[3, 27, 5, 27, 31, 33, 0, 0]"
particularly,"['P', 'AA', 'R', 'T', 'IH', 'K', 'Y', 'AH', 'L', 'ER', 'L', 'IY']","['par', 'tic', 'u', 'larly']",['particularly'],0.25,9.12e-05,"[29, 1, 30, 33, 10, 24, 37, 3]"
friday,"['F', 'R', 'AY', 'D', 'IY']","['fri', 'day']","['fr', 'iday']",0.3333333333333333,9.12e-05,"[20, 30, 6, 18, 11, 0, 0, 0]"
designed,"['D', 'IH', 'Z', 'AY', 'N', 'D']","['de', 'signed']","['des', 'igned']",0.25,9.12e-05,"[18, 10, 38, 6, 27, 18, 0, 0]"
material,"['M', 'AH', 'T', 'IH', 'R', 'IY', 'AH', 'L']","['ma', 'ter', 'i', 'al']",['material'],0.375,8.91e-05,"[26, 3, 33, 10, 30, 11, 3, 25]"
developed,"['D', 'IH', 'V', 'EH', 'L', 'AH', 'P', 'T']","['de', 'veloped']","['develop', 'ed']",0.2222222222222222,8.91e-05,"[18, 10, 35, 7, 25, 3, 29, 33]"
sister,"['S', 'IH', 'S', 'T', 'ER']","['sis', 'ter']","['s', 'ister']",0.3333333333333333,8.91e-05,"[31, 10, 31, 33, 8, 0, 0, 0]"
fear,"['F', 'IH', 'R']",['fear'],"['f', 'ear']",0.25,8.91e-05,"[20, 10, 30, 0, 0, 0, 0, 0]"
regular,"['R', 'EH', 'G', 'Y', 'AH', 'L', 'ER']","['reg', 'u', 'lar']",['regular'],0.2857142857142857,8.91e-05,"[30, 7, 21, 37, 3, 25, 8, 0]"
stupid,"['S', 'T', 'UW', 'P', 'AH', 'D']","['stu', 'pid']","['st', 'upid']",0.3333333333333333,8.71e-05,"[31, 33, 15, 29, 3, 18, 0, 0]"
physical,"['F', 'IH', 'Z', 'IH', 'K', 'AH', 'L']","['phys', 'ic', 'al']",['physical'],0.25,8.71e-05,"[20, 10, 38, 10, 24, 3, 25, 0]"
insurance,"['IH', 'N', 'SH', 'UH', 'R', 'AH', 'N', 'S']","['in', 'sur', 'ance']",['insurance'],0.2222222222222222,8.71e-05,"[10, 27, 32, 14, 30, 3, 27, 31]"
annual,"['AE', 'N', 'Y', 'UW', 'AH', 'L']","['an', 'nu', 'al']",['annual'],0.3333333333333333,8.71e-05,"[2, 27, 37, 15, 3, 25, 0, 0]"
opinion,"['AH', 'P', 'IH', 'N', 'Y', 'AH', 'N']","['opin', 'ion']","['op', 'inion']",0.2857142857142857,8.71e-05,"[3, 29, 10, 27, 37, 3, 27, 0]"
anymore,"['EH', 'N', 'IY', 'M', 'AO', 'R']","['any', 'more']","['an', 'ym', 'ore']",0.42857142857142855,8.71e-05,"[7, 27, 11, 26, 4, 30, 0, 0]"
growing,"['G', 'R', 'OW', 'IH', 'NG']","['grow', 'ing']","['g', 'rowing']",0.2857142857142857,8.71e-05,"[21, 30, 12, 10, 28, 0, 0, 0]"
families,"['F', 'AE', 'M', 'AH', 'L', 'IY', 'Z']","['fam', 'il', 'ies']","['f', 'amilies']",0.375,8.71e-05,"[20, 2, 26, 3, 25, 11, 38, 0]"
hurt,"['HH', 'ER', 'T']",['hurt'],"['h', 'urt']",0.25,8.71e-05,"[22, 8, 33, 0, 0, 0, 0, 0]"
reasons,"['R', 'IY', 'Z', 'AH', 'N', 'Z']","['reas', 'ons']","['reason', 's']",0.2857142857142857,8.51e-05,"[30, 11, 38, 3, 27, 38, 0, 0]"
australian,"['AO', 'S', 'T', 'R', 'EY', 'L', 'Y', 'AH', 'N']","['aus', 'trali', 'an']","['au', 'str', 'alian']",0.4,8.51e-05,"[4, 31, 33, 30, 9, 25, 37, 3]"
russia,"['R', 'AH', 'SH', 'AH']","['rus', 'sia']","['r', 'ussia']",0.3333333333333333,8.51e-05,"[30, 3, 32, 3, 0, 0, 0, 0]"
cancer,"['K', 'AE', 'N', 'S', 'ER']","['can', 'cer']","['c', 'ancer']",0.3333333333333333,8.51e-05,"[24, 2, 27, 31, 8, 0, 0, 0]"
approach,"['AH', 'P', 'R', 'OW', 'CH']","['ap', 'proach']","['appro', 'ach']",0.25,8.51e-05,"[3, 29, 30, 12, 17, 0, 0, 0]"
wonder,"['W', 'AH', 'N', 'D', 'ER']","['won', 'der']","['w', 'onder']",0.3333333333333333,8.51e-05,"[36, 3, 27, 18, 8, 0, 0, 0]"
direction,"['D', 'ER', 'EH', 'K', 'SH', 'AH', 'N']","['dir', 'ec', 'tion']",['direction'],0.2222222222222222,8.51e-05,"[18, 8, 7, 24, 32, 3, 27, 0]"
administration,"['AE', 'D', 'M', 'IH', 'N', 'IH', 'S', 'T', 'R', 'EY', 'SH', 'AH', 'N']","['ad', 'min', 'is', 'tra', 'tion']",['administration'],0.2857142857142857,8.51e-05,"[2, 18, 26, 10, 27, 10, 31, 33]"
operation,"['AA', 'P', 'ER', 'EY', 'SH', 'AH', 'N']","['op', 'er', 'a', 'tion']",['operation'],0.3333333333333333,8.32e-05,"[1, 29, 8, 9, 32, 3, 27, 0]"
compared,"['K', 'AH', 'M', 'P', 'EH', 'R', 'D']","['com', 'pared']","['comp', 'ared']",0.25,8.32e-05,"[24, 3, 26, 29, 7, 30, 18, 0]"
senior,"['S', 'IY', 'N', 'Y', 'ER']","['seni', 'or']","['sen', 'ior']",0.3333333333333333,8.32e-05,"[31, 11, 27, 37, 8, 0, 0, 0]"
organization,"['AO', 'R', 'G', 'AH', 'N', 'AH', 'Z', 'EY', 'SH', 'AH', 'N']","['or', 'gan', 'iz', 'a', 'tion']",['organization'],0.3333333333333333,8.32e-05,"[4, 30, 21, 3, 27, 3, 38, 9]"
effort,"['EH', 'F', 'ER', 'T']","['ef', 'fort']","['eff', 'ort']",0.3333333333333333,8.32e-05,"[7, 20, 8, 33, 0, 0, 0, 0]"
imagine,"['IH', 'M', 'AE', 'JH', 'AH', 'N']","['ima', 'gine']","['im', 'agine']",0.2857142857142857,8.32e-05,"[10, 26, 2, 23, 3, 27, 0, 0]"
yesterday,"['Y', 'EH', 'S', 'T', 'ER', 'D', 'EY']","['yes', 'ter', 'day']","['y', 'esterday']",0.3333333333333333,8.13e-05,"[37, 7, 31, 33, 8, 18, 9, 0]"
easily,"['IY', 'Z', 'AH', 'L', 'IY']","['eas', 'ily']","['e', 'asily']",0.3333333333333333,8.13e-05,"[11, 38, 3, 25, 11, 0, 0, 0]"
speaking,"['S', 'P', 'IY', 'K', 'IH', 'NG']","['speak', 'ing']","['spe', 'aking']",0.25,8.13e-05,"[31, 29, 11, 24, 10, 28, 0, 0]"
competition,"['K', 'AA', 'M', 'P', 'AH', 'T', 'IH', 'SH', 'AH', 'N']","['com', 'pet', 'i', 'tion']",['competition'],0.2727272727272727,8.13e-05,"[24, 1, 26, 29, 3, 33, 10, 32]"
indian,"['IH', 'N', 'D', 'IY', 'AH', 'N']","['in', 'di', 'an']","['ind', 'ian']",0.5,8.13e-05,"[10, 27, 18, 11, 3, 27, 0, 0]"
increased,"['IH', 'N', 'K', 'R', 'IY', 'S', 'T']","['in', 'creased']","['incre', 'ased']",0.2222222222222222,8.13e-05,"[10, 27, 24, 30, 11, 31, 33, 0]"
necessary,"['N', 'EH', 'S', 'AH', 'S', 'EH', 'R', 'IY']","['ne', 'ces', 'sary']",['necessary'],0.2222222222222222,8.13e-05,"[27, 7, 31, 3, 31, 7, 30, 11]"
analysis,"['AH', 'N', 'AE', 'L', 'AH', 'S', 'AH', 'S']","['ana', 'lys', 'is']",['analysis'],0.25,8.13e-05,"[3, 27, 2, 25, 3, 31, 3, 31]"
planning,"['P', 'L', 'AE', 'N', 'IH', 'NG']","['plan', 'ning']","['pl', 'anning']",0.25,7.94e-05,"[29, 25, 2, 27, 10, 28, 0, 0]"
glad,"['G', 'L', 'AE', 'D']",['glad'],"['gl', 'ad']",0.25,7.94e-05,"[21, 25, 2, 18, 0, 0, 0, 0]"
driving,"['D', 'R', 'AY', 'V', 'IH', 'NG']","['driv', 'ing']","['dr', 'iving']",0.2857142857142857,7.94e-05,"[18, 30, 6, 35, 10, 28, 0, 0]"
established,"['IH', 'S', 'T', 'AE', 'B', 'L', 'IH', 'SH', 'T']","['es', 'tab', 'lished']","['establish', 'ed']",0.2727272727272727,7.94e-05,"[10, 31, 33, 2, 16, 25, 10, 32]"
professor,"['P', 'R', 'AH', 'F', 'EH', 'S', 'ER']","['pro', 'fess', 'or']","['prof', 'essor']",0.3333333333333333,7.94e-05,"[29, 30, 3, 20, 7, 31, 8, 0]"
doubt,"['D', 'AW', 'T']",['doubt'],"['d', 'oub', 't']",0.4,7.94e-05,"[18, 5, 33, 0, 0, 0, 0, 0]"
disease,"['D', 'IH', 'Z', 'IY', 'Z']","['dis', 'ease']","['d', 'isease']",0.2857142857142857,7.94e-05,"[18, 10, 38, 11, 38, 0, 0, 0]"
directly,"['D', 'ER', 'EH', 'K', 'T', 'L', 'IY']","['dir', 'ectly']","['direct', 'ly']",0.25,7.94e-05,"[18, 8, 7, 24, 33, 25, 11, 0]"
captain,"['K', 'AE', 'P', 'T', 'AH', 'N']","['cap', 'tain']","['capt', 'ain']",0.2857142857142857,7.76e-05,"[24, 2, 29, 33, 3, 27, 0, 0]"
reality,"['R', 'IY', 'AE', 'L', 'AH', 'T', 'IY']","['real', 'ity']","['re', 'ality']",0.2857142857142857,7.76e-05,"[30, 11, 2, 25, 3, 33, 11, 0]"
associated,"['AH', 'S', 'OW', 'S', 'IY', 'EY', 'T', 'AH', 'D']","['as', 'so', 'ci', 'ated']",['associated'],0.3,7.76e-05,"[3, 31, 12, 31, 11, 9, 33, 3]"
japan,"['JH', 'AH', 'P', 'AE', 'N']","['ja', 'pan']","['j', 'apan']",0.4,7.76e-05,"[23, 3, 29, 2, 27, 0, 0, 0]"
effective,"['IH', 'F', 'EH', 'K', 'T', 'IH', 'V']","['ef', 'fect', 'ive']",['effective'],0.2222222222222222,7.76e-05,"[10, 20, 7, 24, 33, 10, 35, 0]"
mrs,"['M', 'IH', 'S', 'IH', 'Z']",['mrs'],"['m', 'rs']",0.3333333333333333,7.76e-05,"[26, 10, 31, 10, 38, 0, 0, 0]"
sick,"['S', 'IH', 'K']",['sick'],"['s', 'ick']",0.25,7.59e-05,"[31, 10, 24, 0, 0, 0, 0, 0]"
eventually,"['IH', 'V', 'EH', 'N', 'CH', 'AH', 'W', 'AH', 'L', 'IY']","['even', 'tu', 'ally']","['event', 'ually']",0.3,7.59e-05,"[10, 35, 7, 27, 17, 3, 36, 3]"
holy,"['HH', 'OW', 'L', 'IY']",['holy'],"['h', 'oly']",0.25,7.59e-05,"[22, 12, 25, 11, 0, 0, 0, 0]"
responsible,"['R', 'IY', 'S', 'P', 'AA', 'N', 'S', 'AH', 'B', 'AH', 'L']","['re', 'spons', 'ible']","['res', 'ponsible']",0.2727272727272727,7.59e-05,"[30, 11, 31, 29, 1, 27, 31, 3]"
christian,"['K', 'R', 'IH', 'S', 'CH', 'AH', 'N']","['chris', 'ti', 'an']","['christ', 'ian']",0.3333333333333333,7.59e-05,"[24, 30, 10, 31, 17, 3, 27, 0]"
william,"['W', 'IH', 'L', 'Y', 'AH', 'M']","['wil', 'li', 'am']","['will', 'iam']",0.42857142857142855,7.59e-05,"[36, 10, 25, 37, 3, 26, 0, 0]"
otherwise,"['AH', 'DH', 'ER', 'W', 'AY', 'Z']","['oth', 'er', 'wise']",['otherwise'],0.2222222222222222,7.59e-05,"[3, 19, 8, 36, 6, 38, 0, 0]"
agreement,"['AH', 'G', 'R', 'IY', 'M', 'AH', 'N', 'T']","['agree', 'ment']","['ag', 'reement']",0.2222222222222222,7.59e-05,"[3, 21, 30, 11, 26, 3, 27, 33]"
officers,"['AO', 'F', 'AH', 'S', 'ER', 'Z']","['of', 'ficers']","['off', 'icers']",0.25,7.41e-05,"[4, 20, 3, 31, 8, 38, 0, 0]"
economy,"['IH', 'K', 'AA', 'N', 'AH', 'M', 'IY']","['eco', 'nomy']","['e', 'conomy']",0.2857142857142857,7.41e-05,"[10, 24, 1, 27, 3, 26, 11, 0]"
environment,"['IH', 'N', 'V', 'AY', 'R', 'AH', 'N', 'M', 'AH', 'N', 'T']","['en', 'vir', 'on', 'ment']",['environment'],0.2727272727272727,7.41e-05,"[10, 27, 35, 6, 30, 3, 27, 26]"
saturday,"['S', 'AE', 'T', 'ER', 'D', 'IY']","['sat', 'urday']","['s', 'aturday']",0.25,7.41e-05,"[31, 2, 33, 8, 18, 11, 0, 0]"
operations,"['AA', 'P', 'ER', 'EY', 'SH', 'AH', 'N', 'Z']","['op', 'er', 'a', 'tions']",['operations'],0.3,7.41e-05,"[1, 29, 8, 9, 32, 3, 27, 38]"
executive,"['IH', 'G', 'Z', 'EH', 'K', 'Y', 'AH', 'T', 'IH', 'V']","['ex', 'ec', 'ut', 'ive']","['exec', 'utive']",0.2222222222222222,7.41e-05,"[10, 21, 38, 7, 24, 37, 3, 33]"
politics,"['P', 'AA', 'L', 'AH', 'T', 'IH', 'K', 'S']","['polit', 'ics']","['pol', 'itics']",0.25,7.41e-05,"[29, 1, 25, 3, 33, 10, 24, 31]"
produced,"['P', 'R', 'AH', 'D', 'UW', 'S', 'T']","['pro', 'duced']","['produ', 'ced']",0.25,7.41e-05,"[29, 30, 3, 18, 15, 31, 33, 0]"
sitting,"['S', 'IH', 'T', 'IH', 'NG']","['sit', 'ting']","['s', 'itting']",0.2857142857142857,7.24e-05,"[31, 10, 33, 10, 28, 0, 0, 0]"
location,"['L', 'OW', 'K', 'EY', 'SH', 'AH', 'N']","['loc', 'a', 'tion']",['location'],0.25,7.24e-05,"[25, 12, 24, 9, 32, 3, 27, 0]"
division,"['D', 'IH', 'V', 'IH', 'ZH', 'AH', 'N']","['di', 'vi', 'sion']",['division'],0.25,7.24e-05,"[18, 10, 35, 10, 39, 3, 27, 0]"
freedom,"['F', 'R', 'IY', 'D', 'AH', 'M']","['free', 'dom']","['fre', 'edom']",0.2857142857142857,7.24e-05,"[20, 30, 11, 18, 3, 26, 0, 0]"
interview,"['IH', 'N', 'T', 'ER', 'V', 'Y', 'UW']","['in', 'ter', 'view']","['int', 'erview']",0.3333333333333333,7.24e-05,"[10, 27, 33, 8, 35, 37, 15, 0]"
condition,"['K', 'AH', 'N', 'D', 'IH', 'SH', 'AH', 'N']","['con', 'di', 'tion']",['condition'],0.2222222222222222,7.24e-05,"[24, 3, 27, 18, 10, 32, 3, 27]"
application,"['AE', 'P', 'L', 'AH', 'K', 'EY', 'SH', 'AH', 'N']","['ap', 'plic', 'a', 'tion']",['application'],0.2727272727272727,7.24e-05,"[2, 29, 25, 3, 24, 9, 32, 3]"
whom,"['HH', 'UW', 'M']",['whom'],"['wh', 'om']",0.25,7.08e-05,"[22, 15, 26, 0, 0, 0, 0, 0]"
northern,"['N', 'AO', 'R', 'DH', 'ER', 'N']","['north', 'ern']","['nor', 'thern']",0.25,7.08e-05,"[27, 4, 30, 19, 8, 27, 0, 0]"
religious,"['R', 'IH', 'L', 'IH', 'JH', 'AH', 'S']","['re', 'li', 'gious']",['religious'],0.2222222222222222,7.08e-05,"[30, 10, 25, 10, 23, 3, 31, 0]"
wonderful,"['W', 'AH', 'N', 'D', 'ER', 'F', 'AH', 'L']","['won', 'der', 'ful']","['w', 'onder', 'ful']",0.2222222222222222,7.08e-05,"[36, 3, 27, 18, 8, 20, 3, 25]"
actual,"['AE', 'K', 'CH', 'AH', 'W', 'AH', 'L']","['ac', 'tu', 'al']",['actual'],0.3333333333333333,7.08e-05,"[2, 24, 17, 3, 36, 3, 25, 0]"
wearing,"['W', 'EH', 'R', 'IH', 'NG']","['wear', 'ing']","['w', 'earing']",0.2857142857142857,7.08e-05,"[36, 7, 30, 10, 28, 0, 0, 0]"
benefits,"['B', 'EH', 'N', 'AH', 'F', 'IH', 'T', 'S']","['be', 'ne', 'fits']","['benef', 'its']",0.375,6.92e-05,"[16, 7, 27, 3, 20, 10, 33, 31]"
animals,"['AE', 'N', 'AH', 'M', 'AH', 'L', 'Z']","['an', 'im', 'als']",['animals'],0.2857142857142857,6.92e-05,"[2, 27, 3, 26, 3, 25, 38, 0]"
famous,"['F', 'EY', 'M', 'AH', 'S']","['fam', 'ous']","['f', 'amous']",0.3333333333333333,6.92e-05,"[20, 9, 26, 3, 31, 0, 0, 0]"
appears,"['AH', 'P', 'IH', 'R', 'Z']","['ap', 'pears']","['appe', 'ars']",0.2857142857142857,6.92e-05,"[3, 29, 10, 30, 38, 0, 0, 0]"
southern,"['S', 'AH', 'DH', 'ER', 'N']","['south', 'ern']","['sou', 'thern']",0.25,6.92e-05,"[31, 3, 19, 8, 27, 0, 0, 0]"
traditional,"['T', 'R', 'AH', 'D', 'IH', 'SH', 'AH', 'N', 'AH', 'L']","['tra', 'di', 'tion', 'al']",['traditional'],0.2727272727272727,6.92e-05,"[33, 30, 3, 18, 10, 32, 3, 27]"
becomes,"['B', 'IH', 'K', 'AH', 'M', 'Z']","['be', 'comes']","['bec', 'omes']",0.2857142857142857,6.76e-05,"[16, 10, 24, 3, 26, 38, 0, 0]"
separate,"['S', 'EH', 'P', 'ER', 'EY', 'T']","['sep', 'ar', 'ate']","['se', 'parate']",0.375,6.76e-05,"[31, 7, 29, 8, 9, 33, 0, 0]"
critical,"['K', 'R', 'IH', 'T', 'IH', 'K', 'AH', 'L']","['crit', 'ic', 'al']",['critical'],0.25,6.76e-05,"[24, 30, 10, 33, 10, 24, 3, 25]"
americans,"['AH', 'M', 'EH', 'R', 'AH', 'K', 'AH', 'N', 'Z']","['amer', 'ic', 'ans']","['am', 'eric', 'ans']",0.2222222222222222,6.76e-05,"[3, 26, 7, 30, 3, 24, 3, 27]"
digital,"['D', 'IH', 'JH', 'AH', 'T', 'AH', 'L']","['di', 'git', 'al']",['digital'],0.2857142857142857,6.76e-05,"[18, 10, 23, 3, 33, 3, 25, 0]"
chicago,"['SH', 'AH', 'K', 'AA', 'G', 'OW']","['chica', 'go']","['ch', 'icago']",0.2857142857142857,6.76e-05,"[32, 3, 24, 1, 21, 12, 0, 0]"
african,"['AE', 'F', 'R', 'AH', 'K', 'AH', 'N']","['afric', 'an']","['a', 'frican']",0.2857142857142857,6.61e-05,"[2, 20, 30, 3, 24, 3, 27, 0]"
village,"['V', 'IH', 'L', 'AH', 'JH']","['vil', 'lage']","['v', 'illage']",0.2857142857142857,6.61e-05,"[35, 10, 25, 3, 23, 0, 0, 0]"
hearing,"['HH', 'IY', 'R', 'IH', 'NG']","['hear', 'ing']","['he', 'aring']",0.2857142857142857,6.61e-05,"[22, 11, 30, 10, 28, 0, 0, 0]"
benefit,"['B', 'EH', 'N', 'AH', 'F', 'IH', 'T']","['be', 'ne', 'fit']","['benef', 'it']",0.42857142857142855,6.61e-05,"[16, 7, 27, 3, 20, 10, 33, 0]"
generation,"['JH', 'EH', 'N', 'ER', 'EY', 'SH', 'AH', 'N']","['gen', 'er', 'a', 'tion']",['generation'],0.3,6.61e-05,"[23, 7, 27, 8, 9, 32, 3, 27]"
fashion,"['F', 'AE', 'SH', 'AH', 'N']","['fash', 'ion']","['f', 'ashion']",0.2857142857142857,6.61e-05,"[20, 2, 32, 3, 27, 0, 0, 0]"
larger,"['L', 'AA', 'R', 'JH', 'ER']","['lar', 'ger']","['larg', 'er']",0.3333333333333333,6.61e-05,"[25, 1, 30, 23, 8, 0, 0, 0]"
individuals,"['IH', 'N', 'D', 'AH', 'V', 'IH', 'JH', 'AH', 'W', 'AH', 'L', 'Z']","['in', 'di', 'vidu', 'als']","['individual', 's']",0.36363636363636365,6.46e-05,"[10, 27, 18, 3, 35, 10, 23, 3]"
follows,"['F', 'AA', 'L', 'OW', 'Z']","['fol', 'lows']","['follow', 's']",0.2857142857142857,6.46e-05,"[20, 1, 25, 12, 38, 0, 0, 0]"
dude,"['D', 'UW', 'D']",['dude'],"['d', 'ude']",0.25,6.46e-05,"[18, 15, 18, 0, 0, 0, 0, 0]"
animal,"['AE', 'N', 'AH', 'M', 'AH', 'L']","['an', 'im', 'al']",['animal'],0.3333333333333333,6.46e-05,"[2, 27, 3, 26, 3, 25, 0, 0]"
japanese,"['JH', 'AE', 'P', 'AH', 'N', 'IY', 'Z']","['ja', 'pan', 'ese']","['j', 'apanese']",0.375,6.46e-05,"[23, 2, 29, 3, 27, 11, 38, 0]"
authority,"['AH', 'TH', 'AO', 'R', 'AH', 'T', 'IY']","['au', 'thor', 'ity']",['authority'],0.2222222222222222,6.46e-05,"[3, 34, 4, 30, 3, 33, 11, 0]"
soul,"['S', 'OW', 'L']",['soul'],"['s', 'oul']",0.25,6.46e-05,"[31, 12, 25, 0, 0, 0, 0, 0]"
becoming,"['B', 'IH', 'K', 'AH', 'M', 'IH', 'NG']","['be', 'com', 'ing']","['bec', 'oming']",0.375,6.46e-05,"[16, 10, 24, 3, 26, 10, 28, 0]"
employees,"['EH', 'M', 'P', 'L', 'OY', 'IY', 'Z']","['em', 'ploy', 'ees']",['employees'],0.2222222222222222,6.46e-05,"[7, 26, 29, 25, 13, 11, 38, 0]"
happening,"['HH', 'AE', 'P', 'AH', 'N', 'IH', 'NG']","['hap', 'pen', 'ing']","['h', 'app', 'ening']",0.4444444444444444,6.31e-05,"[22, 2, 29, 3, 27, 10, 28, 0]"
prison,"['P', 'R', 'IH', 'Z', 'AH', 'N']","['pris', 'on']","['pr', 'ison']",0.3333333333333333,6.31e-05,"[29, 30, 10, 38, 3, 27, 0, 0]"
apparently,"['AH', 'P', 'EH', 'R', 'AH', 'N', 'T', 'L', 'IY']","['ap', 'par', 'ently']","['app', 'arently']",0.3,6.31e-05,"[3, 29, 7, 30, 3, 27, 33, 25]"
engineering,"['EH', 'N', 'JH', 'AH', 'N', 'IH', 'R', 'IH', 'NG']","['en', 'gin', 'eer', 'ing']",['engineering'],0.2727272727272727,6.31e-05,"[7, 27, 23, 3, 27, 10, 30, 10]"
nations,"['N', 'EY', 'SH', 'AH', 'N', 'Z']","['na', 'tions']","['n', 'ations']",0.2857142857142857,6.31e-05,"[27, 9, 32, 3, 27, 38, 0, 0]"
mike,"['M', 'AY', 'K']",['mike'],"['m', 'ike']",0.25,6.31e-05,"[26, 6, 24, 0, 0, 0, 0, 0]"
remains,"['R', 'IH', 'M', 'EY', 'N', 'Z']","['re', 'mains']","['rem', 'ains']",0.2857142857142857,6.31e-05,"[30, 10, 26, 9, 27, 38, 0, 0]"
smaller,"['S', 'M', 'AO', 'L', 'ER']","['smal', 'ler']","['small', 'er']",0.2857142857142857,6.31e-05,"[31, 26, 4, 25, 8, 0, 0, 0]"
till,"['T', 'IH', 'L']",['till'],"['t', 'ill']",0.25,6.17e-05,"[33, 10, 25, 0, 0, 0, 0, 0]"
negative,"['N', 'EH', 'G', 'AH', 'T', 'IH', 'V']","['neg', 'at', 'ive']",['negative'],0.25,6.17e-05,"[27, 7, 21, 3, 33, 10, 35, 0]"
extremely,"['IH', 'K', 'S', 'T', 'R', 'IY', 'M', 'L', 'IY']","['ex', 'tremely']","['ext', 'remely']",0.2222222222222222,6.17e-05,"[10, 24, 31, 33, 30, 11, 26, 25]"
television,"['T', 'EH', 'L', 'AH', 'V', 'IH', 'ZH', 'AH', 'N']","['tele', 'vi', 'sion']","['te', 'levision']",0.3,6.17e-05,"[33, 7, 25, 3, 35, 10, 39, 3]"
indeed,"['IH', 'N', 'D', 'IY', 'D']","['in', 'deed']","['inde', 'ed']",0.3333333333333333,6.17e-05,"[10, 27, 18, 11, 18, 0, 0, 0]"
arrived,"['ER', 'AY', 'V', 'D']","['ar', 'rived']","['arr', 'ived']",0.2857142857142857,6.17e-05,"[8, 6, 35, 18, 0, 0, 0, 0]"
herself,"['HH', 'ER', 'S', 'EH', 'L', 'F']","['her', 'self']","['h', 'ers', 'elf']",0.42857142857142855,6.03e-05,"[22, 8, 31, 7, 25, 20, 0, 0]"
joe,"['JH', 'OW']",['joe'],"['j', 'oe']",0.3333333333333333,6.03e-05,"[23, 12, 0, 0, 0, 0, 0, 0]"
dinner,"['D', 'IH', 'N', 'ER']","['din', 'ner']","['d', 'inner']",0.3333333333333333,6.03e-05,"[18, 10, 27, 8, 0, 0, 0, 0]"
customers,"['K', 'AH', 'S', 'T', 'AH', 'M', 'ER', 'Z']","['cus', 'tom', 'ers']",['customers'],0.2222222222222222,6.03e-05,"[24, 3, 31, 33, 3, 26, 8, 38]"
marketing,"['M', 'AA', 'R', 'K', 'AH', 'T', 'IH', 'NG']","['mar', 'ket', 'ing']",['marketing'],0.2222222222222222,6.03e-05,"[26, 1, 30, 24, 3, 33, 10, 28]"
materials,"['M', 'AH', 'T', 'IH', 'R', 'IY', 'AH', 'L', 'Z']","['ma', 'ter', 'i', 'als']",['materials'],0.3333333333333333,6.03e-05,"[26, 3, 33, 10, 30, 11, 3, 25]"
dollars,"['D', 'AA', 'L', 'ER', 'Z']","['dol', 'lars']","['doll', 'ars']",0.2857142857142857,6.03e-05,"[18, 1, 25, 8, 38, 0, 0, 0]"
decide,"['D', 'IH', 'S', 'AY', 'D']","['de', 'cide']","['dec', 'ide']",0.3333333333333333,6.03e-05,"[18, 10, 31, 6, 18, 0, 0, 0]"
shooting,"['SH', 'UW', 'T', 'IH', 'NG']","['shoot', 'ing']","['sh', 'ooting']",0.25,6.03e-05,"[32, 15, 33, 10, 28, 0, 0, 0]"
advantage,"['AE', 'D', 'V', 'AE', 'N', 'T', 'IH', 'JH']","['ad', 'vant', 'age']","['adv', 'antage']",0.3333333333333333,6.03e-05,"[2, 18, 35, 2, 27, 33, 10, 23]"
shut,"['SH', 'AH', 'T']",['shut'],"['sh', 'ut']",0.25,6.03e-05,"[32, 3, 33, 0, 0, 0, 0, 0]"
thousands,"['TH', 'AW', 'Z', 'AH', 'N', 'D', 'Z']","['thou', 'sands']","['th', 'ousands']",0.2222222222222222,5.89e-05,"[34, 5, 38, 3, 27, 18, 38, 0]"
dear,"['D', 'IH', 'R']",['dear'],"['de', 'ar']",0.25,5.89e-05,"[18, 10, 30, 0, 0, 0, 0, 0]"
efforts,"['EH', 'F', 'ER', 'T', 'S']","['ef', 'forts']","['eff', 'orts']",0.2857142857142857,5.89e-05,"[7, 20, 8, 33, 31, 0, 0, 0]"
rare,"['R', 'EH', 'R']",['rare'],"['r', 'are']",0.25,5.89e-05,"[30, 7, 30, 0, 0, 0, 0, 0]"
leadership,"['L', 'IY', 'D', 'ER', 'SH', 'IH', 'P']","['lead', 'er', 'ship']","['leaders', 'hip']",0.3,5.89e-05,"[25, 11, 18, 8, 32, 10, 29, 0]"
florida,"['F', 'L', 'AO', 'R', 'AH', 'D', 'AH']","['flor', 'ida']","['fl', 'orida']",0.2857142857142857,5.75e-05,"[20, 25, 4, 30, 3, 18, 3, 0]"
easier,"['IY', 'Z', 'IY', 'ER']","['easi', 'er']","['e', 'asier']",0.3333333333333333,5.75e-05,"[11, 38, 11, 8, 0, 0, 0, 0]"
fellow,"['F', 'EH', 'L', 'OW']","['fel', 'low']","['f', 'ellow']",0.3333333333333333,5.75e-05,"[20, 7, 25, 12, 0, 0, 0, 0]"
conversation,"['K', 'AA', 'N', 'V', 'ER', 'S', 'EY', 'SH', 'AH', 'N']","['con', 'ver', 'sa', 'tion']",['conversation'],0.25,5.62e-05,"[24, 1, 27, 35, 8, 31, 9, 32]"
develop,"['D', 'IH', 'V', 'EH', 'L', 'AH', 'P']","['de', 'vel', 'op']",['develop'],0.2857142857142857,5.62e-05,"[18, 10, 35, 7, 25, 3, 29, 0]"
believed,"['B', 'IH', 'L', 'IY', 'V', 'D']","['be', 'lieved']","['bel', 'ieved']",0.25,5.62e-05,"[16, 10, 25, 11, 35, 18, 0, 0]"
presented,"['P', 'R', 'IY', 'Z', 'EH', 'N', 'T', 'AH', 'D']","['presen', 'ted']","['present', 'ed']",0.2222222222222222,5.62e-05,"[29, 30, 11, 38, 7, 27, 33, 3]"
cultural,"['K', 'AH', 'L', 'CH', 'ER', 'AH', 'L']","['cul', 'tur', 'al']","['c', 'ultural']",0.375,5.62e-05,"[24, 3, 25, 17, 8, 3, 25, 0]"
billion,"['B', 'IH', 'L', 'Y', 'AH', 'N']","['bil', 'lion']","['b', 'illion']",0.2857142857142857,5.62e-05,"[16, 10, 25, 37, 3, 27, 0, 0]"
technical,"['T', 'EH', 'K', 'N', 'IH', 'K', 'AH', 'L']","['tech', 'nic', 'al']",['technical'],0.2222222222222222,5.62e-05,"[33, 7, 24, 27, 10, 24, 3, 25]"
responsibility,"['R', 'IY', 'S', 'P', 'AA', 'N', 'S', 'AH', 'B', 'IH', 'L', 'AH', 'T', 'IY']","['re', 'spons', 'ib', 'il', 'ity']","['respons', 'ibility']",0.21428571428571427,5.62e-05,"[30, 11, 31, 29, 1, 27, 31, 3]"
existing,"['IH', 'G', 'Z', 'IH', 'S', 'T', 'IH', 'NG']","['ex', 'ist', 'ing']",['existing'],0.25,5.62e-05,"[10, 21, 38, 10, 31, 33, 10, 28]"
investigation,"['IH', 'N', 'V', 'EH', 'S', 'T', 'AH', 'G', 'EY', 'SH', 'AH', 'N']","['in', 'vest', 'ig', 'a', 'tion']","['invest', 'igation']",0.23076923076923078,5.62e-05,"[10, 27, 35, 7, 31, 33, 3, 21]"
criminal,"['K', 'R', 'IH', 'M', 'AH', 'N', 'AH', 'L']","['crim', 'in', 'al']",['criminal'],0.25,5.62e-05,"[24, 30, 10, 26, 3, 27, 3, 25]"
operating,"['AA', 'P', 'ER', 'EY', 'T', 'IH', 'NG']","['op', 'er', 'at', 'ing']","['oper', 'ating']",0.2222222222222222,5.62e-05,"[1, 29, 8, 9, 33, 10, 28, 0]"
religion,"['R', 'IH', 'L', 'IH', 'JH', 'AH', 'N']","['re', 'li', 'gion']","['rel', 'igion']",0.375,5.5e-05,"[30, 10, 25, 10, 23, 3, 27, 0]"
excited,"['IH', 'K', 'S', 'AY', 'T', 'AH', 'D']","['ex', 'cited']","['exc', 'ited']",0.2857142857142857,5.5e-05,"[10, 24, 31, 6, 33, 3, 18, 0]"
appreciate,"['AH', 'P', 'R', 'IY', 'SH', 'IY', 'EY', 'T']","['ap', 'pre', 'ci', 'ate']","['app', 'rec', 'iate']",0.5,5.5e-05,"[3, 29, 30, 11, 32, 11, 9, 33]"
martin,"['M', 'AA', 'R', 'T', 'AH', 'N']","['mar', 'tin']","['mart', 'in']",0.3333333333333333,5.5e-05,"[26, 1, 30, 33, 3, 27, 0, 0]"
somewhere,"['S', 'AH', 'M', 'W', 'EH', 'R']","['some', 'where']","['som', 'ewhere']",0.2222222222222222,5.5e-05,"[31, 3, 26, 36, 7, 30, 0, 0]"
reference,"['R', 'EH', 'F', 'ER', 'AH', 'N', 'S']","['ref', 'er', 'ence']",['reference'],0.2222222222222222,5.5e-05,"[30, 7, 20, 8, 3, 27, 31, 0]"
bigger,"['B', 'IH', 'G', 'ER']","['big', 'ger']","['b', 'igger']",0.3333333333333333,5.5e-05,"[16, 10, 21, 8, 0, 0, 0, 0]"
audience,"['AA', 'D', 'IY', 'AH', 'N', 'S']","['audi', 'ence']","['aud', 'ience']",0.25,5.37e-05,"[1, 18, 11, 3, 27, 31, 0, 0]"
nuclear,"['N', 'UW', 'K', 'L', 'IY', 'ER']","['nuc', 'le', 'ar']","['n', 'uclear']",0.42857142857142855,5.37e-05,"[27, 15, 24, 25, 11, 8, 0, 0]"
reaction,"['R', 'IY', 'AE', 'K', 'SH', 'AH', 'N']","['re', 'ac', 'tion']",['reaction'],0.25,5.37e-05,"[30, 11, 2, 24, 32, 3, 27, 0]"
victory,"['V', 'IH', 'K', 'T', 'ER', 'IY']","['vic', 'tory']","['v', 'ictory']",0.2857142857142857,5.37e-05,"[35, 10, 24, 33, 8, 11, 0, 0]"
honest,"['AA', 'N', 'AH', 'S', 'T']","['hon', 'est']","['h', 'onest']",0.3333333333333333,5.37e-05,"[1, 27, 3, 31, 33, 0, 0, 0]"
democratic,"['D', 'EH', 'M', 'AH', 'K', 'R', 'AE', 'T', 'IH', 'K']","['demo', 'crat', 'ic']","['dem', 'ocratic']",0.3,5.37e-05,"[18, 7, 26, 3, 24, 30, 2, 33]"
mountain,"['M', 'AW', 'N', 'T', 'AH', 'N']","['moun', 'tain']","['mount', 'ain']",0.25,5.37e-05,"[26, 5, 27, 33, 3, 27, 0, 0]"
britain,"['B', 'R', 'IH', 'T', 'AH', 'N']","['bri', 'tain']","['brit', 'ain']",0.2857142857142857,5.25e-05,"[16, 30, 10, 33, 3, 27, 0, 0]"
willing,"['W', 'IH', 'L', 'IH', 'NG']","['will', 'ing']","['w', 'illing']",0.2857142857142857,5.25e-05,"[36, 10, 25, 10, 28, 0, 0, 0]"
matters,"['M', 'AE', 'T', 'ER', 'Z']","['mat', 'ters']","['m', 'atters']",0.2857142857142857,5.25e-05,"[26, 2, 33, 8, 38, 0, 0, 0]"
toward,"['T', 'AH', 'W', 'AO', 'R', 'D']","['to', 'ward']","['t', 'oward']",0.3333333333333333,5.25e-05,"[33, 3, 36, 4, 30, 18, 0, 0]"
decisions,"['D', 'IH', 'S', 'IH', 'ZH', 'AH', 'N', 'Z']","['de', 'cisions']","['dec', 'isions']",0.2222222222222222,5.25e-05,"[18, 10, 31, 10, 39, 3, 27, 38]"
introduced,"['IH', 'N', 'T', 'R', 'AH', 'D', 'UW', 'S', 'T']","['in', 'tro', 'duced']","['int', 'roduced']",0.3,5.25e-05,"[10, 27, 33, 30, 3, 18, 15, 31]"
festival,"['F', 'EH', 'S', 'T', 'AH', 'V', 'AH', 'L']","['fest', 'iv', 'al']","['f', 'estival']",0.375,5.25e-05,"[20, 7, 31, 33, 3, 35, 3, 25]"
entirely,"['IH', 'N', 'T', 'AY', 'ER', 'L', 'IY']","['en', 'tirely']","['ent', 'ire', 'ly']",0.375,5.25e-05,"[10, 27, 33, 6, 8, 25, 11, 0]"
assistant,"['AH', 'S', 'IH', 'S', 'T', 'AH', 'N', 'T']","['as', 'sist', 'ant']",['assistant'],0.2222222222222222,5.25e-05,"[3, 31, 10, 31, 33, 3, 27, 33]"
regional,"['R', 'IY', 'JH', 'AH', 'N', 'AH', 'L']","['re', 'gion', 'al']","['reg', 'ional']",0.375,5.25e-05,"[30, 11, 23, 3, 27, 3, 25, 0]"
teaching,"['T', 'IY', 'CH', 'IH', 'NG']","['teach', 'ing']","['te', 'aching']",0.25,5.25e-05,"[33, 11, 17, 10, 28, 0, 0, 0]"
spending,"['S', 'P', 'EH', 'N', 'D', 'IH', 'NG']","['spend', 'ing']","['sp', 'ending']",0.25,5.13e-05,"[31, 29, 7, 27, 18, 10, 28, 0]"
governor,"['G', 'AH', 'V', 'ER', 'N', 'ER']","['gov', 'ernor']","['g', 'overn', 'or']",0.375,5.13e-05,"[21, 3, 35, 8, 27, 8, 0, 0]"
flying,"['F', 'L', 'AY', 'IH', 'NG']","['fly', 'ing']","['f', 'lying']",0.3333333333333333,5.13e-05,"[20, 25, 6, 10, 28, 0, 0, 0]"
duty,"['D', 'UW', 'T', 'IY']",['duty'],"['d', 'uty']",0.25,5.13e-05,"[18, 15, 33, 11, 0, 0, 0, 0]"
communities,"['K', 'AH', 'M', 'Y', 'UW', 'N', 'AH', 'T', 'IY', 'Z']","['com', 'munit', 'ies']","['comm', 'unities']",0.2727272727272727,5.13e-05,"[24, 3, 26, 37, 15, 27, 3, 33]"
industrial,"['IH', 'N', 'D', 'AH', 'S', 'T', 'R', 'IY', 'AH', 'L']","['in', 'dus', 'tri', 'al']","['ind', 'ustrial']",0.4,5.13e-05,"[10, 27, 18, 3, 31, 33, 30, 11]"
hundred,"['HH', 'AH', 'N', 'D', 'R', 'AH', 'D']","['hun', 'dred']","['h', 'undred']",0.2857142857142857,5.13e-05,"[22, 3, 27, 18, 30, 3, 18, 0]"
accident,"['AE', 'K', 'S', 'AH', 'D', 'AH', 'N', 'T']","['ac', 'ci', 'dent']","['acc', 'ident']",0.375,5.13e-05,"[2, 24, 31, 3, 18, 3, 27, 33]"
drinking,"['D', 'R', 'IH', 'NG', 'K', 'IH', 'NG']","['drink', 'ing']","['dr', 'inking']",0.25,5.13e-05,"[18, 30, 10, 28, 24, 10, 28, 0]"
capacity,"['K', 'AH', 'P', 'AE', 'S', 'AH', 'T', 'IY']","['ca', 'pa', 'city']",['capacity'],0.25,5.13e-05,"[24, 3, 29, 2, 31, 3, 33, 11]"
alternative,"['AO', 'L', 'T', 'ER', 'N', 'AH', 'T', 'IH', 'V']","['al', 'tern', 'at', 'ive']",['alternative'],0.2727272727272727,5.13e-05,"[4, 25, 33, 8, 27, 3, 33, 10]"
museum,"['M', 'Y', 'UW', 'Z', 'IY', 'AH', 'M']","['mu', 'seum']","['m', 'useum']",0.3333333333333333,5.13e-05,"[26, 37, 15, 38, 11, 3, 26, 0]"
environmental,"['IH', 'N', 'V', 'AY', 'R', 'AH', 'N', 'M', 'EH', 'N', 'T', 'AH', 'L']","['en', 'vir', 'on', 'ment', 'al']","['environment', 'al']",0.23076923076923078,5.01e-05,"[10, 27, 35, 6, 30, 3, 27, 26]"
canadian,"['K', 'AH', 'N', 'EY', 'D', 'IY', 'AH', 'N']","['ca', 'na', 'dian']","['can', 'adian']",0.375,5.01e-05,"[24, 3, 27, 9, 18, 11, 3, 27]"
soldiers,"['S', 'OW', 'L', 'JH', 'ER', 'Z']","['sol', 'diers']","['sold', 'iers']",0.25,5.01e-05,"[31, 12, 25, 23, 8, 38, 0, 0]"
dick,"['D', 'IH', 'K']",['dick'],"['d', 'ick']",0.25,5.01e-05,"[18, 10, 24, 0, 0, 0, 0, 0]"
labour,"['L', 'EY', 'B', 'AW', 'R']","['la', 'bour']","['lab', 'our']",0.3333333333333333,5.01e-05,"[25, 9, 16, 5, 30, 0, 0, 0]"
intelligence,"['IH', 'N', 'T', 'EH', 'L', 'AH', 'JH', 'AH', 'N', 'S']","['in', 'tel', 'li', 'gence']",['intelligence'],0.25,5.01e-05,"[10, 27, 33, 7, 25, 3, 23, 3]"
intended,"['IH', 'N', 'T', 'EH', 'N', 'D', 'AH', 'D']","['in', 'ten', 'ded']","['int', 'ended']",0.375,5.01e-05,"[10, 27, 33, 7, 27, 18, 3, 18]"
younger,"['Y', 'AH', 'NG', 'G', 'ER']","['young', 'er']","['you', 'nger']",0.2857142857142857,4.9e-05,"[37, 3, 28, 21, 8, 0, 0, 0]"
supreme,"['S', 'AH', 'P', 'R', 'IY', 'M']","['su', 'preme']","['sup', 'reme']",0.2857142857142857,4.9e-05,"[31, 3, 29, 30, 11, 26, 0, 0]"
asian,"['EY', 'ZH', 'AH', 'N']","['asi', 'an']","['as', 'ian']",0.4,4.9e-05,"[9, 39, 3, 27, 0, 0, 0, 0]"
creating,"['K', 'R', 'IY', 'EY', 'T', 'IH', 'NG']","['cre', 'at', 'ing']",['creating'],0.25,4.9e-05,"[24, 30, 11, 9, 33, 10, 28, 0]"
grew,"['G', 'R', 'UW']",['grew'],"['g', 'rew']",0.25,4.9e-05,"[21, 30, 15, 0, 0, 0, 0, 0]"
domestic,"['D', 'AH', 'M', 'EH', 'S', 'T', 'IH', 'K']","['do', 'mest', 'ic']","['dom', 'estic']",0.375,4.9e-05,"[18, 3, 26, 7, 31, 33, 10, 24]"
debt,"['D', 'EH', 'T']",['debt'],"['de', 'bt']",0.25,4.9e-05,"[18, 7, 33, 0, 0, 0, 0, 0]"
bodies,"['B', 'AA', 'D', 'IY', 'Z']","['bod', 'ies']","['b', 'odies']",0.3333333333333333,4.9e-05,"[16, 1, 18, 11, 38, 0, 0, 0]"
suddenly,"['S', 'AH', 'D', 'AH', 'N', 'L', 'IY']","['sud', 'denly']","['s', 'uddenly']",0.25,4.9e-05,"[31, 3, 18, 3, 27, 25, 11, 0]"
expensive,"['IH', 'K', 'S', 'P', 'EH', 'N', 'S', 'IH', 'V']","['ex', 'pens', 'ive']","['exp', 'ensive']",0.3333333333333333,4.9e-05,"[10, 24, 31, 29, 7, 27, 31, 10]"
honor,"['AA', 'N', 'ER']","['hon', 'or']","['h', 'onor']",0.4,4.9e-05,"[1, 27, 8, 0, 0, 0, 0, 0]"
attorney,"['AH', 'T', 'ER', 'N', 'IY']","['at', 'tor', 'ney']","['att', 'orney']",0.375,4.9e-05,"[3, 33, 8, 27, 11, 0, 0, 0]"
minimum,"['M', 'IH', 'N', 'AH', 'M', 'AH', 'M']","['min', 'im', 'um']",['minimum'],0.2857142857142857,4.9e-05,"[26, 10, 27, 3, 26, 3, 26, 0]"
brothers,"['B', 'R', 'AH', 'DH', 'ER', 'Z']","['broth', 'ers']","['bro', 'thers']",0.25,4.9e-05,"[16, 30, 3, 19, 8, 38, 0, 0]"
behavior,"['B', 'IH', 'HH', 'EY', 'V', 'Y', 'ER']","['be', 'ha', 'vi', 'or']",['behavior'],0.375,4.9e-05,"[16, 10, 22, 9, 35, 37, 8, 0]"
ancient,"['EY', 'N', 'CH', 'AH', 'N', 'T']","['an', 'cient']","['anc', 'ient']",0.2857142857142857,4.79e-05,"[9, 27, 17, 3, 27, 33, 0, 0]"
connected,"['K', 'AH', 'N', 'EH', 'K', 'T', 'AH', 'D']","['con', 'nec', 'ted']",['connected'],0.2222222222222222,4.79e-05,"[24, 3, 27, 7, 24, 33, 3, 18]"
supported,"['S', 'AH', 'P', 'AO', 'R', 'T', 'AH', 'D']","['sup', 'por', 'ted']",['supported'],0.2222222222222222,4.79e-05,"[31, 3, 29, 4, 30, 33, 3, 18]"
exercise,"['EH', 'K', 'S', 'ER', 'S', 'AY', 'Z']","['ex', 'er', 'cise']",['exercise'],0.25,4.79e-05,"[7, 24, 31, 8, 31, 6, 38, 0]"
joke,"['JH', 'OW', 'K']",['joke'],"['j', 'oke']",0.25,4.79e-05,"[23, 12, 24, 0, 0, 0, 0, 0]"
scotland,"['S', 'K', 'AA', 'T', 'L', 'AH', 'N', 'D']","['scot', 'land']","['sc', 'otland']",0.25,4.79e-05,"[31, 24, 1, 33, 25, 3, 27, 18]"
suggested,"['S', 'AH', 'G', 'JH', 'EH', 'S', 'T', 'AH', 'D']","['sug', 'ges', 'ted']","['s', 'uggested']",0.3333333333333333,4.79e-05,"[31, 3, 21, 23, 7, 31, 33, 3]"
communication,"['K', 'AH', 'M', 'Y', 'UW', 'N', 'AH', 'K', 'EY', 'SH', 'AH', 'N']","['com', 'mu', 'nic', 'a', 'tion']",['communication'],0.3076923076923077,4.79e-05,"[24, 3, 26, 37, 15, 27, 3, 24]"
sugar,"['SH', 'UH', 'G', 'ER']","['sug', 'ar']","['s', 'ugar']",0.4,4.79e-05,"[32, 14, 21, 8, 0, 0, 0, 0]"
relationships,"['R', 'IY', 'L', 'EY', 'SH', 'AH', 'N', 'SH', 'IH', 'P', 'S']","['re', 'la', 'tion', 'ships']",['relationships'],0.23076923076923078,4.79e-05,"[30, 11, 25, 9, 32, 3, 27, 32]"
increasing,"['IH', 'N', 'K', 'R', 'IY', 'S', 'IH', 'NG']","['in', 'creas', 'ing']","['incre', 'asing']",0.3,4.79e-05,"[10, 27, 24, 30, 11, 31, 10, 28]"
officials,"['AH', 'F', 'IH', 'SH', 'AH', 'L', 'Z']","['of', 'fi', 'cials']","['official', 's']",0.3333333333333333,4.79e-05,"[3, 20, 10, 32, 3, 25, 38, 0]"
selected,"['S', 'AH', 'L', 'EH', 'K', 'T', 'AH', 'D']","['se', 'lec', 'ted']",['selected'],0.25,4.79e-05,"[31, 3, 25, 7, 24, 33, 3, 18]"
illegal,"['IH', 'L', 'IY', 'G', 'AH', 'L']","['il', 'leg', 'al']",['illegal'],0.2857142857142857,4.79e-05,"[10, 25, 11, 21, 3, 25, 0, 0]"
organizations,"['AO', 'R', 'G', 'AH', 'N', 'AH', 'Z', 'EY', 'SH', 'AH', 'N', 'Z']","['or', 'gan', 'iz', 'a', 'tions']",['organizations'],0.3076923076923077,4.68e-05,"[4, 30, 21, 3, 27, 3, 38, 9]"
affairs,"['AH', 'F', 'EH', 'R', 'Z']","['af', 'fairs']","['aff', 'airs']",0.2857142857142857,4.68e-05,"[3, 20, 7, 30, 38, 0, 0, 0]"
appeal,"['AH', 'P', 'IY', 'L']","['ap', 'peal']","['appe', 'al']",0.3333333333333333,4.68e-05,"[3, 29, 11, 25, 0, 0, 0, 0]"
measures,"['M', 'EH', 'ZH', 'ER', 'Z']","['meas', 'ures']","['me', 'asures']",0.25,4.68e-05,"[26, 7, 39, 8, 38, 0, 0, 0]"
mistake,"['M', 'IH', 'S', 'T', 'EY', 'K']","['mis', 'take']","['mist', 'ake']",0.2857142857142857,4.68e-05,"[26, 10, 31, 33, 9, 24, 0, 0]"
williams,"['W', 'IH', 'L', 'Y', 'AH', 'M', 'Z']","['wil', 'li', 'ams']","['will', 'iams']",0.375,4.68e-05,"[36, 10, 25, 37, 3, 26, 38, 0]"
regarding,"['R', 'AH', 'G', 'AA', 'R', 'D', 'IH', 'NG']","['re', 'gard', 'ing']","['reg', 'arding']",0.3333333333333333,4.68e-05,"[30, 3, 21, 1, 30, 18, 10, 28]"
appropriate,"['AH', 'P', 'R', 'OW', 'P', 'R', 'IY', 'AH', 'T']","['ap', 'pro', 'pri', 'ate']",['appropriate'],0.2727272727272727,4.68e-05,"[3, 29, 30, 12, 29, 30, 11, 3]"
accepted,"['AE', 'K', 'S', 'EH', 'P', 'T', 'IH', 'D']","['ac', 'cep', 'ted']",['accepted'],0.25,4.68e-05,"[2, 24, 31, 7, 29, 33, 10, 18]"
relations,"['R', 'IY', 'L', 'EY', 'SH', 'AH', 'N', 'Z']","['re', 'la', 'tions']",['relations'],0.2222222222222222,4.68e-05,"[30, 11, 25, 9, 32, 3, 27, 38]"
boston,"['B', 'AA', 'S', 'T', 'AH', 'N']","['bo', 'ston']","['b', 'oston']",0.3333333333333333,4.68e-05,"[16, 1, 31, 33, 3, 27, 0, 0]"
holiday,"['HH', 'AA', 'L', 'AH', 'D', 'EY']","['hol', 'i', 'day']",['holiday'],0.2857142857142857,4.57e-05,"[22, 1, 25, 3, 18, 9, 0, 0]"
internal,"['IH', 'N', 'T', 'ER', 'N', 'AH', 'L']","['in', 'tern', 'al']",['internal'],0.25,4.57e-05,"[10, 27, 33, 8, 27, 3, 25, 0]"
facilities,"['F', 'AH', 'S', 'IH', 'L', 'AH', 'T', 'IY', 'Z']","['fa', 'cil', 'it', 'ies']","['fac', 'ilities']",0.4,4.57e-05,"[20, 3, 31, 10, 25, 3, 33, 11]"
interests,"['IH', 'N', 'T', 'R', 'AH', 'S', 'T', 'S']","['in', 'terests']","['interest', 's']",0.2222222222222222,4.57e-05,"[10, 27, 33, 30, 3, 31, 33, 31]"
recorded,"['R', 'AH', 'K', 'AO', 'R', 'D', 'AH', 'D']","['re', 'cor', 'ded']","['record', 'ed']",0.375,4.57e-05,"[30, 3, 24, 4, 30, 18, 3, 18]"
candidate,"['K', 'AE', 'N', 'D', 'AH', 'D', 'EY', 'T']","['can', 'did', 'ate']",['candidate'],0.2222222222222222,4.57e-05,"[24, 2, 27, 18, 3, 18, 9, 33]"
milk,"['M', 'IH', 'L', 'K']",['milk'],"['m', 'ilk']",0.25,4.57e-05,"[26, 10, 25, 24, 0, 0, 0, 0]"
italian,"['IH', 'T', 'AE', 'L', 'Y', 'AH', 'N']","['itali', 'an']","['ital', 'ian']",0.2857142857142857,4.57e-05,"[10, 33, 2, 25, 37, 3, 27, 0]"
elections,"['IH', 'L', 'EH', 'K', 'SH', 'AH', 'N', 'Z']","['elec', 'tions']","['election', 's']",0.2222222222222222,4.57e-05,"[10, 25, 7, 24, 32, 3, 27, 38]"
discuss,"['D', 'IH', 'S', 'K', 'AH', 'S']","['dis', 'cuss']","['disc', 'uss']",0.2857142857142857,4.57e-05,"[18, 10, 31, 24, 3, 31, 0, 0]"
emotional,"['IH', 'M', 'OW', 'SH', 'AH', 'N', 'AH', 'L']","['emo', 'tion', 'al']","['em', 'otional']",0.3333333333333333,4.57e-05,"[10, 26, 12, 32, 3, 27, 3, 25]"
apartment,"['AH', 'P', 'AA', 'R', 'T', 'M', 'AH', 'N', 'T']","['apart', 'ment']","['ap', 'artment']",0.2222222222222222,4.47e-05,"[3, 29, 1, 30, 33, 26, 3, 27]"
cute,"['K', 'Y', 'UW', 'T']",['cute'],"['c', 'ute']",0.25,4.47e-05,"[24, 37, 15, 33, 0, 0, 0, 0]"
committed,"['K', 'AH', 'M', 'IH', 'T', 'AH', 'D']","['com', 'mit', 'ted']",['committed'],0.2222222222222222,4.47e-05,"[24, 3, 26, 10, 33, 3, 18, 0]"
revealed,"['R', 'IH', 'V', 'IY', 'L', 'D']","['re', 'vealed']","['reve', 'aled']",0.25,4.47e-05,"[30, 10, 35, 11, 25, 18, 0, 0]"
kitchen,"['K', 'IH', 'CH', 'AH', 'N']","['kit', 'chen']","['k', 'itchen']",0.2857142857142857,4.47e-05,"[24, 10, 17, 3, 27, 0, 0, 0]"
maintain,"['M', 'EY', 'N', 'T', 'EY', 'N']","['main', 'tain']","['maint', 'ain']",0.25,4.47e-05,"[26, 9, 27, 33, 9, 27, 0, 0]"
revenue,"['R', 'EH', 'V', 'AH', 'N', 'UW']","['rev', 'en', 'ue']","['re', 'venue']",0.42857142857142855,4.37e-05,"[30, 7, 35, 3, 27, 15, 0, 0]"
temperature,"['T', 'EH', 'M', 'P', 'R', 'AH', 'CH', 'ER']","['tem', 'per', 'at', 'ure']",['temperature'],0.2727272727272727,4.37e-05,"[33, 7, 26, 29, 30, 3, 17, 8]"
debate,"['D', 'AH', 'B', 'EY', 'T']","['de', 'bate']","['deb', 'ate']",0.3333333333333333,4.37e-05,"[18, 3, 16, 9, 33, 0, 0, 0]"
argument,"['AA', 'R', 'G', 'Y', 'AH', 'M', 'AH', 'N', 'T']","['ar', 'gu', 'ment']",['argument'],0.25,4.37e-05,"[1, 30, 21, 37, 3, 26, 3, 27]"
documents,"['D', 'AA', 'K', 'Y', 'AH', 'M', 'AH', 'N', 'T', 'S']","['doc', 'u', 'ments']",['documents'],0.2222222222222222,4.37e-05,"[18, 1, 24, 37, 3, 26, 3, 27]"
conflict,"['K', 'AA', 'N', 'F', 'L', 'IH', 'K', 'T']","['con', 'flict']","['conf', 'lict']",0.25,4.37e-05,"[24, 1, 27, 20, 25, 10, 24, 33]"
properly,"['P', 'R', 'AA', 'P', 'ER', 'L', 'IY']","['prop', 'erly']","['proper', 'ly']",0.25,4.37e-05,"[29, 30, 1, 29, 8, 25, 11, 0]"
extended,"['IH', 'K', 'S', 'T', 'EH', 'N', 'D', 'AH', 'D']","['ex', 'ten', 'ded']",['extended'],0.25,4.37e-05,"[10, 24, 31, 33, 7, 27, 18, 3]"
determined,"['D', 'IH', 'T', 'ER', 'M', 'AH', 'N', 'D']","['de', 'term', 'ined']","['d', 'etermined']",0.3,4.37e-05,"[18, 10, 33, 8, 26, 3, 27, 18]"
approximately,"['AH', 'P', 'R', 'AA', 'K', 'S', 'AH', 'M', 'AH', 'T', 'L', 'IY']","['ap', 'prox', 'im', 'ately']",['approximately'],0.23076923076923078,4.37e-05,"[3, 29, 30, 1, 24, 31, 3, 26]"
millions,"['M', 'IH', 'L', 'Y', 'AH', 'N', 'Z']","['mil', 'lions']","['mill', 'ions']",0.25,4.37e-05,"[26, 10, 25, 37, 3, 27, 38, 0]"
arrested,"['ER', 'EH', 'S', 'T', 'AH', 'D']","['ar', 'res', 'ted']","['ar', 'rest', 'ed']",0.25,4.37e-05,"[8, 7, 31, 33, 3, 18, 0, 0]"
thousand,"['TH', 'AW', 'Z', 'AH', 'N', 'D']","['thou', 'sand']","['th', 'ousand']",0.25,4.37e-05,"[34, 5, 38, 3, 27, 18, 0, 0]"
distribution,"['D', 'IH', 'S', 'T', 'R', 'AH', 'B', 'Y', 'UW', 'SH', 'AH', 'N']","['dis', 'tri', 'bu', 'tion']",['distribution'],0.25,4.37e-05,"[18, 10, 31, 33, 30, 3, 16, 37]"
tony,"['T', 'OW', 'N', 'IY']",['tony'],"['ton', 'y']",0.25,4.37e-05,"[33, 12, 27, 11, 0, 0, 0, 0]"
applications,"['AE', 'P', 'L', 'AH', 'K', 'EY', 'SH', 'AH', 'N', 'Z']","['ap', 'plic', 'a', 'tions']",['applications'],0.25,4.37e-05,"[2, 29, 25, 3, 24, 9, 32, 3]"
positions,"['P', 'AH', 'Z', 'IH', 'SH', 'AH', 'N', 'Z']","['po', 's', 'i', 'tions']",['positions'],0.3333333333333333,4.27e-05,"[29, 3, 38, 10, 32, 3, 27, 38]"
remaining,"['R', 'IH', 'M', 'EY', 'N', 'IH', 'NG']","['re', 'main', 'ing']",['remaining'],0.2222222222222222,4.27e-05,"[30, 10, 26, 9, 27, 10, 28, 0]"
determine,"['D', 'AH', 'T', 'ER', 'M', 'AH', 'N']","['de', 'term', 'ine']","['d', 'etermine']",0.3333333333333333,4.27e-05,"[18, 3, 33, 8, 26, 3, 27, 0]"
dying,"['D', 'AY', 'IH', 'NG']","['dy', 'ing']","['d', 'ying']",0.4,4.27e-05,"[18, 6, 10, 28, 0, 0, 0, 0]"
meat,"['M', 'IY', 'T']",['meat'],"['me', 'at']",0.25,4.27e-05,"[26, 11, 33, 0, 0, 0, 0, 0]"
elected,"['IH', 'L', 'EH', 'K', 'T', 'AH', 'D']","['elec', 'ted']","['e', 'lected']",0.2857142857142857,4.27e-05,"[10, 25, 7, 24, 33, 3, 18, 0]"
bowl,"['B', 'OW', 'L']",['bowl'],"['b', 'owl']",0.25,4.27e-05,"[16, 12, 25, 0, 0, 0, 0, 0]"
stadium,"['S', 'T', 'EY', 'D', 'IY', 'AH', 'M']","['sta', 'di', 'um']","['st', 'adium']",0.42857142857142855,4.27e-05,"[31, 33, 9, 18, 11, 3, 26, 0]"
coverage,"['K', 'AH', 'V', 'ER', 'AH', 'JH']","['cov', 'er', 'age']",['coverage'],0.25,4.27e-05,"[24, 3, 35, 8, 3, 23, 0, 0]"
trading,"['T', 'R', 'EY', 'D', 'IH', 'NG']","['trad', 'ing']","['tr', 'ading']",0.2857142857142857,4.27e-05,"[33, 30, 9, 18, 10, 28, 0, 0]"
funding,"['F', 'AH', 'N', 'D', 'IH', 'NG']","['fund', 'ing']","['f', 'unding']",0.2857142857142857,4.27e-05,"[20, 3, 27, 18, 10, 28, 0, 0]"
basically,"['B', 'EY', 'S', 'IH', 'K', 'L', 'IY']","['ba', 'sic', 'ally']","['bas', 'ically']",0.3333333333333333,4.27e-05,"[16, 9, 31, 10, 24, 25, 11, 0]"
surgery,"['S', 'ER', 'JH', 'ER', 'IY']","['sur', 'gery']","['s', 'urgery']",0.2857142857142857,4.27e-05,"[31, 8, 23, 8, 11, 0, 0, 0]"
whenever,"['W', 'EH', 'N', 'EH', 'V', 'ER']","['whenev', 'er']","['wh', 'enever']",0.25,4.27e-05,"[36, 7, 27, 7, 35, 8, 0, 0]"
inspired,"['IH', 'N', 'S', 'P', 'AY', 'ER', 'D']","['in', 'spired']","['ins', 'pired']",0.25,4.27e-05,"[10, 27, 31, 29, 6, 8, 18, 0]"
chicken,"['CH', 'IH', 'K', 'AH', 'N']","['chick', 'en']","['ch', 'icken']",0.2857142857142857,4.27e-05,"[17, 10, 24, 3, 27, 0, 0, 0]"
besides,"['B', 'IH', 'S', 'AY', 'D', 'Z']","['be', 'sides']","['bes', 'ides']",0.2857142857142857,4.27e-05,"[16, 10, 31, 6, 18, 38, 0, 0]"
tuesday,"['T', 'UW', 'Z', 'D', 'IY']","['tues', 'day']","['t', 'uesday']",0.2857142857142857,4.27e-05,"[33, 15, 38, 18, 11, 0, 0, 0]"
giant,"['JH', 'AY', 'AH', 'N', 'T']","['gi', 'ant']","['g', 'iant']",0.4,4.17e-05,"[23, 6, 3, 27, 33, 0, 0, 0]"
voting,"['V', 'OW', 'T', 'IH', 'NG']","['vot', 'ing']","['v', 'oting']",0.3333333333333333,4.17e-05,"[35, 12, 33, 10, 28, 0, 0, 0]"
estimated,"['EH', 'S', 'T', 'AH', 'M', 'EY', 'T', 'AH', 'D']","['es', 'tim', 'ated']",['estimated'],0.2222222222222222,4.17e-05,"[7, 31, 33, 3, 26, 9, 33, 3]"
typically,"['T', 'IH', 'P', 'IH', 'K', 'L', 'IY']","['typ', 'ic', 'ally']",['typically'],0.2222222222222222,4.17e-05,"[33, 10, 29, 10, 24, 25, 11, 0]"
remained,"['R', 'IH', 'M', 'EY', 'N', 'D']","['re', 'mained']","['rem', 'ained']",0.25,4.17e-05,"[30, 10, 26, 9, 27, 18, 0, 0]"
suicide,"['S', 'UW', 'AH', 'S', 'AY', 'D']","['sui', 'cide']","['su', 'icide']",0.2857142857142857,4.17e-05,"[31, 15, 3, 31, 6, 18, 0, 0]"
iran,"['IH', 'R', 'AA', 'N']","['ir', 'an']",['iran'],0.25,4.17e-05,"[10, 30, 1, 27, 0, 0, 0, 0]"
delivered,"['D', 'IH', 'L', 'IH', 'V', 'ER', 'D']","['de', 'livered']","['del', 'ivered']",0.2222222222222222,4.17e-05,"[18, 10, 25, 10, 35, 8, 18, 0]"
begins,"['B', 'IH', 'G', 'IH', 'N', 'Z']","['be', 'gins']","['beg', 'ins']",0.3333333333333333,4.17e-05,"[16, 10, 21, 10, 27, 38, 0, 0]"
jim,"['JH', 'IH', 'M']",['jim'],"['j', 'im']",0.3333333333333333,4.17e-05,"[23, 10, 26, 0, 0, 0, 0, 0]"
champion,"['CH', 'AE', 'M', 'P', 'IY', 'AH', 'N']","['cham', 'pi', 'on']","['ch', 'ampion']",0.375,4.17e-05,"[17, 2, 26, 29, 11, 3, 27, 0]"
selection,"['S', 'AH', 'L', 'EH', 'K', 'SH', 'AH', 'N']","['se', 'lec', 'tion']",['selection'],0.2222222222222222,4.17e-05,"[31, 3, 25, 7, 24, 32, 3, 27]"
moments,"['M', 'OW', 'M', 'AH', 'N', 'T', 'S']","['mo', 'ments']","['mom', 'ents']",0.2857142857142857,4.17e-05,"[26, 12, 26, 3, 27, 33, 31, 0]"
jail,"['JH', 'EY', 'L']",['jail'],"['j', 'ail']",0.25,4.17e-05,"[23, 9, 25, 0, 0, 0, 0, 0]"
editor,"['EH', 'D', 'AH', 'T', 'ER']","['ed', 'it', 'or']",['editor'],0.3333333333333333,4.17e-05,"[7, 18, 3, 33, 8, 0, 0, 0]"
recommend,"['R', 'EH', 'K', 'AH', 'M', 'EH', 'N', 'D']","['re', 'com', 'mend']",['recommend'],0.2222222222222222,4.07e-05,"[30, 7, 24, 3, 26, 7, 27, 18]"
humans,"['HH', 'Y', 'UW', 'M', 'AH', 'N', 'Z']","['hu', 'mans']","['hum', 'ans']",0.3333333333333333,4.07e-05,"[22, 37, 15, 26, 3, 27, 38, 0]"
essential,"['IH', 'S', 'EH', 'N', 'SH', 'AH', 'L']","['es', 'sen', 'tial']",['essential'],0.2222222222222222,4.07e-05,"[10, 31, 7, 27, 32, 3, 25, 0]"
medium,"['M', 'IY', 'D', 'IY', 'AH', 'M']","['me', 'di', 'um']",['medium'],0.3333333333333333,4.07e-05,"[26, 11, 18, 11, 3, 26, 0, 0]"
conservative,"['K', 'AH', 'N', 'S', 'ER', 'V', 'AH', 'T', 'IH', 'V']","['con', 'ser', 'vat', 'ive']","['cons', 'ervative']",0.3333333333333333,4.07e-05,"[24, 3, 27, 31, 8, 35, 3, 33]"
granted,"['G', 'R', 'AE', 'N', 'T', 'AH', 'D']","['gran', 'ted']","['gr', 'anted']",0.2857142857142857,4.07e-05,"[21, 30, 2, 27, 33, 3, 18, 0]"
combination,"['K', 'AA', 'M', 'B', 'AH', 'N', 'EY', 'SH', 'AH', 'N']","['com', 'bin', 'a', 'tion']",['combination'],0.2727272727272727,4.07e-05,"[24, 1, 26, 16, 3, 27, 9, 32]"
relevant,"['R', 'EH', 'L', 'AH', 'V', 'AH', 'N', 'T']","['rel', 'ev', 'ant']",['relevant'],0.25,4.07e-05,"[30, 7, 25, 3, 35, 3, 27, 33]"
destroyed,"['D', 'IH', 'S', 'T', 'R', 'OY', 'D']","['des', 'troyed']","['destroy', 'ed']",0.2222222222222222,4.07e-05,"[18, 10, 31, 33, 30, 13, 18, 0]"
ohio,"['OW', 'HH', 'AY', 'OW']",['ohio'],"['oh', 'io']",0.25,4.07e-05,"[12, 22, 6, 12, 0, 0, 0, 0]"
customer,"['K', 'AH', 'S', 'T', 'AH', 'M', 'ER']","['cus', 'tom', 'er']",['customer'],0.25,4.07e-05,"[24, 3, 31, 33, 3, 26, 8, 0]"
perfectly,"['P', 'ER', 'F', 'AH', 'K', 'T', 'L', 'IY']","['per', 'fectly']","['perfect', 'ly']",0.2222222222222222,4.07e-05,"[29, 8, 20, 3, 24, 33, 25, 11]"
opportunities,"['AA', 'P', 'ER', 'T', 'UW', 'N', 'AH', 'T', 'IY', 'Z']","['op', 'por', 'tun', 'it', 'ies']","['op', 'port', 'unities']",0.3076923076923077,4.07e-05,"[1, 29, 8, 33, 15, 27, 3, 33]"
jewish,"['JH', 'UW', 'IH', 'SH']","['jew', 'ish']","['j', 'ewish']",0.3333333333333333,4.07e-05,"[23, 15, 10, 32, 0, 0, 0, 0]"
familiar,"['F', 'AH', 'M', 'IH', 'L', 'Y', 'ER']","['fa', 'mil', 'i', 'ar']","['f', 'amiliar']",0.5,4.07e-05,"[20, 3, 26, 10, 25, 37, 8, 0]"
desire,"['D', 'IH', 'Z', 'AY', 'ER']","['de', 'sire']","['des', 'ire']",0.3333333333333333,4.07e-05,"[18, 10, 38, 6, 8, 0, 0, 0]"
solo,"['S', 'OW', 'L', 'OW']",['solo'],"['s', 'olo']",0.25,4.07e-05,"[31, 12, 25, 12, 0, 0, 0, 0]"
hundreds,"['HH', 'AH', 'N', 'D', 'R', 'AH', 'D', 'Z']","['hun', 'dreds']","['h', 'undreds']",0.25,4.07e-05,"[22, 3, 27, 18, 30, 3, 18, 38]"
educational,"['EH', 'JH', 'AH', 'K', 'EY', 'SH', 'AH', 'N', 'AH', 'L']","['edu', 'ca', 'tion', 'al']","['educ', 'ational']",0.36363636363636365,3.98e-05,"[7, 23, 3, 24, 9, 32, 3, 27]"
directed,"['D', 'ER', 'EH', 'K', 'T', 'AH', 'D']","['dir', 'ec', 'ted']","['direct', 'ed']",0.375,3.98e-05,"[18, 8, 7, 24, 33, 3, 18, 0]"
maximum,"['M', 'AE', 'K', 'S', 'AH', 'M', 'AH', 'M']","['max', 'im', 'um']",['maximum'],0.2857142857142857,3.98e-05,"[26, 2, 24, 31, 3, 26, 3, 26]"
facility,"['F', 'AH', 'S', 'IH', 'L', 'IH', 'T', 'IY']","['fa', 'cil', 'ity']",['facility'],0.25,3.98e-05,"[20, 3, 31, 10, 25, 10, 33, 11]"
scottish,"['S', 'K', 'AA', 'T', 'IH', 'SH']","['scot', 'tish']","['sc', 'ott', 'ish']",0.375,3.98e-05,"[31, 24, 1, 33, 10, 32, 0, 0]"
creative,"['K', 'R', 'IY', 'EY', 'T', 'IH', 'V']","['cre', 'at', 'ive']",['creative'],0.25,3.98e-05,"[24, 30, 11, 9, 33, 10, 35, 0]"
entertainment,"['EH', 'N', 'T', 'ER', 'T', 'EY', 'N', 'M', 'AH', 'N', 'T']","['en', 'ter', 'tain', 'ment']","['ent', 'ertainment']",0.3076923076923077,3.98e-05,"[7, 27, 33, 8, 33, 9, 27, 26]"
newspaper,"['N', 'UW', 'Z', 'P', 'EY', 'P', 'ER']","['news', 'pa', 'per']","['new', 'sp', 'aper']",0.4444444444444444,3.98e-05,"[27, 15, 38, 29, 9, 29, 8, 0]"
extreme,"['IH', 'K', 'S', 'T', 'R', 'IY', 'M']","['ex', 'treme']","['ext', 'reme']",0.2857142857142857,3.98e-05,"[10, 24, 31, 33, 30, 11, 26, 0]"
dealing,"['D', 'IY', 'L', 'IH', 'NG']","['deal', 'ing']","['de', 'aling']",0.2857142857142857,3.98e-05,"[18, 11, 25, 10, 28, 0, 0, 0]"
offering,"['AO', 'F', 'ER', 'IH', 'NG']","['of', 'fer', 'ing']","['off', 'ering']",0.375,3.98e-05,"[4, 20, 8, 10, 28, 0, 0, 0]"
deserve,"['D', 'IH', 'Z', 'ER', 'V']","['de', 'serve']","['des', 'erve']",0.2857142857142857,3.89e-05,"[18, 10, 38, 8, 35, 0, 0, 0]"
wars,"['W', 'AO', 'R', 'Z']",['wars'],"['w', 'ars']",0.25,3.89e-05,"[36, 4, 30, 38, 0, 0, 0, 0]"
ryan,"['R', 'AY', 'AH', 'N']","['ry', 'an']",['ryan'],0.25,3.89e-05,"[30, 6, 3, 27, 0, 0, 0, 0]"
pacific,"['P', 'AH', 'S', 'IH', 'F', 'IH', 'K']","['pa', 'cific']","['p', 'acific']",0.2857142857142857,3.89e-05,"[29, 3, 31, 10, 20, 10, 24, 0]"
sees,"['S', 'IY', 'Z']",['sees'],"['se', 'es']",0.25,3.89e-05,"[31, 11, 38, 0, 0, 0, 0, 0]"
blow,"['B', 'L', 'OW']",['blow'],"['bl', 'ow']",0.25,3.89e-05,"[16, 25, 12, 0, 0, 0, 0, 0]"
rural,"['R', 'UH', 'R', 'AH', 'L']","['rur', 'al']","['r', 'ural']",0.4,3.89e-05,"[30, 14, 30, 3, 25, 0, 0, 0]"
resolution,"['R', 'EH', 'Z', 'AH', 'L', 'UW', 'SH', 'AH', 'N']","['res', 'ol', 'u', 'tion']",['resolution'],0.3,3.89e-05,"[30, 7, 38, 3, 25, 15, 32, 3]"
dollar,"['D', 'AA', 'L', 'ER']","['dol', 'lar']","['d', 'ollar']",0.3333333333333333,3.89e-05,"[18, 1, 25, 8, 0, 0, 0, 0]"
appointed,"['AH', 'P', 'OY', 'N', 'T', 'AH', 'D']","['ap', 'poin', 'ted']",['appointed'],0.2222222222222222,3.89e-05,"[3, 29, 13, 27, 33, 3, 18, 0]"
universe,"['Y', 'UW', 'N', 'AH', 'V', 'ER', 'S']","['uni', 'verse']","['un', 'iverse']",0.25,3.89e-05,"[37, 15, 27, 3, 35, 8, 31, 0]"
assistance,"['AH', 'S', 'IH', 'S', 'T', 'AH', 'N', 'S']","['as', 'sist', 'ance']","['ass', 'istance']",0.3,3.89e-05,"[3, 31, 10, 31, 33, 3, 27, 31]"
delivery,"['D', 'IH', 'L', 'IH', 'V', 'ER', 'IY']","['de', 'liv', 'ery']",['delivery'],0.25,3.89e-05,"[18, 10, 25, 10, 35, 8, 11, 0]"
communications,"['K', 'AH', 'M', 'Y', 'UW', 'N', 'AH', 'K', 'EY', 'SH', 'AH', 'N', 'Z']","['com', 'mu', 'nic', 'a', 'tions']",['communications'],0.2857142857142857,3.89e-05,"[24, 3, 26, 37, 15, 27, 3, 24]"
affect,"['AH', 'F', 'EH', 'K', 'T']","['af', 'fect']","['a', 'ffect']",0.3333333333333333,3.89e-05,"[3, 20, 7, 24, 33, 0, 0, 0]"
kiss,"['K', 'IH', 'S']",['kiss'],"['k', 'iss']",0.25,3.8e-05,"[24, 10, 31, 0, 0, 0, 0, 0]"
represent,"['R', 'EH', 'P', 'R', 'AH', 'Z', 'EH', 'N', 'T']","['rep', 'res', 'ent']",['represent'],0.2222222222222222,3.8e-05,"[30, 7, 29, 30, 3, 38, 7, 27]"
jackson,"['JH', 'AE', 'K', 'S', 'AH', 'N']","['jack', 'son']","['j', 'ackson']",0.2857142857142857,3.8e-05,"[23, 2, 24, 31, 3, 27, 0, 0]"
heaven,"['HH', 'EH', 'V', 'AH', 'N']","['heav', 'en']","['he', 'aven']",0.3333333333333333,3.8e-05,"[22, 7, 35, 3, 27, 0, 0, 0]"
possibility,"['P', 'AA', 'S', 'AH', 'B', 'IH', 'L', 'AH', 'T', 'IY']","['pos', 'sib', 'il', 'ity']","['poss', 'ibility']",0.36363636363636365,3.8e-05,"[29, 1, 31, 3, 16, 10, 25, 3]"
attitude,"['AE', 'T', 'AH', 'T', 'UW', 'D']","['at', 'ti', 'tude']","['att', 'itude']",0.375,3.8e-05,"[2, 33, 3, 33, 15, 18, 0, 0]"
competitive,"['K', 'AH', 'M', 'P', 'EH', 'T', 'AH', 'T', 'IH', 'V']","['com', 'pet', 'it', 'ive']",['competitive'],0.2727272727272727,3.72e-05,"[24, 3, 26, 29, 7, 33, 3, 33]"
clinton,"['K', 'L', 'IH', 'N', 'T', 'AH', 'N']","['clin', 'ton']","['cl', 'inton']",0.2857142857142857,3.72e-05,"[24, 25, 10, 27, 33, 3, 27, 0]"
programme,"['P', 'R', 'OW', 'G', 'R', 'AE', 'M']","['pro', 'gramme']","['program', 'me']",0.2222222222222222,3.72e-05,"[29, 30, 12, 21, 30, 2, 26, 0]"
permanent,"['P', 'ER', 'M', 'AH', 'N', 'AH', 'N', 'T']","['per', 'man', 'ent']",['permanent'],0.2222222222222222,3.72e-05,"[29, 8, 26, 3, 27, 3, 27, 33]"
ultimately,"['AH', 'L', 'T', 'AH', 'M', 'AH', 'T', 'L', 'IY']","['ul', 'ti', 'mately']","['ult', 'imately']",0.3,3.72e-05,"[3, 25, 33, 3, 26, 3, 33, 25]"
occurred,"['AH', 'K', 'ER', 'D']","['oc', 'curred']","['occ', 'urred']",0.25,3.72e-05,"[3, 24, 8, 18, 0, 0, 0, 0]"
andrew,"['AE', 'N', 'D', 'R', 'UW']","['an', 'drew']","['and', 'rew']",0.3333333333333333,3.72e-05,"[2, 27, 18, 30, 15, 0, 0, 0]"
pleasure,"['P', 'L', 'EH', 'ZH', 'ER']","['pleas', 'ure']","['ple', 'asure']",0.25,3.72e-05,"[29, 25, 7, 39, 8, 0, 0, 0]"
tend,"['T', 'EH', 'N', 'D']",['tend'],"['t', 'end']",0.25,3.72e-05,"[33, 7, 27, 18, 0, 0, 0, 0]"
academic,"['AE', 'K', 'AH', 'D', 'EH', 'M', 'IH', 'K']","['aca', 'dem', 'ic']",['academic'],0.25,3.72e-05,"[2, 24, 3, 18, 7, 26, 10, 24]"
chemical,"['K', 'EH', 'M', 'AH', 'K', 'AH', 'L']","['chem', 'ic', 'al']",['chemical'],0.25,3.72e-05,"[24, 7, 26, 3, 24, 3, 25, 0]"
navy,"['N', 'EY', 'V', 'IY']",['navy'],"['nav', 'y']",0.25,3.72e-05,"[27, 9, 35, 11, 0, 0, 0, 0]"
afford,"['AH', 'F', 'AO', 'R', 'D']","['af', 'ford']","['aff', 'ord']",0.3333333333333333,3.72e-05,"[3, 20, 4, 30, 18, 0, 0, 0]"
representative,"['R', 'EH', 'P', 'R', 'AH', 'Z', 'EH', 'N', 'T', 'AH', 'T', 'IH', 'V']","['rep', 'res', 'ent', 'at', 'ive']","['represent', 'ative']",0.21428571428571427,3.72e-05,"[30, 7, 29, 30, 3, 38, 7, 27]"
kevin,"['K', 'EH', 'V', 'IH', 'N']","['kev', 'in']","['ke', 'vin']",0.4,3.63e-05,"[24, 7, 35, 10, 27, 0, 0, 0]"
victims,"['V', 'IH', 'K', 'T', 'AH', 'M', 'Z']","['vic', 'tims']","['v', 'ict', 'ims']",0.42857142857142855,3.63e-05,"[35, 10, 24, 33, 3, 26, 38, 0]"
golf,"['G', 'AA', 'L', 'F']",['golf'],"['g', 'olf']",0.25,3.63e-05,"[21, 1, 25, 20, 0, 0, 0, 0]"
exclusive,"['IH', 'K', 'S', 'K', 'L', 'UW', 'S', 'IH', 'V']","['ex', 'clus', 'ive']",['exclusive'],0.2222222222222222,3.63e-05,"[10, 24, 31, 24, 25, 15, 31, 10]"
perspective,"['P', 'ER', 'S', 'P', 'EH', 'K', 'T', 'IH', 'V']","['per', 'spect', 'ive']","['pers', 'pective']",0.2727272727272727,3.63e-05,"[29, 8, 31, 29, 7, 24, 33, 10]"
premier,"['P', 'R', 'EH', 'M', 'IH', 'R']","['premi', 'er']","['pre', 'm', 'ier']",0.42857142857142855,3.63e-05,"[29, 30, 7, 26, 10, 30, 0, 0]"
depending,"['D', 'IH', 'P', 'EH', 'N', 'D', 'IH', 'NG']","['de', 'pend', 'ing']",['depending'],0.2222222222222222,3.63e-05,"[18, 10, 29, 7, 27, 18, 10, 28]"
excuse,"['IH', 'K', 'S', 'K', 'Y', 'UW', 'S']","['ex', 'cuse']","['exc', 'use']",0.3333333333333333,3.63e-05,"[10, 24, 31, 24, 37, 15, 31, 0]"
laid,"['L', 'EY', 'D']",['laid'],"['l', 'aid']",0.25,3.63e-05,"[25, 9, 18, 0, 0, 0, 0, 0]"
manufacturing,"['M', 'AE', 'N', 'Y', 'AH', 'F', 'AE', 'K', 'CH', 'ER', 'IH', 'NG']","['man', 'u', 'fac', 'tur', 'ing']","['manufact', 'uring']",0.38461538461538464,3.63e-05,"[26, 2, 27, 37, 3, 20, 2, 24]"
constitution,"['K', 'AA', 'N', 'S', 'T', 'AH', 'T', 'UW', 'SH', 'AH', 'N']","['con', 'sti', 'tu', 'tion']",['constitution'],0.25,3.63e-05,"[24, 1, 27, 31, 33, 3, 33, 15]"
promote,"['P', 'R', 'AH', 'M', 'OW', 'T']","['pro', 'mote']","['prom', 'ote']",0.2857142857142857,3.63e-05,"[29, 30, 3, 26, 12, 33, 0, 0]"
latter,"['L', 'AE', 'T', 'ER']","['lat', 'ter']","['l', 'atter']",0.3333333333333333,3.63e-05,"[25, 2, 33, 8, 0, 0, 0, 0]"
catholic,"['K', 'AE', 'TH', 'L', 'IH', 'K']","['cath', 'ol', 'ic']","['c', 'atholic']",0.375,3.55e-05,"[24, 2, 34, 25, 10, 24, 0, 0]"
staying,"['S', 'T', 'EY', 'IH', 'NG']","['stay', 'ing']","['st', 'aying']",0.2857142857142857,3.55e-05,"[31, 33, 9, 10, 28, 0, 0, 0]"
relief,"['R', 'IH', 'L', 'IY', 'F']","['re', 'lief']","['rel', 'ief']",0.3333333333333333,3.55e-05,"[30, 10, 25, 11, 20, 0, 0, 0]"
doctors,"['D', 'AA', 'K', 'T', 'ER', 'Z']","['doc', 'tors']","['do', 'ctors']",0.2857142857142857,3.55e-05,"[18, 1, 24, 33, 8, 38, 0, 0]"
deliver,"['D', 'IH', 'L', 'IH', 'V', 'ER']","['de', 'liv', 'er']",['deliver'],0.2857142857142857,3.55e-05,"[18, 10, 25, 10, 35, 8, 0, 0]"
interior,"['IH', 'N', 'T', 'IH', 'R', 'IY', 'ER']","['in', 'teri', 'or']","['inter', 'ior']",0.375,3.55e-05,"[10, 27, 33, 10, 30, 11, 8, 0]"
practices,"['P', 'R', 'AE', 'K', 'T', 'AH', 'S', 'AH', 'Z']","['prac', 'tices']","['pr', 'actices']",0.2222222222222222,3.55e-05,"[29, 30, 2, 24, 33, 3, 31, 3]"
legislation,"['L', 'EH', 'JH', 'AH', 'S', 'L', 'EY', 'SH', 'AH', 'N']","['le', 'gis', 'la', 'tion']","['leg', 'islation']",0.36363636363636365,3.55e-05,"[25, 7, 23, 3, 31, 25, 9, 32]"
manner,"['M', 'AE', 'N', 'ER']","['man', 'ner']","['m', 'anner']",0.3333333333333333,3.55e-05,"[26, 2, 27, 8, 0, 0, 0, 0]"
electronic,"['IH', 'L', 'EH', 'K', 'T', 'R', 'AA', 'N', 'IH', 'K']","['elec', 'tron', 'ic']","['elect', 'ronic']",0.3,3.55e-05,"[10, 25, 7, 24, 33, 30, 1, 27]"
retail,"['R', 'IY', 'T', 'EY', 'L']","['re', 'tail']","['ret', 'ail']",0.3333333333333333,3.55e-05,"[30, 11, 33, 9, 25, 0, 0, 0]"
declared,"['D', 'IH', 'K', 'L', 'EH', 'R', 'D']","['de', 'clared']","['decl', 'ared']",0.25,3.55e-05,"[18, 10, 24, 25, 7, 30, 18, 0]"
existence,"['EH', 'G', 'Z', 'IH', 'S', 'T', 'AH', 'N', 'S']","['ex', 'ist', 'ence']",['existence'],0.2222222222222222,3.55e-05,"[7, 21, 38, 10, 31, 33, 3, 27]"
matt,"['M', 'AE', 'T']",['matt'],"['m', 'att']",0.25,3.55e-05,"[26, 2, 33, 0, 0, 0, 0, 0]"
brilliant,"['B', 'R', 'IH', 'L', 'Y', 'AH', 'N', 'T']","['bril', 'liant']","['br', 'ill', 'iant']",0.3333333333333333,3.55e-05,"[16, 30, 10, 25, 37, 3, 27, 33]"
somewhat,"['S', 'AH', 'M', 'W', 'AH', 'T']","['some', 'what']","['som', 'ewhat']",0.25,3.55e-05,"[31, 3, 26, 36, 3, 33, 0, 0]"
exciting,"['IH', 'K', 'S', 'AY', 'T', 'IH', 'NG']","['ex', 'cit', 'ing']","['exc', 'iting']",0.375,3.47e-05,"[10, 24, 31, 6, 33, 10, 28, 0]"
refused,"['R', 'AH', 'F', 'Y', 'UW', 'Z', 'D']","['re', 'fused']","['ref', 'used']",0.2857142857142857,3.47e-05,"[30, 3, 20, 37, 15, 38, 18, 0]"
calm,"['K', 'AA', 'M']",['calm'],"['cal', 'm']",0.25,3.47e-05,"[24, 1, 26, 0, 0, 0, 0, 0]"
absolute,"['AE', 'B', 'S', 'AH', 'L', 'UW', 'T']","['ab', 'so', 'lute']",['absolute'],0.25,3.47e-05,"[2, 16, 31, 3, 25, 15, 33, 0]"
michigan,"['M', 'IH', 'SH', 'IH', 'G', 'AH', 'N']",['michigan'],"['m', 'ich', 'igan']",0.25,3.47e-05,"[26, 10, 32, 10, 21, 3, 27, 0]"
agencies,"['EY', 'JH', 'AH', 'N', 'S', 'IY', 'Z']","['agen', 'cies']","['ag', 'encies']",0.25,3.47e-05,"[9, 23, 3, 27, 31, 11, 38, 0]"
bathroom,"['B', 'AE', 'TH', 'R', 'UW', 'M']","['bath', 'room']","['b', 'athroom']",0.25,3.47e-05,"[16, 2, 34, 30, 15, 26, 0, 0]"
democrats,"['D', 'EH', 'M', 'AH', 'K', 'R', 'AE', 'T', 'S']","['demo', 'crats']","['dem', 'ocrats']",0.2222222222222222,3.47e-05,"[18, 7, 26, 3, 24, 30, 2, 33]"
championship,"['CH', 'AE', 'M', 'P', 'IY', 'AH', 'N', 'SH', 'IH', 'P']","['cham', 'pi', 'on', 'ship']","['ch', 'ampionship']",0.3333333333333333,3.47e-05,"[17, 2, 26, 29, 11, 3, 27, 32]"
incident,"['IH', 'N', 'S', 'AH', 'D', 'AH', 'N', 'T']","['in', 'cid', 'ent']",['incident'],0.25,3.47e-05,"[10, 27, 31, 3, 18, 3, 27, 33]"
driven,"['D', 'R', 'IH', 'V', 'AH', 'N']","['driv', 'en']","['dr', 'iven']",0.3333333333333333,3.47e-05,"[18, 30, 10, 35, 3, 27, 0, 0]"
soviet,"['S', 'OW', 'V', 'IY', 'AH', 'T']","['so', 'viet']","['sov', 'iet']",0.3333333333333333,3.47e-05,"[31, 12, 35, 11, 3, 33, 0, 0]"
wet,"['W', 'EH', 'T']",['wet'],"['w', 'et']",0.3333333333333333,3.47e-05,"[36, 7, 33, 0, 0, 0, 0, 0]"
empire,"['EH', 'M', 'P', 'AY', 'ER']","['em', 'pire']","['emp', 'ire']",0.3333333333333333,3.47e-05,"[7, 26, 29, 6, 8, 0, 0, 0]"
expansion,"['IH', 'K', 'S', 'P', 'AE', 'N', 'SH', 'AH', 'N']","['ex', 'pan', 'sion']","['exp', 'ansion']",0.3333333333333333,3.47e-05,"[10, 24, 31, 29, 2, 27, 32, 3]"
significantly,"['S', 'IH', 'G', 'N', 'IH', 'F', 'IH', 'K', 'AH', 'N', 'T', 'L', 'IY']","['sig', 'ni', 'fic', 'antly']","['sign', 'ificantly']",0.3076923076923077,3.47e-05,"[31, 10, 21, 27, 10, 20, 10, 24]"
dumb,"['D', 'AH', 'M']",['dumb'],"['d', 'umb']",0.25,3.47e-05,"[18, 3, 26, 0, 0, 0, 0, 0]"
fees,"['F', 'IY', 'Z']",['fees'],"['fe', 'es']",0.25,3.39e-05,"[20, 11, 38, 0, 0, 0, 0, 0]"
officially,"['AH', 'F', 'IH', 'SH', 'AH', 'L', 'IY']","['of', 'fi', 'cially']","['official', 'ly']",0.3,3.39e-05,"[3, 20, 10, 32, 3, 25, 11, 0]"
retirement,"['R', 'IY', 'T', 'AY', 'ER', 'M', 'AH', 'N', 'T']","['re', 'tire', 'ment']","['ret', 'irement']",0.3,3.39e-05,"[30, 11, 33, 6, 8, 26, 3, 27]"
wondering,"['W', 'AH', 'N', 'D', 'ER', 'IH', 'NG']","['won', 'der', 'ing']","['w', 'onder', 'ing']",0.2222222222222222,3.39e-05,"[36, 3, 27, 18, 8, 10, 28, 0]"
ultimate,"['AH', 'L', 'T', 'AH', 'M', 'AH', 'T']","['ul', 'ti', 'mate']",['ultimate'],0.25,3.39e-05,"[3, 25, 33, 3, 26, 3, 33, 0]"
closely,"['K', 'L', 'OW', 'S', 'L', 'IY']",['closely'],"['c', 'los', 'ely']",0.2857142857142857,3.39e-05,"[24, 25, 12, 31, 25, 11, 0, 0]"
secondary,"['S', 'EH', 'K', 'AH', 'N', 'D', 'EH', 'R', 'IY']","['sec', 'ond', 'ary']",['secondary'],0.2222222222222222,3.39e-05,"[31, 7, 24, 3, 27, 18, 7, 30]"
princess,"['P', 'R', 'IH', 'N', 'S', 'EH', 'S']","['prin', 'cess']","['pr', 'incess']",0.25,3.39e-05,"[29, 30, 10, 27, 31, 7, 31, 0]"
suffering,"['S', 'AH', 'F', 'ER', 'IH', 'NG']","['suf', 'fer', 'ing']","['s', 'uffer', 'ing']",0.2222222222222222,3.39e-05,"[31, 3, 20, 8, 10, 28, 0, 0]"
solar,"['S', 'OW', 'L', 'ER']","['sol', 'ar']","['s', 'olar']",0.4,3.39e-05,"[31, 12, 25, 8, 0, 0, 0, 0]"
invited,"['IH', 'N', 'V', 'AY', 'T', 'AH', 'D']","['in', 'vited']","['inv', 'ited']",0.2857142857142857,3.39e-05,"[10, 27, 35, 6, 33, 3, 18, 0]"
causing,"['K', 'AA', 'Z', 'IH', 'NG']","['caus', 'ing']","['ca', 'using']",0.2857142857142857,3.39e-05,"[24, 1, 38, 10, 28, 0, 0, 0]"
francisco,"['F', 'R', 'AE', 'N', 'S', 'IH', 'S', 'K', 'OW']","['fran', 'cisco']","['fr', 'anc', 'isco']",0.3333333333333333,3.39e-05,"[20, 30, 2, 27, 31, 10, 31, 24]"
represented,"['R', 'EH', 'P', 'R', 'AH', 'Z', 'EH', 'N', 'T', 'AH', 'D']","['rep', 'res', 'en', 'ted']",['represented'],0.2727272727272727,3.39e-05,"[30, 7, 29, 30, 3, 38, 7, 27]"
immediate,"['IH', 'M', 'IY', 'D', 'IY', 'AH', 'T']","['im', 'me', 'di', 'ate']","['im', 'mediate']",0.2222222222222222,3.31e-05,"[10, 26, 11, 18, 11, 3, 33, 0]"
seasons,"['S', 'IY', 'Z', 'AH', 'N', 'Z']","['sea', 'sons']","['season', 's']",0.2857142857142857,3.31e-05,"[31, 11, 38, 3, 27, 38, 0, 0]"
principal,"['P', 'R', 'IH', 'N', 'S', 'AH', 'P', 'AH', 'L']","['prin', 'cip', 'al']",['principal'],0.2222222222222222,3.31e-05,"[29, 30, 10, 27, 31, 3, 29, 3]"
tall,"['T', 'AO', 'L']",['tall'],"['t', 'all']",0.25,3.31e-05,"[33, 4, 25, 0, 0, 0, 0, 0]"
singer,"['S', 'IH', 'NG', 'ER']","['sing', 'er']","['s', 'inger']",0.3333333333333333,3.31e-05,"[31, 10, 28, 8, 0, 0, 0, 0]"
recognize,"['R', 'EH', 'K', 'AH', 'G', 'N', 'AY', 'Z']","['re', 'cog', 'nize']","['recogn', 'ize']",0.3333333333333333,3.31e-05,"[30, 7, 24, 3, 21, 27, 6, 38]"
differences,"['D', 'IH', 'F', 'ER', 'AH', 'N', 'S', 'IH', 'Z']","['dif', 'fer', 'ences']","['d', 'ifferences']",0.2727272727272727,3.31e-05,"[18, 10, 20, 8, 3, 27, 31, 10]"
witness,"['W', 'IH', 'T', 'N', 'AH', 'S']","['wit', 'ness']","['w', 'itness']",0.2857142857142857,3.31e-05,"[36, 10, 33, 27, 3, 31, 0, 0]"
expressed,"['IH', 'K', 'S', 'P', 'R', 'EH', 'S', 'T']","['ex', 'pressed']","['express', 'ed']",0.2222222222222222,3.31e-05,"[10, 24, 31, 29, 30, 7, 31, 33]"
suffered,"['S', 'AH', 'F', 'ER', 'D']",['suffered'],"['s', 'uffer', 'ed']",0.25,3.31e-05,"[31, 3, 20, 8, 18, 0, 0, 0]"
external,"['IH', 'K', 'S', 'T', 'ER', 'N', 'AH', 'L']","['ex', 'tern', 'al']",['external'],0.25,3.31e-05,"[10, 24, 31, 33, 8, 27, 3, 25]"
regularly,"['R', 'EH', 'G', 'Y', 'AH', 'L', 'ER', 'L', 'IY']","['reg', 'u', 'larly']","['regular', 'ly']",0.3333333333333333,3.31e-05,"[30, 7, 21, 37, 3, 25, 8, 25]"
experts,"['EH', 'K', 'S', 'P', 'ER', 'T', 'S']","['ex', 'perts']","['exp', 'erts']",0.2857142857142857,3.31e-05,"[7, 24, 31, 29, 8, 33, 31, 0]"
introduction,"['IH', 'N', 'T', 'R', 'AH', 'D', 'AH', 'K', 'SH', 'AH', 'N']","['in', 'tro', 'duc', 'tion']","['int', 'roduction']",0.3333333333333333,3.31e-05,"[10, 27, 33, 30, 3, 18, 3, 24]"
automatically,"['AO', 'T', 'AH', 'M', 'AE', 'T', 'IH', 'K', 'L', 'IY']","['auto', 'mat', 'ic', 'ally']","['autom', 'atically']",0.3076923076923077,3.31e-05,"[4, 33, 3, 26, 2, 33, 10, 24]"
pilot,"['P', 'AY', 'L', 'AH', 'T']","['pi', 'lot']","['p', 'ilot']",0.4,3.31e-05,"[29, 6, 25, 3, 33, 0, 0, 0]"
joseph,"['JH', 'OW', 'S', 'AH', 'F']",['joseph'],"['j', 'ose', 'ph']",0.3333333333333333,3.31e-05,"[23, 12, 31, 3, 20, 0, 0, 0]"
attacked,"['AH', 'T', 'AE', 'K', 'T']","['at', 'tacked']","['att', 'acked']",0.25,3.31e-05,"[3, 33, 2, 24, 33, 0, 0, 0]"
engaged,"['EH', 'N', 'G', 'EY', 'JH', 'D']","['en', 'gaged']","['eng', 'aged']",0.2857142857142857,3.31e-05,"[7, 27, 21, 9, 23, 18, 0, 0]"
detailed,"['D', 'IH', 'T', 'EY', 'L', 'D']","['de', 'tailed']","['d', 'etailed']",0.25,3.24e-05,"[18, 10, 33, 9, 25, 18, 0, 0]"
protected,"['P', 'R', 'AH', 'T', 'EH', 'K', 'T', 'AH', 'D']","['pro', 'tec', 'ted']",['protected'],0.2222222222222222,3.24e-05,"[29, 30, 3, 33, 7, 24, 33, 3]"
entitled,"['EH', 'N', 'T', 'AY', 'T', 'AH', 'L', 'D']","['en', 'titled']","['ent', 'itled']",0.25,3.24e-05,"[7, 27, 33, 6, 33, 3, 25, 18]"
nose,"['N', 'OW', 'Z']",['nose'],"['n', 'ose']",0.25,3.24e-05,"[27, 12, 38, 0, 0, 0, 0, 0]"
organized,"['AO', 'R', 'G', 'AH', 'N', 'AY', 'Z', 'D']","['or', 'gan', 'ized']",['organized'],0.2222222222222222,3.24e-05,"[4, 30, 21, 3, 27, 6, 38, 18]"
clinical,"['K', 'L', 'IH', 'N', 'AH', 'K', 'AH', 'L']","['clin', 'ic', 'al']",['clinical'],0.25,3.24e-05,"[24, 25, 10, 27, 3, 24, 3, 25]"
adopted,"['AH', 'D', 'AA', 'P', 'T', 'AH', 'D']","['ad', 'op', 'ted']","['adopt', 'ed']",0.42857142857142855,3.24e-05,"[3, 18, 1, 29, 33, 3, 18, 0]"
defence,"['D', 'IH', 'F', 'EH', 'N', 'S']","['de', 'fence']","['def', 'ence']",0.2857142857142857,3.24e-05,"[18, 10, 20, 7, 27, 31, 0, 0]"
democracy,"['D', 'IH', 'M', 'AA', 'K', 'R', 'AH', 'S', 'IY']","['demo', 'cracy']","['dem', 'ocracy']",0.2222222222222222,3.24e-05,"[18, 10, 26, 1, 24, 30, 3, 31]"
defeat,"['D', 'IH', 'F', 'IY', 'T']","['de', 'feat']","['def', 'eat']",0.3333333333333333,3.24e-05,"[18, 10, 20, 11, 33, 0, 0, 0]"
musical,"['M', 'Y', 'UW', 'Z', 'IH', 'K', 'AH', 'L']","['mu', 'sic', 'al']","['mus', 'ical']",0.42857142857142855,3.24e-05,"[26, 37, 15, 38, 10, 24, 3, 25]"
campus,"['K', 'AE', 'M', 'P', 'AH', 'S']","['cam', 'pus']","['camp', 'us']",0.3333333333333333,3.24e-05,"[24, 2, 26, 29, 3, 31, 0, 0]"
recording,"['R', 'AH', 'K', 'AO', 'R', 'D', 'IH', 'NG']","['re', 'cord', 'ing']","['rec', 'ording']",0.3333333333333333,3.24e-05,"[30, 3, 24, 4, 30, 18, 10, 28]"
valuable,"['V', 'AE', 'L', 'Y', 'AH', 'B', 'AH', 'L']","['valu', 'able']","['val', 'uable']",0.25,3.24e-05,"[35, 2, 25, 37, 3, 16, 3, 25]"
comparison,"['K', 'AH', 'M', 'P', 'EH', 'R', 'AH', 'S', 'AH', 'N']","['com', 'par', 'is', 'on']",['comparison'],0.3,3.24e-05,"[24, 3, 26, 29, 7, 30, 3, 31]"
memories,"['M', 'EH', 'M', 'ER', 'IY', 'Z']","['memor', 'ies']","['mem', 'ories']",0.25,3.16e-05,"[26, 7, 26, 8, 11, 38, 0, 0]"
equivalent,"['IH', 'K', 'W', 'IH', 'V', 'AH', 'L', 'AH', 'N', 'T']","['equi', 'val', 'ent']","['equ', 'ivalent']",0.3,3.16e-05,"[10, 24, 36, 10, 35, 3, 25, 3]"
operate,"['AA', 'P', 'ER', 'EY', 'T']","['op', 'er', 'ate']",['operate'],0.2857142857142857,3.16e-05,"[1, 29, 8, 9, 33, 0, 0, 0]"
stephen,"['S', 'T', 'IY', 'V', 'AH', 'N']","['steph', 'en']","['step', 'hen']",0.2857142857142857,3.16e-05,"[31, 33, 11, 35, 3, 27, 0, 0]"
racing,"['R', 'EY', 'S', 'IH', 'NG']","['ra', 'cing']","['r', 'acing']",0.3333333333333333,3.16e-05,"[30, 9, 31, 10, 28, 0, 0, 0]"
approval,"['AH', 'P', 'R', 'UW', 'V', 'AH', 'L']","['ap', 'prov', 'al']",['approval'],0.25,3.16e-05,"[3, 29, 30, 15, 35, 3, 25, 0]"
facing,"['F', 'EY', 'S', 'IH', 'NG']","['fa', 'cing']","['f', 'acing']",0.3333333333333333,3.16e-05,"[20, 9, 31, 10, 28, 0, 0, 0]"
fingers,"['F', 'IH', 'NG', 'G', 'ER', 'Z']","['fin', 'gers']","['f', 'ingers']",0.2857142857142857,3.16e-05,"[20, 10, 28, 21, 8, 38, 0, 0]"
champions,"['CH', 'AE', 'M', 'P', 'IY', 'AH', 'N', 'Z']","['cham', 'pi', 'ons']","['ch', 'ampions']",0.3333333333333333,3.16e-05,"[17, 2, 26, 29, 11, 3, 27, 38]"
mountains,"['M', 'AW', 'N', 'T', 'AH', 'N', 'Z']","['moun', 'tains']","['mount', 'ains']",0.2222222222222222,3.16e-05,"[26, 5, 27, 33, 3, 27, 38, 0]"
engineer,"['EH', 'N', 'JH', 'AH', 'N', 'IH', 'R']","['en', 'gin', 'eer']","['engine', 'er']",0.375,3.16e-05,"[7, 27, 23, 3, 27, 10, 30, 0]"
dancing,"['D', 'AE', 'N', 'S', 'IH', 'NG']","['dan', 'cing']","['d', 'ancing']",0.2857142857142857,3.16e-05,"[18, 2, 27, 31, 10, 28, 0, 0]"
tradition,"['T', 'R', 'AH', 'D', 'IH', 'SH', 'AH', 'N']","['tra', 'di', 'tion']","['trad', 'ition']",0.3333333333333333,3.16e-05,"[33, 30, 3, 18, 10, 32, 3, 27]"
founded,"['F', 'AW', 'N', 'D', 'AH', 'D']","['foun', 'ded']","['f', 'ounded']",0.2857142857142857,3.16e-05,"[20, 5, 27, 18, 3, 18, 0, 0]"
employee,"['EH', 'M', 'P', 'L', 'OY', 'IY']","['em', 'ploy', 'ee']",['employee'],0.25,3.16e-05,"[7, 26, 29, 25, 13, 11, 0, 0]"
eggs,"['EH', 'G', 'Z']",['eggs'],"['eg', 'gs']",0.25,3.16e-05,"[7, 21, 38, 0, 0, 0, 0, 0]"
zealand,"['Z', 'IY', 'L', 'AH', 'N', 'D']","['zea', 'l', 'and']","['ze', 'aland']",0.42857142857142855,3.16e-05,"[38, 11, 25, 3, 27, 18, 0, 0]"
recommended,"['R', 'EH', 'K', 'AH', 'M', 'EH', 'N', 'D', 'AH', 'D']","['re', 'com', 'men', 'ded']",['recommended'],0.2727272727272727,3.16e-05,"[30, 7, 24, 3, 26, 7, 27, 18]"
solutions,"['S', 'AH', 'L', 'UW', 'SH', 'AH', 'N', 'Z']","['solu', 'tions']","['s', 'olutions']",0.2222222222222222,3.16e-05,"[31, 3, 25, 15, 32, 3, 27, 38]"
document,"['D', 'AA', 'K', 'Y', 'AH', 'M', 'EH', 'N', 'T']","['doc', 'u', 'ment']",['document'],0.25,3.16e-05,"[18, 1, 24, 37, 3, 26, 7, 27]"
vast,"['V', 'AE', 'S', 'T']",['vast'],"['v', 'ast']",0.25,3.09e-05,"[35, 2, 31, 33, 0, 0, 0, 0]"
chocolate,"['CH', 'AO', 'K', 'L', 'AH', 'T']","['chocol', 'ate']","['ch', 'ocolate']",0.2222222222222222,3.09e-05,"[17, 4, 24, 25, 3, 33, 0, 0]"
historic,"['HH', 'IH', 'S', 'T', 'AO', 'R', 'IH', 'K']","['his', 'tor', 'ic']",['historic'],0.25,3.09e-05,"[22, 10, 31, 33, 4, 30, 10, 24]"
celebrate,"['S', 'EH', 'L', 'AH', 'B', 'R', 'EY', 'T']","['cel', 'eb', 'rate']","['cele', 'brate']",0.3333333333333333,3.09e-05,"[31, 7, 25, 3, 16, 30, 9, 33]"
junior,"['JH', 'UW', 'N', 'Y', 'ER']","['ju', 'ni', 'or']","['jun', 'ior']",0.5,3.09e-05,"[23, 15, 27, 37, 8, 0, 0, 0]"
contemporary,"['K', 'AH', 'N', 'T', 'EH', 'M', 'P', 'ER', 'EH', 'R', 'IY']","['con', 'tem', 'por', 'ary']","['cont', 'emporary']",0.3333333333333333,3.09e-05,"[24, 3, 27, 33, 7, 26, 29, 8]"
bush,"['B', 'UH', 'SH']",['bush'],"['b', 'ush']",0.25,3.09e-05,"[16, 14, 32, 0, 0, 0, 0, 0]"
kong,"['K', 'AO', 'NG']",['kong'],"['k', 'ong']",0.25,3.09e-05,"[24, 4, 28, 0, 0, 0, 0, 0]"
formation,"['F', 'AO', 'R', 'M', 'EY', 'SH', 'AH', 'N']","['form', 'a', 'tion']",['formation'],0.2222222222222222,3.09e-05,"[20, 4, 30, 26, 9, 32, 3, 27]"
suggests,"['S', 'AH', 'G', 'JH', 'EH', 'S', 'T', 'S']","['sug', 'gests']","['suggest', 's']",0.25,3.09e-05,"[31, 3, 21, 23, 7, 31, 33, 31]"
universal,"['Y', 'UW', 'N', 'AH', 'V', 'ER', 'S', 'AH', 'L']","['uni', 'ver', 'sal']",['universal'],0.2222222222222222,3.09e-05,"[37, 15, 27, 3, 35, 8, 31, 3]"
olympic,"['OW', 'L', 'IH', 'M', 'P', 'IH', 'K']",['olympic'],"['oly', 'mp', 'ic']",0.2857142857142857,3.09e-05,"[12, 25, 10, 26, 29, 10, 24, 0]"
criticism,"['K', 'R', 'IH', 'T', 'IH', 'S', 'IH', 'Z', 'AH', 'M']","['cri', 'ti', 'cism']","['crit', 'icism']",0.3333333333333333,3.09e-05,"[24, 30, 10, 33, 10, 31, 10, 38]"
philosophy,"['F', 'AH', 'L', 'AA', 'S', 'AH', 'F', 'IY']","['philo', 'sophy']","['phil', 'osoph', 'y']",0.3,3.09e-05,"[20, 3, 25, 1, 31, 3, 20, 11]"
cabinet,"['K', 'AE', 'B', 'AH', 'N', 'AH', 'T']","['cab', 'in', 'et']","['c', 'abinet']",0.42857142857142855,3.09e-05,"[24, 2, 16, 3, 27, 3, 33, 0]"
extensive,"['IH', 'K', 'S', 'T', 'EH', 'N', 'S', 'IH', 'V']","['ex', 'tens', 'ive']","['ext', 'ensive']",0.3333333333333333,3.09e-05,"[10, 24, 31, 33, 7, 27, 31, 10]"
davis,"['D', 'EY', 'V', 'AH', 'S']","['dav', 'is']","['d', 'avis']",0.4,3.09e-05,"[18, 9, 35, 3, 31, 0, 0, 0]"
initially,"['IH', 'N', 'IH', 'SH', 'AH', 'L', 'IY']","['ini', 'tially']","['initial', 'ly']",0.2222222222222222,3.09e-05,"[10, 27, 10, 32, 3, 25, 11, 0]"
simon,"['S', 'AY', 'M', 'AH', 'N']","['si', 'mon']","['sim', 'on']",0.4,3.02e-05,"[31, 6, 26, 3, 27, 0, 0, 0]"
offices,"['AO', 'F', 'AH', 'S', 'AH', 'Z']","['of', 'fices']","['off', 'ices']",0.2857142857142857,3.02e-05,"[4, 20, 3, 31, 3, 38, 0, 0]"
naturally,"['N', 'AE', 'CH', 'ER', 'AH', 'L', 'IY']","['nat', 'ur', 'ally']","['n', 'aturally']",0.3333333333333333,3.02e-05,"[27, 2, 17, 8, 3, 25, 11, 0]"
pocket,"['P', 'AA', 'K', 'AH', 'T']","['pock', 'et']","['p', 'ocket']",0.3333333333333333,3.02e-05,"[29, 1, 24, 3, 33, 0, 0, 0]"
symptoms,"['S', 'IH', 'M', 'P', 'T', 'AH', 'M', 'Z']","['symp', 'toms']","['sym', 'ptoms']",0.25,3.02e-05,"[31, 10, 26, 29, 33, 3, 26, 38]"
continuing,"['K', 'AH', 'N', 'T', 'IH', 'N', 'Y', 'UW', 'IH', 'NG']","['con', 'tinu', 'ing']","['contin', 'uing']",0.3,3.02e-05,"[24, 3, 27, 33, 10, 27, 37, 15]"
temporary,"['T', 'EH', 'M', 'P', 'ER', 'EH', 'R', 'IY']","['tem', 'por', 'ary']",['temporary'],0.2222222222222222,3.02e-05,"[33, 7, 26, 29, 8, 7, 30, 11]"
necessarily,"['N', 'EH', 'S', 'AH', 'S', 'EH', 'R', 'AH', 'L', 'IY']","['ne', 'ces', 'sar', 'ily']","['n', 'ecessarily']",0.36363636363636365,3.02e-05,"[27, 7, 31, 3, 31, 7, 30, 3]"
regardless,"['R', 'AH', 'G', 'AA', 'R', 'D', 'L', 'AH', 'S']","['re', 'gard', 'less']","['reg', 'ardless']",0.3,3.02e-05,"[30, 3, 21, 1, 30, 18, 25, 3]"
relative,"['R', 'EH', 'L', 'AH', 'T', 'IH', 'V']","['re', 'l', 'at', 'ive']",['relative'],0.375,3.02e-05,"[30, 7, 25, 3, 33, 10, 35, 0]"
partnership,"['P', 'AA', 'R', 'T', 'N', 'ER', 'SH', 'IH', 'P']","['part', 'ner', 'ship']","['partners', 'hip']",0.2727272727272727,3.02e-05,"[29, 1, 30, 33, 27, 8, 32, 10]"
primarily,"['P', 'R', 'AY', 'M', 'EH', 'R', 'AH', 'L', 'IY']","['primar', 'ily']","['prim', 'arily']",0.2222222222222222,3.02e-05,"[29, 30, 6, 26, 7, 30, 3, 25]"
practical,"['P', 'R', 'AE', 'K', 'T', 'AH', 'K', 'AH', 'L']","['prac', 'tic', 'al']","['pr', 'actical']",0.3333333333333333,3.02e-05,"[29, 30, 2, 24, 33, 3, 24, 3]"
guitar,"['G', 'IH', 'T', 'AA', 'R']","['gui', 'tar']","['g', 'uitar']",0.3333333333333333,3.02e-05,"[21, 10, 33, 1, 30, 0, 0, 0]"
gotten,"['G', 'AA', 'T', 'AH', 'N']","['got', 'ten']","['g', 'otten']",0.3333333333333333,2.95e-05,"[21, 1, 33, 3, 27, 0, 0, 0]"
attended,"['AH', 'T', 'EH', 'N', 'D', 'AH', 'D']","['at', 'ten', 'ded']",['attended'],0.25,2.95e-05,"[3, 33, 7, 27, 18, 3, 18, 0]"
circuit,"['S', 'ER', 'K', 'AH', 'T']","['cir', 'cuit']","['c', 'ircuit']",0.2857142857142857,2.95e-05,"[31, 8, 24, 3, 33, 0, 0, 0]"
defend,"['D', 'IH', 'F', 'EH', 'N', 'D']","['de', 'fend']","['def', 'end']",0.3333333333333333,2.95e-05,"[18, 10, 20, 7, 27, 18, 0, 0]"
ltd,"['L', 'IH', 'M', 'IH', 'T', 'IH', 'D']",['ltd'],"['l', 'td']",0.3333333333333333,2.95e-05,"[25, 10, 26, 10, 33, 10, 18, 0]"
chamber,"['CH', 'EY', 'M', 'B', 'ER']","['cham', 'ber']","['ch', 'amber']",0.2857142857142857,2.95e-05,"[17, 9, 26, 16, 8, 0, 0, 0]"
purchased,"['P', 'ER', 'CH', 'AH', 'S', 'T']","['pur', 'chased']","['p', 'urchased']",0.2222222222222222,2.95e-05,"[29, 8, 17, 3, 31, 33, 0, 0]"
divided,"['D', 'IH', 'V', 'AY', 'D', 'AH', 'D']","['di', 'vided']","['div', 'ided']",0.2857142857142857,2.95e-05,"[18, 10, 35, 6, 18, 3, 18, 0]"
jews,"['JH', 'UW', 'Z']",['jews'],"['j', 'ews']",0.25,2.95e-05,"[23, 15, 38, 0, 0, 0, 0, 0]"
clothing,"['K', 'L', 'OW', 'DH', 'IH', 'NG']","['cloth', 'ing']","['clo', 'thing']",0.25,2.95e-05,"[24, 25, 12, 19, 10, 28, 0, 0]"
technique,"['T', 'EH', 'K', 'N', 'IY', 'K']","['tech', 'nique']","['techn', 'ique']",0.2222222222222222,2.95e-05,"[33, 7, 24, 27, 11, 24, 0, 0]"
proposal,"['P', 'R', 'AH', 'P', 'OW', 'Z', 'AH', 'L']","['pro', 'pos', 'al']",['proposal'],0.25,2.95e-05,"[29, 30, 3, 29, 12, 38, 3, 25]"
complicated,"['K', 'AA', 'M', 'P', 'L', 'AH', 'K', 'EY', 'T', 'AH', 'D']","['com', 'plic', 'ated']","['comp', 'licated']",0.2727272727272727,2.95e-05,"[24, 1, 26, 29, 25, 3, 24, 9]"
fishing,"['F', 'IH', 'SH', 'IH', 'NG']","['fish', 'ing']","['f', 'ishing']",0.2857142857142857,2.95e-05,"[20, 10, 32, 10, 28, 0, 0, 0]"
recognition,"['R', 'EH', 'K', 'AH', 'G', 'N', 'IH', 'SH', 'AH', 'N']","['re', 'cog', 'ni', 'tion']","['rec', 'ognition']",0.36363636363636365,2.95e-05,"[30, 7, 24, 3, 21, 27, 10, 32]"
elizabeth,"['IH', 'L', 'IH', 'Z', 'AH', 'B', 'AH', 'TH']","['eliza', 'beth']","['el', 'izabeth']",0.2222222222222222,2.95e-05,"[10, 25, 10, 38, 3, 16, 3, 34]"
confused,"['K', 'AH', 'N', 'F', 'Y', 'UW', 'Z', 'D']","['con', 'fused']","['conf', 'used']",0.25,2.95e-05,"[24, 3, 27, 20, 37, 15, 38, 18]"
brian,"['B', 'R', 'AY', 'AH', 'N']","['bri', 'an']","['b', 'rian']",0.4,2.95e-05,"[16, 30, 6, 3, 27, 0, 0, 0]"
reputation,"['R', 'EH', 'P', 'Y', 'AH', 'T', 'EY', 'SH', 'AH', 'N']","['repu', 'ta', 'tion']","['re', 'putation']",0.3,2.95e-05,"[30, 7, 29, 37, 3, 33, 9, 32]"
harm,"['HH', 'AA', 'R', 'M']",['harm'],"['h', 'arm']",0.25,2.95e-05,"[22, 1, 30, 26, 0, 0, 0, 0]"
loving,"['L', 'AH', 'V', 'IH', 'NG']","['lov', 'ing']","['lo', 'ving']",0.3333333333333333,2.95e-05,"[25, 3, 35, 10, 28, 0, 0, 0]"
tied,"['T', 'AY', 'D']",['tied'],"['t', 'ied']",0.25,2.95e-05,"[33, 6, 18, 0, 0, 0, 0, 0]"
immigration,"['IH', 'M', 'AH', 'G', 'R', 'EY', 'SH', 'AH', 'N']","['im', 'mig', 'ra', 'tion']","['imm', 'igration']",0.36363636363636365,2.95e-05,"[10, 26, 3, 21, 30, 9, 32, 3]"
accused,"['AH', 'K', 'Y', 'UW', 'Z', 'D']","['ac', 'cused']","['acc', 'used']",0.2857142857142857,2.88e-05,"[3, 24, 37, 15, 38, 18, 0, 0]"
soldier,"['S', 'OW', 'L', 'JH', 'ER']","['sol', 'dier']","['sold', 'ier']",0.2857142857142857,2.88e-05,"[31, 12, 25, 23, 8, 0, 0, 0]"
offensive,"['AH', 'F', 'EH', 'N', 'S', 'IH', 'V']","['of', 'fens', 'ive']","['off', 'ensive']",0.3333333333333333,2.88e-05,"[3, 20, 7, 27, 31, 10, 35, 0]"
reaching,"['R', 'IY', 'CH', 'IH', 'NG']","['reach', 'ing']","['re', 'aching']",0.25,2.88e-05,"[30, 11, 17, 10, 28, 0, 0, 0]"
argue,"['AA', 'R', 'G', 'Y', 'UW']","['ar', 'gue']","['arg', 'ue']",0.4,2.88e-05,"[1, 30, 21, 37, 15, 0, 0, 0]"
sensitive,"['S', 'EH', 'N', 'S', 'AH', 'T', 'IH', 'V']","['sens', 'it', 'ive']","['s', 'ensitive']",0.3333333333333333,2.88e-05,"[31, 7, 27, 31, 3, 33, 10, 35]"
pointed,"['P', 'OY', 'N', 'T', 'AH', 'D']","['poin', 'ted']","['point', 'ed']",0.2857142857142857,2.88e-05,"[29, 13, 27, 33, 3, 18, 0, 0]"
drew,"['D', 'R', 'UW']",['drew'],"['d', 'rew']",0.25,2.88e-05,"[18, 30, 15, 0, 0, 0, 0, 0]"
georgia,"['JH', 'AO', 'R', 'JH', 'AH']","['geor', 'gia']","['ge', 'orgia']",0.2857142857142857,2.88e-05,"[23, 4, 30, 23, 3, 0, 0, 0]"
infrastructure,"['IH', 'N', 'F', 'R', 'AH', 'S', 'T', 'R', 'AH', 'K', 'CH', 'ER']","['in', 'fra', 'struc', 'ture']","['inf', 'rastructure']",0.2857142857142857,2.88e-05,"[10, 27, 20, 30, 3, 31, 33, 30]"
processes,"['P', 'R', 'AA', 'S', 'EH', 'S', 'AH', 'Z']","['pro', 'cesses']","['process', 'es']",0.2222222222222222,2.88e-05,"[29, 30, 1, 31, 7, 31, 3, 38]"
locations,"['L', 'OW', 'K', 'EY', 'SH', 'AH', 'N', 'Z']","['loc', 'a', 'tions']",['locations'],0.2222222222222222,2.88e-05,"[25, 12, 24, 9, 32, 3, 27, 38]"
extension,"['IH', 'K', 'S', 'T', 'EH', 'N', 'SH', 'AH', 'N']","['ex', 'ten', 'sion']",['extension'],0.2222222222222222,2.88e-05,"[10, 24, 31, 33, 7, 27, 32, 3]"
violent,"['V', 'AY', 'AH', 'L', 'AH', 'N', 'T']","['vi', 'ol', 'ent']",['violent'],0.2857142857142857,2.88e-05,"[35, 6, 3, 25, 3, 27, 33, 0]"
superior,"['S', 'UW', 'P', 'IH', 'R', 'IY', 'ER']","['su', 'per', 'i', 'or']","['super', 'ior']",0.25,2.88e-05,"[31, 15, 29, 10, 30, 11, 8, 0]"
establish,"['IH', 'S', 'T', 'AE', 'B', 'L', 'IH', 'SH']","['es', 'tab', 'lish']",['establish'],0.2222222222222222,2.88e-05,"[10, 31, 33, 2, 16, 25, 10, 32]"
hitting,"['HH', 'IH', 'T', 'IH', 'NG']","['hit', 'ting']","['h', 'itting']",0.2857142857142857,2.88e-05,"[22, 10, 33, 10, 28, 0, 0, 0]"
increases,"['IH', 'N', 'K', 'R', 'IY', 'S', 'AH', 'Z']","['in', 'creases']","['incre', 'ases']",0.2222222222222222,2.88e-05,"[10, 27, 24, 30, 11, 31, 3, 38]"
moral,"['M', 'AO', 'R', 'AH', 'L']","['mor', 'al']","['m', 'oral']",0.4,2.88e-05,"[26, 4, 30, 3, 25, 0, 0, 0]"
qualified,"['K', 'W', 'AA', 'L', 'AH', 'F', 'AY', 'D']","['qual', 'i', 'fied']",['qualified'],0.2222222222222222,2.88e-05,"[24, 36, 1, 25, 3, 20, 6, 18]"
silence,"['S', 'AY', 'L', 'AH', 'N', 'S']","['si', 'lence']","['sil', 'ence']",0.2857142857142857,2.88e-05,"[31, 6, 25, 3, 27, 31, 0, 0]"
machines,"['M', 'AH', 'SH', 'IY', 'N', 'Z']","['ma', 'chines']","['mach', 'ines']",0.25,2.88e-05,"[26, 3, 32, 11, 27, 38, 0, 0]"
discussed,"['D', 'IH', 'S', 'K', 'AH', 'S', 'T']","['dis', 'cussed']","['disc', 'ussed']",0.2222222222222222,2.82e-05,"[18, 10, 31, 24, 3, 31, 33, 0]"
suffer,"['S', 'AH', 'F', 'ER']","['suf', 'fer']","['s', 'uffer']",0.3333333333333333,2.82e-05,"[31, 3, 20, 8, 0, 0, 0, 0]"
networks,"['N', 'EH', 'T', 'W', 'ER', 'K', 'S']","['net', 'works']","['network', 's']",0.25,2.82e-05,"[27, 7, 33, 36, 8, 24, 31, 0]"
luke,"['L', 'UW', 'K']",['luke'],"['lu', 'ke']",0.25,2.82e-05,"[25, 15, 24, 0, 0, 0, 0, 0]"
mistakes,"['M', 'IH', 'S', 'T', 'EY', 'K', 'S']","['mis', 'takes']","['mist', 'akes']",0.25,2.82e-05,"[26, 10, 31, 33, 9, 24, 31, 0]"
featuring,"['F', 'IY', 'CH', 'ER', 'IH', 'NG']","['fea', 'tur', 'ing']","['fe', 'aturing']",0.3333333333333333,2.82e-05,"[20, 11, 17, 8, 10, 28, 0, 0]"
olympics,"['OW', 'L', 'IH', 'M', 'P', 'IH', 'K', 'S']",['olympics'],"['oly', 'mp', 'ics']",0.25,2.82e-05,"[12, 25, 10, 26, 29, 10, 24, 31]"
photography,"['F', 'AH', 'T', 'AA', 'G', 'R', 'AH', 'F', 'IY']","['pho', 'to', 'graphy']","['phot', 'ography']",0.2727272727272727,2.82e-05,"[20, 3, 33, 1, 21, 30, 3, 20]"
encourage,"['EH', 'N', 'K', 'ER', 'IH', 'JH']","['en', 'cour', 'age']","['enc', 'ourage']",0.3333333333333333,2.82e-05,"[7, 27, 24, 8, 10, 23, 0, 0]"
egypt,"['IY', 'JH', 'AH', 'P', 'T']",['egypt'],"['eg', 'y', 'pt']",0.4,2.82e-05,"[11, 23, 3, 29, 33, 0, 0, 0]"
innocent,"['IH', 'N', 'AH', 'S', 'AH', 'N', 'T']","['in', 'no', 'cent']","['inn', 'oc', 'ent']",0.5,2.82e-05,"[10, 27, 3, 31, 3, 27, 33, 0]"
cooking,"['K', 'UH', 'K', 'IH', 'NG']","['cook', 'ing']","['co', 'oking']",0.2857142857142857,2.82e-05,"[24, 14, 24, 10, 28, 0, 0, 0]"
publication,"['P', 'AH', 'B', 'L', 'IH', 'K', 'EY', 'SH', 'AH', 'N']","['pub', 'lic', 'a', 'tion']",['publication'],0.2727272727272727,2.82e-05,"[29, 3, 16, 25, 10, 24, 9, 32]"
administrative,"['AH', 'D', 'M', 'IH', 'N', 'AH', 'S', 'T', 'R', 'EY', 'T', 'IH', 'V']","['ad', 'min', 'is', 'trat', 'ive']","['administr', 'ative']",0.35714285714285715,2.82e-05,"[3, 18, 26, 10, 27, 3, 31, 33]"
finals,"['F', 'AY', 'N', 'AH', 'L', 'Z']","['fi', 'nals']","['final', 's']",0.3333333333333333,2.82e-05,"[20, 6, 27, 3, 25, 38, 0, 0]"
covering,"['K', 'AH', 'V', 'ER', 'IH', 'NG']","['cov', 'er', 'ing']",['covering'],0.25,2.82e-05,"[24, 3, 35, 8, 10, 28, 0, 0]"
anxiety,"['AE', 'NG', 'Z', 'AY', 'AH', 'T', 'IY']","['anxi', 'ety']","['an', 'xiety']",0.2857142857142857,2.82e-05,"[2, 28, 38, 6, 3, 33, 11, 0]"
jeff,"['JH', 'EH', 'F']",['jeff'],"['je', 'ff']",0.25,2.82e-05,"[23, 7, 20, 0, 0, 0, 0, 0]"
curious,"['K', 'Y', 'UH', 'R', 'IY', 'AH', 'S']","['curi', 'ous']","['cur', 'ious']",0.2857142857142857,2.82e-05,"[24, 37, 14, 30, 11, 3, 31, 0]"
mystery,"['M', 'IH', 'S', 'T', 'ER', 'IY']","['mys', 'tery']","['m', 'ystery']",0.2857142857142857,2.82e-05,"[26, 10, 31, 33, 8, 11, 0, 0]"
duke,"['D', 'UW', 'K']",['duke'],"['du', 'ke']",0.25,2.82e-05,"[18, 15, 24, 0, 0, 0, 0, 0]"
babies,"['B', 'EY', 'B', 'IY', 'Z']","['ba', 'bies']","['bab', 'ies']",0.3333333333333333,2.82e-05,"[16, 9, 16, 11, 38, 0, 0, 0]"
islamic,"['IH', 'Z', 'L', 'AA', 'M', 'IH', 'K']","['is', 'lam', 'ic']","['isl', 'amic']",0.42857142857142855,2.75e-05,"[10, 38, 25, 1, 26, 10, 24, 0]"
mood,"['M', 'UW', 'D']",['mood'],"['m', 'ood']",0.25,2.75e-05,"[26, 15, 18, 0, 0, 0, 0, 0]"
wage,"['W', 'EY', 'JH']",['wage'],"['w', 'age']",0.25,2.75e-05,"[36, 9, 23, 0, 0, 0, 0, 0]"
dave,"['D', 'EY', 'V']",['dave'],"['d', 'ave']",0.25,2.75e-05,"[18, 9, 35, 0, 0, 0, 0, 0]"
producer,"['P', 'R', 'AH', 'D', 'UW', 'S', 'ER']","['pro', 'du', 'cer']",['producer'],0.25,2.75e-05,"[29, 30, 3, 18, 15, 31, 8, 0]"
muslims,"['M', 'AH', 'Z', 'L', 'AH', 'M', 'Z']",['muslims'],"['mus', 'lim', 's']",0.2857142857142857,2.75e-05,"[26, 3, 38, 25, 3, 26, 38, 0]"
happiness,"['HH', 'AE', 'P', 'IY', 'N', 'AH', 'S']","['hap', 'pi', 'ness']","['h', 'appiness']",0.3333333333333333,2.75e-05,"[22, 2, 29, 11, 27, 3, 31, 0]"
procedure,"['P', 'R', 'AH', 'S', 'IY', 'JH', 'ER']","['pro', 'ced', 'ure']",['procedure'],0.2222222222222222,2.75e-05,"[29, 30, 3, 31, 11, 23, 8, 0]"
retired,"['R', 'IH', 'T', 'AY', 'R', 'D']","['re', 'tired']","['ret', 'ired']",0.2857142857142857,2.75e-05,"[30, 10, 33, 6, 30, 18, 0, 0]"
savings,"['S', 'EY', 'V', 'IH', 'NG', 'Z']","['sav', 'ings']","['s', 'avings']",0.2857142857142857,2.75e-05,"[31, 9, 35, 10, 28, 38, 0, 0]"
bath,"['B', 'AE', 'TH']",['bath'],"['b', 'ath']",0.25,2.75e-05,"[16, 2, 34, 0, 0, 0, 0, 0]"
harris,"['HH', 'EH', 'R', 'IH', 'S']","['har', 'ris']","['h', 'arris']",0.3333333333333333,2.75e-05,"[22, 7, 30, 10, 31, 0, 0, 0]"
captured,"['K', 'AE', 'P', 'CH', 'ER', 'D']","['cap', 'tured']","['capt', 'ured']",0.25,2.75e-05,"[24, 2, 29, 17, 8, 18, 0, 0]"
guarantee,"['G', 'EH', 'R', 'AH', 'N', 'T', 'IY']","['guar', 'an', 'tee']","['gu', 'ar', 'antee']",0.2222222222222222,2.75e-05,"[21, 7, 30, 3, 27, 33, 11, 0]"
picking,"['P', 'IH', 'K', 'IH', 'NG']","['pick', 'ing']","['p', 'icking']",0.2857142857142857,2.75e-05,"[29, 10, 24, 10, 28, 0, 0, 0]"
victoria,"['V', 'IH', 'K', 'T', 'AO', 'R', 'IY', 'AH']","['vic', 'tor', 'ia']","['v', 'ict', 'oria']",0.5,2.75e-05,"[35, 10, 24, 33, 4, 30, 11, 3]"
assault,"['AH', 'S', 'AO', 'L', 'T']","['as', 'sault']","['ass', 'ault']",0.2857142857142857,2.75e-05,"[3, 31, 4, 25, 33, 0, 0, 0]"
passion,"['P', 'AE', 'SH', 'AH', 'N']","['pas', 'sion']","['pass', 'ion']",0.2857142857142857,2.75e-05,"[29, 2, 32, 3, 27, 0, 0, 0]"
jimmy,"['JH', 'IH', 'M', 'IY']",['jimmy'],"['j', 'im', 'my']",0.4,2.75e-05,"[23, 10, 26, 11, 0, 0, 0, 0]"
naked,"['N', 'EY', 'K', 'AH', 'D']","['na', 'ked']","['n', 'aked']",0.4,2.69e-05,"[27, 9, 24, 3, 18, 0, 0, 0]"
containing,"['K', 'AH', 'N', 'T', 'EY', 'N', 'IH', 'NG']","['con', 'tain', 'ing']","['cont', 'aining']",0.3,2.69e-05,"[24, 3, 27, 33, 9, 27, 10, 28]"
confident,"['K', 'AA', 'N', 'F', 'AH', 'D', 'AH', 'N', 'T']","['con', 'fid', 'ent']","['conf', 'ident']",0.3333333333333333,2.69e-05,"[24, 1, 27, 20, 3, 18, 3, 27]"
episodes,"['EH', 'P', 'AH', 'S', 'OW', 'D', 'Z']","['epis', 'odes']","['ep', 'isodes']",0.25,2.69e-05,"[7, 29, 3, 31, 12, 18, 38, 0]"
iraq,"['IH', 'R', 'AA', 'K']","['ir', 'aq']","['ira', 'q']",0.5,2.69e-05,"[10, 30, 1, 24, 0, 0, 0, 0]"
strategic,"['S', 'T', 'R', 'AH', 'T', 'IY', 'JH', 'IH', 'K']","['stra', 'tegic']","['str', 'ategic']",0.2222222222222222,2.69e-05,"[31, 33, 30, 3, 33, 11, 23, 10]"
believes,"['B', 'IH', 'L', 'IY', 'V', 'Z']","['be', 'lieves']","['belie', 'ves']",0.25,2.69e-05,"[16, 10, 25, 11, 35, 38, 0, 0]"
welfare,"['W', 'EH', 'L', 'F', 'EH', 'R']","['wel', 'fare']","['w', 'elfare']",0.2857142857142857,2.69e-05,"[36, 7, 25, 20, 7, 30, 0, 0]"
romantic,"['R', 'OW', 'M', 'AE', 'N', 'T', 'IH', 'K']","['ro', 'mantic']","['rom', 'antic']",0.25,2.69e-05,"[30, 12, 26, 2, 27, 33, 10, 24]"
boring,"['B', 'AO', 'R', 'IH', 'NG']","['bor', 'ing']","['b', 'oring']",0.3333333333333333,2.69e-05,"[16, 4, 30, 10, 28, 0, 0, 0]"
swimming,"['S', 'W', 'IH', 'M', 'IH', 'NG']","['swim', 'ming']","['sw', 'imming']",0.25,2.69e-05,"[31, 36, 10, 26, 10, 28, 0, 0]"
sisters,"['S', 'IH', 'S', 'T', 'ER', 'Z']","['sis', 'ters']","['s', 'isters']",0.2857142857142857,2.69e-05,"[31, 10, 31, 33, 8, 38, 0, 0]"
electricity,"['IH', 'L', 'EH', 'K', 'T', 'R', 'IH', 'S', 'AH', 'T', 'IY']","['elec', 'tri', 'city']","['electric', 'ity']",0.2727272727272727,2.69e-05,"[10, 25, 7, 24, 33, 30, 10, 31]"
liverpool,"['L', 'IH', 'V', 'ER', 'P', 'UW', 'L']","['liv', 'er', 'pool']","['l', 'iver', 'pool']",0.2222222222222222,2.69e-05,"[25, 10, 35, 8, 29, 15, 25, 0]"
gym,"['JH', 'IH', 'M']",['gym'],"['g', 'ym']",0.3333333333333333,2.69e-05,"[23, 10, 26, 0, 0, 0, 0, 0]"
efficient,"['IH', 'F', 'IH', 'SH', 'AH', 'N', 'T']","['ef', 'fi', 'cient']",['efficient'],0.2222222222222222,2.63e-05,"[10, 20, 10, 32, 3, 27, 33, 0]"
houston,"['HH', 'Y', 'UW', 'S', 'T', 'AH', 'N']","['hou', 's', 'ton']","['h', 'ouston']",0.42857142857142855,2.63e-05,"[22, 37, 15, 31, 33, 3, 27, 0]"
essentially,"['IH', 'S', 'EH', 'N', 'SH', 'AH', 'L', 'IY']","['es', 'sen', 'tially']","['ess', 'entially']",0.2727272727272727,2.63e-05,"[10, 31, 7, 27, 32, 3, 25, 11]"
ceremony,"['S', 'EH', 'R', 'AH', 'M', 'OW', 'N', 'IY']","['ce', 're', 'mony']","['cer', 'emony']",0.375,2.63e-05,"[31, 7, 30, 3, 26, 12, 27, 11]"
soil,"['S', 'OY', 'L']",['soil'],"['so', 'il']",0.25,2.63e-05,"[31, 13, 25, 0, 0, 0, 0, 0]"
ugly,"['AH', 'G', 'L', 'IY']",['ugly'],"['ug', 'ly']",0.25,2.63e-05,"[3, 21, 25, 11, 0, 0, 0, 0]"
attempted,"['AH', 'T', 'EH', 'M', 'P', 'T', 'AH', 'D']","['at', 'temp', 'ted']","['attempt', 'ed']",0.3333333333333333,2.63e-05,"[3, 33, 7, 26, 29, 33, 3, 18]"
nervous,"['N', 'ER', 'V', 'AH', 'S']",['nervous'],"['n', 'erv', 'ous']",0.2857142857142857,2.63e-05,"[27, 8, 35, 3, 31, 0, 0, 0]"
electrical,"['IH', 'L', 'EH', 'K', 'T', 'R', 'IH', 'K', 'AH', 'L']","['elec', 'tric', 'al']","['elect', 'rical']",0.3,2.63e-05,"[10, 25, 7, 24, 33, 30, 10, 24]"
prayer,"['P', 'R', 'EH', 'R']","['pray', 'er']","['pr', 'ayer']",0.3333333333333333,2.63e-05,"[29, 30, 7, 30, 0, 0, 0, 0]"
moscow,"['M', 'AA', 'S', 'K', 'OW']","['mo', 'scow']","['mos', 'cow']",0.3333333333333333,2.63e-05,"[26, 1, 31, 24, 12, 0, 0, 0]"
participate,"['P', 'AA', 'R', 'T', 'IH', 'S', 'AH', 'P', 'EY', 'T']","['par', 'ti', 'cip', 'ate']","['part', 'icip', 'ate']",0.2727272727272727,2.63e-05,"[29, 1, 30, 33, 10, 31, 3, 29]"
hunting,"['HH', 'AH', 'N', 'T', 'IH', 'NG']","['hunt', 'ing']","['h', 'unting']",0.2857142857142857,2.63e-05,"[22, 3, 27, 33, 10, 28, 0, 0]"
jane,"['JH', 'EY', 'N']",['jane'],"['j', 'ane']",0.25,2.63e-05,"[23, 9, 27, 0, 0, 0, 0, 0]"
dallas,"['D', 'AE', 'L', 'AH', 'S']","['dal', 'las']","['d', 'allas']",0.3333333333333333,2.63e-05,"[18, 2, 25, 3, 31, 0, 0, 0]"
ordinary,"['AO', 'R', 'D', 'AH', 'N', 'EH', 'R', 'IY']","['or', 'din', 'ary']",['ordinary'],0.25,2.63e-05,"[4, 30, 18, 3, 27, 7, 30, 11]"
architecture,"['AA', 'R', 'K', 'AH', 'T', 'EH', 'K', 'CH', 'ER']","['ar', 'chi', 'tec', 'ture']",['architecture'],0.25,2.63e-05,"[1, 30, 24, 3, 33, 7, 24, 17]"
industries,"['IH', 'N', 'D', 'AH', 'S', 'T', 'R', 'IY', 'Z']","['in', 'dus', 'tries']","['ind', 'ust', 'ries']",0.4,2.63e-05,"[10, 27, 18, 3, 31, 33, 30, 11]"
behalf,"['B', 'IH', 'HH', 'AE', 'F']","['be', 'half']","['beh', 'alf']",0.3333333333333333,2.63e-05,"[16, 10, 22, 2, 20, 0, 0, 0]"
explains,"['IH', 'K', 'S', 'P', 'L', 'EY', 'N', 'Z']","['ex', 'plains']","['expl', 'ains']",0.25,2.63e-05,"[10, 24, 31, 29, 25, 9, 27, 38]"
studying,"['S', 'T', 'AH', 'D', 'IY', 'IH', 'NG']","['study', 'ing']","['stud', 'ying']",0.25,2.63e-05,"[31, 33, 3, 18, 11, 10, 28, 0]"
economics,"['EH', 'K', 'AH', 'N', 'AA', 'M', 'IH', 'K', 'S']","['eco', 'nom', 'ics']","['e', 'conomics']",0.3333333333333333,2.63e-05,"[7, 24, 3, 27, 1, 26, 10, 24]"
principles,"['P', 'R', 'IH', 'N', 'S', 'AH', 'P', 'AH', 'L', 'Z']","['prin', 'ciples']","['pr', 'incip', 'les']",0.3,2.63e-05,"[29, 30, 10, 27, 31, 3, 29, 3]"
suck,"['S', 'AH', 'K']",['suck'],"['s', 'uck']",0.25,2.63e-05,"[31, 3, 24, 0, 0, 0, 0, 0]"
virus,"['V', 'AY', 'R', 'AH', 'S']","['vir', 'us']","['v', 'irus']",0.4,2.63e-05,"[35, 6, 30, 3, 31, 0, 0, 0]"
rarely,"['R', 'EH', 'R', 'L', 'IY']",['rarely'],"['r', 'are', 'ly']",0.3333333333333333,2.63e-05,"[30, 7, 30, 25, 11, 0, 0, 0]"
islam,"['IH', 'S', 'L', 'AA', 'M']","['is', 'lam']","['isl', 'am']",0.4,2.63e-05,"[10, 31, 25, 1, 26, 0, 0, 0]"
bureau,"['B', 'Y', 'UH', 'R', 'OW']","['bur', 'eau']","['b', 'ureau']",0.3333333333333333,2.57e-05,"[16, 37, 14, 30, 12, 0, 0, 0]"
dies,"['D', 'AY', 'Z']",['dies'],"['d', 'ies']",0.25,2.57e-05,"[18, 6, 38, 0, 0, 0, 0, 0]"
demands,"['D', 'IH', 'M', 'AE', 'N', 'D', 'Z']","['de', 'mands']","['dem', 'ands']",0.2857142857142857,2.57e-05,"[18, 10, 26, 2, 27, 18, 38, 0]"
dramatic,"['D', 'R', 'AH', 'M', 'AE', 'T', 'IH', 'K']","['dra', 'mat', 'ic']","['d', 'ram', 'atic']",0.5,2.57e-05,"[18, 30, 3, 26, 2, 33, 10, 24]"
priority,"['P', 'R', 'AY', 'AO', 'R', 'AH', 'T', 'IY']","['pri', 'or', 'ity']",['priority'],0.25,2.57e-05,"[29, 30, 6, 4, 30, 3, 33, 11]"
engineers,"['EH', 'N', 'JH', 'AH', 'N', 'IH', 'R', 'Z']","['en', 'gin', 'eers']","['engine', 'ers']",0.3333333333333333,2.57e-05,"[7, 27, 23, 3, 27, 10, 30, 38]"
memorial,"['M', 'AH', 'M', 'AO', 'R', 'IY', 'AH', 'L']","['me', 'mori', 'al']","['mem', 'orial']",0.375,2.57e-05,"[26, 3, 26, 4, 30, 11, 3, 25]"
opinions,"['AH', 'P', 'IH', 'N', 'Y', 'AH', 'N', 'Z']","['opin', 'ions']","['op', 'inions']",0.25,2.57e-05,"[3, 29, 10, 27, 37, 3, 27, 38]"
inspiration,"['IH', 'N', 'S', 'P', 'ER', 'EY', 'SH', 'AH', 'N']","['in', 'spir', 'a', 'tion']","['ins', 'piration']",0.36363636363636365,2.57e-05,"[10, 27, 31, 29, 8, 9, 32, 3]"
mexican,"['M', 'EH', 'K', 'S', 'AH', 'K', 'AH', 'N']","['mex', 'ic', 'an']","['m', 'ex', 'ican']",0.2857142857142857,2.57e-05,"[26, 7, 24, 31, 3, 24, 3, 27]"
institution,"['IH', 'N', 'S', 'T', 'IH', 'T', 'UW', 'SH', 'AH', 'N']","['in', 'sti', 'tu', 'tion']",['institution'],0.2727272727272727,2.57e-05,"[10, 27, 31, 33, 10, 33, 15, 32]"
anthony,"['AE', 'N', 'TH', 'AH', 'N', 'IY']","['an', 'thony']","['anth', 'ony']",0.2857142857142857,2.57e-05,"[2, 27, 34, 3, 27, 11, 0, 0]"
promotion,"['P', 'R', 'AH', 'M', 'OW', 'SH', 'AH', 'N']","['pro', 'mo', 'tion']",['promotion'],0.2222222222222222,2.57e-05,"[29, 30, 3, 26, 12, 32, 3, 27]"
evolution,"['EH', 'V', 'AH', 'L', 'UW', 'SH', 'AH', 'N']","['evol', 'u', 'tion']","['ev', 'olution']",0.3333333333333333,2.57e-05,"[7, 35, 3, 25, 15, 32, 3, 27]"
alexander,"['AE', 'L', 'AH', 'G', 'Z', 'AE', 'N', 'D', 'ER']","['al', 'ex', 'an', 'der']","['alex', 'ander']",0.2222222222222222,2.51e-05,"[2, 25, 3, 21, 38, 2, 27, 18]"
vacation,"['V', 'EY', 'K', 'EY', 'SH', 'AH', 'N']","['va', 'ca', 'tion']","['vac', 'ation']",0.375,2.51e-05,"[35, 9, 24, 9, 32, 3, 27, 0]"
sake,"['S', 'EY', 'K']",['sake'],"['s', 'ake']",0.25,2.51e-05,"[31, 9, 24, 0, 0, 0, 0, 0]"
dean,"['D', 'IY', 'N']",['dean'],"['de', 'an']",0.25,2.51e-05,"[18, 11, 27, 0, 0, 0, 0, 0]"
spiritual,"['S', 'P', 'IH', 'R', 'IH', 'CH', 'AH', 'W', 'AH', 'L']","['spir', 'itu', 'al']","['spirit', 'ual']",0.3333333333333333,2.51e-05,"[31, 29, 10, 30, 10, 17, 3, 36]"
downtown,"['D', 'AW', 'N', 'T', 'AW', 'N']","['down', 'town']","['d', 'owntown']",0.25,2.51e-05,"[18, 5, 27, 33, 5, 27, 0, 0]"
decline,"['D', 'IH', 'K', 'L', 'AY', 'N']","['de', 'cline']","['decl', 'ine']",0.2857142857142857,2.51e-05,"[18, 10, 24, 25, 6, 27, 0, 0]"
organic,"['AO', 'R', 'G', 'AE', 'N', 'IH', 'K']","['or', 'gan', 'ic']",['organic'],0.2857142857142857,2.51e-05,"[4, 30, 21, 2, 27, 10, 24, 0]"
gods,"['G', 'AA', 'D', 'Z']",['gods'],"['g', 'ods']",0.25,2.51e-05,"[21, 1, 18, 38, 0, 0, 0, 0]"
butter,"['B', 'AH', 'T', 'ER']","['but', 'ter']","['b', 'utter']",0.3333333333333333,2.51e-05,"[16, 3, 33, 8, 0, 0, 0, 0]"
syria,"['S', 'IH', 'R', 'IY', 'AH']","['syr', 'ia']","['sy', 'ria']",0.4,2.51e-05,"[31, 10, 30, 11, 3, 0, 0, 0]"
alliance,"['AH', 'L', 'AY', 'AH', 'N', 'S']","['al', 'li', 'ance']","['all', 'iance']",0.375,2.51e-05,"[3, 25, 6, 3, 27, 31, 0, 0]"
describes,"['D', 'IH', 'S', 'K', 'R', 'AY', 'B', 'Z']","['de', 'scribes']","['des', 'cribes']",0.2222222222222222,2.51e-05,"[18, 10, 31, 24, 30, 6, 16, 38]"
forgotten,"['F', 'ER', 'G', 'AA', 'T', 'AH', 'N']","['for', 'got', 'ten']","['forg', 'otten']",0.3333333333333333,2.51e-05,"[20, 8, 21, 1, 33, 3, 27, 0]"
sudden,"['S', 'AH', 'D', 'AH', 'N']","['sud', 'den']","['s', 'udden']",0.3333333333333333,2.51e-05,"[31, 3, 18, 3, 27, 0, 0, 0]"
crystal,"['K', 'R', 'IH', 'S', 'T', 'AH', 'L']","['crys', 'tal']","['cr', 'ystal']",0.2857142857142857,2.51e-05,"[24, 30, 10, 31, 33, 3, 25, 0]"
annoying,"['AH', 'N', 'OY', 'IH', 'NG']","['an', 'noy', 'ing']","['ann', 'oy', 'ing']",0.25,2.51e-05,"[3, 27, 13, 10, 28, 0, 0, 0]"
ownership,"['OW', 'N', 'ER', 'SH', 'IH', 'P']","['own', 'er', 'ship']",['ownership'],0.2222222222222222,2.51e-05,"[12, 27, 8, 32, 10, 29, 0, 0]"
abandoned,"['AH', 'B', 'AE', 'N', 'D', 'AH', 'N', 'D']","['aban', 'doned']","['ab', 'andoned']",0.2222222222222222,2.51e-05,"[3, 16, 2, 27, 18, 3, 27, 18]"
assumed,"['AH', 'S', 'UW', 'M', 'D']","['as', 'sumed']","['ass', 'umed']",0.2857142857142857,2.45e-05,"[3, 31, 15, 26, 18, 0, 0, 0]"
bother,"['B', 'AA', 'DH', 'ER']","['both', 'er']","['bo', 'ther']",0.3333333333333333,2.45e-05,"[16, 1, 19, 8, 0, 0, 0, 0]"
observed,"['AH', 'B', 'Z', 'ER', 'V', 'D']","['ob', 'served']","['obs', 'erved']",0.25,2.45e-05,"[3, 16, 38, 8, 35, 18, 0, 0]"
atlantic,"['AH', 'T', 'L', 'AE', 'N', 'T', 'IH', 'K']","['at', 'lantic']","['atl', 'antic']",0.25,2.45e-05,"[3, 33, 25, 2, 27, 33, 10, 24]"
narrative,"['N', 'AE', 'R', 'AH', 'T', 'IH', 'V']","['nar', 'rat', 'ive']","['n', 'arr', 'ative']",0.4444444444444444,2.45e-05,"[27, 2, 30, 3, 33, 10, 35, 0]"
associate,"['AH', 'S', 'OW', 'S', 'IY', 'AH', 'T']","['as', 'so', 'ci', 'ate']",['associate'],0.3333333333333333,2.45e-05,"[3, 31, 12, 31, 11, 3, 33, 0]"
entrance,"['EH', 'N', 'T', 'R', 'AH', 'N', 'S']","['en', 'trance']","['entr', 'ance']",0.25,2.45e-05,"[7, 27, 33, 30, 3, 27, 31, 0]"
francis,"['F', 'R', 'AE', 'N', 'S', 'AH', 'S']","['fran', 'cis']","['fr', 'anc', 'is']",0.42857142857142855,2.45e-05,"[20, 30, 2, 27, 31, 3, 31, 0]"
narrow,"['N', 'EH', 'R', 'OW']","['nar', 'row']","['n', 'arrow']",0.3333333333333333,2.45e-05,"[27, 7, 30, 12, 0, 0, 0, 0]"
potentially,"['P', 'AH', 'T', 'EH', 'N', 'SH', 'AH', 'L', 'IY']","['po', 'ten', 'tially']","['pot', 'entially']",0.2727272727272727,2.45e-05,"[29, 3, 33, 7, 27, 32, 3, 25]"
consists,"['K', 'AH', 'N', 'S', 'IH', 'S', 'T', 'S']","['con', 'sists']","['cons', 'ists']",0.25,2.45e-05,"[24, 3, 27, 31, 10, 31, 33, 31]"
intense,"['IH', 'N', 'T', 'EH', 'N', 'S']","['in', 'tense']","['int', 'ense']",0.2857142857142857,2.45e-05,"[10, 27, 33, 7, 27, 31, 0, 0]"
refuse,"['R', 'AH', 'F', 'Y', 'UW', 'Z']","['re', 'fuse']","['ref', 'use']",0.3333333333333333,2.45e-05,"[30, 3, 20, 37, 15, 38, 0, 0]"
compete,"['K', 'AH', 'M', 'P', 'IY', 'T']","['com', 'pete']","['comp', 'ete']",0.2857142857142857,2.45e-05,"[24, 3, 26, 29, 11, 33, 0, 0]"
sciences,"['S', 'AY', 'AH', 'N', 'S', 'AH', 'Z']","['sci', 'ences']","['sc', 'iences']",0.25,2.45e-05,"[31, 6, 3, 27, 31, 3, 38, 0]"
consumers,"['K', 'AH', 'N', 'S', 'UW', 'M', 'ER', 'Z']","['con', 'sumers']","['consum', 'ers']",0.2222222222222222,2.45e-05,"[24, 3, 27, 31, 15, 26, 8, 38]"
occasionally,"['AH', 'K', 'EY', 'ZH', 'AH', 'N', 'AH', 'L', 'IY']","['oc', 'ca', 'sion', 'ally']","['occ', 'asionally']",0.3333333333333333,2.45e-05,"[3, 24, 9, 39, 3, 27, 3, 25]"
discover,"['D', 'IH', 'S', 'K', 'AH', 'V', 'ER']","['dis', 'cov', 'er']",['discover'],0.25,2.45e-05,"[18, 10, 31, 24, 3, 35, 8, 0]"
cricket,"['K', 'R', 'IH', 'K', 'AH', 'T']","['crick', 'et']","['cr', 'icket']",0.2857142857142857,2.45e-05,"[24, 30, 10, 24, 3, 33, 0, 0]"
pope,"['P', 'OW', 'P']",['pope'],"['p', 'ope']",0.25,2.4e-05,"[29, 12, 29, 0, 0, 0, 0, 0]"
arizona,"['EH', 'R', 'IH', 'Z', 'OW', 'N', 'AH']","['ari', 'zona']","['ar', 'izona']",0.2857142857142857,2.4e-05,"[7, 30, 10, 38, 12, 27, 3, 0]"
females,"['F', 'IY', 'M', 'EY', 'L', 'Z']","['fe', 'males']","['f', 'emales']",0.2857142857142857,2.4e-05,"[20, 11, 26, 9, 25, 38, 0, 0]"
belong,"['B', 'IH', 'L', 'AO', 'NG']","['be', 'long']","['bel', 'ong']",0.3333333333333333,2.4e-05,"[16, 10, 25, 4, 28, 0, 0, 0]"
efficiency,"['IH', 'F', 'IH', 'SH', 'AH', 'N', 'S', 'IY']","['ef', 'fi', 'ciency']","['eff', 'iciency']",0.3,2.4e-05,"[10, 20, 10, 32, 3, 27, 31, 11]"
vital,"['V', 'AY', 'T', 'AH', 'L']","['vi', 'tal']","['v', 'ital']",0.4,2.4e-05,"[35, 6, 33, 3, 25, 0, 0, 0]"
defensive,"['D', 'IH', 'F', 'EH', 'N', 'S', 'IH', 'V']","['de', 'fens', 'ive']","['def', 'ensive']",0.3333333333333333,2.4e-05,"[18, 10, 20, 7, 27, 31, 10, 35]"
passenger,"['P', 'AE', 'S', 'AH', 'N', 'JH', 'ER']","['pas', 'sen', 'ger']","['pass', 'enger']",0.3333333333333333,2.4e-05,"[29, 2, 31, 3, 27, 23, 8, 0]"
arrive,"['ER', 'AY', 'V']","['ar', 'rive']","['arr', 'ive']",0.3333333333333333,2.4e-05,"[8, 6, 35, 0, 0, 0, 0, 0]"
occasion,"['AH', 'K', 'EY', 'ZH', 'AH', 'N']","['oc', 'ca', 'sion']",['occasion'],0.25,2.4e-05,"[3, 24, 9, 39, 3, 27, 0, 0]"
amendment,"['AH', 'M', 'EH', 'N', 'D', 'M', 'AH', 'N', 'T']","['amend', 'ment']","['am', 'endment']",0.2222222222222222,2.4e-05,"[3, 26, 7, 27, 18, 26, 3, 27]"
resident,"['R', 'EH', 'Z', 'IH', 'D', 'AH', 'N', 'T']","['res', 'id', 'ent']",['resident'],0.25,2.4e-05,"[30, 7, 38, 10, 18, 3, 27, 33]"
increasingly,"['IH', 'N', 'K', 'R', 'IY', 'S', 'IH', 'NG', 'L', 'IY']","['in', 'creas', 'ingly']","['incre', 'asing', 'ly']",0.3333333333333333,2.4e-05,"[10, 27, 24, 30, 11, 31, 10, 28]"
commonly,"['K', 'AA', 'M', 'AH', 'N', 'L', 'IY']","['com', 'monly']","['common', 'ly']",0.25,2.4e-05,"[24, 1, 26, 3, 27, 25, 11, 0]"
experiment,"['IH', 'K', 'S', 'P', 'EH', 'R', 'AH', 'M', 'AH', 'N', 'T']","['ex', 'per', 'i', 'ment']",['experiment'],0.3,2.4e-05,"[10, 24, 31, 29, 7, 30, 3, 26]"
survival,"['S', 'ER', 'V', 'AY', 'V', 'AH', 'L']","['sur', 'viv', 'al']","['sur', 'v', 'ival']",0.25,2.34e-05,"[31, 8, 35, 6, 35, 3, 25, 0]"
kansas,"['K', 'AE', 'N', 'Z', 'AH', 'S']","['kan', 'sas']","['k', 'ansas']",0.3333333333333333,2.34e-05,"[24, 2, 27, 38, 3, 31, 0, 0]"
gordon,"['G', 'AO', 'R', 'D', 'AH', 'N']","['gor', 'don']","['g', 'ordon']",0.3333333333333333,2.34e-05,"[21, 4, 30, 18, 3, 27, 0, 0]"
prisoners,"['P', 'R', 'IH', 'Z', 'AH', 'N', 'ER', 'Z']","['pris', 'on', 'ers']","['pr', 'ison', 'ers']",0.2222222222222222,2.34e-05,"[29, 30, 10, 38, 3, 27, 8, 38]"
introduce,"['IH', 'N', 'T', 'R', 'AH', 'D', 'UW', 'S']","['in', 'tro', 'duce']","['int', 'roduce']",0.3333333333333333,2.34e-05,"[10, 27, 33, 30, 3, 18, 15, 31]"
tongue,"['T', 'AH', 'NG']",['tongue'],"['t', 'ong', 'ue']",0.3333333333333333,2.34e-05,"[33, 3, 28, 0, 0, 0, 0, 0]"
emotions,"['IH', 'M', 'OW', 'SH', 'AH', 'N', 'Z']","['emo', 'tions']","['em', 'otions']",0.25,2.34e-05,"[10, 26, 12, 32, 3, 27, 38, 0]"
immigrants,"['IH', 'M', 'AH', 'G', 'R', 'AH', 'N', 'T', 'S']","['im', 'mig', 'rants']","['imm', 'igrants']",0.3,2.34e-05,"[10, 26, 3, 21, 30, 3, 27, 33]"
funeral,"['F', 'Y', 'UW', 'N', 'ER', 'AH', 'L']","['fu', 'ner', 'al']","['fun', 'eral']",0.42857142857142855,2.34e-05,"[20, 37, 15, 27, 8, 3, 25, 0]"
remind,"['R', 'IY', 'M', 'AY', 'N', 'D']","['re', 'mind']","['rem', 'ind']",0.3333333333333333,2.34e-05,"[30, 11, 26, 6, 27, 18, 0, 0]"
christians,"['K', 'R', 'IH', 'S', 'CH', 'AH', 'N', 'Z']","['chris', 'ti', 'ans']","['christ', 'ians']",0.3,2.34e-05,"[24, 30, 10, 31, 17, 3, 27, 38]"
genuine,"['JH', 'EH', 'N', 'Y', 'AH', 'W', 'AH', 'N']","['genu', 'ine']","['g', 'enuine']",0.2857142857142857,2.34e-05,"[23, 7, 27, 37, 3, 36, 3, 27]"
atlanta,"['AE', 'T', 'L', 'AE', 'N', 'T', 'AH']","['at', 'lanta']","['atl', 'anta']",0.2857142857142857,2.34e-05,"[2, 33, 25, 2, 27, 33, 3, 0]"
rejected,"['R', 'IH', 'JH', 'EH', 'K', 'T', 'IH', 'D']","['re', 'jec', 'ted']",['rejected'],0.25,2.34e-05,"[30, 10, 23, 7, 24, 33, 10, 18]"
resulted,"['R', 'IH', 'Z', 'AH', 'L', 'T', 'IH', 'D']","['res', 'ul', 'ted']","['result', 'ed']",0.375,2.34e-05,"[30, 10, 38, 3, 25, 33, 10, 18]"
monitor,"['M', 'AA', 'N', 'AH', 'T', 'ER']","['mon', 'it', 'or']",['monitor'],0.2857142857142857,2.34e-05,"[26, 1, 27, 3, 33, 8, 0, 0]"
resort,"['R', 'IH', 'Z', 'AO', 'R', 'T']","['re', 'sort']","['res', 'ort']",0.3333333333333333,2.34e-05,"[30, 10, 38, 4, 30, 33, 0, 0]"
improving,"['IH', 'M', 'P', 'R', 'UW', 'V', 'IH', 'NG']","['im', 'prov', 'ing']","['im', 'pro', 'ving']",0.2222222222222222,2.34e-05,"[10, 26, 29, 30, 15, 35, 10, 28]"
agriculture,"['AE', 'G', 'R', 'IH', 'K', 'AH', 'L', 'CH', 'ER']","['ag', 'ri', 'cul', 'ture']","['ag', 'ric', 'ulture']",0.2727272727272727,2.34e-05,"[2, 21, 30, 10, 24, 3, 25, 17]"
extraordinary,"['IH', 'K', 'S', 'T', 'R', 'AO', 'R', 'D', 'AH', 'N', 'EH', 'R', 'IY']","['ex', 'traordin', 'ary']","['extra', 'ordinary']",0.23076923076923078,2.29e-05,"[10, 24, 31, 33, 30, 4, 30, 18]"
microsoft,"['M', 'AY', 'K', 'R', 'OW', 'S', 'AO', 'F', 'T']","['mi', 'crosoft']","['m', 'icrosoft']",0.2222222222222222,2.29e-05,"[26, 6, 24, 30, 12, 31, 4, 20]"
diseases,"['D', 'IH', 'Z', 'IY', 'Z', 'AH', 'Z']","['dis', 'eases']","['d', 'ise', 'ases']",0.375,2.29e-05,"[18, 10, 38, 11, 38, 3, 38, 0]"
fate,"['F', 'EY', 'T']",['fate'],"['f', 'ate']",0.25,2.29e-05,"[20, 9, 33, 0, 0, 0, 0, 0]"
initiative,"['IH', 'N', 'IH', 'SH', 'AH', 'T', 'IH', 'V']","['ini', 'ti', 'at', 'ive']","['init', 'iative']",0.4,2.29e-05,"[10, 27, 10, 32, 3, 33, 10, 35]"
begun,"['B', 'IH', 'G', 'AH', 'N']","['be', 'gun']","['beg', 'un']",0.4,2.29e-05,"[16, 10, 21, 3, 27, 0, 0, 0]"
interviews,"['IH', 'N', 'T', 'ER', 'V', 'Y', 'UW', 'Z']","['in', 'ter', 'views']","['int', 'erview', 's']",0.4,2.29e-05,"[10, 27, 33, 8, 35, 37, 15, 38]"
anderson,"['AE', 'N', 'D', 'ER', 'S', 'AH', 'N']","['an', 'der', 'son']","['and', 'erson']",0.375,2.29e-05,"[2, 27, 18, 8, 31, 3, 27, 0]"
scoring,"['S', 'K', 'AO', 'R', 'IH', 'NG']","['scor', 'ing']","['sc', 'oring']",0.2857142857142857,2.29e-05,"[31, 24, 4, 30, 10, 28, 0, 0]"
jean,"['JH', 'IY', 'N']",['jean'],"['je', 'an']",0.25,2.29e-05,"[23, 11, 27, 0, 0, 0, 0, 0]"
argued,"['AA', 'R', 'G', 'Y', 'UW', 'D']","['ar', 'gued']","['arg', 'ued']",0.3333333333333333,2.29e-05,"[1, 30, 21, 37, 15, 18, 0, 0]"
regard,"['R', 'AH', 'G', 'AA', 'R', 'D']","['re', 'gard']","['reg', 'ard']",0.3333333333333333,2.29e-05,"[30, 3, 21, 1, 30, 18, 0, 0]"
objective,"['AH', 'B', 'JH', 'EH', 'K', 'T', 'IH', 'V']","['ob', 'ject', 'ive']",['objective'],0.2222222222222222,2.29e-05,"[3, 16, 23, 7, 24, 33, 10, 35]"
automatic,"['AO', 'T', 'AH', 'M', 'AE', 'T', 'IH', 'K']","['auto', 'mat', 'ic']",['automatic'],0.2222222222222222,2.29e-05,"[4, 33, 3, 26, 2, 33, 10, 24]"
gaming,"['G', 'EY', 'M', 'IH', 'NG']","['gam', 'ing']","['g', 'aming']",0.3333333333333333,2.29e-05,"[21, 9, 26, 10, 28, 0, 0, 0]"
universities,"['Y', 'UW', 'N', 'AH', 'V', 'ER', 'S', 'AH', 'T', 'IY', 'Z']","['uni', 'ver', 'sit', 'ies']","['un', 'ivers', 'ities']",0.4166666666666667,2.29e-05,"[37, 15, 27, 3, 35, 8, 31, 3]"
austin,"['AO', 'S', 'T', 'AH', 'N']","['aus', 'tin']","['a', 'ustin']",0.3333333333333333,2.29e-05,"[4, 31, 33, 3, 27, 0, 0, 0]"
consent,"['K', 'AH', 'N', 'S', 'EH', 'N', 'T']","['con', 'sent']","['cons', 'ent']",0.2857142857142857,2.29e-05,"[24, 3, 27, 31, 7, 27, 33, 0]"
divorce,"['D', 'IH', 'V', 'AO', 'R', 'S']","['di', 'vorce']","['div', 'orce']",0.2857142857142857,2.29e-05,"[18, 10, 35, 4, 30, 31, 0, 0]"
organisation,"['AO', 'R', 'G', 'AH', 'N', 'IH', 'Z', 'EY', 'SH', 'AH', 'N']","['or', 'gan', 'isa', 'tion']",['organisation'],0.25,2.29e-05,"[4, 30, 21, 3, 27, 10, 38, 9]"
removal,"['R', 'IH', 'M', 'UW', 'V', 'AH', 'L']","['re', 'mov', 'al']","['rem', 'oval']",0.42857142857142855,2.24e-05,"[30, 10, 26, 15, 35, 3, 25, 0]"
engines,"['EH', 'N', 'JH', 'AH', 'N', 'Z']","['en', 'gines']","['eng', 'ines']",0.2857142857142857,2.24e-05,"[7, 27, 23, 3, 27, 38, 0, 0]"
theater,"['TH', 'IY', 'AH', 'T', 'ER']","['theat', 'er']","['the', 'ater']",0.2857142857142857,2.24e-05,"[34, 11, 3, 33, 8, 0, 0, 0]"
sept,"['S', 'EH', 'P', 'T']",['sept'],"['se', 'pt']",0.25,2.24e-05,"[31, 7, 29, 33, 0, 0, 0, 0]"
awarded,"['AH', 'W', 'AO', 'R', 'D', 'AH', 'D']","['awar', 'ded']","['aw', 'arded']",0.2857142857142857,2.24e-05,"[3, 36, 4, 30, 18, 3, 18, 0]"
singapore,"['S', 'IH', 'NG', 'AH', 'P', 'AO', 'R']","['singa', 'pore']","['sing', 'apore']",0.2222222222222222,2.24e-05,"[31, 10, 28, 3, 29, 4, 30, 0]"
leather,"['L', 'EH', 'DH', 'ER']","['leath', 'er']","['le', 'ather']",0.2857142857142857,2.24e-05,"[25, 7, 19, 8, 0, 0, 0, 0]"
grateful,"['G', 'R', 'EY', 'T', 'F', 'AH', 'L']","['grate', 'ful']","['gr', 'ateful']",0.25,2.24e-05,"[21, 30, 9, 33, 20, 3, 25, 0]"
manufacturers,"['M', 'AE', 'N', 'Y', 'AH', 'F', 'AE', 'K', 'CH', 'ER', 'ER', 'Z']","['man', 'u', 'fac', 'tur', 'ers']","['manufact', 'urers']",0.38461538461538464,2.24e-05,"[26, 2, 27, 37, 3, 20, 2, 24]"
lips,"['L', 'IH', 'P', 'S']",['lips'],"['l', 'ips']",0.25,2.24e-05,"[25, 10, 29, 31, 0, 0, 0, 0]"
ambassador,"['AE', 'M', 'B', 'AE', 'S', 'AH', 'D', 'ER']","['am', 'bas', 'sad', 'or']","['amb', 'assador']",0.4,2.24e-05,"[2, 26, 16, 2, 31, 3, 18, 8]"
exception,"['IH', 'K', 'S', 'EH', 'P', 'SH', 'AH', 'N']","['ex', 'cep', 'tion']",['exception'],0.2222222222222222,2.24e-05,"[10, 24, 31, 7, 29, 32, 3, 27]"
detroit,"['D', 'IH', 'T', 'R', 'OY', 'T']","['de', 'troit']","['d', 'etroit']",0.2857142857142857,2.24e-05,"[18, 10, 33, 30, 13, 33, 0, 0]"
movements,"['M', 'UW', 'V', 'M', 'AH', 'N', 'T', 'S']","['move', 'ments']","['mov', 'ements']",0.2222222222222222,2.24e-05,"[26, 15, 35, 26, 3, 27, 33, 31]"
josh,"['JH', 'AA', 'SH']",['josh'],"['j', 'osh']",0.25,2.24e-05,"[23, 1, 32, 0, 0, 0, 0, 0]"
lyrics,"['L', 'IH', 'R', 'IH', 'K', 'S']","['lyr', 'ics']","['ly', 'rics']",0.3333333333333333,2.24e-05,"[25, 10, 30, 10, 24, 31, 0, 0]"
tear,"['T', 'EH', 'R']",['tear'],"['te', 'ar']",0.25,2.24e-05,"[33, 7, 30, 0, 0, 0, 0, 0]"
indicate,"['IH', 'N', 'D', 'AH', 'K', 'EY', 'T']","['in', 'dic', 'ate']","['ind', 'icate']",0.375,2.24e-05,"[10, 27, 18, 3, 24, 9, 33, 0]"
referring,"['R', 'IH', 'F', 'ER', 'IH', 'NG']","['re', 'fer', 'ring']","['ref', 'erring']",0.3333333333333333,2.24e-05,"[30, 10, 20, 8, 10, 28, 0, 0]"
cotton,"['K', 'AA', 'T', 'AH', 'N']","['cot', 'ton']","['c', 'otton']",0.3333333333333333,2.24e-05,"[24, 1, 33, 3, 27, 0, 0, 0]"
epic,"['EH', 'P', 'IH', 'K']",['epic'],"['ep', 'ic']",0.25,2.24e-05,"[7, 29, 10, 24, 0, 0, 0, 0]"
consumption,"['K', 'AH', 'N', 'S', 'AH', 'M', 'P', 'SH', 'AH', 'N']","['con', 'sump', 'tion']","['consum', 'ption']",0.2727272727272727,2.24e-05,"[24, 3, 27, 31, 3, 26, 29, 32]"
twin,"['T', 'W', 'IH', 'N']",['twin'],"['t', 'win']",0.25,2.19e-05,"[33, 36, 10, 27, 0, 0, 0, 0]"
reveals,"['R', 'IH', 'V', 'IY', 'L', 'Z']","['re', 'veals']","['reve', 'als']",0.2857142857142857,2.19e-05,"[30, 10, 35, 11, 25, 38, 0, 0]"
generated,"['JH', 'EH', 'N', 'ER', 'EY', 'T', 'AH', 'D']","['gen', 'er', 'ated']",['generated'],0.2222222222222222,2.19e-05,"[23, 7, 27, 8, 9, 33, 3, 18]"
veterans,"['V', 'EH', 'T', 'ER', 'AH', 'N', 'Z']","['vet', 'er', 'ans']","['v', 'eter', 'ans']",0.25,2.19e-05,"[35, 7, 33, 8, 3, 27, 38, 0]"
fame,"['F', 'EY', 'M']",['fame'],"['f', 'ame']",0.25,2.19e-05,"[20, 9, 26, 0, 0, 0, 0, 0]"
passengers,"['P', 'AE', 'S', 'AH', 'N', 'JH', 'ER', 'Z']","['pas', 'sen', 'gers']","['pass', 'engers']",0.3,2.19e-05,"[29, 2, 31, 3, 27, 23, 8, 38]"
investors,"['IH', 'N', 'V', 'EH', 'S', 'T', 'ER', 'Z']","['in', 'vestors']","['invest', 'ors']",0.2222222222222222,2.19e-05,"[10, 27, 35, 7, 31, 33, 8, 38]"
delicious,"['D', 'IH', 'L', 'IH', 'SH', 'AH', 'S']","['de', 'li', 'cious']","['del', 'icious']",0.3333333333333333,2.19e-05,"[18, 10, 25, 10, 32, 3, 31, 0]"
agricultural,"['AE', 'G', 'R', 'AH', 'K', 'AH', 'L', 'CH', 'ER', 'AH', 'L']","['ag', 'ri', 'cul', 'tur', 'al']","['ag', 'ric', 'ultural']",0.3333333333333333,2.19e-05,"[2, 21, 30, 3, 24, 3, 25, 17]"
representation,"['R', 'EH', 'P', 'R', 'AH', 'Z', 'EH', 'N', 'T', 'EY', 'SH', 'AH', 'N']","['rep', 'res', 'ent', 'a', 'tion']",['representation'],0.2857142857142857,2.19e-05,"[30, 7, 29, 30, 3, 38, 7, 27]"
principle,"['P', 'R', 'IH', 'N', 'S', 'AH', 'P', 'AH', 'L']","['prin', 'ciple']","['pr', 'inciple']",0.2222222222222222,2.19e-05,"[29, 30, 10, 27, 31, 3, 29, 3]"
genetic,"['JH', 'AH', 'N', 'EH', 'T', 'IH', 'K']","['ge', 'net', 'ic']","['gen', 'etic']",0.42857142857142855,2.19e-05,"[23, 3, 27, 7, 33, 10, 24, 0]"
occurs,"['AH', 'K', 'ER', 'Z']","['oc', 'curs']","['occ', 'urs']",0.3333333333333333,2.19e-05,"[3, 24, 8, 38, 0, 0, 0, 0]"
absence,"['AE', 'B', 'S', 'AH', 'N', 'S']","['ab', 'sence']","['abs', 'ence']",0.2857142857142857,2.19e-05,"[2, 16, 31, 3, 27, 31, 0, 0]"
photographs,"['F', 'OW', 'T', 'AH', 'G', 'R', 'AE', 'F', 'S']","['pho', 'to', 'graphs']","['phot', 'ographs']",0.2727272727272727,2.19e-05,"[20, 12, 33, 3, 21, 30, 2, 20]"
contributions,"['K', 'AA', 'N', 'T', 'R', 'AH', 'B', 'Y', 'UW', 'SH', 'AH', 'N', 'Z']","['con', 'tri', 'bu', 'tions']","['contrib', 'utions']",0.3076923076923077,2.19e-05,"[24, 1, 27, 33, 30, 3, 16, 37]"
indicated,"['IH', 'N', 'D', 'AH', 'K', 'EY', 'T', 'AH', 'D']","['in', 'dic', 'ated']","['ind', 'icated']",0.3333333333333333,2.19e-05,"[10, 27, 18, 3, 24, 9, 33, 3]"
rapidly,"['R', 'AE', 'P', 'AH', 'D', 'L', 'IY']","['rap', 'idly']","['rapid', 'ly']",0.2857142857142857,2.19e-05,"[30, 2, 29, 3, 18, 25, 11, 0]"
knee,"['N', 'IY']",['knee'],"['k', 'nee']",0.25,2.14e-05,"[27, 11, 0, 0, 0, 0, 0, 0]"
precious,"['P', 'R', 'EH', 'SH', 'AH', 'S']","['pre', 'cious']","['prec', 'ious']",0.25,2.14e-05,"[29, 30, 7, 32, 3, 31, 0, 0]"
mechanical,"['M', 'AH', 'K', 'AE', 'N', 'IH', 'K', 'AH', 'L']","['mech', 'an', 'ic', 'al']","['me', 'chan', 'ical']",0.3,2.14e-05,"[26, 3, 24, 2, 27, 10, 24, 3]"
composition,"['K', 'AA', 'M', 'P', 'AH', 'Z', 'IH', 'SH', 'AH', 'N']","['com', 'pos', 'i', 'tion']",['composition'],0.2727272727272727,2.14e-05,"[24, 1, 26, 29, 3, 38, 10, 32]"
periods,"['P', 'IH', 'R', 'IY', 'AH', 'D', 'Z']","['peri', 'ods']","['period', 's']",0.2857142857142857,2.14e-05,"[29, 10, 30, 11, 3, 18, 38, 0]"
intention,"['IH', 'N', 'T', 'EH', 'N', 'CH', 'AH', 'N']","['in', 'ten', 'tion']","['int', 'ention']",0.3333333333333333,2.14e-05,"[10, 27, 33, 7, 27, 17, 3, 27]"
fundamental,"['F', 'AH', 'N', 'D', 'AH', 'M', 'EH', 'N', 'T', 'AH', 'L']","['fun', 'da', 'ment', 'al']","['fund', 'amental']",0.36363636363636365,2.14e-05,"[20, 3, 27, 18, 3, 26, 7, 27]"
constitutional,"['K', 'AA', 'N', 'S', 'T', 'AH', 'T', 'UW', 'SH', 'AH', 'N', 'AH', 'L']","['con', 'sti', 'tu', 'tion', 'al']",['constitutional'],0.2857142857142857,2.14e-05,"[24, 1, 27, 31, 33, 3, 33, 15]"
russell,"['R', 'AH', 'S', 'AH', 'L']","['rus', 'sell']","['r', 'uss', 'ell']",0.42857142857142855,2.14e-05,"[30, 3, 31, 3, 25, 0, 0, 0]"
hospitals,"['HH', 'AA', 'S', 'P', 'IH', 'T', 'AH', 'L', 'Z']","['hos', 'pit', 'als']","['h', 'osp', 'itals']",0.4444444444444444,2.14e-05,"[22, 1, 31, 29, 10, 33, 3, 25]"
genius,"['JH', 'IY', 'N', 'Y', 'AH', 'S']","['geni', 'us']","['gen', 'ius']",0.3333333333333333,2.14e-05,"[23, 11, 27, 37, 3, 31, 0, 0]"
participation,"['P', 'AA', 'R', 'T', 'IH', 'S', 'AH', 'P', 'EY', 'SH', 'AH', 'N']","['par', 'ti', 'cip', 'a', 'tion']","['part', 'icipation']",0.38461538461538464,2.14e-05,"[29, 1, 30, 33, 10, 31, 3, 29]"
nigeria,"['N', 'AY', 'JH', 'IH', 'R', 'IY', 'AH']","['ni', 'ger', 'ia']","['n', 'igeria']",0.42857142857142855,2.14e-05,"[27, 6, 23, 10, 30, 11, 3, 0]"
iowa,"['AY', 'AH', 'W', 'AH']",['iowa'],"['i', 'owa']",0.25,2.14e-05,"[6, 3, 36, 3, 0, 0, 0, 0]"
satellite,"['S', 'AE', 'T', 'AH', 'L', 'AY', 'T']","['satel', 'lite']","['sat', 'ellite']",0.2222222222222222,2.14e-05,"[31, 2, 33, 3, 25, 6, 33, 0]"
arguments,"['AA', 'R', 'G', 'Y', 'AH', 'M', 'AH', 'N', 'T', 'S']","['ar', 'gu', 'ments']",['arguments'],0.2222222222222222,2.14e-05,"[1, 30, 21, 37, 3, 26, 3, 27]"
compensation,"['K', 'AA', 'M', 'P', 'AH', 'N', 'S', 'EY', 'SH', 'AH', 'N']","['com', 'pens', 'a', 'tion']","['comp', 'ensation']",0.3333333333333333,2.14e-05,"[24, 1, 26, 29, 3, 27, 31, 9]"
computers,"['K', 'AH', 'M', 'P', 'Y', 'UW', 'T', 'ER', 'Z']","['com', 'puters']","['comput', 'ers']",0.2222222222222222,2.14e-05,"[24, 3, 26, 29, 37, 15, 33, 8]"
conservation,"['K', 'AA', 'N', 'S', 'ER', 'V', 'EY', 'SH', 'AH', 'N']","['con', 'ser', 'va', 'tion']","['cons', 'ervation']",0.3333333333333333,2.14e-05,"[24, 1, 27, 31, 8, 35, 9, 32]"
requested,"['R', 'IH', 'K', 'W', 'EH', 'S', 'T', 'IH', 'D']","['re', 'ques', 'ted']",['requested'],0.2222222222222222,2.14e-05,"[30, 10, 24, 36, 7, 31, 33, 10]"
operator,"['AA', 'P', 'ER', 'EY', 'T', 'ER']","['op', 'er', 'at', 'or']",['operator'],0.375,2.09e-05,"[1, 29, 8, 9, 33, 8, 0, 0]"
technologies,"['T', 'EH', 'K', 'N', 'AA', 'L', 'AH', 'JH', 'IY', 'Z']","['tech', 'no', 'lo', 'gies']","['techn', 'ologies']",0.3333333333333333,2.09e-05,"[33, 7, 24, 27, 1, 25, 3, 23]"
apparent,"['AH', 'P', 'EH', 'R', 'AH', 'N', 'T']","['ap', 'par', 'ent']","['app', 'arent']",0.375,2.09e-05,"[3, 29, 7, 30, 3, 27, 33, 0]"
legislative,"['L', 'EH', 'JH', 'AH', 'S', 'L', 'EY', 'T', 'IH', 'V']","['le', 'gis', 'lat', 'ive']","['leg', 'isl', 'ative']",0.45454545454545453,2.09e-05,"[25, 7, 23, 3, 31, 25, 9, 33]"
occupied,"['AA', 'K', 'Y', 'AH', 'P', 'AY', 'D']","['oc', 'cu', 'pied']",['occupied'],0.25,2.09e-05,"[1, 24, 37, 3, 29, 6, 18, 0]"
romance,"['R', 'OW', 'M', 'AE', 'N', 'S']","['ro', 'mance']","['rom', 'ance']",0.2857142857142857,2.09e-05,"[30, 12, 26, 2, 27, 31, 0, 0]"
courage,"['K', 'ER', 'AH', 'JH']","['cour', 'age']","['c', 'ourage']",0.2857142857142857,2.09e-05,"[24, 8, 3, 23, 0, 0, 0, 0]"
trials,"['T', 'R', 'AY', 'AH', 'L', 'Z']","['tri', 'als']","['tr', 'ials']",0.3333333333333333,2.09e-05,"[33, 30, 6, 3, 25, 38, 0, 0]"
tissue,"['T', 'IH', 'S', 'Y', 'UW']","['tis', 'sue']","['t', 'issue']",0.3333333333333333,2.09e-05,"[33, 10, 31, 37, 15, 0, 0, 0]"
cure,"['K', 'Y', 'UH', 'R']",['cure'],"['c', 'ure']",0.25,2.09e-05,"[24, 37, 14, 30, 0, 0, 0, 0]"
component,"['K', 'AH', 'M', 'P', 'OW', 'N', 'AH', 'N', 'T']","['com', 'pon', 'ent']",['component'],0.2222222222222222,2.09e-05,"[24, 3, 26, 29, 12, 27, 3, 27]"
duties,"['D', 'UW', 'T', 'IY', 'Z']","['du', 'ties']","['d', 'ut', 'ies']",0.5,2.09e-05,"[18, 15, 33, 11, 38, 0, 0, 0]"
submitted,"['S', 'AH', 'B', 'M', 'IH', 'T', 'AH', 'D']","['sub', 'mit', 'ted']",['submitted'],0.2222222222222222,2.09e-05,"[31, 3, 16, 26, 10, 33, 3, 18]"
suspended,"['S', 'AH', 'S', 'P', 'EH', 'N', 'D', 'AH', 'D']","['sus', 'pen', 'ded']","['s', 'uspended']",0.3333333333333333,2.09e-05,"[31, 3, 31, 29, 7, 27, 18, 3]"
diversity,"['D', 'IH', 'V', 'ER', 'S', 'AH', 'T', 'IY']","['di', 'versity']","['div', 'ers', 'ity']",0.3333333333333333,2.09e-05,"[18, 10, 35, 8, 31, 3, 33, 11]"
trailer,"['T', 'R', 'EY', 'L', 'ER']","['trail', 'er']","['tr', 'ailer']",0.2857142857142857,2.09e-05,"[33, 30, 9, 25, 8, 0, 0, 0]"
ukraine,"['Y', 'UW', 'K', 'R', 'EY', 'N']",['ukraine'],"['uk', 'r', 'aine']",0.2857142857142857,2.09e-05,"[37, 15, 24, 30, 9, 27, 0, 0]"
registration,"['R', 'EH', 'JH', 'IH', 'S', 'T', 'R', 'EY', 'SH', 'AH', 'N']","['re', 'gis', 'tra', 'tion']",['registration'],0.25,2.09e-05,"[30, 7, 23, 10, 31, 33, 30, 9]"
innovation,"['IH', 'N', 'AH', 'V', 'EY', 'SH', 'AH', 'N']","['in', 'nov', 'a', 'tion']","['inn', 'ovation']",0.4,2.09e-05,"[10, 27, 3, 35, 9, 32, 3, 27]"
virtual,"['V', 'ER', 'CH', 'UW', 'AH', 'L']","['vir', 'tu', 'al']",['virtual'],0.2857142857142857,2.09e-05,"[35, 8, 17, 15, 3, 25, 0, 0]"
mothers,"['M', 'AH', 'DH', 'ER', 'Z']","['moth', 'ers']","['mo', 'thers']",0.2857142857142857,2.09e-05,"[26, 3, 19, 8, 38, 0, 0, 0]"
centuries,"['S', 'EH', 'N', 'CH', 'ER', 'IY', 'Z']","['cen', 'tur', 'ies']","['cent', 'uries']",0.3333333333333333,2.09e-05,"[31, 7, 27, 17, 8, 11, 38, 0]"
jacket,"['JH', 'AE', 'K', 'AH', 'T']","['jack', 'et']","['j', 'acket']",0.3333333333333333,2.09e-05,"[23, 2, 24, 3, 33, 0, 0, 0]"
sufficient,"['S', 'AH', 'F', 'IH', 'SH', 'AH', 'N', 'T']","['suf', 'fi', 'cient']","['s', 'ufficient']",0.3,2.09e-05,"[31, 3, 20, 10, 32, 3, 27, 33]"
communist,"['K', 'AA', 'M', 'Y', 'AH', 'N', 'AH', 'S', 'T']","['com', 'mun', 'ist']","['comm', 'unist']",0.3333333333333333,2.09e-05,"[24, 1, 26, 37, 3, 27, 3, 31]"
psychology,"['S', 'AY', 'K', 'AA', 'L', 'AH', 'JH', 'IY']","['psy', 'cho', 'logy']","['psych', 'ology']",0.3,2.04e-05,"[31, 6, 24, 1, 25, 3, 23, 11]"
vietnam,"['V', 'IY', 'EH', 'T', 'N', 'AA', 'M']","['vi', 'et', 'nam']","['v', 'iet', 'nam']",0.2857142857142857,2.04e-05,"[35, 11, 7, 33, 27, 1, 26, 0]"
jonathan,"['JH', 'AA', 'N', 'AH', 'TH', 'AH', 'N']","['jonath', 'an']","['jon', 'athan']",0.25,2.04e-05,"[23, 1, 27, 3, 34, 3, 27, 0]"
piano,"['P', 'IY', 'AE', 'N', 'OW']","['pi', 'ano']","['p', 'iano']",0.4,2.04e-05,"[29, 11, 2, 27, 12, 0, 0, 0]"
stability,"['S', 'T', 'AH', 'B', 'IH', 'L', 'IH', 'T', 'IY']","['sta', 'bil', 'ity']","['st', 'ability']",0.3333333333333333,2.04e-05,"[31, 33, 3, 16, 10, 25, 10, 33]"
indiana,"['IH', 'N', 'D', 'IY', 'AE', 'N', 'AH']","['in', 'di', 'ana']","['ind', 'iana']",0.42857142857142855,2.04e-05,"[10, 27, 18, 11, 2, 27, 3, 0]"
implementation,"['IH', 'M', 'P', 'L', 'AH', 'M', 'EH', 'N', 'T', 'EY', 'SH', 'AH', 'N']","['im', 'ple', 'ment', 'a', 'tion']",['implementation'],0.2857142857142857,2.04e-05,"[10, 26, 29, 25, 3, 26, 7, 27]"
toilet,"['T', 'OY', 'L', 'AH', 'T']","['toi', 'let']","['to', 'ilet']",0.3333333333333333,2.04e-05,"[33, 13, 25, 3, 33, 0, 0, 0]"
dare,"['D', 'EH', 'R']",['dare'],"['d', 'are']",0.25,2.04e-05,"[18, 7, 30, 0, 0, 0, 0, 0]"
arranged,"['ER', 'EY', 'N', 'JH', 'D']","['ar', 'ranged']","['arr', 'anged']",0.25,2.04e-05,"[8, 9, 27, 23, 18, 0, 0, 0]"
biological,"['B', 'AY', 'AH', 'L', 'AA', 'JH', 'IH', 'K', 'AH', 'L']","['bio', 'lo', 'gic', 'al']","['bi', 'ological']",0.4,2.04e-05,"[16, 6, 3, 25, 1, 23, 10, 24]"
terminal,"['T', 'ER', 'M', 'AH', 'N', 'AH', 'L']","['ter', 'min', 'al']",['terminal'],0.25,2.04e-05,"[33, 8, 26, 3, 27, 3, 25, 0]"
districts,"['D', 'IH', 'S', 'T', 'R', 'IH', 'K', 'T', 'S']","['dis', 'tricts']","['district', 's']",0.2222222222222222,2.04e-05,"[18, 10, 31, 33, 30, 10, 24, 33]"
dynamic,"['D', 'AY', 'N', 'AE', 'M', 'IH', 'K']","['dy', 'nam', 'ic']",['dynamic'],0.2857142857142857,2.04e-05,"[18, 6, 27, 2, 26, 10, 24, 0]"
massachusetts,"['M', 'AE', 'S', 'AH', 'CH', 'UW', 'S', 'AH', 'T', 'S']","['mas', 'sachu', 'setts']","['mass', 'achusetts']",0.23076923076923078,2.04e-05,"[26, 2, 31, 3, 17, 15, 31, 3]"
jazz,"['JH', 'AE', 'Z']",['jazz'],"['j', 'azz']",0.25,2.04e-05,"[23, 2, 38, 0, 0, 0, 0, 0]"
attending,"['AH', 'T', 'EH', 'N', 'D', 'IH', 'NG']","['at', 'tend', 'ing']","['att', 'ending']",0.3333333333333333,2.04e-05,"[3, 33, 7, 27, 18, 10, 28, 0]"
sean,"['SH', 'AO', 'N']",['sean'],"['se', 'an']",0.25,2.04e-05,"[32, 4, 27, 0, 0, 0, 0, 0]"
engagement,"['EH', 'N', 'G', 'EY', 'JH', 'M', 'AH', 'N', 'T']","['en', 'gage', 'ment']","['eng', 'agement']",0.3,2.04e-05,"[7, 27, 21, 9, 23, 26, 3, 27]"
relation,"['R', 'IY', 'L', 'EY', 'SH', 'AH', 'N']","['re', 'la', 'tion']",['relation'],0.25,2.04e-05,"[30, 11, 25, 9, 32, 3, 27, 0]"
discrimination,"['D', 'IH', 'S', 'K', 'R', 'IH', 'M', 'AH', 'N', 'EY', 'SH', 'AH', 'N']","['dis', 'crim', 'in', 'a', 'tion']","['disc', 'rim', 'ination']",0.2857142857142857,2.04e-05,"[18, 10, 31, 24, 30, 10, 26, 3]"
restrictions,"['R', 'IY', 'S', 'T', 'R', 'IH', 'K', 'SH', 'AH', 'N', 'Z']","['re', 'stric', 'tions']","['restrict', 'ions']",0.25,2.04e-05,"[30, 11, 31, 33, 30, 10, 24, 32]"
explore,"['IH', 'K', 'S', 'P', 'L', 'AO', 'R']","['ex', 'plore']","['exp', 'lore']",0.2857142857142857,2.04e-05,"[10, 24, 31, 29, 25, 4, 30, 0]"
treaty,"['T', 'R', 'IY', 'T', 'IY']",['treaty'],"['t', 'reat', 'y']",0.3333333333333333,2.04e-05,"[33, 30, 11, 33, 11, 0, 0, 0]"
regime,"['R', 'AH', 'ZH', 'IY', 'M']","['re', 'gime']","['reg', 'ime']",0.3333333333333333,2e-05,"[30, 3, 39, 11, 26, 0, 0, 0]"
