word,arpabet,syllables,tokenized_word,hamming_distance,word_frequency,phon_vec
into,"['IH', 'N', 'T', 'UW']","['in', 'to']",['into'],0.25,0.00129,"[10, 27, 33, 15, 0, 0, 0, 0]"
another,"['AH', 'N', 'AH', 'DH', 'ER']","['an', 'oth', 'er']",['another'],0.2857142857142857,0.00055,"[3, 27, 3, 19, 8, 0, 0, 0]"
different,"['D', 'IH', 'F', 'ER', 'AH', 'N', 'T']","['dif', 'fer', 'ent']",['different'],0.2222222222222222,0.000389,"[18, 10, 20, 8, 3, 27, 33, 0]"
including,"['IH', 'N', 'K', 'L', 'UW', 'D', 'IH', 'NG']","['in', 'clud', 'ing']",['including'],0.2222222222222222,0.000331,"[10, 27, 24, 25, 15, 18, 10, 28]"
took,"['T', 'UH', 'K']",['took'],"['t', 'ook']",0.25,0.000324,"[33, 14, 24, 0, 0, 0, 0, 0]"
believe,"['B', 'IH', 'L', 'IY', 'V']","['be', 'lieve']","['bel', 'ieve']",0.2857142857142857,0.000324,"[16, 10, 25, 11, 35, 0, 0, 0]"
national,"['N', 'AE', 'SH', 'AH', 'N', 'AH', 'L']","['na', 'tion', 'al']",['national'],0.25,0.000324,"[27, 2, 32, 3, 27, 3, 25, 0]"
came,"['K', 'EY', 'M']",['came'],"['c', 'ame']",0.25,0.000316,"[24, 9, 26, 0, 0, 0, 0, 0]"
says,"['S', 'EH', 'Z']",['says'],"['s', 'ays']",0.25,0.000309,"[31, 7, 38, 0, 0, 0, 0, 0]"
actually,"['AE', 'K', 'CH', 'AH', 'W', 'AH', 'L', 'IY']","['ac', 'tu', 'ally']",['actually'],0.25,0.000309,"[2, 24, 17, 3, 36, 3, 25, 11]"
trying,"['T', 'R', 'AY', 'IH', 'NG']","['try', 'ing']","['t', 'rying']",0.3333333333333333,0.000295,"[33, 30, 6, 10, 28, 0, 0, 0]"
general,"['JH', 'EH', 'N', 'ER', 'AH', 'L']","['gen', 'er', 'al']",['general'],0.2857142857142857,0.000295,"[23, 7, 27, 8, 3, 25, 0, 0]"
together,"['T', 'AH', 'G', 'EH', 'DH', 'ER']","['to', 'geth', 'er']",['together'],0.25,0.000288,"[33, 3, 21, 7, 19, 8, 0, 0]"
president,"['P', 'R', 'EH', 'Z', 'AH', 'D', 'EH', 'N', 'T']","['pres', 'id', 'ent']",['president'],0.2222222222222222,0.000282,"[29, 30, 7, 38, 3, 18, 7, 27]"
important,"['IH', 'M', 'P', 'AO', 'R', 'T', 'AH', 'N', 'T']","['im', 'port', 'ant']",['important'],0.2222222222222222,0.000275,"[10, 26, 29, 4, 30, 33, 3, 27]"
hope,"['HH', 'OW', 'P']",['hope'],"['h', 'ope']",0.25,0.000275,"[22, 12, 29, 0, 0, 0, 0, 0]"
information,"['IH', 'N', 'F', 'ER', 'M', 'EY', 'SH', 'AH', 'N']","['in', 'form', 'a', 'tion']",['information'],0.2727272727272727,0.000269,"[10, 27, 20, 8, 26, 9, 32, 3]"
others,"['AH', 'DH', 'ER', 'Z']","['oth', 'ers']","['other', 's']",0.3333333333333333,0.000263,"[3, 19, 8, 38, 0, 0, 0, 0]"
guys,"['G', 'AY', 'Z']",['guys'],"['gu', 'ys']",0.25,0.000257,"[21, 6, 38, 0, 0, 0, 0, 0]"
become,"['B', 'IH', 'K', 'AH', 'M']","['be', 'come']","['bec', 'ome']",0.3333333333333333,0.000251,"[16, 10, 24, 3, 26, 0, 0, 0]"
university,"['Y', 'UW', 'N', 'AH', 'V', 'ER', 'S', 'AH', 'T', 'IY']","['uni', 'ver', 'sity']","['un', 'iversity']",0.3,0.000245,"[37, 15, 27, 3, 35, 8, 31, 3]"
remember,"['R', 'IH', 'M', 'EH', 'M', 'B', 'ER']","['re', 'mem', 'ber']",['remember'],0.25,0.00024,"[30, 10, 26, 7, 26, 16, 8, 0]"
york,"['Y', 'AO', 'R', 'K']",['york'],"['y', 'ork']",0.25,0.000234,"[37, 4, 30, 24, 0, 0, 0, 0]"
saying,"['S', 'EY', 'IH', 'NG']","['say', 'ing']","['s', 'aying']",0.3333333333333333,0.000234,"[31, 9, 10, 28, 0, 0, 0, 0]"
possible,"['P', 'AA', 'S', 'AH', 'B', 'AH', 'L']","['pos', 'sible']","['p', 'ossible']",0.25,0.000229,"[29, 1, 31, 3, 16, 3, 25, 0]"
international,"['IH', 'N', 'T', 'ER', 'N', 'AE', 'SH', 'AH', 'N', 'AH', 'L']","['in', 'ter', 'na', 'tion', 'al']",['international'],0.3076923076923077,0.000229,"[10, 27, 33, 8, 27, 2, 32, 3]"
idea,"['AY', 'D', 'IY', 'AH']",['idea'],"['ide', 'a']",0.25,0.000229,"[6, 18, 11, 3, 0, 0, 0, 0]"
fucking,"['F', 'AH', 'K', 'IH', 'NG']","['fuck', 'ing']","['f', 'ucking']",0.2857142857142857,0.000214,"[20, 3, 24, 10, 28, 0, 0, 0]"
development,"['D', 'IH', 'V', 'EH', 'L', 'AH', 'P', 'M', 'AH', 'N', 'T']","['de', 'vel', 'op', 'ment']",['development'],0.2727272727272727,0.000204,"[18, 10, 35, 7, 25, 3, 29, 26]"
further,"['F', 'ER', 'DH', 'ER']","['fur', 'ther']","['f', 'urther']",0.2857142857142857,0.000204,"[20, 8, 19, 8, 0, 0, 0, 0]"
political,"['P', 'AH', 'L', 'IH', 'T', 'AH', 'K', 'AH', 'L']","['polit', 'ic', 'al']",['political'],0.2222222222222222,0.000195,"[29, 3, 25, 10, 33, 3, 24, 3]"
education,"['EH', 'JH', 'AH', 'K', 'EY', 'SH', 'AH', 'N']","['edu', 'ca', 'tion']",['education'],0.2222222222222222,0.000191,"[7, 23, 3, 24, 9, 32, 3, 27]"
according,"['AH', 'K', 'AO', 'R', 'D', 'IH', 'NG']","['ac', 'cord', 'ing']",['according'],0.2222222222222222,0.000191,"[3, 24, 4, 30, 18, 10, 28, 0]"
london,"['L', 'AH', 'N', 'D', 'AH', 'N']","['lon', 'don']","['l', 'ondon']",0.3333333333333333,0.000186,"[25, 3, 27, 18, 3, 27, 0, 0]"
students,"['S', 'T', 'UW', 'D', 'AH', 'N', 'T', 'S']","['stu', 'dents']","['stud', 'ents']",0.25,0.000178,"[31, 33, 15, 18, 3, 27, 33, 31]"
gave,"['G', 'EY', 'V']",['gave'],"['g', 'ave']",0.25,0.000178,"[21, 9, 35, 0, 0, 0, 0, 0]"
moment,"['M', 'OW', 'M', 'AH', 'N', 'T']","['mo', 'ment']","['mom', 'ent']",0.3333333333333333,0.000174,"[26, 12, 26, 3, 27, 33, 0, 0]"
department,"['D', 'IH', 'P', 'AA', 'R', 'T', 'M', 'AH', 'N', 'T']","['de', 'part', 'ment']","['dep', 'artment']",0.3,0.00017,"[18, 10, 29, 1, 30, 33, 26, 3]"
hear,"['HH', 'IY', 'R']",['hear'],"['he', 'ar']",0.25,0.00017,"[22, 11, 30, 0, 0, 0, 0, 0]"
goes,"['G', 'OW', 'Z']",['goes'],"['go', 'es']",0.25,0.000166,"[21, 12, 38, 0, 0, 0, 0, 0]"
beautiful,"['B', 'Y', 'UW', 'T', 'AH', 'F', 'AH', 'L']","['beau', 'ti', 'ful']","['beaut', 'iful']",0.3333333333333333,0.000166,"[16, 37, 15, 33, 3, 20, 3, 25]"
position,"['P', 'AH', 'Z', 'IH', 'SH', 'AH', 'N']","['po', 's', 'i', 'tion']",['position'],0.375,0.000162,"[29, 3, 38, 10, 32, 3, 27, 0]"
june,"['JH', 'UW', 'N']",['june'],"['j', 'une']",0.25,0.000162,"[23, 15, 27, 0, 0, 0, 0, 0]"
similar,"['S', 'IH', 'M', 'AH', 'L', 'ER']","['sim', 'il', 'ar']",['similar'],0.2857142857142857,0.000162,"[31, 10, 26, 3, 25, 8, 0, 0]"
happened,"['HH', 'AE', 'P', 'AH', 'N', 'D']",['happened'],"['h', 'app', 'ened']",0.25,0.000158,"[22, 2, 29, 3, 27, 18, 0, 0]"
personal,"['P', 'ER', 'S', 'IH', 'N', 'IH', 'L']","['per', 'son', 'al']",['personal'],0.25,0.000158,"[29, 8, 31, 10, 27, 10, 25, 0]"
security,"['S', 'IH', 'K', 'Y', 'UH', 'R', 'AH', 'T', 'IY']","['se', 'cur', 'ity']",['security'],0.25,0.000158,"[31, 10, 24, 37, 14, 30, 3, 33]"
military,"['M', 'IH', 'L', 'AH', 'T', 'EH', 'R', 'IY']","['mil', 'it', 'ary']",['military'],0.25,0.000158,"[26, 10, 25, 3, 33, 7, 30, 11]"
knew,"['N', 'UW']",['knew'],"['k', 'new']",0.25,0.000158,"[27, 15, 0, 0, 0, 0, 0, 0]"
died,"['D', 'AY', 'D']",['died'],"['d', 'ied']",0.25,0.000158,"[18, 6, 18, 0, 0, 0, 0, 0]"
problems,"['P', 'R', 'AA', 'B', 'L', 'AH', 'M', 'Z']","['prob', 'lems']","['pro', 'blems']",0.25,0.000155,"[29, 30, 1, 16, 25, 3, 26, 38]"
happen,"['HH', 'AE', 'P', 'AH', 'N']","['hap', 'pen']","['h', 'app', 'en']",0.5,0.000155,"[22, 2, 29, 3, 27, 0, 0, 0]"
industry,"['IH', 'N', 'D', 'AH', 'S', 'T', 'R', 'IY']","['in', 'dustry']","['indust', 'ry']",0.25,0.000155,"[10, 27, 18, 3, 31, 33, 30, 11]"
wish,"['W', 'IH', 'SH']",['wish'],"['w', 'ish']",0.25,0.000151,"[36, 10, 32, 0, 0, 0, 0, 0]"
finally,"['F', 'AY', 'N', 'AH', 'L', 'IY']","['fi', 'nally']","['f', 'inally']",0.2857142857142857,0.000148,"[20, 6, 27, 3, 25, 11, 0, 0]"
society,"['S', 'AH', 'S', 'AY', 'AH', 'T', 'IY']","['so', 'ci', 'ety']","['soc', 'iety']",0.42857142857142855,0.000148,"[31, 3, 31, 6, 3, 33, 11, 0]"
july,"['JH', 'UW', 'L', 'AY']","['ju', 'ly']","['j', 'uly']",0.5,0.000148,"[23, 15, 25, 6, 0, 0, 0, 0]"
medical,"['M', 'EH', 'D', 'AH', 'K', 'AH', 'L']","['med', 'ic', 'al']",['medical'],0.2857142857142857,0.000145,"[26, 7, 18, 3, 24, 3, 25, 0]"
average,"['AE', 'V', 'ER', 'IH', 'JH']","['av', 'er', 'age']",['average'],0.2857142857142857,0.000145,"[2, 35, 8, 10, 23, 0, 0, 0]"
original,"['ER', 'IH', 'JH', 'AH', 'N', 'AH', 'L']","['ori', 'gin', 'al']",['original'],0.25,0.000145,"[8, 10, 23, 3, 27, 3, 25, 0]"
meeting,"['M', 'IY', 'T', 'IH', 'NG']","['meet', 'ing']","['me', 'eting']",0.2857142857142857,0.000141,"[26, 11, 33, 10, 28, 0, 0, 0]"
relationship,"['R', 'IY', 'L', 'EY', 'SH', 'AH', 'N', 'SH', 'IH', 'P']","['re', 'la', 'tion', 'ship']","['relations', 'hip']",0.3333333333333333,0.000141,"[30, 11, 25, 9, 32, 3, 27, 32]"
became,"['B', 'IH', 'K', 'EY', 'M']","['be', 'came']","['bec', 'ame']",0.3333333333333333,0.000141,"[16, 10, 24, 9, 26, 0, 0, 0]"
questions,"['K', 'W', 'EH', 'S', 'CH', 'AH', 'N', 'Z']","['ques', 'tions']","['quest', 'ions']",0.2222222222222222,0.000141,"[24, 36, 7, 31, 17, 3, 27, 38]"
director,"['D', 'ER', 'EH', 'K', 'T', 'ER']","['dir', 'ect', 'or']",['director'],0.25,0.000141,"[18, 8, 7, 24, 33, 8, 0, 0]"
september,"['S', 'EH', 'P', 'T', 'EH', 'M', 'B', 'ER']","['septem', 'ber']","['se', 'pt', 'ember']",0.3333333333333333,0.000141,"[31, 7, 29, 33, 7, 26, 16, 8]"
official,"['AH', 'F', 'IH', 'SH', 'AH', 'L']","['of', 'fi', 'cial']",['official'],0.25,0.000138,"[3, 20, 10, 32, 3, 25, 0, 0]"
feeling,"['F', 'IY', 'L', 'IH', 'NG']","['feel', 'ing']","['fe', 'eling']",0.2857142857142857,0.000135,"[20, 11, 25, 10, 28, 0, 0, 0]"
federal,"['F', 'EH', 'D', 'ER', 'AH', 'L']","['fed', 'er', 'al']","['f', 'ederal']",0.42857142857142855,0.000135,"[20, 7, 18, 8, 3, 25, 0, 0]"
david,"['D', 'EY', 'V', 'IH', 'D']","['dav', 'id']","['d', 'avid']",0.4,0.000135,"[18, 9, 35, 10, 18, 0, 0, 0]"
countries,"['K', 'AH', 'N', 'T', 'R', 'IY', 'Z']","['coun', 'tries']","['count', 'ries']",0.2222222222222222,0.000135,"[24, 3, 27, 33, 30, 11, 38, 0]"
various,"['V', 'EH', 'R', 'IY', 'AH', 'S']","['vari', 'ous']","['var', 'ious']",0.2857142857142857,0.000132,"[35, 7, 30, 11, 3, 31, 0, 0]"
attention,"['AH', 'T', 'EH', 'N', 'SH', 'AH', 'N']","['at', 'ten', 'tion']","['att', 'ention']",0.3333333333333333,0.000129,"[3, 33, 7, 27, 32, 3, 27, 0]"
character,"['K', 'EH', 'R', 'IH', 'K', 'T', 'ER']","['char', 'ac', 'ter']",['character'],0.2222222222222222,0.000129,"[24, 7, 30, 10, 24, 33, 8, 0]"
october,"['AA', 'K', 'T', 'OW', 'B', 'ER']","['oc', 'to', 'ber']","['oct', 'ober']",0.42857142857142855,0.000129,"[1, 24, 33, 12, 16, 8, 0, 0]"
natural,"['N', 'AE', 'CH', 'ER', 'AH', 'L']","['nat', 'ur', 'al']",['natural'],0.2857142857142857,0.000129,"[27, 2, 17, 8, 3, 25, 0, 0]"
serious,"['S', 'IH', 'R', 'IY', 'AH', 'S']","['ser', 'i', 'ous']",['serious'],0.2857142857142857,0.000126,"[31, 10, 30, 11, 3, 31, 0, 0]"
november,"['N', 'OW', 'V', 'EH', 'M', 'B', 'ER']","['novem', 'ber']","['n', 'ovember']",0.25,0.000126,"[27, 12, 35, 7, 26, 16, 8, 0]"
amazing,"['AH', 'M', 'EY', 'Z', 'IH', 'NG']","['amaz', 'ing']","['am', 'azing']",0.2857142857142857,0.000126,"[3, 26, 9, 38, 10, 28, 0, 0]"
economic,"['EH', 'K', 'AH', 'N', 'AA', 'M', 'IH', 'K']","['eco', 'nom', 'ic']",['economic'],0.25,0.000126,"[7, 24, 3, 27, 1, 26, 10, 24]"
august,"['AA', 'G', 'AH', 'S', 'T']","['au', 'gust']","['aug', 'ust']",0.3333333333333333,0.000126,"[1, 21, 3, 31, 33, 0, 0, 0]"
damn,"['D', 'AE', 'M']",['damn'],"['dam', 'n']",0.25,0.000123,"[18, 2, 26, 0, 0, 0, 0, 0]"
decision,"['D', 'IH', 'S', 'IH', 'ZH', 'AH', 'N']","['de', 'cision']","['dec', 'ision']",0.25,0.000123,"[18, 10, 31, 10, 39, 3, 27, 0]"
entire,"['IH', 'N', 'T', 'AY', 'ER']","['en', 'tire']","['ent', 'ire']",0.3333333333333333,0.000123,"[10, 27, 33, 6, 8, 0, 0, 0]"
situation,"['S', 'IH', 'CH', 'UW', 'EY', 'SH', 'AH', 'N']","['situ', 'ation']","['sit', 'uation']",0.2222222222222222,0.000123,"[31, 10, 17, 15, 9, 32, 3, 27]"
decided,"['D', 'IH', 'S', 'AY', 'D', 'IH', 'D']","['de', 'cided']","['dec', 'ided']",0.2857142857142857,0.000123,"[18, 10, 31, 6, 18, 10, 18, 0]"
website,"['W', 'EH', 'B', 'S', 'AY', 'T']","['web', 'site']","['we', 'bsite']",0.2857142857142857,0.000123,"[36, 7, 16, 31, 6, 33, 0, 0]"
january,"['JH', 'AE', 'N', 'Y', 'UW', 'EH', 'R', 'IY']","['janu', 'ary']","['jan', 'uary']",0.2857142857142857,0.000123,"[23, 2, 27, 37, 15, 7, 30, 11]"
continue,"['K', 'AH', 'N', 'T', 'IH', 'N', 'Y', 'UW']","['con', 'tin', 'ue']",['continue'],0.25,0.00012,"[24, 3, 27, 33, 10, 27, 37, 15]"
financial,"['F', 'AH', 'N', 'AE', 'N', 'SH', 'AH', 'L']","['fin', 'an', 'cial']",['financial'],0.2222222222222222,0.00012,"[20, 3, 27, 2, 27, 32, 3, 25]"
seem,"['S', 'IY', 'M']",['seem'],"['se', 'em']",0.25,0.00012,"[31, 11, 26, 0, 0, 0, 0, 0]"
european,"['Y', 'UH', 'R', 'AH', 'P', 'IY', 'AH', 'N']",['european'],"['euro', 'pe', 'an']",0.25,0.00012,"[37, 14, 30, 3, 29, 11, 3, 27]"
washington,"['W', 'AA', 'SH', 'IH', 'NG', 'T', 'AH', 'N']","['wash', 'ing', 'ton']","['w', 'ashington']",0.3,0.00012,"[36, 1, 32, 10, 28, 33, 3, 27]"
lose,"['L', 'UW', 'Z']",['lose'],"['l', 'ose']",0.25,0.00012,"[25, 15, 38, 0, 0, 0, 0, 0]"
michael,"['M', 'AY', 'K', 'AH', 'L']","['mi', 'chael']","['m', 'ichael']",0.2857142857142857,0.00012,"[26, 6, 24, 3, 25, 0, 0, 0]"
increase,"['IH', 'N', 'K', 'R', 'IY', 'S']","['in', 'crease']","['incre', 'ase']",0.25,0.00012,"[10, 27, 24, 30, 11, 31, 0, 0]"
popular,"['P', 'AA', 'P', 'Y', 'AH', 'L', 'ER']","['pop', 'u', 'lar']",['popular'],0.2857142857142857,0.000117,"[29, 1, 29, 37, 3, 25, 8, 0]"
career,"['K', 'ER', 'IH', 'R']","['ca', 'reer']","['care', 'er']",0.3333333333333333,0.000117,"[24, 8, 10, 30, 0, 0, 0, 0]"
difficult,"['D', 'IH', 'F', 'AH', 'K', 'AH', 'L', 'T']","['dif', 'fi', 'cult']","['diff', 'icult']",0.3333333333333333,0.000117,"[18, 10, 20, 3, 24, 3, 25, 33]"
hospital,"['HH', 'AA', 'S', 'P', 'IH', 'T', 'AH', 'L']","['hos', 'pit', 'al']",['hospital'],0.25,0.000117,"[22, 1, 31, 29, 10, 33, 3, 25]"
december,"['D', 'IH', 'S', 'EH', 'M', 'B', 'ER']","['decem', 'ber']","['de', 'cember']",0.25,0.000117,"[18, 10, 31, 7, 26, 16, 8, 0]"
systems,"['S', 'IH', 'S', 'T', 'AH', 'M', 'Z']","['sys', 'tems']","['system', 's']",0.2857142857142857,0.000117,"[31, 10, 31, 33, 3, 26, 38, 0]"
waiting,"['W', 'EY', 'T', 'IH', 'NG']","['wait', 'ing']","['wa', 'iting']",0.2857142857142857,0.000115,"[36, 9, 33, 10, 28, 0, 0, 0]"
okay,"['OW', 'K', 'EY']",['okay'],"['ok', 'ay']",0.25,0.000115,"[12, 24, 9, 0, 0, 0, 0, 0]"
internet,"['IH', 'N', 'T', 'ER', 'N', 'EH', 'T']","['in', 'ter', 'net']",['internet'],0.25,0.000115,"[10, 27, 33, 8, 27, 7, 33, 0]"
towards,"['T', 'AH', 'W', 'AO', 'R', 'D', 'Z']","['to', 'wards']","['t', 'ow', 'ards']",0.42857142857142855,0.000115,"[33, 3, 36, 4, 30, 18, 38, 0]"
australia,"['AO', 'S', 'T', 'R', 'EY', 'L', 'Y', 'AH']","['aus', 'tralia']","['a', 'ust', 'ral', 'ia']",0.4444444444444444,0.000115,"[4, 31, 33, 30, 9, 25, 37, 3]"
army,"['AA', 'R', 'M', 'IY']",['army'],"['arm', 'y']",0.25,0.000115,"[1, 30, 26, 11, 0, 0, 0, 0]"
sir,"['S', 'ER']",['sir'],"['s', 'ir']",0.3333333333333333,0.000115,"[31, 8, 0, 0, 0, 0, 0, 0]"
professional,"['P', 'R', 'AH', 'F', 'EH', 'SH', 'AH', 'N', 'AH', 'L']","['pro', 'fes', 'sion', 'al']",['professional'],0.25,0.000112,"[29, 30, 3, 20, 7, 32, 3, 27]"
followed,"['F', 'AA', 'L', 'OW', 'D']","['fol', 'lowed']","['follow', 'ed']",0.25,0.000112,"[20, 1, 25, 12, 18, 0, 0, 0]"
district,"['D', 'IH', 'S', 'T', 'R', 'IH', 'K', 'T']","['dis', 'trict']","['dist', 'rict']",0.25,0.00011,"[18, 10, 31, 33, 30, 10, 24, 33]"
india,"['IH', 'N', 'D', 'IY', 'AH']","['in', 'dia']","['ind', 'ia']",0.4,0.00011,"[10, 27, 18, 11, 3, 0, 0, 0]"
february,"['F', 'EH', 'B', 'Y', 'AH', 'W', 'EH', 'R', 'IY']","['feb', 'ru', 'ary']","['f', 'eb', 'ruary']",0.25,0.000107,"[20, 7, 16, 37, 3, 36, 7, 30]"
specific,"['S', 'P', 'AH', 'S', 'IH', 'F', 'IH', 'K']","['spe', 'cif', 'ic']",['specific'],0.25,0.000107,"[31, 29, 3, 31, 10, 20, 10, 24]"
paul,"['P', 'AO', 'L']",['paul'],"['p', 'aul']",0.25,0.000107,"[29, 4, 25, 0, 0, 0, 0, 0]"
officer,"['AO', 'F', 'AH', 'S', 'ER']","['of', 'ficer']","['offic', 'er']",0.2857142857142857,0.000107,"[4, 20, 3, 31, 8, 0, 0, 0]"
tonight,"['T', 'AH', 'N', 'AY', 'T']","['to', 'night']","['ton', 'ight']",0.2857142857142857,0.000107,"[33, 3, 27, 6, 33, 0, 0, 0]"
fans,"['F', 'AE', 'N', 'Z']",['fans'],"['f', 'ans']",0.25,0.000107,"[20, 2, 27, 38, 0, 0, 0, 0]"
recently,"['R', 'IY', 'S', 'AH', 'N', 'T', 'L', 'IY']","['re', 'cently']","['recent', 'ly']",0.25,0.000105,"[30, 11, 31, 3, 27, 33, 25, 11]"
tomorrow,"['T', 'AH', 'M', 'AA', 'R', 'OW']","['to', 'mor', 'row']","['tom', 'orrow']",0.375,0.000105,"[33, 3, 26, 1, 30, 12, 0, 0]"
russian,"['R', 'AH', 'SH', 'AH', 'N']","['rus', 'si', 'an']","['r', 'ussian']",0.42857142857142855,0.000102,"[30, 3, 32, 3, 27, 0, 0, 0]"
committee,"['K', 'AH', 'M', 'IH', 'T', 'IY']","['com', 'mit', 'tee']",['committee'],0.2222222222222222,0.000102,"[24, 3, 26, 10, 33, 11, 0, 0]"
population,"['P', 'AA', 'P', 'Y', 'AH', 'L', 'EY', 'SH', 'AH', 'N']","['pop', 'u', 'la', 'tion']",['population'],0.3,0.000102,"[29, 1, 29, 37, 3, 25, 9, 32]"
potential,"['P', 'AH', 'T', 'EH', 'N', 'SH', 'AH', 'L']","['po', 'ten', 'tial']","['pot', 'ential']",0.3333333333333333,0.000102,"[29, 3, 33, 7, 27, 32, 3, 25]"
capital,"['K', 'AE', 'P', 'AH', 'T', 'AH', 'L']","['cap', 'it', 'al']",['capital'],0.2857142857142857,0.000102,"[24, 2, 29, 3, 33, 3, 25, 0]"
addition,"['AH', 'D', 'IH', 'SH', 'AH', 'N']","['ad', 'di', 'tion']","['add', 'ition']",0.375,0.000102,"[3, 18, 10, 32, 3, 27, 0, 0]"
difference,"['D', 'IH', 'F', 'ER', 'AH', 'N', 'S']","['dif', 'fer', 'ence']","['diff', 'erence']",0.3,0.000102,"[18, 10, 20, 8, 3, 27, 31, 0]"
association,"['AH', 'S', 'OW', 'S', 'IY', 'EY', 'SH', 'AH', 'N']","['as', 'so', 'ci', 'ation']","['ass', 'ociation']",0.36363636363636365,0.000102,"[3, 31, 12, 31, 11, 9, 32, 3]"
certainly,"['S', 'ER', 'T', 'AH', 'N', 'L', 'IY']","['cer', 'tainly']","['certain', 'ly']",0.2222222222222222,0.0001,"[31, 8, 33, 3, 27, 25, 11, 0]"
particular,"['P', 'ER', 'T', 'IH', 'K', 'Y', 'AH', 'L', 'ER']","['par', 'tic', 'u', 'lar']","['part', 'icular']",0.4,0.0001,"[29, 8, 33, 10, 24, 37, 3, 25]"
reported,"['R', 'IY', 'P', 'AO', 'R', 'T', 'AH', 'D']","['re', 'por', 'ted']",['reported'],0.25,0.0001,"[30, 11, 29, 4, 30, 33, 3, 18]"
california,"['K', 'AE', 'L', 'AH', 'F', 'AO', 'R', 'N', 'Y', 'AH']","['cali', 'for', 'nia']","['cal', 'if', 'ornia']",0.4,0.0001,"[24, 2, 25, 3, 20, 4, 30, 27]"
interesting,"['IH', 'N', 'T', 'R', 'AH', 'S', 'T', 'IH', 'NG']","['in', 'ter', 'est', 'ing']",['interesting'],0.2727272727272727,0.0001,"[10, 27, 33, 30, 3, 31, 33, 10]"
individual,"['IH', 'N', 'D', 'AH', 'V', 'IH', 'JH', 'AH', 'W', 'AH', 'L']","['in', 'di', 'vidu', 'al']",['individual'],0.3,0.0001,"[10, 27, 18, 3, 35, 10, 23, 3]"
tour,"['T', 'UH', 'R']",['tour'],"['t', 'our']",0.25,9.77e-05,"[33, 14, 30, 0, 0, 0, 0, 0]"
jesus,"['JH', 'IY', 'Z', 'AH', 'S']","['je', 'sus']","['j', 'es', 'us']",0.6,9.77e-05,"[23, 11, 38, 3, 31, 0, 0, 0]"
welcome,"['W', 'EH', 'L', 'K', 'AH', 'M']","['wel', 'come']","['w', 'elcome']",0.2857142857142857,9.77e-05,"[36, 7, 25, 24, 3, 26, 0, 0]"
positive,"['P', 'AA', 'Z', 'AH', 'T', 'IH', 'V']","['pos', 'it', 'ive']",['positive'],0.25,9.77e-05,"[29, 1, 38, 3, 33, 10, 35, 0]"
significant,"['S', 'AH', 'G', 'N', 'IH', 'F', 'IH', 'K', 'AH', 'N', 'T']","['sig', 'ni', 'fic', 'ant']",['significant'],0.2727272727272727,9.55e-05,"[31, 3, 21, 27, 10, 20, 10, 24]"
leaving,"['L', 'IY', 'V', 'IH', 'NG']","['leav', 'ing']","['le', 'aving']",0.2857142857142857,9.55e-05,"[25, 11, 35, 10, 28, 0, 0, 0]"
additional,"['AH', 'D', 'IH', 'SH', 'AH', 'N', 'AH', 'L']","['ad', 'di', 'tion', 'al']","['add', 'itional']",0.4,9.55e-05,"[3, 18, 10, 32, 3, 27, 3, 25]"
earlier,"['ER', 'L', 'IY', 'ER']","['earli', 'er']","['ear', 'lier']",0.2857142857142857,9.55e-05,"[8, 25, 11, 8, 0, 0, 0, 0]"
conditions,"['K', 'AH', 'N', 'D', 'IH', 'SH', 'AH', 'N', 'Z']","['con', 'di', 'tions']","['cond', 'itions']",0.3,9.55e-05,"[24, 3, 27, 18, 10, 32, 3, 27]"
beyond,"['B', 'IH', 'AA', 'N', 'D']","['bey', 'ond']","['be', 'yond']",0.3333333333333333,9.55e-05,"[16, 10, 1, 27, 18, 0, 0, 0]"
numbers,"['N', 'AH', 'M', 'B', 'ER', 'Z']","['num', 'bers']","['n', 'umbers']",0.2857142857142857,9.55e-05,"[27, 3, 26, 16, 8, 38, 0, 0]"
favorite,"['F', 'EY', 'V', 'ER', 'IH', 'T']","['fa', 'vor', 'ite']",['favorite'],0.25,9.33e-05,"[20, 9, 35, 8, 10, 33, 0, 0]"
construction,"['K', 'AH', 'N', 'S', 'T', 'R', 'AH', 'K', 'SH', 'AH', 'N']","['con', 'struc', 'tion']","['const', 'ruction']",0.25,9.33e-05,"[24, 3, 27, 31, 33, 30, 3, 24]"
friday,"['F', 'R', 'AY', 'D', 'IY']","['fri', 'day']","['fr', 'iday']",0.3333333333333333,9.12e-05,"[20, 30, 6, 18, 11, 0, 0, 0]"
particularly,"['P', 'AA', 'R', 'T', 'IH', 'K', 'Y', 'AH', 'L', 'ER', 'L', 'IY']","['par', 'tic', 'u', 'larly']",['particularly'],0.25,9.12e-05,"[29, 1, 30, 33, 10, 24, 37, 3]"
expected,"['IH', 'K', 'S', 'P', 'EH', 'K', 'T', 'AH', 'D']","['ex', 'pec', 'ted']",['expected'],0.25,9.12e-05,"[10, 24, 31, 29, 7, 24, 33, 3]"
happens,"['HH', 'AE', 'P', 'AH', 'N', 'Z']","['hap', 'pens']","['h', 'app', 'ens']",0.42857142857142855,9.12e-05,"[22, 2, 29, 3, 27, 38, 0, 0]"
sister,"['S', 'IH', 'S', 'T', 'ER']","['sis', 'ter']","['s', 'ister']",0.3333333333333333,8.91e-05,"[31, 10, 31, 33, 8, 0, 0, 0]"
lady,"['L', 'EY', 'D', 'IY']",['lady'],"['l', 'ady']",0.25,8.91e-05,"[25, 9, 18, 11, 0, 0, 0, 0]"
regular,"['R', 'EH', 'G', 'Y', 'AH', 'L', 'ER']","['reg', 'u', 'lar']",['regular'],0.2857142857142857,8.91e-05,"[30, 7, 21, 37, 3, 25, 8, 0]"
opportunity,"['AA', 'P', 'ER', 'T', 'UW', 'N', 'AH', 'T', 'IY']","['op', 'por', 'tun', 'ity']","['opp', 'ortun', 'ity']",0.2727272727272727,8.91e-05,"[1, 29, 8, 33, 15, 27, 3, 33]"
material,"['M', 'AH', 'T', 'IH', 'R', 'IY', 'AH', 'L']","['ma', 'ter', 'i', 'al']",['material'],0.375,8.91e-05,"[26, 3, 33, 10, 30, 11, 3, 25]"
fear,"['F', 'IH', 'R']",['fear'],"['f', 'ear']",0.25,8.91e-05,"[20, 10, 30, 0, 0, 0, 0, 0]"
stupid,"['S', 'T', 'UW', 'P', 'AH', 'D']","['stu', 'pid']","['st', 'upid']",0.3333333333333333,8.71e-05,"[31, 33, 15, 29, 3, 18, 0, 0]"
physical,"['F', 'IH', 'Z', 'IH', 'K', 'AH', 'L']","['phys', 'ic', 'al']",['physical'],0.25,8.71e-05,"[20, 10, 38, 10, 24, 3, 25, 0]"
insurance,"['IH', 'N', 'SH', 'UH', 'R', 'AH', 'N', 'S']","['in', 'sur', 'ance']","['ins', 'urance']",0.3333333333333333,8.71e-05,"[10, 27, 32, 14, 30, 3, 27, 31]"
opinion,"['AH', 'P', 'IH', 'N', 'Y', 'AH', 'N']","['opin', 'ion']","['op', 'inion']",0.2857142857142857,8.71e-05,"[3, 29, 10, 27, 37, 3, 27, 0]"
annual,"['AE', 'N', 'Y', 'UW', 'AH', 'L']","['an', 'nu', 'al']","['ann', 'ual']",0.5,8.71e-05,"[2, 27, 37, 15, 3, 25, 0, 0]"
hurt,"['HH', 'ER', 'T']",['hurt'],"['h', 'urt']",0.25,8.71e-05,"[22, 8, 33, 0, 0, 0, 0, 0]"
majority,"['M', 'AH', 'JH', 'AO', 'R', 'AH', 'T', 'IY']","['ma', 'jor', 'ity']",['majority'],0.25,8.71e-05,"[26, 3, 23, 4, 30, 3, 33, 11]"
administration,"['AE', 'D', 'M', 'IH', 'N', 'IH', 'S', 'T', 'R', 'EY', 'SH', 'AH', 'N']","['ad', 'min', 'is', 'tra', 'tion']","['administ', 'ration']",0.35714285714285715,8.51e-05,"[2, 18, 26, 10, 27, 10, 31, 33]"
reasons,"['R', 'IY', 'Z', 'AH', 'N', 'Z']","['reas', 'ons']","['re', 'asons']",0.2857142857142857,8.51e-05,"[30, 11, 38, 3, 27, 38, 0, 0]"
direction,"['D', 'ER', 'EH', 'K', 'SH', 'AH', 'N']","['dir', 'ec', 'tion']",['direction'],0.2222222222222222,8.51e-05,"[18, 8, 7, 24, 32, 3, 27, 0]"
australian,"['AO', 'S', 'T', 'R', 'EY', 'L', 'Y', 'AH', 'N']","['aus', 'trali', 'an']","['a', 'ust', 'ral', 'ian']",0.5,8.51e-05,"[4, 31, 33, 30, 9, 25, 37, 3]"
russia,"['R', 'AH', 'SH', 'AH']","['rus', 'sia']","['r', 'ussia']",0.3333333333333333,8.51e-05,"[30, 3, 32, 3, 0, 0, 0, 0]"
independent,"['IH', 'N', 'D', 'IH', 'P', 'EH', 'N', 'D', 'AH', 'N', 'T']","['in', 'de', 'pend', 'ent']",['independent'],0.2727272727272727,8.51e-05,"[10, 27, 18, 10, 29, 7, 27, 18]"
approach,"['AH', 'P', 'R', 'OW', 'CH']","['ap', 'proach']","['appro', 'ach']",0.25,8.51e-05,"[3, 29, 30, 12, 17, 0, 0, 0]"
wonder,"['W', 'AH', 'N', 'D', 'ER']","['won', 'der']","['w', 'onder']",0.3333333333333333,8.51e-05,"[36, 3, 27, 18, 8, 0, 0, 0]"
effort,"['EH', 'F', 'ER', 'T']","['ef', 'fort']","['eff', 'ort']",0.3333333333333333,8.32e-05,"[7, 20, 8, 33, 0, 0, 0, 0]"
senior,"['S', 'IY', 'N', 'Y', 'ER']","['seni', 'or']","['sen', 'ior']",0.3333333333333333,8.32e-05,"[31, 11, 27, 37, 8, 0, 0, 0]"
compared,"['K', 'AH', 'M', 'P', 'EH', 'R', 'D']","['com', 'pared']","['comp', 'ared']",0.25,8.32e-05,"[24, 3, 26, 29, 7, 30, 18, 0]"
lack,"['L', 'AE', 'K']",['lack'],"['l', 'ack']",0.25,8.32e-05,"[25, 2, 24, 0, 0, 0, 0, 0]"
organization,"['AO', 'R', 'G', 'AH', 'N', 'AH', 'Z', 'EY', 'SH', 'AH', 'N']","['or', 'gan', 'iz', 'a', 'tion']","['organ', 'ization']",0.25,8.32e-05,"[4, 30, 21, 3, 27, 3, 38, 9]"
sunday,"['S', 'AH', 'N', 'D', 'EY']",['sunday'],"['s', 'und', 'ay']",0.3333333333333333,8.32e-05,"[31, 3, 27, 18, 9, 0, 0, 0]"
awesome,"['AA', 'S', 'AH', 'M']","['awe', 'some']","['aw', 'esome']",0.2857142857142857,8.32e-05,"[1, 31, 3, 26, 0, 0, 0, 0]"
pictures,"['P', 'IH', 'K', 'CH', 'ER', 'Z']","['pic', 'tures']","['pict', 'ures']",0.25,8.32e-05,"[29, 10, 24, 17, 8, 38, 0, 0]"
operation,"['AA', 'P', 'ER', 'EY', 'SH', 'AH', 'N']","['op', 'er', 'a', 'tion']",['operation'],0.3333333333333333,8.32e-05,"[1, 29, 8, 9, 32, 3, 27, 0]"
imagine,"['IH', 'M', 'AE', 'JH', 'AH', 'N']","['ima', 'gine']","['im', 'agine']",0.2857142857142857,8.32e-05,"[10, 26, 2, 23, 3, 27, 0, 0]"
increased,"['IH', 'N', 'K', 'R', 'IY', 'S', 'T']","['in', 'creased']","['incre', 'ased']",0.2222222222222222,8.13e-05,"[10, 27, 24, 30, 11, 31, 33, 0]"
literally,"['L', 'IH', 'T', 'ER', 'AH', 'L', 'IY']","['lit', 'er', 'ally']",['literally'],0.2222222222222222,8.13e-05,"[25, 10, 33, 8, 3, 25, 11, 0]"
indian,"['IH', 'N', 'D', 'IY', 'AH', 'N']","['in', 'di', 'an']","['ind', 'ian']",0.5,8.13e-05,"[10, 27, 18, 11, 3, 27, 0, 0]"
analysis,"['AH', 'N', 'AE', 'L', 'AH', 'S', 'AH', 'S']","['ana', 'lys', 'is']",['analysis'],0.25,8.13e-05,"[3, 27, 2, 25, 3, 31, 3, 31]"
competition,"['K', 'AA', 'M', 'P', 'AH', 'T', 'IH', 'SH', 'AH', 'N']","['com', 'pet', 'i', 'tion']","['comp', 'etition']",0.36363636363636365,8.13e-05,"[24, 1, 26, 29, 3, 33, 10, 32]"
patients,"['P', 'EY', 'SH', 'AH', 'N', 'T', 'S']","['pa', 'tients']","['pat', 'ients']",0.25,8.13e-05,"[29, 9, 32, 3, 27, 33, 31, 0]"
necessary,"['N', 'EH', 'S', 'AH', 'S', 'EH', 'R', 'IY']","['ne', 'ces', 'sary']",['necessary'],0.2222222222222222,8.13e-05,"[27, 7, 31, 3, 31, 7, 30, 11]"
supposed,"['S', 'AH', 'P', 'OW', 'Z', 'D']","['sup', 'posed']","['supp', 'osed']",0.25,8.13e-05,"[31, 3, 29, 12, 38, 18, 0, 0]"
disease,"['D', 'IH', 'Z', 'IY', 'Z']","['dis', 'ease']","['d', 'ise', 'ase']",0.42857142857142855,7.94e-05,"[18, 10, 38, 11, 38, 0, 0, 0]"
congress,"['K', 'AA', 'NG', 'G', 'R', 'AH', 'S']","['con', 'gress']","['cong', 'ress']",0.25,7.94e-05,"[24, 1, 28, 21, 30, 3, 31, 0]"
directly,"['D', 'ER', 'EH', 'K', 'T', 'L', 'IY']","['dir', 'ectly']","['direct', 'ly']",0.25,7.94e-05,"[18, 8, 7, 24, 33, 25, 11, 0]"
records,"['R', 'AH', 'K', 'AO', 'R', 'D', 'Z']","['re', 'cords']","['rec', 'ords']",0.2857142857142857,7.94e-05,"[30, 3, 24, 4, 30, 18, 38, 0]"
programs,"['P', 'R', 'OW', 'G', 'R', 'AE', 'M', 'Z']","['pro', 'grams']","['program', 's']",0.25,7.94e-05,"[29, 30, 12, 21, 30, 2, 26, 38]"
glad,"['G', 'L', 'AE', 'D']",['glad'],"['gl', 'ad']",0.25,7.94e-05,"[21, 25, 2, 18, 0, 0, 0, 0]"
professor,"['P', 'R', 'AH', 'F', 'EH', 'S', 'ER']","['pro', 'fess', 'or']","['prof', 'essor']",0.3333333333333333,7.94e-05,"[29, 30, 3, 20, 7, 31, 8, 0]"
associated,"['AH', 'S', 'OW', 'S', 'IY', 'EY', 'T', 'AH', 'D']","['as', 'so', 'ci', 'ated']",['associated'],0.3,7.76e-05,"[3, 31, 12, 31, 11, 9, 33, 3]"
explain,"['IH', 'K', 'S', 'P', 'L', 'EY', 'N']","['ex', 'plain']","['expl', 'ain']",0.2857142857142857,7.76e-05,"[10, 24, 31, 29, 25, 9, 27, 0]"
effective,"['IH', 'F', 'EH', 'K', 'T', 'IH', 'V']","['ef', 'fect', 'ive']",['effective'],0.2222222222222222,7.76e-05,"[10, 20, 7, 24, 33, 10, 35, 0]"
captain,"['K', 'AE', 'P', 'T', 'AH', 'N']","['cap', 'tain']","['capt', 'ain']",0.2857142857142857,7.76e-05,"[24, 2, 29, 33, 3, 27, 0, 0]"
mrs,"['M', 'IH', 'S', 'IH', 'Z']",['mrs'],"['m', 'rs']",0.3333333333333333,7.76e-05,"[26, 10, 31, 10, 38, 0, 0, 0]"
japan,"['JH', 'AH', 'P', 'AE', 'N']","['ja', 'pan']","['j', 'apan']",0.4,7.76e-05,"[23, 3, 29, 2, 27, 0, 0, 0]"
challenge,"['CH', 'AE', 'L', 'AH', 'N', 'JH']","['chal', 'lenge']","['chall', 'enge']",0.2222222222222222,7.59e-05,"[17, 2, 25, 3, 27, 23, 0, 0]"
equipment,"['IH', 'K', 'W', 'IH', 'P', 'M', 'AH', 'N', 'T']","['equip', 'ment']","['equ', 'ipment']",0.2222222222222222,7.59e-05,"[10, 24, 36, 10, 29, 26, 3, 27]"
lots,"['L', 'AA', 'T', 'S']",['lots'],"['l', 'ots']",0.25,7.59e-05,"[25, 1, 33, 31, 0, 0, 0, 0]"
william,"['W', 'IH', 'L', 'Y', 'AH', 'M']","['wil', 'li', 'am']","['will', 'iam']",0.42857142857142855,7.59e-05,"[36, 10, 25, 37, 3, 26, 0, 0]"
christian,"['K', 'R', 'IH', 'S', 'CH', 'AH', 'N']","['chris', 'ti', 'an']","['christ', 'ian']",0.3333333333333333,7.59e-05,"[24, 30, 10, 31, 17, 3, 27, 0]"
eventually,"['IH', 'V', 'EH', 'N', 'CH', 'AH', 'W', 'AH', 'L', 'IY']","['even', 'tu', 'ally']","['event', 'ually']",0.3,7.59e-05,"[10, 35, 7, 27, 17, 3, 36, 3]"
agreement,"['AH', 'G', 'R', 'IY', 'M', 'AH', 'N', 'T']","['agree', 'ment']","['ag', 'reement']",0.2222222222222222,7.59e-05,"[3, 21, 30, 11, 26, 3, 27, 33]"
teacher,"['T', 'IY', 'CH', 'ER']","['teach', 'er']","['te', 'acher']",0.2857142857142857,7.59e-05,"[33, 11, 17, 8, 0, 0, 0, 0]"
sick,"['S', 'IH', 'K']",['sick'],"['s', 'ick']",0.25,7.59e-05,"[31, 10, 24, 0, 0, 0, 0, 0]"
showing,"['SH', 'OW', 'IH', 'NG']","['show', 'ing']","['sh', 'owing']",0.2857142857142857,7.59e-05,"[32, 12, 10, 28, 0, 0, 0, 0]"
saturday,"['S', 'AE', 'T', 'ER', 'D', 'IY']","['sat', 'urday']","['s', 'aturday']",0.25,7.41e-05,"[31, 2, 33, 8, 18, 11, 0, 0]"
environment,"['IH', 'N', 'V', 'AY', 'R', 'AH', 'N', 'M', 'AH', 'N', 'T']","['en', 'vir', 'on', 'ment']",['environment'],0.2727272727272727,7.41e-05,"[10, 27, 35, 6, 30, 3, 27, 26]"
executive,"['IH', 'G', 'Z', 'EH', 'K', 'Y', 'AH', 'T', 'IH', 'V']","['ex', 'ec', 'ut', 'ive']","['exec', 'utive']",0.2222222222222222,7.41e-05,"[10, 21, 38, 7, 24, 37, 3, 33]"
economy,"['IH', 'K', 'AA', 'N', 'AH', 'M', 'IY']","['eco', 'nomy']","['econom', 'y']",0.2857142857142857,7.41e-05,"[10, 24, 1, 27, 3, 26, 11, 0]"
officers,"['AO', 'F', 'AH', 'S', 'ER', 'Z']","['of', 'ficers']","['offic', 'ers']",0.25,7.41e-05,"[4, 20, 3, 31, 8, 38, 0, 0]"
application,"['AE', 'P', 'L', 'AH', 'K', 'EY', 'SH', 'AH', 'N']","['ap', 'plic', 'a', 'tion']",['application'],0.2727272727272727,7.24e-05,"[2, 29, 25, 3, 24, 9, 32, 3]"
division,"['D', 'IH', 'V', 'IH', 'ZH', 'AH', 'N']","['di', 'vi', 'sion']",['division'],0.25,7.24e-05,"[18, 10, 35, 10, 39, 3, 27, 0]"
condition,"['K', 'AH', 'N', 'D', 'IH', 'SH', 'AH', 'N']","['con', 'di', 'tion']",['condition'],0.2222222222222222,7.24e-05,"[24, 3, 27, 18, 10, 32, 3, 27]"
location,"['L', 'OW', 'K', 'EY', 'SH', 'AH', 'N']","['loc', 'a', 'tion']",['location'],0.25,7.24e-05,"[25, 12, 24, 9, 32, 3, 27, 0]"
coffee,"['K', 'AA', 'F', 'IY']","['cof', 'fee']","['co', 'ffee']",0.3333333333333333,7.24e-05,"[24, 1, 20, 11, 0, 0, 0, 0]"
sitting,"['S', 'IH', 'T', 'IH', 'NG']","['sit', 'ting']","['s', 'itting']",0.2857142857142857,7.24e-05,"[31, 10, 33, 10, 28, 0, 0, 0]"
located,"['L', 'OW', 'K', 'EY', 'T', 'AH', 'D']","['loc', 'ated']","['l', 'ocated']",0.2857142857142857,7.24e-05,"[25, 12, 24, 9, 33, 3, 18, 0]"
losing,"['L', 'UW', 'Z', 'IH', 'NG']","['los', 'ing']","['l', 'osing']",0.3333333333333333,7.08e-05,"[25, 15, 38, 10, 28, 0, 0, 0]"
religious,"['R', 'IH', 'L', 'IH', 'JH', 'AH', 'S']","['re', 'li', 'gious']",['religious'],0.2222222222222222,7.08e-05,"[30, 10, 25, 10, 23, 3, 31, 0]"
whom,"['HH', 'UW', 'M']",['whom'],"['wh', 'om']",0.25,7.08e-05,"[22, 15, 26, 0, 0, 0, 0, 0]"
actual,"['AE', 'K', 'CH', 'AH', 'W', 'AH', 'L']","['ac', 'tu', 'al']",['actual'],0.3333333333333333,7.08e-05,"[2, 24, 17, 3, 36, 3, 25, 0]"
attempt,"['AH', 'T', 'EH', 'M', 'P', 'T']","['at', 'tempt']","['att', 'empt']",0.2857142857142857,7.08e-05,"[3, 33, 7, 26, 29, 33, 0, 0]"
appear,"['AH', 'P', 'IH', 'R']","['ap', 'pear']","['app', 'ear']",0.3333333333333333,7.08e-05,"[3, 29, 10, 30, 0, 0, 0, 0]"
wonderful,"['W', 'AH', 'N', 'D', 'ER', 'F', 'AH', 'L']","['won', 'der', 'ful']","['w', 'onder', 'ful']",0.2222222222222222,7.08e-05,"[36, 3, 27, 18, 8, 20, 3, 25]"
northern,"['N', 'AO', 'R', 'DH', 'ER', 'N']","['north', 'ern']","['n', 'orthern']",0.25,7.08e-05,"[27, 4, 30, 19, 8, 27, 0, 0]"
wearing,"['W', 'EH', 'R', 'IH', 'NG']","['wear', 'ing']","['w', 'earing']",0.2857142857142857,7.08e-05,"[36, 7, 30, 10, 28, 0, 0, 0]"
solution,"['S', 'AH', 'L', 'UW', 'SH', 'AH', 'N']","['solu', 'tion']","['s', 'olution']",0.25,6.92e-05,"[31, 3, 25, 15, 32, 3, 27, 0]"
cities,"['S', 'IH', 'T', 'IY', 'Z']","['cit', 'ies']","['c', 'ities']",0.3333333333333333,6.92e-05,"[31, 10, 33, 11, 38, 0, 0, 0]"
traditional,"['T', 'R', 'AH', 'D', 'IH', 'SH', 'AH', 'N', 'AH', 'L']","['tra', 'di', 'tion', 'al']",['traditional'],0.2727272727272727,6.92e-05,"[33, 30, 3, 18, 10, 32, 3, 27]"
sad,"['S', 'AE', 'D']",['sad'],"['s', 'ad']",0.3333333333333333,6.92e-05,"[31, 2, 18, 0, 0, 0, 0, 0]"
southern,"['S', 'AH', 'DH', 'ER', 'N']","['south', 'ern']","['s', 'outhern']",0.25,6.92e-05,"[31, 3, 19, 8, 27, 0, 0, 0]"
appears,"['AH', 'P', 'IH', 'R', 'Z']","['ap', 'pears']","['app', 'ears']",0.2857142857142857,6.92e-05,"[3, 29, 10, 30, 38, 0, 0, 0]"
structure,"['S', 'T', 'R', 'AH', 'K', 'CH', 'ER']","['struc', 'ture']","['st', 'ructure']",0.2222222222222222,6.92e-05,"[31, 33, 30, 3, 24, 17, 8, 0]"
benefits,"['B', 'EH', 'N', 'AH', 'F', 'IH', 'T', 'S']","['be', 'ne', 'fits']","['benef', 'its']",0.375,6.92e-05,"[16, 7, 27, 3, 20, 10, 33, 31]"
remain,"['R', 'IH', 'M', 'EY', 'N']","['re', 'main']","['rem', 'ain']",0.3333333333333333,6.76e-05,"[30, 10, 26, 9, 27, 0, 0, 0]"
appeared,"['AH', 'P', 'IH', 'R', 'D']","['ap', 'peared']","['app', 'eared']",0.25,6.76e-05,"[3, 29, 10, 30, 18, 0, 0, 0]"
critical,"['K', 'R', 'IH', 'T', 'IH', 'K', 'AH', 'L']","['crit', 'ic', 'al']",['critical'],0.25,6.76e-05,"[24, 30, 10, 33, 10, 24, 3, 25]"
digital,"['D', 'IH', 'JH', 'AH', 'T', 'AH', 'L']","['di', 'git', 'al']",['digital'],0.2857142857142857,6.76e-05,"[18, 10, 23, 3, 33, 3, 25, 0]"
chicago,"['SH', 'AH', 'K', 'AA', 'G', 'OW']","['chica', 'go']","['ch', 'icago']",0.2857142857142857,6.76e-05,"[32, 3, 24, 1, 21, 12, 0, 0]"
becomes,"['B', 'IH', 'K', 'AH', 'M', 'Z']","['be', 'comes']","['bec', 'omes']",0.2857142857142857,6.76e-05,"[16, 10, 24, 3, 26, 38, 0, 0]"
wedding,"['W', 'EH', 'D', 'IH', 'NG']","['wed', 'ding']","['w', 'edd', 'ing']",0.42857142857142855,6.76e-05,"[36, 7, 18, 10, 28, 0, 0, 0]"
hearing,"['HH', 'IY', 'R', 'IH', 'NG']","['hear', 'ing']","['he', 'aring']",0.2857142857142857,6.61e-05,"[22, 11, 30, 10, 28, 0, 0, 0]"
village,"['V', 'IH', 'L', 'AH', 'JH']","['vil', 'lage']","['vill', 'age']",0.2857142857142857,6.61e-05,"[35, 10, 25, 3, 23, 0, 0, 0]"
larger,"['L', 'AA', 'R', 'JH', 'ER']","['lar', 'ger']","['larg', 'er']",0.3333333333333333,6.61e-05,"[25, 1, 30, 23, 8, 0, 0, 0]"
benefit,"['B', 'EH', 'N', 'AH', 'F', 'IH', 'T']","['be', 'ne', 'fit']",['benefit'],0.2857142857142857,6.61e-05,"[16, 7, 27, 3, 20, 10, 33, 0]"
generation,"['JH', 'EH', 'N', 'ER', 'EY', 'SH', 'AH', 'N']","['gen', 'er', 'a', 'tion']",['generation'],0.3,6.61e-05,"[23, 7, 27, 8, 9, 32, 3, 27]"
louis,"['L', 'UW', 'IH', 'S']",['louis'],"['l', 'ou', 'is']",0.4,6.61e-05,"[25, 15, 10, 31, 0, 0, 0, 0]"
african,"['AE', 'F', 'R', 'AH', 'K', 'AH', 'N']","['afric', 'an']","['af', 'rican']",0.2857142857142857,6.61e-05,"[2, 20, 30, 3, 24, 3, 27, 0]"
returned,"['R', 'IH', 'T', 'ER', 'N', 'D']","['re', 'turned']","['return', 'ed']",0.25,6.61e-05,"[30, 10, 33, 8, 27, 18, 0, 0]"
becoming,"['B', 'IH', 'K', 'AH', 'M', 'IH', 'NG']","['be', 'com', 'ing']","['bec', 'oming']",0.375,6.46e-05,"[16, 10, 24, 3, 26, 10, 28, 0]"
supply,"['S', 'AH', 'P', 'L', 'AY']","['sup', 'ply']","['supp', 'ly']",0.3333333333333333,6.46e-05,"[31, 3, 29, 25, 6, 0, 0, 0]"
individuals,"['IH', 'N', 'D', 'AH', 'V', 'IH', 'JH', 'AH', 'W', 'AH', 'L', 'Z']","['in', 'di', 'vidu', 'als']","['individual', 's']",0.36363636363636365,6.46e-05,"[10, 27, 18, 3, 35, 10, 23, 3]"
follows,"['F', 'AA', 'L', 'OW', 'Z']","['fol', 'lows']","['follow', 's']",0.2857142857142857,6.46e-05,"[20, 1, 25, 12, 38, 0, 0, 0]"
soul,"['S', 'OW', 'L']",['soul'],"['s', 'oul']",0.25,6.46e-05,"[31, 12, 25, 0, 0, 0, 0, 0]"
japanese,"['JH', 'AE', 'P', 'AH', 'N', 'IY', 'Z']","['ja', 'pan', 'ese']","['j', 'apan', 'ese']",0.25,6.46e-05,"[23, 2, 29, 3, 27, 11, 38, 0]"
animal,"['AE', 'N', 'AH', 'M', 'AH', 'L']","['an', 'im', 'al']",['animal'],0.3333333333333333,6.46e-05,"[2, 27, 3, 26, 3, 25, 0, 0]"
dude,"['D', 'UW', 'D']",['dude'],"['d', 'ude']",0.25,6.46e-05,"[18, 15, 18, 0, 0, 0, 0, 0]"
engineering,"['EH', 'N', 'JH', 'AH', 'N', 'IH', 'R', 'IH', 'NG']","['en', 'gin', 'eer', 'ing']",['engineering'],0.2727272727272727,6.31e-05,"[7, 27, 23, 3, 27, 10, 30, 10]"
institute,"['IH', 'N', 'S', 'T', 'AH', 'T', 'UW', 'T']","['in', 'sti', 'tute']","['inst', 'itute']",0.3333333333333333,6.31e-05,"[10, 27, 31, 33, 3, 33, 15, 33]"
apparently,"['AH', 'P', 'EH', 'R', 'AH', 'N', 'T', 'L', 'IY']","['ap', 'par', 'ently']","['app', 'arently']",0.3,6.31e-05,"[3, 29, 7, 30, 3, 27, 33, 25]"
happening,"['HH', 'AE', 'P', 'AH', 'N', 'IH', 'NG']","['hap', 'pen', 'ing']","['h', 'app', 'ening']",0.4444444444444444,6.31e-05,"[22, 2, 29, 3, 27, 10, 28, 0]"
smaller,"['S', 'M', 'AO', 'L', 'ER']","['smal', 'ler']","['small', 'er']",0.2857142857142857,6.31e-05,"[31, 26, 4, 25, 8, 0, 0, 0]"
nations,"['N', 'EY', 'SH', 'AH', 'N', 'Z']","['na', 'tions']","['n', 'ations']",0.2857142857142857,6.31e-05,"[27, 9, 32, 3, 27, 38, 0, 0]"
mike,"['M', 'AY', 'K']",['mike'],"['m', 'ike']",0.25,6.31e-05,"[26, 6, 24, 0, 0, 0, 0, 0]"
remains,"['R', 'IH', 'M', 'EY', 'N', 'Z']","['re', 'mains']","['rem', 'ains']",0.2857142857142857,6.31e-05,"[30, 10, 26, 9, 27, 38, 0, 0]"
till,"['T', 'IH', 'L']",['till'],"['t', 'ill']",0.25,6.17e-05,"[33, 10, 25, 0, 0, 0, 0, 0]"
firm,"['F', 'ER', 'M']",['firm'],"['f', 'irm']",0.25,6.17e-05,"[20, 8, 26, 0, 0, 0, 0, 0]"
television,"['T', 'EH', 'L', 'AH', 'V', 'IH', 'ZH', 'AH', 'N']","['tele', 'vi', 'sion']","['te', 'levision']",0.3,6.17e-05,"[33, 7, 25, 3, 35, 10, 39, 3]"
negative,"['N', 'EH', 'G', 'AH', 'T', 'IH', 'V']","['neg', 'at', 'ive']",['negative'],0.25,6.17e-05,"[27, 7, 21, 3, 33, 10, 35, 0]"
removed,"['R', 'IY', 'M', 'UW', 'V', 'D']","['re', 'moved']","['rem', 'oved']",0.2857142857142857,6.17e-05,"[30, 11, 26, 15, 35, 18, 0, 0]"
indeed,"['IH', 'N', 'D', 'IY', 'D']","['in', 'deed']","['ind', 'eed']",0.3333333333333333,6.17e-05,"[10, 27, 18, 11, 18, 0, 0, 0]"
trouble,"['T', 'R', 'AH', 'B', 'AH', 'L']",['trouble'],"['t', 'rou', 'ble']",0.2857142857142857,6.17e-05,"[33, 30, 3, 16, 3, 25, 0, 0]"
gift,"['G', 'IH', 'F', 'T']",['gift'],"['g', 'ift']",0.25,6.03e-05,"[21, 10, 20, 33, 0, 0, 0, 0]"
helping,"['HH', 'EH', 'L', 'P', 'IH', 'NG']","['help', 'ing']","['hel', 'ping']",0.2857142857142857,6.03e-05,"[22, 7, 25, 29, 10, 28, 0, 0]"
influence,"['IH', 'N', 'F', 'L', 'UW', 'AH', 'N', 'S']","['in', 'flu', 'ence']","['inf', 'luence']",0.3333333333333333,6.03e-05,"[10, 27, 20, 25, 15, 3, 27, 31]"
shooting,"['SH', 'UW', 'T', 'IH', 'NG']","['shoot', 'ing']","['sh', 'ooting']",0.25,6.03e-05,"[32, 15, 33, 10, 28, 0, 0, 0]"
decide,"['D', 'IH', 'S', 'AY', 'D']","['de', 'cide']","['dec', 'ide']",0.3333333333333333,6.03e-05,"[18, 10, 31, 6, 18, 0, 0, 0]"
dinner,"['D', 'IH', 'N', 'ER']","['din', 'ner']","['d', 'inner']",0.3333333333333333,6.03e-05,"[18, 10, 27, 8, 0, 0, 0, 0]"
joe,"['JH', 'OW']",['joe'],"['j', 'oe']",0.3333333333333333,6.03e-05,"[23, 12, 0, 0, 0, 0, 0, 0]"
produce,"['P', 'R', 'AH', 'D', 'UW', 'S']","['pro', 'duce']","['produ', 'ce']",0.2857142857142857,6.03e-05,"[29, 30, 3, 18, 15, 31, 0, 0]"
eastern,"['IY', 'S', 'T', 'ER', 'N']","['east', 'ern']","['e', 'astern']",0.2857142857142857,6.03e-05,"[11, 31, 33, 8, 27, 0, 0, 0]"
dollars,"['D', 'AA', 'L', 'ER', 'Z']","['dol', 'lars']","['d', 'oll', 'ars']",0.42857142857142855,6.03e-05,"[18, 1, 25, 8, 38, 0, 0, 0]"
materials,"['M', 'AH', 'T', 'IH', 'R', 'IY', 'AH', 'L', 'Z']","['ma', 'ter', 'i', 'als']","['material', 's']",0.4444444444444444,6.03e-05,"[26, 3, 33, 10, 30, 11, 3, 25]"
dear,"['D', 'IH', 'R']",['dear'],"['d', 'ear']",0.25,5.89e-05,"[18, 10, 30, 0, 0, 0, 0, 0]"
efforts,"['EH', 'F', 'ER', 'T', 'S']","['ef', 'forts']","['eff', 'orts']",0.2857142857142857,5.89e-05,"[7, 20, 8, 33, 31, 0, 0, 0]"
leadership,"['L', 'IY', 'D', 'ER', 'SH', 'IH', 'P']","['lead', 'er', 'ship']","['leaders', 'hip']",0.3,5.89e-05,"[25, 11, 18, 8, 32, 10, 29, 0]"
rare,"['R', 'EH', 'R']",['rare'],"['ra', 're']",0.25,5.89e-05,"[30, 7, 30, 0, 0, 0, 0, 0]"
thousands,"['TH', 'AW', 'Z', 'AH', 'N', 'D', 'Z']","['thou', 'sands']","['th', 'ousands']",0.2222222222222222,5.89e-05,"[34, 5, 38, 3, 27, 18, 38, 0]"
fellow,"['F', 'EH', 'L', 'OW']","['fel', 'low']","['f', 'ellow']",0.3333333333333333,5.75e-05,"[20, 7, 25, 12, 0, 0, 0, 0]"
easier,"['IY', 'Z', 'IY', 'ER']","['easi', 'er']","['eas', 'ier']",0.3333333333333333,5.75e-05,"[11, 38, 11, 8, 0, 0, 0, 0]"
buying,"['B', 'AY', 'IH', 'NG']","['buy', 'ing']","['bu', 'ying']",0.3333333333333333,5.62e-05,"[16, 6, 10, 28, 0, 0, 0, 0]"
responsibility,"['R', 'IY', 'S', 'P', 'AA', 'N', 'S', 'AH', 'B', 'IH', 'L', 'AH', 'T', 'IY']","['re', 'spons', 'ib', 'il', 'ity']","['respons', 'ibility']",0.21428571428571427,5.62e-05,"[30, 11, 31, 29, 1, 27, 31, 3]"
develop,"['D', 'IH', 'V', 'EH', 'L', 'AH', 'P']","['de', 'vel', 'op']",['develop'],0.2857142857142857,5.62e-05,"[18, 10, 35, 7, 25, 3, 29, 0]"
presented,"['P', 'R', 'IY', 'Z', 'EH', 'N', 'T', 'AH', 'D']","['presen', 'ted']","['present', 'ed']",0.2222222222222222,5.62e-05,"[29, 30, 11, 38, 7, 27, 33, 3]"
violence,"['V', 'AY', 'AH', 'L', 'AH', 'N', 'S']","['vi', 'ol', 'ence']",['violence'],0.25,5.62e-05,"[35, 6, 3, 25, 3, 27, 31, 0]"
existing,"['IH', 'G', 'Z', 'IH', 'S', 'T', 'IH', 'NG']","['ex', 'ist', 'ing']",['existing'],0.25,5.62e-05,"[10, 21, 38, 10, 31, 33, 10, 28]"
variety,"['V', 'ER', 'AY', 'AH', 'T', 'IY']","['vari', 'ety']","['var', 'iety']",0.2857142857142857,5.62e-05,"[35, 8, 6, 3, 33, 11, 0, 0]"
technical,"['T', 'EH', 'K', 'N', 'IH', 'K', 'AH', 'L']","['tech', 'nic', 'al']",['technical'],0.2222222222222222,5.62e-05,"[33, 7, 24, 27, 10, 24, 3, 25]"
believed,"['B', 'IH', 'L', 'IY', 'V', 'D']","['be', 'lieved']","['bel', 'ieved']",0.25,5.62e-05,"[16, 10, 25, 11, 35, 18, 0, 0]"
operating,"['AA', 'P', 'ER', 'EY', 'T', 'IH', 'NG']","['op', 'er', 'at', 'ing']","['oper', 'ating']",0.2222222222222222,5.62e-05,"[1, 29, 8, 9, 33, 10, 28, 0]"
investigation,"['IH', 'N', 'V', 'EH', 'S', 'T', 'AH', 'G', 'EY', 'SH', 'AH', 'N']","['in', 'vest', 'ig', 'a', 'tion']","['invest', 'igation']",0.23076923076923078,5.62e-05,"[10, 27, 35, 7, 31, 33, 3, 21]"
cultural,"['K', 'AH', 'L', 'CH', 'ER', 'AH', 'L']","['cul', 'tur', 'al']",['cultural'],0.25,5.62e-05,"[24, 3, 25, 17, 8, 3, 25, 0]"
busy,"['B', 'IH', 'Z', 'IY']",['busy'],"['bus', 'y']",0.25,5.62e-05,"[16, 10, 38, 11, 0, 0, 0, 0]"
conversation,"['K', 'AA', 'N', 'V', 'ER', 'S', 'EY', 'SH', 'AH', 'N']","['con', 'ver', 'sa', 'tion']","['con', 'vers', 'ation']",0.25,5.62e-05,"[24, 1, 27, 35, 8, 31, 9, 32]"
criminal,"['K', 'R', 'IH', 'M', 'AH', 'N', 'AH', 'L']","['crim', 'in', 'al']",['criminal'],0.25,5.62e-05,"[24, 30, 10, 26, 3, 27, 3, 25]"
offers,"['AO', 'F', 'ER', 'Z']","['of', 'fers']","['off', 'ers']",0.3333333333333333,5.5e-05,"[4, 20, 8, 38, 0, 0, 0, 0]"
martin,"['M', 'AA', 'R', 'T', 'AH', 'N']","['mar', 'tin']","['mart', 'in']",0.3333333333333333,5.5e-05,"[26, 1, 30, 33, 3, 27, 0, 0]"
religion,"['R', 'IH', 'L', 'IH', 'JH', 'AH', 'N']","['re', 'li', 'gion']","['rel', 'igion']",0.375,5.5e-05,"[30, 10, 25, 10, 23, 3, 27, 0]"
somewhere,"['S', 'AH', 'M', 'W', 'EH', 'R']","['some', 'where']","['s', 'omew', 'here']",0.3333333333333333,5.5e-05,"[31, 3, 26, 36, 7, 30, 0, 0]"
reference,"['R', 'EH', 'F', 'ER', 'AH', 'N', 'S']","['ref', 'er', 'ence']",['reference'],0.2222222222222222,5.5e-05,"[30, 7, 20, 8, 3, 27, 31, 0]"
appreciate,"['AH', 'P', 'R', 'IY', 'SH', 'IY', 'EY', 'T']","['ap', 'pre', 'ci', 'ate']","['app', 'reci', 'ate']",0.3,5.5e-05,"[3, 29, 30, 11, 32, 11, 9, 33]"
teachers,"['T', 'IY', 'CH', 'ER', 'Z']","['teach', 'ers']","['te', 'achers']",0.25,5.5e-05,"[33, 11, 17, 8, 38, 0, 0, 0]"
excited,"['IH', 'K', 'S', 'AY', 'T', 'AH', 'D']","['ex', 'cited']","['exc', 'ited']",0.2857142857142857,5.5e-05,"[10, 24, 31, 6, 33, 3, 18, 0]"
nuclear,"['N', 'UW', 'K', 'L', 'IY', 'ER']","['nuc', 'le', 'ar']",['nuclear'],0.2857142857142857,5.37e-05,"[27, 15, 24, 25, 11, 8, 0, 0]"
honest,"['AA', 'N', 'AH', 'S', 'T']","['hon', 'est']","['h', 'onest']",0.3333333333333333,5.37e-05,"[1, 27, 3, 31, 33, 0, 0, 0]"
tea,"['T', 'IY']",['tea'],"['te', 'a']",0.3333333333333333,5.37e-05,"[33, 11, 0, 0, 0, 0, 0, 0]"
victory,"['V', 'IH', 'K', 'T', 'ER', 'IY']","['vic', 'tory']","['vict', 'ory']",0.2857142857142857,5.37e-05,"[35, 10, 24, 33, 8, 11, 0, 0]"
audience,"['AA', 'D', 'IY', 'AH', 'N', 'S']","['audi', 'ence']","['aud', 'ience']",0.25,5.37e-05,"[1, 18, 11, 3, 27, 31, 0, 0]"
accounts,"['AH', 'K', 'AW', 'N', 'T', 'S']","['ac', 'counts']","['account', 's']",0.25,5.37e-05,"[3, 24, 5, 27, 33, 31, 0, 0]"
medicine,"['M', 'EH', 'D', 'AH', 'S', 'AH', 'N']","['medi', 'cine']","['med', 'ic', 'ine']",0.375,5.37e-05,"[26, 7, 18, 3, 31, 3, 27, 0]"
spanish,"['S', 'P', 'AE', 'N', 'IH', 'SH']","['span', 'ish']","['sp', 'anish']",0.2857142857142857,5.37e-05,"[31, 29, 2, 27, 10, 32, 0, 0]"
reduce,"['R', 'AH', 'D', 'UW', 'S']","['re', 'duce']","['red', 'uce']",0.3333333333333333,5.37e-05,"[30, 3, 18, 15, 31, 0, 0, 0]"
mountain,"['M', 'AW', 'N', 'T', 'AH', 'N']","['moun', 'tain']","['mount', 'ain']",0.25,5.37e-05,"[26, 5, 27, 33, 3, 27, 0, 0]"
mention,"['M', 'EH', 'N', 'SH', 'AH', 'N']","['men', 'tion']","['ment', 'ion']",0.2857142857142857,5.37e-05,"[26, 7, 27, 32, 3, 27, 0, 0]"
britain,"['B', 'R', 'IH', 'T', 'AH', 'N']","['bri', 'tain']","['b', 'rit', 'ain']",0.42857142857142855,5.25e-05,"[16, 30, 10, 33, 3, 27, 0, 0]"
entirely,"['IH', 'N', 'T', 'AY', 'ER', 'L', 'IY']","['en', 'tirely']","['ent', 'ire', 'ly']",0.375,5.25e-05,"[10, 27, 33, 6, 8, 25, 11, 0]"
decisions,"['D', 'IH', 'S', 'IH', 'ZH', 'AH', 'N', 'Z']","['de', 'cisions']","['dec', 'isions']",0.2222222222222222,5.25e-05,"[18, 10, 31, 10, 39, 3, 27, 38]"
festival,"['F', 'EH', 'S', 'T', 'AH', 'V', 'AH', 'L']","['fest', 'iv', 'al']","['f', 'estival']",0.375,5.25e-05,"[20, 7, 31, 33, 3, 35, 3, 25]"
assistant,"['AH', 'S', 'IH', 'S', 'T', 'AH', 'N', 'T']","['as', 'sist', 'ant']","['ass', 'istant']",0.3333333333333333,5.25e-05,"[3, 31, 10, 31, 33, 3, 27, 33]"
providing,"['P', 'R', 'AH', 'V', 'AY', 'D', 'IH', 'NG']","['provid', 'ing']","['prov', 'iding']",0.2222222222222222,5.25e-05,"[29, 30, 3, 35, 6, 18, 10, 28]"
proper,"['P', 'R', 'AA', 'P', 'ER']","['prop', 'er']","['pro', 'per']",0.3333333333333333,5.25e-05,"[29, 30, 1, 29, 8, 0, 0, 0]"
teaching,"['T', 'IY', 'CH', 'IH', 'NG']","['teach', 'ing']","['te', 'aching']",0.25,5.25e-05,"[33, 11, 17, 10, 28, 0, 0, 0]"
toward,"['T', 'AH', 'W', 'AO', 'R', 'D']","['to', 'ward']","['t', 'oward']",0.3333333333333333,5.25e-05,"[33, 3, 36, 4, 30, 18, 0, 0]"
introduced,"['IH', 'N', 'T', 'R', 'AH', 'D', 'UW', 'S', 'T']","['in', 'tro', 'duced']","['introdu', 'ced']",0.3,5.25e-05,"[10, 27, 33, 30, 3, 18, 15, 31]"
willing,"['W', 'IH', 'L', 'IH', 'NG']","['will', 'ing']","['w', 'illing']",0.2857142857142857,5.25e-05,"[36, 10, 25, 10, 28, 0, 0, 0]"
regional,"['R', 'IY', 'JH', 'AH', 'N', 'AH', 'L']","['re', 'gion', 'al']","['reg', 'ional']",0.375,5.25e-05,"[30, 11, 23, 3, 27, 3, 25, 0]"
discussion,"['D', 'IH', 'S', 'K', 'AH', 'SH', 'AH', 'N']","['dis', 'cus', 'sion']","['disc', 'ussion']",0.3,5.13e-05,"[18, 10, 31, 24, 3, 32, 3, 27]"
fantastic,"['F', 'AE', 'N', 'T', 'AE', 'S', 'T', 'IH', 'K']","['fant', 'ast', 'ic']","['f', 'ant', 'astic']",0.2222222222222222,5.13e-05,"[20, 2, 27, 33, 2, 31, 33, 10]"
hundred,"['HH', 'AH', 'N', 'D', 'R', 'AH', 'D']","['hun', 'dred']","['h', 'undred']",0.2857142857142857,5.13e-05,"[22, 3, 27, 18, 30, 3, 18, 0]"
drinking,"['D', 'R', 'IH', 'NG', 'K', 'IH', 'NG']","['drink', 'ing']","['dr', 'inking']",0.25,5.13e-05,"[18, 30, 10, 28, 24, 10, 28, 0]"
purchase,"['P', 'ER', 'CH', 'AH', 'S']","['pur', 'chase']","['p', 'urchase']",0.25,5.13e-05,"[29, 8, 17, 3, 31, 0, 0, 0]"
policies,"['P', 'AA', 'L', 'AH', 'S', 'IY', 'Z']",['policies'],"['p', 'olic', 'ies']",0.25,5.13e-05,"[29, 1, 25, 3, 31, 11, 38, 0]"
spending,"['S', 'P', 'EH', 'N', 'D', 'IH', 'NG']","['spend', 'ing']","['sp', 'ending']",0.25,5.13e-05,"[31, 29, 7, 27, 18, 10, 28, 0]"
governor,"['G', 'AH', 'V', 'ER', 'N', 'ER']","['gov', 'ernor']","['govern', 'or']",0.25,5.13e-05,"[21, 3, 35, 8, 27, 8, 0, 0]"
accident,"['AE', 'K', 'S', 'AH', 'D', 'AH', 'N', 'T']","['ac', 'ci', 'dent']","['acc', 'ident']",0.375,5.13e-05,"[2, 24, 31, 3, 18, 3, 27, 33]"
advanced,"['AH', 'D', 'V', 'AE', 'N', 'S', 'T']","['ad', 'vanced']","['adv', 'anced']",0.25,5.13e-05,"[3, 18, 35, 2, 27, 31, 33, 0]"
proposed,"['P', 'R', 'AH', 'P', 'OW', 'Z', 'D']","['pro', 'posed']","['prop', 'osed']",0.25,5.13e-05,"[29, 30, 3, 29, 12, 38, 18, 0]"
capacity,"['K', 'AH', 'P', 'AE', 'S', 'AH', 'T', 'IY']","['ca', 'pa', 'city']",['capacity'],0.25,5.13e-05,"[24, 3, 29, 2, 31, 3, 33, 11]"
museum,"['M', 'Y', 'UW', 'Z', 'IY', 'AH', 'M']","['mu', 'seum']","['m', 'useum']",0.3333333333333333,5.13e-05,"[26, 37, 15, 38, 11, 3, 26, 0]"
industrial,"['IH', 'N', 'D', 'AH', 'S', 'T', 'R', 'IY', 'AH', 'L']","['in', 'dus', 'tri', 'al']",['industrial'],0.3,5.13e-05,"[10, 27, 18, 3, 31, 33, 30, 11]"
communities,"['K', 'AH', 'M', 'Y', 'UW', 'N', 'AH', 'T', 'IY', 'Z']","['com', 'munit', 'ies']","['commun', 'ities']",0.2727272727272727,5.13e-05,"[24, 3, 26, 37, 15, 27, 3, 33]"
intended,"['IH', 'N', 'T', 'EH', 'N', 'D', 'AH', 'D']","['in', 'ten', 'ded']","['int', 'ended']",0.375,5.01e-05,"[10, 27, 33, 7, 27, 18, 3, 18]"
labour,"['L', 'EY', 'B', 'AW', 'R']","['la', 'bour']","['lab', 'our']",0.3333333333333333,5.01e-05,"[25, 9, 16, 5, 30, 0, 0, 0]"
environmental,"['IH', 'N', 'V', 'AY', 'R', 'AH', 'N', 'M', 'EH', 'N', 'T', 'AH', 'L']","['en', 'vir', 'on', 'ment', 'al']","['environment', 'al']",0.23076923076923078,5.01e-05,"[10, 27, 35, 6, 30, 3, 27, 26]"
soldiers,"['S', 'OW', 'L', 'JH', 'ER', 'Z']","['sol', 'diers']","['sold', 'iers']",0.25,5.01e-05,"[31, 12, 25, 23, 8, 38, 0, 0]"
intelligence,"['IH', 'N', 'T', 'EH', 'L', 'AH', 'JH', 'AH', 'N', 'S']","['in', 'tel', 'li', 'gence']",['intelligence'],0.25,5.01e-05,"[10, 27, 33, 7, 25, 3, 23, 3]"
ensure,"['EH', 'N', 'SH', 'UH', 'R']","['en', 'sure']","['ens', 'ure']",0.3333333333333333,5.01e-05,"[7, 27, 32, 14, 30, 0, 0, 0]"
canadian,"['K', 'AH', 'N', 'EY', 'D', 'IY', 'AH', 'N']","['ca', 'na', 'dian']","['can', 'adian']",0.375,5.01e-05,"[24, 3, 27, 9, 18, 11, 3, 27]"
dick,"['D', 'IH', 'K']",['dick'],"['d', 'ick']",0.25,5.01e-05,"[18, 10, 24, 0, 0, 0, 0, 0]"
republican,"['R', 'IH', 'P', 'AH', 'B', 'L', 'IH', 'K', 'AH', 'N']","['re', 'pub', 'lic', 'an']","['rep', 'ublic', 'an']",0.3,5.01e-05,"[30, 10, 29, 3, 16, 25, 10, 24]"
wins,"['W', 'IH', 'N', 'Z']",['wins'],"['w', 'ins']",0.25,5.01e-05,"[36, 10, 27, 38, 0, 0, 0, 0]"
elements,"['EH', 'L', 'AH', 'M', 'AH', 'N', 'T', 'S']","['ele', 'ments']","['e', 'lements']",0.25,5.01e-05,"[7, 25, 3, 26, 3, 27, 33, 31]"
suddenly,"['S', 'AH', 'D', 'AH', 'N', 'L', 'IY']","['sud', 'denly']","['s', 'uddenly']",0.25,4.9e-05,"[31, 3, 18, 3, 27, 25, 11, 0]"
appearance,"['AH', 'P', 'IH', 'R', 'AH', 'N', 'S']","['ap', 'pear', 'ance']","['app', 'earance']",0.3,4.9e-05,"[3, 29, 10, 30, 3, 27, 31, 0]"
expensive,"['IH', 'K', 'S', 'P', 'EH', 'N', 'S', 'IH', 'V']","['ex', 'pens', 'ive']",['expensive'],0.2222222222222222,4.9e-05,"[10, 24, 31, 29, 7, 27, 31, 10]"
attorney,"['AH', 'T', 'ER', 'N', 'IY']","['at', 'tor', 'ney']","['att', 'orney']",0.375,4.9e-05,"[3, 33, 8, 27, 11, 0, 0, 0]"
grew,"['G', 'R', 'UW']",['grew'],"['g', 'rew']",0.25,4.9e-05,"[21, 30, 15, 0, 0, 0, 0, 0]"
brothers,"['B', 'R', 'AH', 'DH', 'ER', 'Z']","['broth', 'ers']","['brother', 's']",0.25,4.9e-05,"[16, 30, 3, 19, 8, 38, 0, 0]"
supreme,"['S', 'AH', 'P', 'R', 'IY', 'M']","['su', 'preme']","['sup', 'reme']",0.2857142857142857,4.9e-05,"[31, 3, 29, 30, 11, 26, 0, 0]"
asian,"['EY', 'ZH', 'AH', 'N']","['asi', 'an']","['as', 'ian']",0.4,4.9e-05,"[9, 39, 3, 27, 0, 0, 0, 0]"
behavior,"['B', 'IH', 'HH', 'EY', 'V', 'Y', 'ER']","['be', 'ha', 'vi', 'or']",['behavior'],0.375,4.9e-05,"[16, 10, 22, 9, 35, 37, 8, 0]"
historical,"['HH', 'IH', 'S', 'T', 'AO', 'R', 'IH', 'K', 'AH', 'L']","['his', 'tor', 'ic', 'al']","['hist', 'orical']",0.4,4.9e-05,"[22, 10, 31, 33, 4, 30, 10, 24]"
bodies,"['B', 'AA', 'D', 'IY', 'Z']","['bod', 'ies']","['b', 'odies']",0.3333333333333333,4.9e-05,"[16, 1, 18, 11, 38, 0, 0, 0]"
originally,"['ER', 'IH', 'JH', 'AH', 'N', 'AH', 'L', 'IY']","['ori', 'gin', 'ally']","['orig', 'inally']",0.3,4.9e-05,"[8, 10, 23, 3, 27, 3, 25, 11]"
debt,"['D', 'EH', 'T']",['debt'],"['deb', 't']",0.25,4.9e-05,"[18, 7, 33, 0, 0, 0, 0, 0]"
domestic,"['D', 'AH', 'M', 'EH', 'S', 'T', 'IH', 'K']","['do', 'mest', 'ic']","['dom', 'estic']",0.375,4.9e-05,"[18, 3, 26, 7, 31, 33, 10, 24]"
minimum,"['M', 'IH', 'N', 'AH', 'M', 'AH', 'M']","['min', 'im', 'um']",['minimum'],0.2857142857142857,4.9e-05,"[26, 10, 27, 3, 26, 3, 26, 0]"
shopping,"['SH', 'AA', 'P', 'IH', 'NG']","['shop', 'ping']","['sh', 'opping']",0.25,4.79e-05,"[32, 1, 29, 10, 28, 0, 0, 0]"
supported,"['S', 'AH', 'P', 'AO', 'R', 'T', 'AH', 'D']","['sup', 'por', 'ted']",['supported'],0.2222222222222222,4.79e-05,"[31, 3, 29, 4, 30, 33, 3, 18]"
loan,"['L', 'OW', 'N']",['loan'],"['lo', 'an']",0.25,4.79e-05,"[25, 12, 27, 0, 0, 0, 0, 0]"
officials,"['AH', 'F', 'IH', 'SH', 'AH', 'L', 'Z']","['of', 'fi', 'cials']","['offic', 'ials']",0.3333333333333333,4.79e-05,"[3, 20, 10, 32, 3, 25, 38, 0]"
methods,"['M', 'EH', 'TH', 'AH', 'D', 'Z']","['meth', 'ods']","['method', 's']",0.2857142857142857,4.79e-05,"[26, 7, 34, 3, 18, 38, 0, 0]"
contains,"['K', 'AH', 'N', 'T', 'EY', 'N', 'Z']","['con', 'tains']","['cont', 'ains']",0.25,4.79e-05,"[24, 3, 27, 33, 9, 27, 38, 0]"
connected,"['K', 'AH', 'N', 'EH', 'K', 'T', 'AH', 'D']","['con', 'nec', 'ted']",['connected'],0.2222222222222222,4.79e-05,"[24, 3, 27, 7, 24, 33, 3, 18]"
suggested,"['S', 'AH', 'G', 'JH', 'EH', 'S', 'T', 'AH', 'D']","['sug', 'ges', 'ted']","['suggest', 'ed']",0.3333333333333333,4.79e-05,"[31, 3, 21, 23, 7, 31, 33, 3]"
communication,"['K', 'AH', 'M', 'Y', 'UW', 'N', 'AH', 'K', 'EY', 'SH', 'AH', 'N']","['com', 'mu', 'nic', 'a', 'tion']",['communication'],0.3076923076923077,4.79e-05,"[24, 3, 26, 37, 15, 27, 3, 24]"
selected,"['S', 'AH', 'L', 'EH', 'K', 'T', 'AH', 'D']","['se', 'lec', 'ted']",['selected'],0.25,4.79e-05,"[31, 3, 25, 7, 24, 33, 3, 18]"
sugar,"['SH', 'UH', 'G', 'ER']","['sug', 'ar']","['s', 'ugar']",0.4,4.79e-05,"[32, 14, 21, 8, 0, 0, 0, 0]"
combined,"['K', 'AH', 'M', 'B', 'AY', 'N', 'D']","['com', 'bined']","['comb', 'ined']",0.25,4.79e-05,"[24, 3, 26, 16, 6, 27, 18, 0]"
relationships,"['R', 'IY', 'L', 'EY', 'SH', 'AH', 'N', 'SH', 'IH', 'P', 'S']","['re', 'la', 'tion', 'ships']","['relations', 'hips']",0.3076923076923077,4.79e-05,"[30, 11, 25, 9, 32, 3, 27, 32]"
illegal,"['IH', 'L', 'IY', 'G', 'AH', 'L']","['il', 'leg', 'al']",['illegal'],0.2857142857142857,4.79e-05,"[10, 25, 11, 21, 3, 25, 0, 0]"
joke,"['JH', 'OW', 'K']",['joke'],"['j', 'oke']",0.25,4.79e-05,"[23, 12, 24, 0, 0, 0, 0, 0]"
boston,"['B', 'AA', 'S', 'T', 'AH', 'N']","['bo', 'ston']","['b', 'oston']",0.3333333333333333,4.68e-05,"[16, 1, 31, 33, 3, 27, 0, 0]"
regarding,"['R', 'AH', 'G', 'AA', 'R', 'D', 'IH', 'NG']","['re', 'gard', 'ing']","['reg', 'arding']",0.3333333333333333,4.68e-05,"[30, 3, 21, 1, 30, 18, 10, 28]"
relations,"['R', 'IY', 'L', 'EY', 'SH', 'AH', 'N', 'Z']","['re', 'la', 'tions']",['relations'],0.2222222222222222,4.68e-05,"[30, 11, 25, 9, 32, 3, 27, 38]"
affairs,"['AH', 'F', 'EH', 'R', 'Z']","['af', 'fairs']","['aff', 'airs']",0.2857142857142857,4.68e-05,"[3, 20, 7, 30, 38, 0, 0, 0]"
organizations,"['AO', 'R', 'G', 'AH', 'N', 'AH', 'Z', 'EY', 'SH', 'AH', 'N', 'Z']","['or', 'gan', 'iz', 'a', 'tions']","['organ', 'izations']",0.23076923076923078,4.68e-05,"[4, 30, 21, 3, 27, 3, 38, 9]"
williams,"['W', 'IH', 'L', 'Y', 'AH', 'M', 'Z']","['wil', 'li', 'ams']","['will', 'iam', 's']",0.5,4.68e-05,"[36, 10, 25, 37, 3, 26, 38, 0]"
schedule,"['S', 'K', 'EH', 'JH', 'UH', 'L']","['sched', 'ule']","['sche', 'dule']",0.25,4.68e-05,"[31, 24, 7, 23, 14, 25, 0, 0]"
appropriate,"['AH', 'P', 'R', 'OW', 'P', 'R', 'IY', 'AH', 'T']","['ap', 'pro', 'pri', 'ate']",['appropriate'],0.2727272727272727,4.68e-05,"[3, 29, 30, 12, 29, 30, 11, 3]"
accepted,"['AE', 'K', 'S', 'EH', 'P', 'T', 'IH', 'D']","['ac', 'cep', 'ted']","['accept', 'ed']",0.375,4.68e-05,"[2, 24, 31, 7, 29, 33, 10, 18]"
legs,"['L', 'EH', 'G', 'Z']",['legs'],"['leg', 's']",0.25,4.68e-05,"[25, 7, 21, 38, 0, 0, 0, 0]"
applied,"['AH', 'P', 'L', 'AY', 'D']","['ap', 'plied']","['app', 'lied']",0.2857142857142857,4.68e-05,"[3, 29, 25, 6, 18, 0, 0, 0]"
mistake,"['M', 'IH', 'S', 'T', 'EY', 'K']","['mis', 'take']","['mist', 'ake']",0.2857142857142857,4.68e-05,"[26, 10, 31, 33, 9, 24, 0, 0]"
appeal,"['AH', 'P', 'IY', 'L']","['ap', 'peal']","['app', 'eal']",0.3333333333333333,4.68e-05,"[3, 29, 11, 25, 0, 0, 0, 0]"
emotional,"['IH', 'M', 'OW', 'SH', 'AH', 'N', 'AH', 'L']","['emo', 'tion', 'al']","['em', 'otional']",0.3333333333333333,4.57e-05,"[10, 26, 12, 32, 3, 27, 3, 25]"
milk,"['M', 'IH', 'L', 'K']",['milk'],"['mil', 'k']",0.25,4.57e-05,"[26, 10, 25, 24, 0, 0, 0, 0]"
discuss,"['D', 'IH', 'S', 'K', 'AH', 'S']","['dis', 'cuss']","['disc', 'uss']",0.2857142857142857,4.57e-05,"[18, 10, 31, 24, 3, 31, 0, 0]"
liberal,"['L', 'IH', 'B', 'ER', 'AH', 'L']","['lib', 'er', 'al']",['liberal'],0.2857142857142857,4.57e-05,"[25, 10, 16, 8, 3, 25, 0, 0]"
elections,"['IH', 'L', 'EH', 'K', 'SH', 'AH', 'N', 'Z']","['elec', 'tions']","['elect', 'ions']",0.2222222222222222,4.57e-05,"[10, 25, 7, 24, 32, 3, 27, 38]"
holiday,"['HH', 'AA', 'L', 'AH', 'D', 'EY']","['hol', 'i', 'day']",['holiday'],0.2857142857142857,4.57e-05,"[22, 1, 25, 3, 18, 9, 0, 0]"
listening,"['L', 'IH', 'S', 'AH', 'N', 'IH', 'NG']","['listen', 'ing']","['list', 'ening']",0.2222222222222222,4.57e-05,"[25, 10, 31, 3, 27, 10, 28, 0]"
italian,"['IH', 'T', 'AE', 'L', 'Y', 'AH', 'N']","['itali', 'an']","['ital', 'ian']",0.2857142857142857,4.57e-05,"[10, 33, 2, 25, 37, 3, 27, 0]"
interests,"['IH', 'N', 'T', 'R', 'AH', 'S', 'T', 'S']","['in', 'terests']","['interest', 's']",0.2222222222222222,4.57e-05,"[10, 27, 33, 30, 3, 31, 33, 31]"
studio,"['S', 'T', 'UW', 'D', 'IY', 'OW']","['stu', 'dio']","['stud', 'io']",0.3333333333333333,4.57e-05,"[31, 33, 15, 18, 11, 12, 0, 0]"
snow,"['S', 'N', 'OW']",['snow'],"['s', 'now']",0.25,4.57e-05,"[31, 27, 12, 0, 0, 0, 0, 0]"
internal,"['IH', 'N', 'T', 'ER', 'N', 'AH', 'L']","['in', 'tern', 'al']",['internal'],0.25,4.57e-05,"[10, 27, 33, 8, 27, 3, 25, 0]"
candidate,"['K', 'AE', 'N', 'D', 'AH', 'D', 'EY', 'T']","['can', 'did', 'ate']","['cand', 'idate']",0.3333333333333333,4.57e-05,"[24, 2, 27, 18, 3, 18, 9, 33]"
facilities,"['F', 'AH', 'S', 'IH', 'L', 'AH', 'T', 'IY', 'Z']","['fa', 'cil', 'it', 'ies']","['fac', 'ilities']",0.4,4.57e-05,"[20, 3, 31, 10, 25, 3, 33, 11]"
recorded,"['R', 'AH', 'K', 'AO', 'R', 'D', 'AH', 'D']","['re', 'cor', 'ded']",['recorded'],0.25,4.57e-05,"[30, 3, 24, 4, 30, 18, 3, 18]"
apartment,"['AH', 'P', 'AA', 'R', 'T', 'M', 'AH', 'N', 'T']","['apart', 'ment']","['ap', 'artment']",0.2222222222222222,4.47e-05,"[3, 29, 1, 30, 33, 26, 3, 27]"
measure,"['M', 'EH', 'ZH', 'ER']","['meas', 'ure']","['me', 'asure']",0.2857142857142857,4.47e-05,"[26, 7, 39, 8, 0, 0, 0, 0]"
revealed,"['R', 'IH', 'V', 'IY', 'L', 'D']","['re', 'vealed']","['reve', 'aled']",0.25,4.47e-05,"[30, 10, 35, 11, 25, 18, 0, 0]"
finance,"['F', 'AH', 'N', 'AE', 'N', 'S']","['fin', 'ance']","['f', 'inance']",0.2857142857142857,4.47e-05,"[20, 3, 27, 2, 27, 31, 0, 0]"
numerous,"['N', 'UW', 'M', 'ER', 'AH', 'S']","['nu', 'mer', 'ous']","['n', 'umerous']",0.375,4.47e-05,"[27, 15, 26, 8, 3, 31, 0, 0]"
maintain,"['M', 'EY', 'N', 'T', 'EY', 'N']","['main', 'tain']","['m', 'aintain']",0.25,4.47e-05,"[26, 9, 27, 33, 9, 27, 0, 0]"
identity,"['AY', 'D', 'EH', 'N', 'T', 'AH', 'T', 'IY']","['iden', 'tity']","['ident', 'ity']",0.25,4.47e-05,"[6, 18, 7, 27, 33, 3, 33, 11]"
hits,"['HH', 'IH', 'T', 'S']",['hits'],"['h', 'its']",0.25,4.47e-05,"[22, 10, 33, 31, 0, 0, 0, 0]"
journey,"['JH', 'ER', 'N', 'IY']","['jour', 'ney']","['j', 'ourney']",0.2857142857142857,4.47e-05,"[23, 8, 27, 11, 0, 0, 0, 0]"
cute,"['K', 'Y', 'UW', 'T']",['cute'],"['c', 'ute']",0.25,4.47e-05,"[24, 37, 15, 33, 0, 0, 0, 0]"
properly,"['P', 'R', 'AA', 'P', 'ER', 'L', 'IY']","['prop', 'erly']","['pro', 'per', 'ly']",0.375,4.37e-05,"[29, 30, 1, 29, 8, 25, 11, 0]"
millions,"['M', 'IH', 'L', 'Y', 'AH', 'N', 'Z']","['mil', 'lions']","['mill', 'ions']",0.25,4.37e-05,"[26, 10, 25, 37, 3, 27, 38, 0]"
argument,"['AA', 'R', 'G', 'Y', 'AH', 'M', 'AH', 'N', 'T']","['ar', 'gu', 'ment']",['argument'],0.25,4.37e-05,"[1, 30, 21, 37, 3, 26, 3, 27]"
thousand,"['TH', 'AW', 'Z', 'AH', 'N', 'D']","['thou', 'sand']","['th', 'ousand']",0.25,4.37e-05,"[34, 5, 38, 3, 27, 18, 0, 0]"
applications,"['AE', 'P', 'L', 'AH', 'K', 'EY', 'SH', 'AH', 'N', 'Z']","['ap', 'plic', 'a', 'tions']","['app', 'lic', 'ations']",0.25,4.37e-05,"[2, 29, 25, 3, 24, 9, 32, 3]"
requirements,"['R', 'IH', 'K', 'W', 'AY', 'R', 'M', 'AH', 'N', 'T', 'S']","['re', 'quire', 'ments']","['requ', 'irements']",0.25,4.37e-05,"[30, 10, 24, 36, 6, 30, 26, 3]"
debate,"['D', 'AH', 'B', 'EY', 'T']","['de', 'bate']","['deb', 'ate']",0.3333333333333333,4.37e-05,"[18, 3, 16, 9, 33, 0, 0, 0]"
distribution,"['D', 'IH', 'S', 'T', 'R', 'AH', 'B', 'Y', 'UW', 'SH', 'AH', 'N']","['dis', 'tri', 'bu', 'tion']","['dist', 'ribution']",0.3333333333333333,4.37e-05,"[18, 10, 31, 33, 30, 3, 16, 37]"
conflict,"['K', 'AA', 'N', 'F', 'L', 'IH', 'K', 'T']","['con', 'flict']","['conf', 'lict']",0.25,4.37e-05,"[24, 1, 27, 20, 25, 10, 24, 33]"
arrested,"['ER', 'EH', 'S', 'T', 'AH', 'D']","['ar', 'res', 'ted']","['ar', 'rest', 'ed']",0.25,4.37e-05,"[8, 7, 31, 33, 3, 18, 0, 0]"
tony,"['T', 'OW', 'N', 'IY']",['tony'],"['ton', 'y']",0.25,4.37e-05,"[33, 12, 27, 11, 0, 0, 0, 0]"
approximately,"['AH', 'P', 'R', 'AA', 'K', 'S', 'AH', 'M', 'AH', 'T', 'L', 'IY']","['ap', 'prox', 'im', 'ately']",['approximately'],0.23076923076923078,4.37e-05,"[3, 29, 30, 1, 24, 31, 3, 26]"
reduced,"['R', 'AH', 'D', 'UW', 'S', 'T']","['re', 'duced']","['red', 'uced']",0.2857142857142857,4.37e-05,"[30, 3, 18, 15, 31, 33, 0, 0]"
revenue,"['R', 'EH', 'V', 'AH', 'N', 'UW']","['rev', 'en', 'ue']","['re', 'venue']",0.42857142857142855,4.37e-05,"[30, 7, 35, 3, 27, 15, 0, 0]"
extended,"['IH', 'K', 'S', 'T', 'EH', 'N', 'D', 'AH', 'D']","['ex', 'ten', 'ded']","['ext', 'ended']",0.375,4.37e-05,"[10, 24, 31, 33, 7, 27, 18, 3]"
determined,"['D', 'IH', 'T', 'ER', 'M', 'AH', 'N', 'D']","['de', 'term', 'ined']","['d', 'etermined']",0.3,4.37e-05,"[18, 10, 33, 8, 26, 3, 27, 18]"
trading,"['T', 'R', 'EY', 'D', 'IH', 'NG']","['trad', 'ing']","['tr', 'ading']",0.2857142857142857,4.27e-05,"[33, 30, 9, 18, 10, 28, 0, 0]"
coverage,"['K', 'AH', 'V', 'ER', 'AH', 'JH']","['cov', 'er', 'age']","['co', 'verage']",0.375,4.27e-05,"[24, 3, 35, 8, 3, 23, 0, 0]"
besides,"['B', 'IH', 'S', 'AY', 'D', 'Z']","['be', 'sides']","['b', 'esides']",0.2857142857142857,4.27e-05,"[16, 10, 31, 6, 18, 38, 0, 0]"
basically,"['B', 'EY', 'S', 'IH', 'K', 'L', 'IY']","['ba', 'sic', 'ally']","['bas', 'ically']",0.3333333333333333,4.27e-05,"[16, 9, 31, 10, 24, 25, 11, 0]"
whenever,"['W', 'EH', 'N', 'EH', 'V', 'ER']","['whenev', 'er']","['whe', 'never']",0.25,4.27e-05,"[36, 7, 27, 7, 35, 8, 0, 0]"
tuesday,"['T', 'UW', 'Z', 'D', 'IY']","['tues', 'day']","['t', 'uesday']",0.2857142857142857,4.27e-05,"[33, 15, 38, 18, 11, 0, 0, 0]"
dying,"['D', 'AY', 'IH', 'NG']","['dy', 'ing']","['d', 'ying']",0.4,4.27e-05,"[18, 6, 10, 28, 0, 0, 0, 0]"
positions,"['P', 'AH', 'Z', 'IH', 'SH', 'AH', 'N', 'Z']","['po', 's', 'i', 'tions']","['pos', 'itions']",0.2222222222222222,4.27e-05,"[29, 3, 38, 10, 32, 3, 27, 38]"
novel,"['N', 'AA', 'V', 'AH', 'L']","['nov', 'el']","['no', 'vel']",0.4,4.27e-05,"[27, 1, 35, 3, 25, 0, 0, 0]"
remaining,"['R', 'IH', 'M', 'EY', 'N', 'IH', 'NG']","['re', 'main', 'ing']","['rem', 'aining']",0.3333333333333333,4.27e-05,"[30, 10, 26, 9, 27, 10, 28, 0]"
bob,"['B', 'AA', 'B']",['bob'],"['b', 'ob']",0.3333333333333333,4.27e-05,"[16, 1, 16, 0, 0, 0, 0, 0]"
determine,"['D', 'AH', 'T', 'ER', 'M', 'AH', 'N']","['de', 'term', 'ine']","['d', 'eter', 'mine']",0.4444444444444444,4.27e-05,"[18, 3, 33, 8, 26, 3, 27, 0]"
ministry,"['M', 'IH', 'N', 'AH', 'S', 'T', 'R', 'IY']","['min', 'istry']","['minist', 'ry']",0.25,4.27e-05,"[26, 10, 27, 3, 31, 33, 30, 11]"
chicken,"['CH', 'IH', 'K', 'AH', 'N']","['chick', 'en']","['ch', 'icken']",0.2857142857142857,4.27e-05,"[17, 10, 24, 3, 27, 0, 0, 0]"
stadium,"['S', 'T', 'EY', 'D', 'IY', 'AH', 'M']","['sta', 'di', 'um']","['st', 'adium']",0.42857142857142855,4.27e-05,"[31, 33, 9, 18, 11, 3, 26, 0]"
incredible,"['IH', 'N', 'K', 'R', 'EH', 'D', 'AH', 'B', 'AH', 'L']","['in', 'cred', 'ible']","['inc', 'redible']",0.3,4.27e-05,"[10, 27, 24, 30, 7, 18, 3, 16]"
jail,"['JH', 'EY', 'L']",['jail'],"['j', 'ail']",0.25,4.17e-05,"[23, 9, 25, 0, 0, 0, 0, 0]"
voting,"['V', 'OW', 'T', 'IH', 'NG']","['vot', 'ing']","['v', 'oting']",0.3333333333333333,4.17e-05,"[35, 12, 33, 10, 28, 0, 0, 0]"
opposite,"['AA', 'P', 'AH', 'Z', 'AH', 'T']","['op', 'pos', 'ite']","['opp', 'osite']",0.375,4.17e-05,"[1, 29, 3, 38, 3, 33, 0, 0]"
champion,"['CH', 'AE', 'M', 'P', 'IY', 'AH', 'N']","['cham', 'pi', 'on']","['ch', 'ampion']",0.375,4.17e-05,"[17, 2, 26, 29, 11, 3, 27, 0]"
giant,"['JH', 'AY', 'AH', 'N', 'T']","['gi', 'ant']","['g', 'iant']",0.4,4.17e-05,"[23, 6, 3, 27, 33, 0, 0, 0]"
signal,"['S', 'IH', 'G', 'N', 'AH', 'L']","['sig', 'nal']","['sign', 'al']",0.3333333333333333,4.17e-05,"[31, 10, 21, 27, 3, 25, 0, 0]"
estimated,"['EH', 'S', 'T', 'AH', 'M', 'EY', 'T', 'AH', 'D']","['es', 'tim', 'ated']","['est', 'imated']",0.3333333333333333,4.17e-05,"[7, 31, 33, 3, 26, 9, 33, 3]"
delivered,"['D', 'IH', 'L', 'IH', 'V', 'ER', 'D']","['de', 'livered']","['del', 'ivered']",0.2222222222222222,4.17e-05,"[18, 10, 25, 10, 35, 8, 18, 0]"
virginia,"['V', 'ER', 'JH', 'IH', 'N', 'Y', 'AH']","['vir', 'gin', 'ia']","['v', 'irgin', 'ia']",0.25,4.17e-05,"[35, 8, 23, 10, 27, 37, 3, 0]"
editor,"['EH', 'D', 'AH', 'T', 'ER']","['ed', 'it', 'or']",['editor'],0.3333333333333333,4.17e-05,"[7, 18, 3, 33, 8, 0, 0, 0]"
suicide,"['S', 'UW', 'AH', 'S', 'AY', 'D']","['sui', 'cide']","['su', 'icide']",0.2857142857142857,4.17e-05,"[31, 15, 3, 31, 6, 18, 0, 0]"
allowing,"['AH', 'L', 'AW', 'IH', 'NG']","['al', 'low', 'ing']","['all', 'owing']",0.375,4.17e-05,"[3, 25, 5, 10, 28, 0, 0, 0]"
remained,"['R', 'IH', 'M', 'EY', 'N', 'D']","['re', 'mained']","['rem', 'ained']",0.25,4.17e-05,"[30, 10, 26, 9, 27, 18, 0, 0]"
typically,"['T', 'IH', 'P', 'IH', 'K', 'L', 'IY']","['typ', 'ic', 'ally']",['typically'],0.2222222222222222,4.17e-05,"[33, 10, 29, 10, 24, 25, 11, 0]"
alex,"['AE', 'L', 'AH', 'K', 'S']",['alex'],"['ale', 'x']",0.25,4.17e-05,"[2, 25, 3, 24, 31, 0, 0, 0]"
moments,"['M', 'OW', 'M', 'AH', 'N', 'T', 'S']","['mo', 'ments']","['mom', 'ents']",0.2857142857142857,4.17e-05,"[26, 12, 26, 3, 27, 33, 31, 0]"
selection,"['S', 'AH', 'L', 'EH', 'K', 'SH', 'AH', 'N']","['se', 'lec', 'tion']",['selection'],0.2222222222222222,4.17e-05,"[31, 3, 25, 7, 24, 32, 3, 27]"
jim,"['JH', 'IH', 'M']",['jim'],"['j', 'im']",0.3333333333333333,4.17e-05,"[23, 10, 26, 0, 0, 0, 0, 0]"
desire,"['D', 'IH', 'Z', 'AY', 'ER']","['de', 'sire']","['des', 'ire']",0.3333333333333333,4.07e-05,"[18, 10, 38, 6, 8, 0, 0, 0]"
recommend,"['R', 'EH', 'K', 'AH', 'M', 'EH', 'N', 'D']","['re', 'com', 'mend']","['recomm', 'end']",0.3333333333333333,4.07e-05,"[30, 7, 24, 3, 26, 7, 27, 18]"
conservative,"['K', 'AH', 'N', 'S', 'ER', 'V', 'AH', 'T', 'IH', 'V']","['con', 'ser', 'vat', 'ive']",['conservative'],0.25,4.07e-05,"[24, 3, 27, 31, 8, 35, 3, 33]"
medium,"['M', 'IY', 'D', 'IY', 'AH', 'M']","['me', 'di', 'um']",['medium'],0.3333333333333333,4.07e-05,"[26, 11, 18, 11, 3, 26, 0, 0]"
upset,"['AH', 'P', 'S', 'EH', 'T']","['up', 'set']","['ups', 'et']",0.4,4.07e-05,"[3, 29, 31, 7, 33, 0, 0, 0]"
relevant,"['R', 'EH', 'L', 'AH', 'V', 'AH', 'N', 'T']","['rel', 'ev', 'ant']",['relevant'],0.25,4.07e-05,"[30, 7, 25, 3, 35, 3, 27, 33]"
solo,"['S', 'OW', 'L', 'OW']",['solo'],"['s', 'olo']",0.25,4.07e-05,"[31, 12, 25, 12, 0, 0, 0, 0]"
familiar,"['F', 'AH', 'M', 'IH', 'L', 'Y', 'ER']","['fa', 'mil', 'i', 'ar']","['f', 'amiliar']",0.5,4.07e-05,"[20, 3, 26, 10, 25, 37, 8, 0]"
sending,"['S', 'EH', 'N', 'D', 'IH', 'NG']","['send', 'ing']","['s', 'ending']",0.2857142857142857,4.07e-05,"[31, 7, 27, 18, 10, 28, 0, 0]"
granted,"['G', 'R', 'AE', 'N', 'T', 'AH', 'D']","['gran', 'ted']","['gr', 'anted']",0.2857142857142857,4.07e-05,"[21, 30, 2, 27, 33, 3, 18, 0]"
hundreds,"['HH', 'AH', 'N', 'D', 'R', 'AH', 'D', 'Z']","['hun', 'dreds']","['h', 'undreds']",0.25,4.07e-05,"[22, 3, 27, 18, 30, 3, 18, 38]"
opportunities,"['AA', 'P', 'ER', 'T', 'UW', 'N', 'AH', 'T', 'IY', 'Z']","['op', 'por', 'tun', 'it', 'ies']","['opp', 'ortun', 'ities']",0.3076923076923077,4.07e-05,"[1, 29, 8, 33, 15, 27, 3, 33]"
essential,"['IH', 'S', 'EH', 'N', 'SH', 'AH', 'L']","['es', 'sen', 'tial']",['essential'],0.2222222222222222,4.07e-05,"[10, 31, 7, 27, 32, 3, 25, 0]"
perfectly,"['P', 'ER', 'F', 'AH', 'K', 'T', 'L', 'IY']","['per', 'fectly']","['perfect', 'ly']",0.2222222222222222,4.07e-05,"[29, 8, 20, 3, 24, 33, 25, 11]"
alcohol,"['AE', 'L', 'K', 'AH', 'HH', 'AA', 'L']","['al', 'co', 'hol']",['alcohol'],0.2857142857142857,4.07e-05,"[2, 25, 24, 3, 22, 1, 25, 0]"
improved,"['IH', 'M', 'P', 'R', 'UW', 'V', 'D']","['im', 'proved']","['impro', 'ved']",0.25,4.07e-05,"[10, 26, 29, 30, 15, 35, 18, 0]"
destroyed,"['D', 'IH', 'S', 'T', 'R', 'OY', 'D']","['des', 'troyed']","['destroy', 'ed']",0.2222222222222222,4.07e-05,"[18, 10, 31, 33, 30, 13, 18, 0]"
ohio,"['OW', 'HH', 'AY', 'OW']",['ohio'],"['oh', 'io']",0.25,4.07e-05,"[12, 22, 6, 12, 0, 0, 0, 0]"
combination,"['K', 'AA', 'M', 'B', 'AH', 'N', 'EY', 'SH', 'AH', 'N']","['com', 'bin', 'a', 'tion']","['comb', 'ination']",0.36363636363636365,4.07e-05,"[24, 1, 26, 16, 3, 27, 9, 32]"
scottish,"['S', 'K', 'AA', 'T', 'IH', 'SH']","['scot', 'tish']","['sc', 'ott', 'ish']",0.375,3.98e-05,"[31, 24, 1, 33, 10, 32, 0, 0]"
painting,"['P', 'EY', 'N', 'T', 'IH', 'NG']","['paint', 'ing']","['pain', 'ting']",0.25,3.98e-05,"[29, 9, 27, 33, 10, 28, 0, 0]"
entertainment,"['EH', 'N', 'T', 'ER', 'T', 'EY', 'N', 'M', 'AH', 'N', 'T']","['en', 'ter', 'tain', 'ment']","['ent', 'ertain', 'ment']",0.23076923076923078,3.98e-05,"[7, 27, 33, 8, 33, 9, 27, 26]"
reserve,"['R', 'IH', 'Z', 'ER', 'V']","['re', 'serve']","['res', 'erve']",0.2857142857142857,3.98e-05,"[30, 10, 38, 8, 35, 0, 0, 0]"
republic,"['R', 'IY', 'P', 'AH', 'B', 'L', 'AH', 'K']","['re', 'pub', 'lic']","['rep', 'ublic']",0.375,3.98e-05,"[30, 11, 29, 3, 16, 25, 3, 24]"
tickets,"['T', 'IH', 'K', 'AH', 'T', 'S']","['tick', 'ets']","['t', 'ickets']",0.2857142857142857,3.98e-05,"[33, 10, 24, 3, 33, 31, 0, 0]"
educational,"['EH', 'JH', 'AH', 'K', 'EY', 'SH', 'AH', 'N', 'AH', 'L']","['edu', 'ca', 'tion', 'al']","['educ', 'ational']",0.36363636363636365,3.98e-05,"[7, 23, 3, 24, 9, 32, 3, 27]"
returns,"['R', 'IH', 'T', 'ER', 'N', 'Z']","['re', 'turns']","['return', 's']",0.2857142857142857,3.98e-05,"[30, 10, 33, 8, 27, 38, 0, 0]"
directed,"['D', 'ER', 'EH', 'K', 'T', 'AH', 'D']","['dir', 'ec', 'ted']",['directed'],0.25,3.98e-05,"[18, 8, 7, 24, 33, 3, 18, 0]"
answers,"['AE', 'N', 'S', 'ER', 'Z']","['an', 'swers']","['ans', 'w', 'ers']",0.42857142857142855,3.98e-05,"[2, 27, 31, 8, 38, 0, 0, 0]"
offering,"['AO', 'F', 'ER', 'IH', 'NG']","['of', 'fer', 'ing']","['off', 'ering']",0.375,3.98e-05,"[4, 20, 8, 10, 28, 0, 0, 0]"
newspaper,"['N', 'UW', 'Z', 'P', 'EY', 'P', 'ER']","['news', 'pa', 'per']","['new', 'sp', 'aper']",0.4444444444444444,3.98e-05,"[27, 15, 38, 29, 9, 29, 8, 0]"
facility,"['F', 'AH', 'S', 'IH', 'L', 'IH', 'T', 'IY']","['fa', 'cil', 'ity']","['fac', 'ility']",0.375,3.98e-05,"[20, 3, 31, 10, 25, 10, 33, 11]"
salt,"['S', 'AO', 'L', 'T']",['salt'],"['s', 'alt']",0.25,3.98e-05,"[31, 4, 25, 33, 0, 0, 0, 0]"
dealing,"['D', 'IY', 'L', 'IH', 'NG']","['deal', 'ing']","['d', 'ealing']",0.2857142857142857,3.98e-05,"[18, 11, 25, 10, 28, 0, 0, 0]"
maximum,"['M', 'AE', 'K', 'S', 'AH', 'M', 'AH', 'M']","['max', 'im', 'um']",['maximum'],0.2857142857142857,3.98e-05,"[26, 2, 24, 31, 3, 26, 3, 26]"
deserve,"['D', 'IH', 'Z', 'ER', 'V']","['de', 'serve']","['des', 'erve']",0.2857142857142857,3.89e-05,"[18, 10, 38, 8, 35, 0, 0, 0]"
resolution,"['R', 'EH', 'Z', 'AH', 'L', 'UW', 'SH', 'AH', 'N']","['res', 'ol', 'u', 'tion']",['resolution'],0.3,3.89e-05,"[30, 7, 38, 3, 25, 15, 32, 3]"
circumstances,"['S', 'ER', 'K', 'AH', 'M', 'S', 'T', 'AE', 'N', 'S', 'AH', 'Z']","['cir', 'cum', 'stances']","['circ', 'um', 'st', 'ances']",0.23076923076923078,3.89e-05,"[31, 8, 24, 3, 26, 31, 33, 2]"
sees,"['S', 'IY', 'Z']",['sees'],"['se', 'es']",0.25,3.89e-05,"[31, 11, 38, 0, 0, 0, 0, 0]"
rural,"['R', 'UH', 'R', 'AH', 'L']","['rur', 'al']","['r', 'ural']",0.4,3.89e-05,"[30, 14, 30, 3, 25, 0, 0, 0]"
bond,"['B', 'AA', 'N', 'D']",['bond'],"['b', 'ond']",0.25,3.89e-05,"[16, 1, 27, 18, 0, 0, 0, 0]"
universe,"['Y', 'UW', 'N', 'AH', 'V', 'ER', 'S']","['uni', 'verse']","['un', 'iverse']",0.25,3.89e-05,"[37, 15, 27, 3, 35, 8, 31, 0]"
delivery,"['D', 'IH', 'L', 'IH', 'V', 'ER', 'IY']","['de', 'liv', 'ery']","['del', 'ivery']",0.375,3.89e-05,"[18, 10, 25, 10, 35, 8, 11, 0]"
pacific,"['P', 'AH', 'S', 'IH', 'F', 'IH', 'K']","['pa', 'cific']","['pac', 'ific']",0.2857142857142857,3.89e-05,"[29, 3, 31, 10, 20, 10, 24, 0]"
kim,"['K', 'IH', 'M']",['kim'],"['k', 'im']",0.3333333333333333,3.89e-05,"[24, 10, 26, 0, 0, 0, 0, 0]"
assistance,"['AH', 'S', 'IH', 'S', 'T', 'AH', 'N', 'S']","['as', 'sist', 'ance']","['ass', 'istance']",0.3,3.89e-05,"[3, 31, 10, 31, 33, 3, 27, 31]"
ryan,"['R', 'AY', 'AH', 'N']","['ry', 'an']",['ryan'],0.25,3.89e-05,"[30, 6, 3, 27, 0, 0, 0, 0]"
affect,"['AH', 'F', 'EH', 'K', 'T']","['af', 'fect']","['aff', 'ect']",0.3333333333333333,3.89e-05,"[3, 20, 7, 24, 33, 0, 0, 0]"
communications,"['K', 'AH', 'M', 'Y', 'UW', 'N', 'AH', 'K', 'EY', 'SH', 'AH', 'N', 'Z']","['com', 'mu', 'nic', 'a', 'tions']",['communications'],0.2857142857142857,3.89e-05,"[24, 3, 26, 37, 15, 27, 3, 24]"
receiving,"['R', 'AH', 'S', 'IY', 'V', 'IH', 'NG']","['re', 'ceiv', 'ing']","['re', 'ce', 'iving']",0.2222222222222222,3.89e-05,"[30, 3, 31, 11, 35, 10, 28, 0]"
explained,"['IH', 'K', 'S', 'P', 'L', 'EY', 'N', 'D']","['ex', 'plained']","['expl', 'ained']",0.2222222222222222,3.89e-05,"[10, 24, 31, 29, 25, 9, 27, 18]"
appointed,"['AH', 'P', 'OY', 'N', 'T', 'AH', 'D']","['ap', 'poin', 'ted']",['appointed'],0.2222222222222222,3.89e-05,"[3, 29, 13, 27, 33, 3, 18, 0]"
wars,"['W', 'AO', 'R', 'Z']",['wars'],"['w', 'ars']",0.25,3.89e-05,"[36, 4, 30, 38, 0, 0, 0, 0]"
sentence,"['S', 'EH', 'N', 'T', 'AH', 'N', 'S']","['sen', 'tence']","['sent', 'ence']",0.25,3.8e-05,"[31, 7, 27, 33, 3, 27, 31, 0]"
possibility,"['P', 'AA', 'S', 'AH', 'B', 'IH', 'L', 'AH', 'T', 'IY']","['pos', 'sib', 'il', 'ity']","['p', 'ossibility']",0.36363636363636365,3.8e-05,"[29, 1, 31, 3, 16, 10, 25, 3]"
favor,"['F', 'EY', 'V', 'ER']","['fa', 'vor']","['f', 'avor']",0.4,3.8e-05,"[20, 9, 35, 8, 0, 0, 0, 0]"
institutions,"['IH', 'N', 'S', 'T', 'IH', 'T', 'UW', 'SH', 'AH', 'N', 'Z']","['in', 'sti', 'tu', 'tions']","['inst', 'it', 'utions']",0.4166666666666667,3.8e-05,"[10, 27, 31, 33, 10, 33, 15, 32]"
conducted,"['K', 'AH', 'N', 'D', 'AH', 'K', 'T', 'AH', 'D']","['con', 'duc', 'ted']","['conduct', 'ed']",0.3333333333333333,3.8e-05,"[24, 3, 27, 18, 3, 24, 33, 3]"
recovery,"['R', 'IH', 'K', 'AH', 'V', 'R', 'IY']","['re', 'cov', 'ery']","['re', 'co', 'very']",0.25,3.8e-05,"[30, 10, 24, 3, 35, 30, 11, 0]"
heaven,"['HH', 'EH', 'V', 'AH', 'N']","['heav', 'en']","['he', 'aven']",0.3333333333333333,3.8e-05,"[22, 7, 35, 3, 27, 0, 0, 0]"
attitude,"['AE', 'T', 'AH', 'T', 'UW', 'D']","['at', 'ti', 'tude']","['att', 'itude']",0.375,3.8e-05,"[2, 33, 3, 33, 15, 18, 0, 0]"
represent,"['R', 'EH', 'P', 'R', 'AH', 'Z', 'EH', 'N', 'T']","['rep', 'res', 'ent']",['represent'],0.2222222222222222,3.8e-05,"[30, 7, 29, 30, 3, 38, 7, 27]"
reviews,"['R', 'IY', 'V', 'Y', 'UW', 'Z']","['re', 'views']","['review', 's']",0.2857142857142857,3.8e-05,"[30, 11, 35, 37, 15, 38, 0, 0]"
independence,"['IH', 'N', 'D', 'IH', 'P', 'EH', 'N', 'D', 'AH', 'N', 'S']","['in', 'de', 'pend', 'ence']",['independence'],0.25,3.8e-05,"[10, 27, 18, 10, 29, 7, 27, 18]"
opposition,"['AA', 'P', 'AH', 'Z', 'IH', 'SH', 'AH', 'N']","['op', 'pos', 'i', 'tion']","['opp', 'osition']",0.4,3.72e-05,"[1, 29, 3, 38, 10, 32, 3, 27]"
representative,"['R', 'EH', 'P', 'R', 'AH', 'Z', 'EH', 'N', 'T', 'AH', 'T', 'IH', 'V']","['rep', 'res', 'ent', 'at', 'ive']","['represent', 'ative']",0.21428571428571427,3.72e-05,"[30, 7, 29, 30, 3, 38, 7, 27]"
andrew,"['AE', 'N', 'D', 'R', 'UW']","['an', 'drew']","['and', 'rew']",0.3333333333333333,3.72e-05,"[2, 27, 18, 30, 15, 0, 0, 0]"
accurate,"['AE', 'K', 'Y', 'ER', 'AH', 'T']","['ac', 'cur', 'ate']","['acc', 'urate']",0.375,3.72e-05,"[2, 24, 37, 8, 3, 33, 0, 0]"
tend,"['T', 'EH', 'N', 'D']",['tend'],"['t', 'end']",0.25,3.72e-05,"[33, 7, 27, 18, 0, 0, 0, 0]"
competitive,"['K', 'AH', 'M', 'P', 'EH', 'T', 'AH', 'T', 'IH', 'V']","['com', 'pet', 'it', 'ive']",['competitive'],0.2727272727272727,3.72e-05,"[24, 3, 26, 29, 7, 33, 3, 33]"
afford,"['AH', 'F', 'AO', 'R', 'D']","['af', 'ford']","['aff', 'ord']",0.3333333333333333,3.72e-05,"[3, 20, 4, 30, 18, 0, 0, 0]"
adam,"['AE', 'D', 'AH', 'M']",['adam'],"['ad', 'am']",0.25,3.72e-05,"[2, 18, 3, 26, 0, 0, 0, 0]"
navy,"['N', 'EY', 'V', 'IY']",['navy'],"['n', 'avy']",0.25,3.72e-05,"[27, 9, 35, 11, 0, 0, 0, 0]"
ultimately,"['AH', 'L', 'T', 'AH', 'M', 'AH', 'T', 'L', 'IY']","['ul', 'ti', 'mately']","['ult', 'imately']",0.3,3.72e-05,"[3, 25, 33, 3, 26, 3, 33, 25]"
normally,"['N', 'AO', 'R', 'M', 'AH', 'L', 'IY']","['nor', 'mally']","['norm', 'ally']",0.25,3.72e-05,"[27, 4, 30, 26, 3, 25, 11, 0]"
assume,"['AH', 'S', 'UW', 'M']","['as', 'sume']","['ass', 'ume']",0.3333333333333333,3.72e-05,"[3, 31, 15, 26, 0, 0, 0, 0]"
occurred,"['AH', 'K', 'ER', 'D']","['oc', 'curred']","['occ', 'urred']",0.25,3.72e-05,"[3, 24, 8, 18, 0, 0, 0, 0]"
chemical,"['K', 'EH', 'M', 'AH', 'K', 'AH', 'L']","['chem', 'ic', 'al']",['chemical'],0.25,3.72e-05,"[24, 7, 26, 3, 24, 3, 25, 0]"
diet,"['D', 'AY', 'AH', 'T']",['diet'],"['d', 'iet']",0.25,3.72e-05,"[18, 6, 3, 33, 0, 0, 0, 0]"
bbc,"['B', 'IY', 'B', 'IY', 'S', 'IY']",['bbc'],"['bb', 'c']",0.3333333333333333,3.72e-05,"[16, 11, 16, 11, 31, 11, 0, 0]"
academic,"['AE', 'K', 'AH', 'D', 'EH', 'M', 'IH', 'K']","['aca', 'dem', 'ic']","['ac', 'ademic']",0.375,3.72e-05,"[2, 24, 3, 18, 7, 26, 10, 24]"
pleasure,"['P', 'L', 'EH', 'ZH', 'ER']","['pleas', 'ure']","['ple', 'asure']",0.25,3.72e-05,"[29, 25, 7, 39, 8, 0, 0, 0]"
academy,"['AH', 'K', 'AE', 'D', 'AH', 'M', 'IY']",['academy'],"['ac', 'ad', 'emy']",0.2857142857142857,3.72e-05,"[3, 24, 2, 18, 3, 26, 11, 0]"
programme,"['P', 'R', 'OW', 'G', 'R', 'AE', 'M']","['pro', 'gramme']","['program', 'me']",0.2222222222222222,3.72e-05,"[29, 30, 12, 21, 30, 2, 26, 0]"
promote,"['P', 'R', 'AH', 'M', 'OW', 'T']","['pro', 'mote']","['prom', 'ote']",0.2857142857142857,3.63e-05,"[29, 30, 3, 26, 12, 33, 0, 0]"
victims,"['V', 'IH', 'K', 'T', 'AH', 'M', 'Z']","['vic', 'tims']","['vict', 'ims']",0.2857142857142857,3.63e-05,"[35, 10, 24, 33, 3, 26, 38, 0]"
victim,"['V', 'IH', 'K', 'T', 'AH', 'M']","['vic', 'tim']","['vict', 'im']",0.3333333333333333,3.63e-05,"[35, 10, 24, 33, 3, 26, 0, 0]"
depression,"['D', 'IH', 'P', 'R', 'EH', 'SH', 'AH', 'N']","['de', 'pres', 'sion']","['dep', 'ression']",0.3,3.63e-05,"[18, 10, 29, 30, 7, 32, 3, 27]"
exclusive,"['IH', 'K', 'S', 'K', 'L', 'UW', 'S', 'IH', 'V']","['ex', 'clus', 'ive']",['exclusive'],0.2222222222222222,3.63e-05,"[10, 24, 31, 24, 25, 15, 31, 10]"
excuse,"['IH', 'K', 'S', 'K', 'Y', 'UW', 'S']","['ex', 'cuse']","['exc', 'use']",0.3333333333333333,3.63e-05,"[10, 24, 31, 24, 37, 15, 31, 0]"
suppose,"['S', 'AH', 'P', 'OW', 'Z']","['sup', 'pose']","['supp', 'ose']",0.2857142857142857,3.63e-05,"[31, 3, 29, 12, 38, 0, 0, 0]"
identify,"['AY', 'D', 'EH', 'N', 'T', 'AH', 'F', 'AY']","['identi', 'fy']","['ident', 'ify']",0.25,3.63e-05,"[6, 18, 7, 27, 33, 3, 20, 6]"
describe,"['D', 'IH', 'S', 'K', 'R', 'AY', 'B']","['de', 'scribe']","['desc', 'ribe']",0.25,3.63e-05,"[18, 10, 31, 24, 30, 6, 16, 0]"
kevin,"['K', 'EH', 'V', 'IH', 'N']","['kev', 'in']","['ke', 'vin']",0.4,3.63e-05,"[24, 7, 35, 10, 27, 0, 0, 0]"
laid,"['L', 'EY', 'D']",['laid'],"['l', 'aid']",0.25,3.63e-05,"[25, 9, 18, 0, 0, 0, 0, 0]"
golf,"['G', 'AA', 'L', 'F']",['golf'],"['g', 'olf']",0.25,3.63e-05,"[21, 1, 25, 20, 0, 0, 0, 0]"
premier,"['P', 'R', 'EH', 'M', 'IH', 'R']","['premi', 'er']","['prem', 'ier']",0.2857142857142857,3.63e-05,"[29, 30, 7, 26, 10, 30, 0, 0]"
hopefully,"['HH', 'OW', 'P', 'F', 'AH', 'L', 'IY']","['hope', 'fully']","['hop', 'efully']",0.2222222222222222,3.63e-05,"[22, 12, 29, 20, 3, 25, 11, 0]"
latter,"['L', 'AE', 'T', 'ER']","['lat', 'ter']","['l', 'atter']",0.3333333333333333,3.63e-05,"[25, 2, 33, 8, 0, 0, 0, 0]"
depending,"['D', 'IH', 'P', 'EH', 'N', 'D', 'IH', 'NG']","['de', 'pend', 'ing']",['depending'],0.2222222222222222,3.63e-05,"[18, 10, 29, 7, 27, 18, 10, 28]"
manufacturing,"['M', 'AE', 'N', 'Y', 'AH', 'F', 'AE', 'K', 'CH', 'ER', 'IH', 'NG']","['man', 'u', 'fac', 'tur', 'ing']","['manufact', 'uring']",0.38461538461538464,3.63e-05,"[26, 2, 27, 37, 3, 20, 2, 24]"
tournament,"['T', 'UH', 'R', 'N', 'AH', 'M', 'AH', 'N', 'T']","['tour', 'na', 'ment']","['t', 'ournament']",0.3,3.63e-05,"[33, 14, 30, 27, 3, 26, 3, 27]"
constitution,"['K', 'AA', 'N', 'S', 'T', 'AH', 'T', 'UW', 'SH', 'AH', 'N']","['con', 'sti', 'tu', 'tion']","['const', 'itution']",0.3333333333333333,3.63e-05,"[24, 1, 27, 31, 33, 3, 33, 15]"
candidates,"['K', 'AE', 'N', 'D', 'AH', 'D', 'EY', 'T', 'S']","['can', 'did', 'ates']","['cand', 'idates']",0.3,3.63e-05,"[24, 2, 27, 18, 3, 18, 9, 33]"
sleeping,"['S', 'L', 'IY', 'P', 'IH', 'NG']","['sleep', 'ing']","['sle', 'eping']",0.25,3.63e-05,"[31, 25, 11, 29, 10, 28, 0, 0]"
electronic,"['IH', 'L', 'EH', 'K', 'T', 'R', 'AA', 'N', 'IH', 'K']","['elec', 'tron', 'ic']","['elect', 'ronic']",0.3,3.55e-05,"[10, 25, 7, 24, 33, 30, 1, 27]"
legislation,"['L', 'EH', 'JH', 'AH', 'S', 'L', 'EY', 'SH', 'AH', 'N']","['le', 'gis', 'la', 'tion']","['leg', 'isl', 'ation']",0.45454545454545453,3.55e-05,"[25, 7, 23, 3, 31, 25, 9, 32]"
deliver,"['D', 'IH', 'L', 'IH', 'V', 'ER']","['de', 'liv', 'er']","['del', 'iver']",0.42857142857142855,3.55e-05,"[18, 10, 25, 10, 35, 8, 0, 0]"
prepare,"['P', 'R', 'IY', 'P', 'EH', 'R']","['pre', 'pare']","['prep', 'are']",0.2857142857142857,3.55e-05,"[29, 30, 11, 29, 7, 30, 0, 0]"
catholic,"['K', 'AE', 'TH', 'L', 'IH', 'K']","['cath', 'ol', 'ic']","['c', 'ath', 'olic']",0.25,3.55e-05,"[24, 2, 34, 25, 10, 24, 0, 0]"
practices,"['P', 'R', 'AE', 'K', 'T', 'AH', 'S', 'AH', 'Z']","['prac', 'tices']","['pract', 'ices']",0.2222222222222222,3.55e-05,"[29, 30, 2, 24, 33, 3, 31, 3]"
existence,"['EH', 'G', 'Z', 'IH', 'S', 'T', 'AH', 'N', 'S']","['ex', 'ist', 'ence']",['existence'],0.2222222222222222,3.55e-05,"[7, 21, 38, 10, 31, 33, 3, 27]"
interior,"['IH', 'N', 'T', 'IH', 'R', 'IY', 'ER']","['in', 'teri', 'or']","['inter', 'ior']",0.375,3.55e-05,"[10, 27, 33, 10, 30, 11, 8, 0]"
doctors,"['D', 'AA', 'K', 'T', 'ER', 'Z']","['doc', 'tors']","['do', 'ctors']",0.2857142857142857,3.55e-05,"[18, 1, 24, 33, 8, 38, 0, 0]"
retail,"['R', 'IY', 'T', 'EY', 'L']","['re', 'tail']","['ret', 'ail']",0.3333333333333333,3.55e-05,"[30, 11, 33, 9, 25, 0, 0, 0]"
staying,"['S', 'T', 'EY', 'IH', 'NG']","['stay', 'ing']","['st', 'aying']",0.2857142857142857,3.55e-05,"[31, 33, 9, 10, 28, 0, 0, 0]"
relief,"['R', 'IH', 'L', 'IY', 'F']","['re', 'lief']","['rel', 'ief']",0.3333333333333333,3.55e-05,"[30, 10, 25, 11, 20, 0, 0, 0]"
factory,"['F', 'AE', 'K', 'T', 'ER', 'IY']","['fact', 'ory']","['f', 'actory']",0.2857142857142857,3.55e-05,"[20, 2, 24, 33, 8, 11, 0, 0]"
roof,"['R', 'UW', 'F']",['roof'],"['ro', 'of']",0.25,3.55e-05,"[30, 15, 20, 0, 0, 0, 0, 0]"
somewhat,"['S', 'AH', 'M', 'W', 'AH', 'T']","['some', 'what']","['s', 'omew', 'hat']",0.375,3.55e-05,"[31, 3, 26, 36, 3, 33, 0, 0]"
declared,"['D', 'IH', 'K', 'L', 'EH', 'R', 'D']","['de', 'clared']","['decl', 'ared']",0.25,3.55e-05,"[18, 10, 24, 25, 7, 30, 18, 0]"
matt,"['M', 'AE', 'T']",['matt'],"['m', 'att']",0.25,3.55e-05,"[26, 2, 33, 0, 0, 0, 0, 0]"
brilliant,"['B', 'R', 'IH', 'L', 'Y', 'AH', 'N', 'T']","['bril', 'liant']","['br', 'ill', 'iant']",0.3333333333333333,3.55e-05,"[16, 30, 10, 25, 37, 3, 27, 33]"
attend,"['AH', 'T', 'EH', 'N', 'D']","['at', 'tend']","['att', 'end']",0.3333333333333333,3.55e-05,"[3, 33, 7, 27, 18, 0, 0, 0]"
dumb,"['D', 'AH', 'M']",['dumb'],"['d', 'umb']",0.25,3.47e-05,"[18, 3, 26, 0, 0, 0, 0, 0]"
expansion,"['IH', 'K', 'S', 'P', 'AE', 'N', 'SH', 'AH', 'N']","['ex', 'pan', 'sion']","['exp', 'ansion']",0.3333333333333333,3.47e-05,"[10, 24, 31, 29, 2, 27, 32, 3]"
wet,"['W', 'EH', 'T']",['wet'],"['w', 'et']",0.3333333333333333,3.47e-05,"[36, 7, 33, 0, 0, 0, 0, 0]"
messages,"['M', 'EH', 'S', 'AH', 'JH', 'AH', 'Z']","['mes', 'sages']","['mess', 'ages']",0.25,3.47e-05,"[26, 7, 31, 3, 23, 3, 38, 0]"
absolute,"['AE', 'B', 'S', 'AH', 'L', 'UW', 'T']","['ab', 'so', 'lute']",['absolute'],0.25,3.47e-05,"[2, 16, 31, 3, 25, 15, 33, 0]"
democrats,"['D', 'EH', 'M', 'AH', 'K', 'R', 'AE', 'T', 'S']","['demo', 'crats']","['dem', 'ocrats']",0.2222222222222222,3.47e-05,"[18, 7, 26, 3, 24, 30, 2, 33]"
significantly,"['S', 'IH', 'G', 'N', 'IH', 'F', 'IH', 'K', 'AH', 'N', 'T', 'L', 'IY']","['sig', 'ni', 'fic', 'antly']","['sign', 'ificantly']",0.3076923076923077,3.47e-05,"[31, 10, 21, 27, 10, 20, 10, 24]"
constant,"['K', 'AA', 'N', 'S', 'T', 'AH', 'N', 'T']","['con', 'stant']","['const', 'ant']",0.25,3.47e-05,"[24, 1, 27, 31, 33, 3, 27, 33]"
agencies,"['EY', 'JH', 'AH', 'N', 'S', 'IY', 'Z']","['agen', 'cies']","['ag', 'encies']",0.25,3.47e-05,"[9, 23, 3, 27, 31, 11, 38, 0]"
reporting,"['R', 'IY', 'P', 'AO', 'R', 'T', 'IH', 'NG']","['re', 'port', 'ing']",['reporting'],0.2222222222222222,3.47e-05,"[30, 11, 29, 4, 30, 33, 10, 28]"
championship,"['CH', 'AE', 'M', 'P', 'IY', 'AH', 'N', 'SH', 'IH', 'P']","['cham', 'pi', 'on', 'ship']","['ch', 'ampions', 'hip']",0.4166666666666667,3.47e-05,"[17, 2, 26, 29, 11, 3, 27, 32]"
michigan,"['M', 'IH', 'SH', 'IH', 'G', 'AH', 'N']",['michigan'],"['m', 'ich', 'igan']",0.25,3.47e-05,"[26, 10, 32, 10, 21, 3, 27, 0]"
refused,"['R', 'AH', 'F', 'Y', 'UW', 'Z', 'D']","['re', 'fused']","['ref', 'used']",0.2857142857142857,3.47e-05,"[30, 3, 20, 37, 15, 38, 18, 0]"
incident,"['IH', 'N', 'S', 'AH', 'D', 'AH', 'N', 'T']","['in', 'cid', 'ent']","['inc', 'ident']",0.375,3.47e-05,"[10, 27, 31, 3, 18, 3, 27, 33]"
soviet,"['S', 'OW', 'V', 'IY', 'AH', 'T']","['so', 'viet']","['sov', 'iet']",0.3333333333333333,3.47e-05,"[31, 12, 35, 11, 3, 33, 0, 0]"
exciting,"['IH', 'K', 'S', 'AY', 'T', 'IH', 'NG']","['ex', 'cit', 'ing']","['exc', 'iting']",0.375,3.47e-05,"[10, 24, 31, 6, 33, 10, 28, 0]"
degrees,"['D', 'IH', 'G', 'R', 'IY', 'Z']","['de', 'grees']","['deg', 'rees']",0.2857142857142857,3.47e-05,"[18, 10, 21, 30, 11, 38, 0, 0]"
calm,"['K', 'AA', 'M']",['calm'],"['cal', 'm']",0.25,3.47e-05,"[24, 1, 26, 0, 0, 0, 0, 0]"
secondary,"['S', 'EH', 'K', 'AH', 'N', 'D', 'EH', 'R', 'IY']","['sec', 'ond', 'ary']",['secondary'],0.2222222222222222,3.39e-05,"[31, 7, 24, 3, 27, 18, 7, 30]"
regions,"['R', 'IY', 'JH', 'AH', 'N', 'Z']","['re', 'gions']","['reg', 'ions']",0.2857142857142857,3.39e-05,"[30, 11, 23, 3, 27, 38, 0, 0]"
invited,"['IH', 'N', 'V', 'AY', 'T', 'AH', 'D']","['in', 'vited']","['inv', 'ited']",0.2857142857142857,3.39e-05,"[10, 27, 35, 6, 33, 3, 18, 0]"
francisco,"['F', 'R', 'AE', 'N', 'S', 'IH', 'S', 'K', 'OW']","['fran', 'cisco']","['fr', 'anc', 'isco']",0.3333333333333333,3.39e-05,"[20, 30, 2, 27, 31, 10, 31, 24]"
suffering,"['S', 'AH', 'F', 'ER', 'IH', 'NG']","['suf', 'fer', 'ing']","['suff', 'ering']",0.3333333333333333,3.39e-05,"[31, 3, 20, 8, 10, 28, 0, 0]"
motor,"['M', 'OW', 'T', 'ER']","['mo', 'tor']","['m', 'otor']",0.4,3.39e-05,"[26, 12, 33, 8, 0, 0, 0, 0]"
loud,"['L', 'AW', 'D']",['loud'],"['l', 'oud']",0.25,3.39e-05,"[25, 5, 18, 0, 0, 0, 0, 0]"
fees,"['F', 'IY', 'Z']",['fees'],"['f', 'ees']",0.25,3.39e-05,"[20, 11, 38, 0, 0, 0, 0, 0]"
hong,"['HH', 'AO', 'NG']",['hong'],"['h', 'ong']",0.25,3.39e-05,"[22, 4, 28, 0, 0, 0, 0, 0]"
retirement,"['R', 'IY', 'T', 'AY', 'ER', 'M', 'AH', 'N', 'T']","['re', 'tire', 'ment']","['ret', 'irement']",0.3,3.39e-05,"[30, 11, 33, 6, 8, 26, 3, 27]"
sydney,"['S', 'IH', 'D', 'N', 'IY']",['sydney'],"['sy', 'd', 'ney']",0.3333333333333333,3.39e-05,"[31, 10, 18, 27, 11, 0, 0, 0]"
solar,"['S', 'OW', 'L', 'ER']","['sol', 'ar']","['s', 'olar']",0.4,3.39e-05,"[31, 12, 25, 8, 0, 0, 0, 0]"
contest,"['K', 'AA', 'N', 'T', 'EH', 'S', 'T']","['con', 'test']","['cont', 'est']",0.2857142857142857,3.39e-05,"[24, 1, 27, 33, 7, 31, 33, 0]"
wilson,"['W', 'IH', 'L', 'S', 'AH', 'N']",['wilson'],"['w', 'il', 'son']",0.3333333333333333,3.39e-05,"[36, 10, 25, 31, 3, 27, 0, 0]"
ultimate,"['AH', 'L', 'T', 'AH', 'M', 'AH', 'T']","['ul', 'ti', 'mate']",['ultimate'],0.25,3.39e-05,"[3, 25, 33, 3, 26, 3, 33, 0]"
represented,"['R', 'EH', 'P', 'R', 'AH', 'Z', 'EH', 'N', 'T', 'AH', 'D']","['rep', 'res', 'en', 'ted']",['represented'],0.2727272727272727,3.39e-05,"[30, 7, 29, 30, 3, 38, 7, 27]"
attractive,"['AH', 'T', 'R', 'AE', 'K', 'T', 'IH', 'V']","['at', 'tract', 'ive']","['att', 'ractive']",0.3,3.39e-05,"[3, 33, 30, 2, 24, 33, 10, 35]"
depends,"['D', 'IH', 'P', 'EH', 'N', 'D', 'Z']","['de', 'pends']","['dep', 'ends']",0.2857142857142857,3.39e-05,"[18, 10, 29, 7, 27, 18, 38, 0]"
puts,"['P', 'UH', 'T', 'S']",['puts'],"['put', 's']",0.25,3.39e-05,"[29, 14, 33, 31, 0, 0, 0, 0]"
wondering,"['W', 'AH', 'N', 'D', 'ER', 'IH', 'NG']","['won', 'der', 'ing']","['w', 'ond', 'ering']",0.4444444444444444,3.39e-05,"[36, 3, 27, 18, 8, 10, 28, 0]"
officially,"['AH', 'F', 'IH', 'SH', 'AH', 'L', 'IY']","['of', 'fi', 'cially']","['offic', 'ially']",0.3,3.39e-05,"[3, 20, 10, 32, 3, 25, 11, 0]"
causing,"['K', 'AA', 'Z', 'IH', 'NG']","['caus', 'ing']","['ca', 'using']",0.2857142857142857,3.39e-05,"[24, 1, 38, 10, 28, 0, 0, 0]"
pilot,"['P', 'AY', 'L', 'AH', 'T']","['pi', 'lot']","['p', 'ilot']",0.4,3.31e-05,"[29, 6, 25, 3, 33, 0, 0, 0]"
attached,"['AH', 'T', 'AE', 'CH', 'T']","['at', 'tached']","['att', 'ached']",0.25,3.31e-05,"[3, 33, 2, 17, 33, 0, 0, 0]"
principal,"['P', 'R', 'IH', 'N', 'S', 'AH', 'P', 'AH', 'L']","['prin', 'cip', 'al']","['pr', 'inc', 'ipal']",0.4444444444444444,3.31e-05,"[29, 30, 10, 27, 31, 3, 29, 3]"
pink,"['P', 'IH', 'NG', 'K']",['pink'],"['p', 'ink']",0.25,3.31e-05,"[29, 10, 28, 24, 0, 0, 0, 0]"
recognize,"['R', 'EH', 'K', 'AH', 'G', 'N', 'AY', 'Z']","['re', 'cog', 'nize']","['recogn', 'ize']",0.3333333333333333,3.31e-05,"[30, 7, 24, 3, 21, 27, 6, 38]"
introduction,"['IH', 'N', 'T', 'R', 'AH', 'D', 'AH', 'K', 'SH', 'AH', 'N']","['in', 'tro', 'duc', 'tion']","['introdu', 'ction']",0.3333333333333333,3.31e-05,"[10, 27, 33, 30, 3, 18, 3, 24]"
witness,"['W', 'IH', 'T', 'N', 'AH', 'S']","['wit', 'ness']","['w', 'itness']",0.2857142857142857,3.31e-05,"[36, 10, 33, 27, 3, 31, 0, 0]"
presidential,"['P', 'R', 'EH', 'Z', 'AH', 'D', 'EH', 'N', 'CH', 'AH', 'L']","['pres', 'id', 'en', 'tial']","['president', 'ial']",0.3333333333333333,3.31e-05,"[29, 30, 7, 38, 3, 18, 7, 27]"
experts,"['EH', 'K', 'S', 'P', 'ER', 'T', 'S']","['ex', 'perts']","['exper', 'ts']",0.2857142857142857,3.31e-05,"[7, 24, 31, 29, 8, 33, 31, 0]"
attacked,"['AH', 'T', 'AE', 'K', 'T']","['at', 'tacked']","['att', 'acked']",0.25,3.31e-05,"[3, 33, 2, 24, 33, 0, 0, 0]"
recognized,"['R', 'EH', 'K', 'AH', 'G', 'N', 'AY', 'Z', 'D']","['re', 'cog', 'nized']","['recogn', 'ized']",0.3,3.31e-05,"[30, 7, 24, 3, 21, 27, 6, 38]"
survive,"['S', 'ER', 'V', 'AY', 'V']","['sur', 'vive']","['surv', 'ive']",0.2857142857142857,3.31e-05,"[31, 8, 35, 6, 35, 0, 0, 0]"
joseph,"['JH', 'OW', 'S', 'AH', 'F']",['joseph'],"['j', 'ose', 'ph']",0.3333333333333333,3.31e-05,"[23, 12, 31, 3, 20, 0, 0, 0]"
regularly,"['R', 'EH', 'G', 'Y', 'AH', 'L', 'ER', 'L', 'IY']","['reg', 'u', 'larly']","['regular', 'ly']",0.3333333333333333,3.31e-05,"[30, 7, 21, 37, 3, 25, 8, 25]"
hollywood,"['HH', 'AA', 'L', 'IY', 'W', 'UH', 'D']","['hol', 'ly', 'wood']","['h', 'ollywood']",0.3333333333333333,3.31e-05,"[22, 1, 25, 11, 36, 14, 18, 0]"
engaged,"['EH', 'N', 'G', 'EY', 'JH', 'D']","['en', 'gaged']","['eng', 'aged']",0.2857142857142857,3.31e-05,"[7, 27, 21, 9, 23, 18, 0, 0]"
differences,"['D', 'IH', 'F', 'ER', 'AH', 'N', 'S', 'IH', 'Z']","['dif', 'fer', 'ences']","['diff', 'erences']",0.2727272727272727,3.31e-05,"[18, 10, 20, 8, 3, 27, 31, 10]"
immediate,"['IH', 'M', 'IY', 'D', 'IY', 'AH', 'T']","['im', 'me', 'di', 'ate']","['im', 'mediate']",0.2222222222222222,3.31e-05,"[10, 26, 11, 18, 11, 3, 33, 0]"
debut,"['D', 'EY', 'B', 'Y', 'UW']","['de', 'but']","['deb', 'ut']",0.4,3.31e-05,"[18, 9, 16, 37, 15, 0, 0, 0]"
external,"['IH', 'K', 'S', 'T', 'ER', 'N', 'AH', 'L']","['ex', 'tern', 'al']",['external'],0.25,3.31e-05,"[10, 24, 31, 33, 8, 27, 3, 25]"
automatically,"['AO', 'T', 'AH', 'M', 'AE', 'T', 'IH', 'K', 'L', 'IY']","['auto', 'mat', 'ic', 'ally']","['aut', 'om', 'atically']",0.38461538461538464,3.31e-05,"[4, 33, 3, 26, 2, 33, 10, 24]"
shipping,"['SH', 'IH', 'P', 'IH', 'NG']","['ship', 'ping']","['sh', 'ipping']",0.25,3.31e-05,"[32, 10, 29, 10, 28, 0, 0, 0]"
seasons,"['S', 'IY', 'Z', 'AH', 'N', 'Z']","['sea', 'sons']","['se', 'asons']",0.2857142857142857,3.31e-05,"[31, 11, 38, 3, 27, 38, 0, 0]"
expressed,"['IH', 'K', 'S', 'P', 'R', 'EH', 'S', 'T']","['ex', 'pressed']","['exp', 'ressed']",0.2222222222222222,3.31e-05,"[10, 24, 31, 29, 30, 7, 31, 33]"
singer,"['S', 'IH', 'NG', 'ER']","['sing', 'er']","['s', 'inger']",0.3333333333333333,3.31e-05,"[31, 10, 28, 8, 0, 0, 0, 0]"
battery,"['B', 'AE', 'T', 'ER', 'IY']","['bat', 'tery']","['b', 'attery']",0.2857142857142857,3.31e-05,"[16, 2, 33, 8, 11, 0, 0, 0]"
entitled,"['EH', 'N', 'T', 'AY', 'T', 'AH', 'L', 'D']","['en', 'titled']","['ent', 'itled']",0.25,3.24e-05,"[7, 27, 33, 6, 33, 3, 25, 18]"
commander,"['K', 'AH', 'M', 'AE', 'N', 'D', 'ER']","['com', 'mand', 'er']","['comm', 'ander']",0.3333333333333333,3.24e-05,"[24, 3, 26, 2, 27, 18, 8, 0]"
opposed,"['AH', 'P', 'OW', 'Z', 'D']","['op', 'posed']","['opp', 'osed']",0.2857142857142857,3.24e-05,"[3, 29, 12, 38, 18, 0, 0, 0]"
organized,"['AO', 'R', 'G', 'AH', 'N', 'AY', 'Z', 'D']","['or', 'gan', 'ized']",['organized'],0.2222222222222222,3.24e-05,"[4, 30, 21, 3, 27, 6, 38, 18]"
protected,"['P', 'R', 'AH', 'T', 'EH', 'K', 'T', 'AH', 'D']","['pro', 'tec', 'ted']",['protected'],0.2222222222222222,3.24e-05,"[29, 30, 3, 33, 7, 24, 33, 3]"
semi,"['S', 'EH', 'M', 'IY']",['semi'],"['se', 'mi']",0.25,3.24e-05,"[31, 7, 26, 11, 0, 0, 0, 0]"
detailed,"['D', 'IH', 'T', 'EY', 'L', 'D']","['de', 'tailed']","['det', 'ailed']",0.25,3.24e-05,"[18, 10, 33, 9, 25, 18, 0, 0]"
valuable,"['V', 'AE', 'L', 'Y', 'AH', 'B', 'AH', 'L']","['valu', 'able']","['val', 'uable']",0.25,3.24e-05,"[35, 2, 25, 37, 3, 16, 3, 25]"
recording,"['R', 'AH', 'K', 'AO', 'R', 'D', 'IH', 'NG']","['re', 'cord', 'ing']","['rec', 'ording']",0.3333333333333333,3.24e-05,"[30, 3, 24, 4, 30, 18, 10, 28]"
defeat,"['D', 'IH', 'F', 'IY', 'T']","['de', 'feat']","['def', 'eat']",0.3333333333333333,3.24e-05,"[18, 10, 20, 11, 33, 0, 0, 0]"
defence,"['D', 'IH', 'F', 'EH', 'N', 'S']","['de', 'fence']","['def', 'ence']",0.2857142857142857,3.24e-05,"[18, 10, 20, 7, 27, 31, 0, 0]"
musical,"['M', 'Y', 'UW', 'Z', 'IH', 'K', 'AH', 'L']","['mu', 'sic', 'al']","['mus', 'ical']",0.42857142857142855,3.24e-05,"[26, 37, 15, 38, 10, 24, 3, 25]"
nose,"['N', 'OW', 'Z']",['nose'],"['n', 'ose']",0.25,3.24e-05,"[27, 12, 38, 0, 0, 0, 0, 0]"
covers,"['K', 'AH', 'V', 'ER', 'Z']","['cov', 'ers']","['co', 'vers']",0.3333333333333333,3.24e-05,"[24, 3, 35, 8, 38, 0, 0, 0]"
clinical,"['K', 'L', 'IH', 'N', 'AH', 'K', 'AH', 'L']","['clin', 'ic', 'al']",['clinical'],0.25,3.24e-05,"[24, 25, 10, 27, 3, 24, 3, 25]"
exposed,"['IH', 'K', 'S', 'P', 'OW', 'Z', 'D']","['ex', 'posed']","['exp', 'osed']",0.2857142857142857,3.24e-05,"[10, 24, 31, 29, 12, 38, 18, 0]"
zealand,"['Z', 'IY', 'L', 'AH', 'N', 'D']","['zea', 'l', 'and']","['z', 'eal', 'and']",0.2857142857142857,3.16e-05,"[38, 11, 25, 3, 27, 18, 0, 0]"
memories,"['M', 'EH', 'M', 'ER', 'IY', 'Z']","['memor', 'ies']","['mem', 'ories']",0.25,3.16e-05,"[26, 7, 26, 8, 11, 38, 0, 0]"
sons,"['S', 'AH', 'N', 'Z']",['sons'],"['s', 'ons']",0.25,3.16e-05,"[31, 3, 27, 38, 0, 0, 0, 0]"
racing,"['R', 'EY', 'S', 'IH', 'NG']","['ra', 'cing']","['r', 'acing']",0.3333333333333333,3.16e-05,"[30, 9, 31, 10, 28, 0, 0, 0]"
recommended,"['R', 'EH', 'K', 'AH', 'M', 'EH', 'N', 'D', 'AH', 'D']","['re', 'com', 'men', 'ded']","['recomm', 'ended']",0.36363636363636365,3.16e-05,"[30, 7, 24, 3, 26, 7, 27, 18]"
functions,"['F', 'AH', 'NG', 'K', 'SH', 'AH', 'N', 'Z']","['func', 'tions']","['fun', 'ctions']",0.2222222222222222,3.16e-05,"[20, 3, 28, 24, 32, 3, 27, 38]"
equivalent,"['IH', 'K', 'W', 'IH', 'V', 'AH', 'L', 'AH', 'N', 'T']","['equi', 'val', 'ent']","['equ', 'ivalent']",0.3,3.16e-05,"[10, 24, 36, 10, 35, 3, 25, 3]"
stephen,"['S', 'T', 'IY', 'V', 'AH', 'N']","['steph', 'en']","['step', 'hen']",0.2857142857142857,3.16e-05,"[31, 33, 11, 35, 3, 27, 0, 0]"
champions,"['CH', 'AE', 'M', 'P', 'IY', 'AH', 'N', 'Z']","['cham', 'pi', 'ons']","['ch', 'ampions']",0.3333333333333333,3.16e-05,"[17, 2, 26, 29, 11, 3, 27, 38]"
tradition,"['T', 'R', 'AH', 'D', 'IH', 'SH', 'AH', 'N']","['tra', 'di', 'tion']","['tr', 'ad', 'ition']",0.4444444444444444,3.16e-05,"[33, 30, 3, 18, 10, 32, 3, 27]"
fingers,"['F', 'IH', 'NG', 'G', 'ER', 'Z']","['fin', 'gers']","['fing', 'ers']",0.2857142857142857,3.16e-05,"[20, 10, 28, 21, 8, 38, 0, 0]"
document,"['D', 'AA', 'K', 'Y', 'AH', 'M', 'EH', 'N', 'T']","['doc', 'u', 'ment']",['document'],0.25,3.16e-05,"[18, 1, 24, 37, 3, 26, 7, 27]"
stations,"['S', 'T', 'EY', 'SH', 'AH', 'N', 'Z']","['sta', 'tions']","['st', 'ations']",0.25,3.16e-05,"[31, 33, 9, 32, 3, 27, 38, 0]"
solutions,"['S', 'AH', 'L', 'UW', 'SH', 'AH', 'N', 'Z']","['solu', 'tions']","['s', 'olutions']",0.2222222222222222,3.16e-05,"[31, 3, 25, 15, 32, 3, 27, 38]"
republicans,"['R', 'IH', 'P', 'AH', 'B', 'L', 'IH', 'K', 'AH', 'N', 'Z']","['re', 'pub', 'lic', 'ans']","['rep', 'ublic', 'ans']",0.2727272727272727,3.16e-05,"[30, 10, 29, 3, 16, 25, 10, 24]"
contain,"['K', 'AH', 'N', 'T', 'EY', 'N']","['con', 'tain']","['cont', 'ain']",0.2857142857142857,3.16e-05,"[24, 3, 27, 33, 9, 27, 0, 0]"
approval,"['AH', 'P', 'R', 'UW', 'V', 'AH', 'L']","['ap', 'prov', 'al']","['appro', 'val']",0.375,3.16e-05,"[3, 29, 30, 15, 35, 3, 25, 0]"
mountains,"['M', 'AW', 'N', 'T', 'AH', 'N', 'Z']","['moun', 'tains']","['mount', 'ains']",0.2222222222222222,3.16e-05,"[26, 5, 27, 33, 3, 27, 38, 0]"
attempts,"['AH', 'T', 'EH', 'M', 'P', 'T', 'S']","['at', 'tempts']","['att', 'empt', 's']",0.375,3.16e-05,"[3, 33, 7, 26, 29, 33, 31, 0]"
eggs,"['EH', 'G', 'Z']",['eggs'],"['egg', 's']",0.25,3.16e-05,"[7, 21, 38, 0, 0, 0, 0, 0]"
dancing,"['D', 'AE', 'N', 'S', 'IH', 'NG']","['dan', 'cing']","['d', 'ancing']",0.2857142857142857,3.16e-05,"[18, 2, 27, 31, 10, 28, 0, 0]"
engineer,"['EH', 'N', 'JH', 'AH', 'N', 'IH', 'R']","['en', 'gin', 'eer']","['engine', 'er']",0.375,3.16e-05,"[7, 27, 23, 3, 27, 10, 30, 0]"
porn,"['P', 'AO', 'R', 'N']",['porn'],"['p', 'orn']",0.25,3.16e-05,"[29, 4, 30, 27, 0, 0, 0, 0]"
formation,"['F', 'AO', 'R', 'M', 'EY', 'SH', 'AH', 'N']","['form', 'a', 'tion']",['formation'],0.2222222222222222,3.09e-05,"[20, 4, 30, 26, 9, 32, 3, 27]"
dna,"['D', 'IY', 'EH', 'N', 'EY']",['dna'],"['d', 'na']",0.3333333333333333,3.09e-05,"[18, 11, 7, 27, 9, 0, 0, 0]"
historic,"['HH', 'IH', 'S', 'T', 'AO', 'R', 'IH', 'K']","['his', 'tor', 'ic']",['historic'],0.25,3.09e-05,"[22, 10, 31, 33, 4, 30, 10, 24]"
celebrate,"['S', 'EH', 'L', 'AH', 'B', 'R', 'EY', 'T']","['cel', 'eb', 'rate']","['cele', 'brate']",0.3333333333333333,3.09e-05,"[31, 7, 25, 3, 16, 30, 9, 33]"
riding,"['R', 'AY', 'D', 'IH', 'NG']","['rid', 'ing']","['r', 'iding']",0.3333333333333333,3.09e-05,"[30, 6, 18, 10, 28, 0, 0, 0]"
criticism,"['K', 'R', 'IH', 'T', 'IH', 'S', 'IH', 'Z', 'AH', 'M']","['cri', 'ti', 'cism']","['crit', 'icism']",0.3333333333333333,3.09e-05,"[24, 30, 10, 33, 10, 31, 10, 38]"
cabinet,"['K', 'AE', 'B', 'AH', 'N', 'AH', 'T']","['cab', 'in', 'et']","['c', 'abin', 'et']",0.2857142857142857,3.09e-05,"[24, 2, 16, 3, 27, 3, 33, 0]"
extensive,"['IH', 'K', 'S', 'T', 'EH', 'N', 'S', 'IH', 'V']","['ex', 'tens', 'ive']","['ext', 'ensive']",0.3333333333333333,3.09e-05,"[10, 24, 31, 33, 7, 27, 31, 10]"
junior,"['JH', 'UW', 'N', 'Y', 'ER']","['ju', 'ni', 'or']","['jun', 'ior']",0.5,3.09e-05,"[23, 15, 27, 37, 8, 0, 0, 0]"
settlement,"['S', 'EH', 'T', 'AH', 'L', 'M', 'AH', 'N', 'T']","['set', 'tle', 'ment']","['sett', 'lement']",0.3,3.09e-05,"[31, 7, 33, 3, 25, 26, 3, 27]"
philosophy,"['F', 'AH', 'L', 'AA', 'S', 'AH', 'F', 'IY']","['philo', 'sophy']","['phil', 'os', 'ophy']",0.3,3.09e-05,"[20, 3, 25, 1, 31, 3, 20, 11]"
davis,"['D', 'EY', 'V', 'AH', 'S']","['dav', 'is']","['d', 'avis']",0.4,3.09e-05,"[18, 9, 35, 3, 31, 0, 0, 0]"
wanting,"['W', 'AA', 'N', 'T', 'IH', 'NG']","['want', 'ing']","['w', 'anting']",0.2857142857142857,3.09e-05,"[36, 1, 27, 33, 10, 28, 0, 0]"
appointment,"['AH', 'P', 'OY', 'N', 'T', 'M', 'AH', 'N', 'T']","['ap', 'point', 'ment']","['app', 'ointment']",0.2727272727272727,3.09e-05,"[3, 29, 13, 27, 33, 26, 3, 27]"
chocolate,"['CH', 'AO', 'K', 'L', 'AH', 'T']","['chocol', 'ate']","['ch', 'ocolate']",0.2222222222222222,3.09e-05,"[17, 4, 24, 25, 3, 33, 0, 0]"
olympic,"['OW', 'L', 'IH', 'M', 'P', 'IH', 'K']",['olympic'],"['oly', 'mp', 'ic']",0.2857142857142857,3.09e-05,"[12, 25, 10, 26, 29, 10, 24, 0]"
universal,"['Y', 'UW', 'N', 'AH', 'V', 'ER', 'S', 'AH', 'L']","['uni', 'ver', 'sal']",['universal'],0.2222222222222222,3.09e-05,"[37, 15, 27, 3, 35, 8, 31, 3]"
suggests,"['S', 'AH', 'G', 'JH', 'EH', 'S', 'T', 'S']","['sug', 'gests']","['suggest', 's']",0.25,3.09e-05,"[31, 3, 21, 23, 7, 31, 33, 31]"
kong,"['K', 'AO', 'NG']",['kong'],"['k', 'ong']",0.25,3.09e-05,"[24, 4, 28, 0, 0, 0, 0, 0]"
vast,"['V', 'AE', 'S', 'T']",['vast'],"['v', 'ast']",0.25,3.09e-05,"[35, 2, 31, 33, 0, 0, 0, 0]"
contemporary,"['K', 'AH', 'N', 'T', 'EH', 'M', 'P', 'ER', 'EH', 'R', 'IY']","['con', 'tem', 'por', 'ary']","['cont', 'emporary']",0.3333333333333333,3.09e-05,"[24, 3, 27, 33, 7, 26, 29, 8]"
speaker,"['S', 'P', 'IY', 'K', 'ER']","['speak', 'er']","['spe', 'aker']",0.2857142857142857,3.09e-05,"[31, 29, 11, 24, 8, 0, 0, 0]"
initially,"['IH', 'N', 'IH', 'SH', 'AH', 'L', 'IY']","['ini', 'tially']","['init', 'ially']",0.2222222222222222,3.09e-05,"[10, 27, 10, 32, 3, 25, 11, 0]"
sessions,"['S', 'EH', 'SH', 'AH', 'N', 'Z']","['ses', 'sions']","['s', 'essions']",0.25,3.02e-05,"[31, 7, 32, 3, 27, 38, 0, 0]"
practical,"['P', 'R', 'AE', 'K', 'T', 'AH', 'K', 'AH', 'L']","['prac', 'tic', 'al']","['pract', 'ical']",0.3333333333333333,3.02e-05,"[29, 30, 2, 24, 33, 3, 24, 3]"
regardless,"['R', 'AH', 'G', 'AA', 'R', 'D', 'L', 'AH', 'S']","['re', 'gard', 'less']","['reg', 'ardless']",0.3,3.02e-05,"[30, 3, 21, 1, 30, 18, 25, 3]"
earn,"['ER', 'N']",['earn'],"['ear', 'n']",0.25,3.02e-05,"[8, 27, 0, 0, 0, 0, 0, 0]"
primarily,"['P', 'R', 'AY', 'M', 'EH', 'R', 'AH', 'L', 'IY']","['primar', 'ily']","['prim', 'arily']",0.2222222222222222,3.02e-05,"[29, 30, 6, 26, 7, 30, 3, 25]"
lewis,"['L', 'UW', 'IH', 'S']",['lewis'],"['le', 'w', 'is']",0.4,3.02e-05,"[25, 15, 10, 31, 0, 0, 0, 0]"
consistent,"['K', 'AH', 'N', 'S', 'IH', 'S', 'T', 'AH', 'N', 'T']","['con', 'sist', 'ent']","['cons', 'istent']",0.3,3.02e-05,"[24, 3, 27, 31, 10, 31, 33, 3]"
offices,"['AO', 'F', 'AH', 'S', 'AH', 'Z']","['of', 'fices']","['off', 'ices']",0.2857142857142857,3.02e-05,"[4, 20, 3, 31, 3, 38, 0, 0]"
necessarily,"['N', 'EH', 'S', 'AH', 'S', 'EH', 'R', 'AH', 'L', 'IY']","['ne', 'ces', 'sar', 'ily']","['necess', 'arily']",0.36363636363636365,3.02e-05,"[27, 7, 31, 3, 31, 7, 30, 3]"
symptoms,"['S', 'IH', 'M', 'P', 'T', 'AH', 'M', 'Z']","['symp', 'toms']","['sym', 'ptoms']",0.25,3.02e-05,"[31, 10, 26, 29, 33, 3, 26, 38]"
relative,"['R', 'EH', 'L', 'AH', 'T', 'IH', 'V']","['re', 'l', 'at', 'ive']",['relative'],0.375,3.02e-05,"[30, 7, 25, 3, 33, 10, 35, 0]"
naturally,"['N', 'AE', 'CH', 'ER', 'AH', 'L', 'IY']","['nat', 'ur', 'ally']","['n', 'aturally']",0.3333333333333333,3.02e-05,"[27, 2, 17, 8, 3, 25, 11, 0]"
latin,"['L', 'AE', 'T', 'AH', 'N']","['lat', 'in']","['l', 'atin']",0.4,3.02e-05,"[25, 2, 33, 3, 27, 0, 0, 0]"
simon,"['S', 'AY', 'M', 'AH', 'N']","['si', 'mon']","['sim', 'on']",0.4,3.02e-05,"[31, 6, 26, 3, 27, 0, 0, 0]"
continuing,"['K', 'AH', 'N', 'T', 'IH', 'N', 'Y', 'UW', 'IH', 'NG']","['con', 'tinu', 'ing']","['contin', 'uing']",0.3,3.02e-05,"[24, 3, 27, 33, 10, 27, 37, 15]"
meanwhile,"['M', 'IY', 'N', 'W', 'AY', 'L']","['mean', 'while']","['me', 'anwhile']",0.2222222222222222,3.02e-05,"[26, 11, 27, 36, 6, 25, 0, 0]"
guitar,"['G', 'IH', 'T', 'AA', 'R']","['gui', 'tar']","['g', 'uit', 'ar']",0.5,3.02e-05,"[21, 10, 33, 1, 30, 0, 0, 0]"
supplies,"['S', 'AH', 'P', 'L', 'AY', 'Z']","['sup', 'plies']","['supp', 'lies']",0.25,3.02e-05,"[31, 3, 29, 25, 6, 38, 0, 0]"
chamber,"['CH', 'EY', 'M', 'B', 'ER']","['cham', 'ber']","['ch', 'amber']",0.2857142857142857,2.95e-05,"[17, 9, 26, 16, 8, 0, 0, 0]"
membership,"['M', 'EH', 'M', 'B', 'ER', 'SH', 'IH', 'P']","['mem', 'ber', 'ship']","['members', 'hip']",0.3,2.95e-05,"[26, 7, 26, 16, 8, 32, 10, 29]"
defend,"['D', 'IH', 'F', 'EH', 'N', 'D']","['de', 'fend']","['def', 'end']",0.3333333333333333,2.95e-05,"[18, 10, 20, 7, 27, 18, 0, 0]"
attended,"['AH', 'T', 'EH', 'N', 'D', 'AH', 'D']","['at', 'ten', 'ded']","['att', 'ended']",0.375,2.95e-05,"[3, 33, 7, 27, 18, 3, 18, 0]"
occur,"['AH', 'K', 'ER']","['oc', 'cur']","['occ', 'ur']",0.4,2.95e-05,"[3, 24, 8, 0, 0, 0, 0, 0]"
extent,"['IH', 'K', 'S', 'T', 'EH', 'N', 'T']","['ex', 'tent']","['ext', 'ent']",0.3333333333333333,2.95e-05,"[10, 24, 31, 33, 7, 27, 33, 0]"
technique,"['T', 'EH', 'K', 'N', 'IY', 'K']","['tech', 'nique']","['techn', 'ique']",0.2222222222222222,2.95e-05,"[33, 7, 24, 27, 11, 24, 0, 0]"
elizabeth,"['IH', 'L', 'IH', 'Z', 'AH', 'B', 'AH', 'TH']","['eliza', 'beth']","['el', 'izabeth']",0.2222222222222222,2.95e-05,"[10, 25, 10, 38, 3, 16, 3, 34]"
ltd,"['L', 'IH', 'M', 'IH', 'T', 'IH', 'D']",['ltd'],"['lt', 'd']",0.3333333333333333,2.95e-05,"[25, 10, 26, 10, 33, 10, 18, 0]"
divided,"['D', 'IH', 'V', 'AY', 'D', 'AH', 'D']","['di', 'vided']","['div', 'ided']",0.2857142857142857,2.95e-05,"[18, 10, 35, 6, 18, 3, 18, 0]"
complicated,"['K', 'AA', 'M', 'P', 'L', 'AH', 'K', 'EY', 'T', 'AH', 'D']","['com', 'plic', 'ated']","['compl', 'icated']",0.2727272727272727,2.95e-05,"[24, 1, 26, 29, 25, 3, 24, 9]"
recognition,"['R', 'EH', 'K', 'AH', 'G', 'N', 'IH', 'SH', 'AH', 'N']","['re', 'cog', 'ni', 'tion']","['recogn', 'ition']",0.36363636363636365,2.95e-05,"[30, 7, 24, 3, 21, 27, 10, 32]"
clothing,"['K', 'L', 'OW', 'DH', 'IH', 'NG']","['cloth', 'ing']","['cl', 'othing']",0.25,2.95e-05,"[24, 25, 12, 19, 10, 28, 0, 0]"
impressive,"['IH', 'M', 'P', 'R', 'EH', 'S', 'IH', 'V']","['im', 'press', 'ive']","['imp', 'ressive']",0.3,2.95e-05,"[10, 26, 29, 30, 7, 31, 10, 35]"
circuit,"['S', 'ER', 'K', 'AH', 'T']","['cir', 'cuit']","['circ', 'uit']",0.2857142857142857,2.95e-05,"[31, 8, 24, 3, 33, 0, 0, 0]"
reputation,"['R', 'EH', 'P', 'Y', 'AH', 'T', 'EY', 'SH', 'AH', 'N']","['repu', 'ta', 'tion']","['re', 'put', 'ation']",0.4,2.95e-05,"[30, 7, 29, 37, 3, 33, 9, 32]"
lesson,"['L', 'EH', 'S', 'AH', 'N']","['les', 'son']","['less', 'on']",0.3333333333333333,2.95e-05,"[25, 7, 31, 3, 27, 0, 0, 0]"
tied,"['T', 'AY', 'D']",['tied'],"['t', 'ied']",0.25,2.95e-05,"[33, 6, 18, 0, 0, 0, 0, 0]"
brian,"['B', 'R', 'AY', 'AH', 'N']","['bri', 'an']","['b', 'rian']",0.4,2.95e-05,"[16, 30, 6, 3, 27, 0, 0, 0]"
fishing,"['F', 'IH', 'SH', 'IH', 'NG']","['fish', 'ing']","['f', 'ishing']",0.2857142857142857,2.95e-05,"[20, 10, 32, 10, 28, 0, 0, 0]"
jews,"['JH', 'UW', 'Z']",['jews'],"['j', 'ews']",0.25,2.95e-05,"[23, 15, 38, 0, 0, 0, 0, 0]"
purchased,"['P', 'ER', 'CH', 'AH', 'S', 'T']","['pur', 'chased']","['p', 'urch', 'ased']",0.3333333333333333,2.95e-05,"[29, 8, 17, 3, 31, 33, 0, 0]"
immigration,"['IH', 'M', 'AH', 'G', 'R', 'EY', 'SH', 'AH', 'N']","['im', 'mig', 'ra', 'tion']",['immigration'],0.2727272727272727,2.95e-05,"[10, 26, 3, 21, 30, 9, 32, 3]"
confused,"['K', 'AH', 'N', 'F', 'Y', 'UW', 'Z', 'D']","['con', 'fused']","['conf', 'used']",0.25,2.95e-05,"[24, 3, 27, 20, 37, 15, 38, 18]"
extension,"['IH', 'K', 'S', 'T', 'EH', 'N', 'SH', 'AH', 'N']","['ex', 'ten', 'sion']","['ext', 'ension']",0.3333333333333333,2.88e-05,"[10, 24, 31, 33, 7, 27, 32, 3]"
processes,"['P', 'R', 'AA', 'S', 'EH', 'S', 'AH', 'Z']","['pro', 'cesses']","['process', 'es']",0.2222222222222222,2.88e-05,"[29, 30, 1, 31, 7, 31, 3, 38]"
superior,"['S', 'UW', 'P', 'IH', 'R', 'IY', 'ER']","['su', 'per', 'i', 'or']","['super', 'ior']",0.25,2.88e-05,"[31, 15, 29, 10, 30, 11, 8, 0]"
machines,"['M', 'AH', 'SH', 'IY', 'N', 'Z']","['ma', 'chines']","['m', 'ach', 'ines']",0.375,2.88e-05,"[26, 3, 32, 11, 27, 38, 0, 0]"
accused,"['AH', 'K', 'Y', 'UW', 'Z', 'D']","['ac', 'cused']","['acc', 'used']",0.2857142857142857,2.88e-05,"[3, 24, 37, 15, 38, 18, 0, 0]"
increases,"['IH', 'N', 'K', 'R', 'IY', 'S', 'AH', 'Z']","['in', 'creases']","['incre', 'ases']",0.2222222222222222,2.88e-05,"[10, 27, 24, 30, 11, 31, 3, 38]"
violent,"['V', 'AY', 'AH', 'L', 'AH', 'N', 'T']","['vi', 'ol', 'ent']",['violent'],0.2857142857142857,2.88e-05,"[35, 6, 3, 25, 3, 27, 33, 0]"
infrastructure,"['IH', 'N', 'F', 'R', 'AH', 'S', 'T', 'R', 'AH', 'K', 'CH', 'ER']","['in', 'fra', 'struc', 'ture']","['inf', 'rastructure']",0.2857142857142857,2.88e-05,"[10, 27, 20, 30, 3, 31, 33, 30]"
assessment,"['AH', 'S', 'EH', 'S', 'M', 'AH', 'N', 'T']","['as', 'sess', 'ment']","['ass', 'essment']",0.3,2.88e-05,"[3, 31, 7, 31, 26, 3, 27, 33]"
contrast,"['K', 'AA', 'N', 'T', 'R', 'AE', 'S', 'T']","['con', 'trast']","['cont', 'rast']",0.25,2.88e-05,"[24, 1, 27, 33, 30, 2, 31, 33]"
georgia,"['JH', 'AO', 'R', 'JH', 'AH']","['geor', 'gia']","['ge', 'org', 'ia']",0.42857142857142855,2.88e-05,"[23, 4, 30, 23, 3, 0, 0, 0]"
sensitive,"['S', 'EH', 'N', 'S', 'AH', 'T', 'IH', 'V']","['sens', 'it', 'ive']",['sensitive'],0.2222222222222222,2.88e-05,"[31, 7, 27, 31, 3, 33, 10, 35]"
soldier,"['S', 'OW', 'L', 'JH', 'ER']","['sol', 'dier']","['sold', 'ier']",0.2857142857142857,2.88e-05,"[31, 12, 25, 23, 8, 0, 0, 0]"
argue,"['AA', 'R', 'G', 'Y', 'UW']","['ar', 'gue']","['arg', 'ue']",0.4,2.88e-05,"[1, 30, 21, 37, 15, 0, 0, 0]"
offensive,"['AH', 'F', 'EH', 'N', 'S', 'IH', 'V']","['of', 'fens', 'ive']",['offensive'],0.2222222222222222,2.88e-05,"[3, 20, 7, 27, 31, 10, 35, 0]"
closing,"['K', 'L', 'OW', 'Z', 'IH', 'NG']","['clos', 'ing']","['cl', 'osing']",0.2857142857142857,2.88e-05,"[24, 25, 12, 38, 10, 28, 0, 0]"
qualified,"['K', 'W', 'AA', 'L', 'AH', 'F', 'AY', 'D']","['qual', 'i', 'fied']",['qualified'],0.2222222222222222,2.88e-05,"[24, 36, 1, 25, 3, 20, 6, 18]"
drew,"['D', 'R', 'UW']",['drew'],"['d', 'rew']",0.25,2.88e-05,"[18, 30, 15, 0, 0, 0, 0, 0]"
pointed,"['P', 'OY', 'N', 'T', 'AH', 'D']","['poin', 'ted']","['point', 'ed']",0.2857142857142857,2.88e-05,"[29, 13, 27, 33, 3, 18, 0, 0]"
supporters,"['S', 'AH', 'P', 'AO', 'R', 'T', 'ER', 'Z']","['sup', 'port', 'ers']","['supp', 'orters']",0.3,2.88e-05,"[31, 3, 29, 4, 30, 33, 8, 38]"
establish,"['IH', 'S', 'T', 'AE', 'B', 'L', 'IH', 'SH']","['es', 'tab', 'lish']",['establish'],0.2222222222222222,2.88e-05,"[10, 31, 33, 2, 16, 25, 10, 32]"
silence,"['S', 'AY', 'L', 'AH', 'N', 'S']","['si', 'lence']","['sil', 'ence']",0.2857142857142857,2.88e-05,"[31, 6, 25, 3, 27, 31, 0, 0]"
belief,"['B', 'IH', 'L', 'IY', 'F']","['be', 'lief']","['bel', 'ief']",0.3333333333333333,2.88e-05,"[16, 10, 25, 11, 20, 0, 0, 0]"
jeff,"['JH', 'EH', 'F']",['jeff'],"['j', 'eff']",0.25,2.82e-05,"[23, 7, 20, 0, 0, 0, 0, 0]"
featuring,"['F', 'IY', 'CH', 'ER', 'IH', 'NG']","['fea', 'tur', 'ing']","['feat', 'uring']",0.3333333333333333,2.82e-05,"[20, 11, 17, 8, 10, 28, 0, 0]"
compare,"['K', 'AH', 'M', 'P', 'EH', 'R']","['com', 'pare']","['comp', 'are']",0.2857142857142857,2.82e-05,"[24, 3, 26, 29, 7, 30, 0, 0]"
clients,"['K', 'L', 'AY', 'AH', 'N', 'T', 'S']","['cli', 'ents']","['cl', 'ients']",0.2857142857142857,2.82e-05,"[24, 25, 6, 3, 27, 33, 31, 0]"
silent,"['S', 'AY', 'L', 'AH', 'N', 'T']","['si', 'lent']","['sil', 'ent']",0.3333333333333333,2.82e-05,"[31, 6, 25, 3, 27, 33, 0, 0]"
luke,"['L', 'UW', 'K']",['luke'],"['lu', 'ke']",0.25,2.82e-05,"[25, 15, 24, 0, 0, 0, 0, 0]"
photography,"['F', 'AH', 'T', 'AA', 'G', 'R', 'AH', 'F', 'IY']","['pho', 'to', 'graphy']","['phot', 'ography']",0.2727272727272727,2.82e-05,"[20, 3, 33, 1, 21, 30, 3, 20]"
mystery,"['M', 'IH', 'S', 'T', 'ER', 'IY']","['mys', 'tery']","['my', 'stery']",0.2857142857142857,2.82e-05,"[26, 10, 31, 33, 8, 11, 0, 0]"
anxiety,"['AE', 'NG', 'Z', 'AY', 'AH', 'T', 'IY']","['anxi', 'ety']","['an', 'xiety']",0.2857142857142857,2.82e-05,"[2, 28, 38, 6, 3, 33, 11, 0]"
duke,"['D', 'UW', 'K']",['duke'],"['du', 'ke']",0.25,2.82e-05,"[18, 15, 24, 0, 0, 0, 0, 0]"
discovery,"['D', 'IH', 'S', 'K', 'AH', 'V', 'ER', 'IY']","['dis', 'cov', 'ery']","['d', 'iscovery']",0.3333333333333333,2.82e-05,"[18, 10, 31, 24, 3, 35, 8, 11]"
charity,"['CH', 'EH', 'R', 'IH', 'T', 'IY']","['char', 'ity']","['ch', 'arity']",0.2857142857142857,2.82e-05,"[17, 7, 30, 10, 33, 11, 0, 0]"
olympics,"['OW', 'L', 'IH', 'M', 'P', 'IH', 'K', 'S']",['olympics'],"['oly', 'mp', 'ics']",0.25,2.82e-05,"[12, 25, 10, 26, 29, 10, 24, 31]"
suffer,"['S', 'AH', 'F', 'ER']","['suf', 'fer']","['s', 'uffer']",0.3333333333333333,2.82e-05,"[31, 3, 20, 8, 0, 0, 0, 0]"
formula,"['F', 'AO', 'R', 'M', 'Y', 'AH', 'L', 'AH']","['for', 'mula']","['form', 'ula']",0.2857142857142857,2.82e-05,"[20, 4, 30, 26, 37, 3, 25, 3]"
encourage,"['EH', 'N', 'K', 'ER', 'IH', 'JH']","['en', 'cour', 'age']","['enc', 'ourage']",0.3333333333333333,2.82e-05,"[7, 27, 24, 8, 10, 23, 0, 0]"
administrative,"['AH', 'D', 'M', 'IH', 'N', 'AH', 'S', 'T', 'R', 'EY', 'T', 'IH', 'V']","['ad', 'min', 'is', 'trat', 'ive']","['administ', 'rative']",0.35714285714285715,2.82e-05,"[3, 18, 26, 10, 27, 3, 31, 33]"
bonus,"['B', 'OW', 'N', 'AH', 'S']","['bo', 'nus']","['bon', 'us']",0.4,2.82e-05,"[16, 12, 27, 3, 31, 0, 0, 0]"
curious,"['K', 'Y', 'UH', 'R', 'IY', 'AH', 'S']","['curi', 'ous']","['c', 'urious']",0.2857142857142857,2.82e-05,"[24, 37, 14, 30, 11, 3, 31, 0]"
babies,"['B', 'EY', 'B', 'IY', 'Z']","['ba', 'bies']","['b', 'abies']",0.3333333333333333,2.82e-05,"[16, 9, 16, 11, 38, 0, 0, 0]"
mistakes,"['M', 'IH', 'S', 'T', 'EY', 'K', 'S']","['mis', 'takes']","['mist', 'akes']",0.25,2.82e-05,"[26, 10, 31, 33, 9, 24, 31, 0]"
discussed,"['D', 'IH', 'S', 'K', 'AH', 'S', 'T']","['dis', 'cussed']","['disc', 'ussed']",0.2222222222222222,2.82e-05,"[18, 10, 31, 24, 3, 31, 33, 0]"
producing,"['P', 'R', 'AH', 'D', 'UW', 'S', 'IH', 'NG']","['pro', 'du', 'cing']",['producing'],0.2222222222222222,2.82e-05,"[29, 30, 3, 18, 15, 31, 10, 28]"
innocent,"['IH', 'N', 'AH', 'S', 'AH', 'N', 'T']","['in', 'no', 'cent']","['inn', 'ocent']",0.375,2.82e-05,"[10, 27, 3, 31, 3, 27, 33, 0]"
legend,"['L', 'EH', 'JH', 'AH', 'N', 'D']","['le', 'gend']","['leg', 'end']",0.3333333333333333,2.75e-05,"[25, 7, 23, 3, 27, 18, 0, 0]"
happiness,"['HH', 'AE', 'P', 'IY', 'N', 'AH', 'S']","['hap', 'pi', 'ness']","['h', 'appiness']",0.3333333333333333,2.75e-05,"[22, 2, 29, 11, 27, 3, 31, 0]"
retired,"['R', 'IH', 'T', 'AY', 'R', 'D']","['re', 'tired']","['ret', 'ired']",0.2857142857142857,2.75e-05,"[30, 10, 33, 6, 30, 18, 0, 0]"
tape,"['T', 'EY', 'P']",['tape'],"['t', 'ape']",0.25,2.75e-05,"[33, 9, 29, 0, 0, 0, 0, 0]"
captured,"['K', 'AE', 'P', 'CH', 'ER', 'D']","['cap', 'tured']","['capt', 'ured']",0.25,2.75e-05,"[24, 2, 29, 17, 8, 18, 0, 0]"
passion,"['P', 'AE', 'SH', 'AH', 'N']","['pas', 'sion']","['pass', 'ion']",0.2857142857142857,2.75e-05,"[29, 2, 32, 3, 27, 0, 0, 0]"
mood,"['M', 'UW', 'D']",['mood'],"['m', 'ood']",0.25,2.75e-05,"[26, 15, 18, 0, 0, 0, 0, 0]"
featured,"['F', 'IY', 'CH', 'ER', 'D']","['fea', 'tured']","['f', 'eatured']",0.25,2.75e-05,"[20, 11, 17, 8, 18, 0, 0, 0]"
components,"['K', 'AH', 'M', 'P', 'OW', 'N', 'AH', 'N', 'T', 'S']","['com', 'pon', 'ents']","['comp', 'onents']",0.3,2.75e-05,"[24, 3, 26, 29, 12, 27, 3, 27]"
guarantee,"['G', 'EH', 'R', 'AH', 'N', 'T', 'IY']","['guar', 'an', 'tee']","['gu', 'arant', 'ee']",0.4444444444444444,2.75e-05,"[21, 7, 30, 3, 27, 33, 11, 0]"
jimmy,"['JH', 'IH', 'M', 'IY']",['jimmy'],"['j', 'im', 'my']",0.4,2.75e-05,"[23, 10, 26, 11, 0, 0, 0, 0]"
pushing,"['P', 'UH', 'SH', 'IH', 'NG']","['push', 'ing']","['p', 'ushing']",0.2857142857142857,2.75e-05,"[29, 14, 32, 10, 28, 0, 0, 0]"
dave,"['D', 'EY', 'V']",['dave'],"['d', 'ave']",0.25,2.75e-05,"[18, 9, 35, 0, 0, 0, 0, 0]"
victoria,"['V', 'IH', 'K', 'T', 'AO', 'R', 'IY', 'AH']","['vic', 'tor', 'ia']","['vict', 'oria']",0.375,2.75e-05,"[35, 10, 24, 33, 4, 30, 11, 3]"
replacement,"['R', 'IH', 'P', 'L', 'EY', 'S', 'M', 'AH', 'N', 'T']","['re', 'place', 'ment']","['repl', 'acement']",0.2727272727272727,2.75e-05,"[30, 10, 29, 25, 9, 31, 26, 3]"
muslims,"['M', 'AH', 'Z', 'L', 'AH', 'M', 'Z']",['muslims'],"['mus', 'lim', 's']",0.2857142857142857,2.75e-05,"[26, 3, 38, 25, 3, 26, 38, 0]"
romantic,"['R', 'OW', 'M', 'AE', 'N', 'T', 'IH', 'K']","['ro', 'mantic']","['rom', 'antic']",0.25,2.69e-05,"[30, 12, 26, 2, 27, 33, 10, 24]"
swimming,"['S', 'W', 'IH', 'M', 'IH', 'NG']","['swim', 'ming']","['sw', 'imming']",0.25,2.69e-05,"[31, 36, 10, 26, 10, 28, 0, 0]"
believes,"['B', 'IH', 'L', 'IY', 'V', 'Z']","['be', 'lieves']","['bel', 'ieves']",0.25,2.69e-05,"[16, 10, 25, 11, 35, 38, 0, 0]"
charlie,"['CH', 'AA', 'R', 'L', 'IY']",['charlie'],"['ch', 'arl', 'ie']",0.2857142857142857,2.69e-05,"[17, 1, 30, 25, 11, 0, 0, 0]"
liverpool,"['L', 'IH', 'V', 'ER', 'P', 'UW', 'L']","['liv', 'er', 'pool']","['l', 'iverpool']",0.3333333333333333,2.69e-05,"[25, 10, 35, 8, 29, 15, 25, 0]"
strategic,"['S', 'T', 'R', 'AH', 'T', 'IY', 'JH', 'IH', 'K']","['stra', 'tegic']","['str', 'ategic']",0.2222222222222222,2.69e-05,"[31, 33, 30, 3, 33, 11, 23, 10]"
iraq,"['IH', 'R', 'AA', 'K']","['ir', 'aq']","['ira', 'q']",0.5,2.69e-05,"[10, 30, 1, 24, 0, 0, 0, 0]"
episodes,"['EH', 'P', 'AH', 'S', 'OW', 'D', 'Z']","['epis', 'odes']","['ep', 'isodes']",0.25,2.69e-05,"[7, 29, 3, 31, 12, 18, 38, 0]"
rear,"['R', 'IH', 'R']",['rear'],"['re', 'ar']",0.25,2.69e-05,"[30, 10, 30, 0, 0, 0, 0, 0]"
sisters,"['S', 'IH', 'S', 'T', 'ER', 'Z']","['sis', 'ters']","['s', 'isters']",0.2857142857142857,2.69e-05,"[31, 10, 31, 33, 8, 38, 0, 0]"
reveal,"['R', 'IH', 'V', 'IY', 'L']","['re', 'veal']","['reve', 'al']",0.3333333333333333,2.69e-05,"[30, 10, 35, 11, 25, 0, 0, 0]"
gym,"['JH', 'IH', 'M']",['gym'],"['gy', 'm']",0.3333333333333333,2.69e-05,"[23, 10, 26, 0, 0, 0, 0, 0]"
electricity,"['IH', 'L', 'EH', 'K', 'T', 'R', 'IH', 'S', 'AH', 'T', 'IY']","['elec', 'tri', 'city']","['electric', 'ity']",0.2727272727272727,2.69e-05,"[10, 25, 7, 24, 33, 30, 10, 31]"
desk,"['D', 'EH', 'S', 'K']",['desk'],"['des', 'k']",0.25,2.69e-05,"[18, 7, 31, 24, 0, 0, 0, 0]"
welfare,"['W', 'EH', 'L', 'F', 'EH', 'R']","['wel', 'fare']","['w', 'elfare']",0.2857142857142857,2.69e-05,"[36, 7, 25, 20, 7, 30, 0, 0]"
confident,"['K', 'AA', 'N', 'F', 'AH', 'D', 'AH', 'N', 'T']","['con', 'fid', 'ent']","['conf', 'ident']",0.3333333333333333,2.69e-05,"[24, 1, 27, 20, 3, 18, 3, 27]"
naked,"['N', 'EY', 'K', 'AH', 'D']","['na', 'ked']","['n', 'aked']",0.4,2.69e-05,"[27, 9, 24, 3, 18, 0, 0, 0]"
persons,"['P', 'ER', 'S', 'AH', 'N', 'Z']","['per', 'sons']","['pers', 'ons']",0.2857142857142857,2.69e-05,"[29, 8, 31, 3, 27, 38, 0, 0]"
stomach,"['S', 'T', 'AH', 'M', 'AH', 'K']","['stom', 'ach']","['st', 'omach']",0.2857142857142857,2.63e-05,"[31, 33, 3, 26, 3, 24, 0, 0]"
moscow,"['M', 'AA', 'S', 'K', 'OW']","['mo', 'scow']","['mos', 'cow']",0.3333333333333333,2.63e-05,"[26, 1, 31, 24, 12, 0, 0, 0]"
essentially,"['IH', 'S', 'EH', 'N', 'SH', 'AH', 'L', 'IY']","['es', 'sen', 'tially']","['ess', 'entially']",0.2727272727272727,2.63e-05,"[10, 31, 7, 27, 32, 3, 25, 11]"
ugly,"['AH', 'G', 'L', 'IY']",['ugly'],"['ug', 'ly']",0.25,2.63e-05,"[3, 21, 25, 11, 0, 0, 0, 0]"
ordinary,"['AO', 'R', 'D', 'AH', 'N', 'EH', 'R', 'IY']","['or', 'din', 'ary']",['ordinary'],0.25,2.63e-05,"[4, 30, 18, 3, 27, 7, 30, 11]"
centers,"['S', 'EH', 'N', 'T', 'ER', 'Z']","['cen', 'ters']","['cent', 'ers']",0.2857142857142857,2.63e-05,"[31, 7, 27, 33, 8, 38, 0, 0]"
establishment,"['IH', 'S', 'T', 'AE', 'B', 'L', 'IH', 'SH', 'M', 'AH', 'N', 'T']","['es', 'tab', 'lish', 'ment']",['establishment'],0.23076923076923078,2.63e-05,"[10, 31, 33, 2, 16, 25, 10, 32]"
languages,"['L', 'AE', 'NG', 'G', 'W', 'AH', 'JH', 'AH', 'Z']","['lan', 'guages']","['l', 'anguages']",0.2222222222222222,2.63e-05,"[25, 2, 28, 21, 36, 3, 23, 3]"
assist,"['AH', 'S', 'IH', 'S', 'T']","['as', 'sist']","['ass', 'ist']",0.3333333333333333,2.63e-05,"[3, 31, 10, 31, 33, 0, 0, 0]"
soil,"['S', 'OY', 'L']",['soil'],"['so', 'il']",0.25,2.63e-05,"[31, 13, 25, 0, 0, 0, 0, 0]"
nervous,"['N', 'ER', 'V', 'AH', 'S']",['nervous'],"['n', 'erv', 'ous']",0.2857142857142857,2.63e-05,"[27, 8, 35, 3, 31, 0, 0, 0]"
sexy,"['S', 'EH', 'K', 'S', 'IY']",['sexy'],"['se', 'xy']",0.25,2.63e-05,"[31, 7, 24, 31, 11, 0, 0, 0]"
studying,"['S', 'T', 'AH', 'D', 'IY', 'IH', 'NG']","['study', 'ing']","['stud', 'ying']",0.25,2.63e-05,"[31, 33, 3, 18, 11, 10, 28, 0]"
prayer,"['P', 'R', 'EH', 'R']","['pray', 'er']","['pr', 'ayer']",0.3333333333333333,2.63e-05,"[29, 30, 7, 30, 0, 0, 0, 0]"
electrical,"['IH', 'L', 'EH', 'K', 'T', 'R', 'IH', 'K', 'AH', 'L']","['elec', 'tric', 'al']","['elect', 'rical']",0.3,2.63e-05,"[10, 25, 7, 24, 33, 30, 10, 24]"
ceremony,"['S', 'EH', 'R', 'AH', 'M', 'OW', 'N', 'IY']","['ce', 're', 'mony']","['ce', 'rem', 'ony']",0.25,2.63e-05,"[31, 7, 30, 3, 26, 12, 27, 11]"
efficient,"['IH', 'F', 'IH', 'SH', 'AH', 'N', 'T']","['ef', 'fi', 'cient']",['efficient'],0.2222222222222222,2.63e-05,"[10, 20, 10, 32, 3, 27, 33, 0]"
capture,"['K', 'AE', 'P', 'CH', 'ER']","['cap', 'ture']","['capt', 'ure']",0.2857142857142857,2.63e-05,"[24, 2, 29, 17, 8, 0, 0, 0]"
industries,"['IH', 'N', 'D', 'AH', 'S', 'T', 'R', 'IY', 'Z']","['in', 'dus', 'tries']","['indust', 'ries']",0.3,2.63e-05,"[10, 27, 18, 3, 31, 33, 30, 11]"
jane,"['JH', 'EY', 'N']",['jane'],"['j', 'ane']",0.25,2.63e-05,"[23, 9, 27, 0, 0, 0, 0, 0]"
diamond,"['D', 'AY', 'M', 'AH', 'N', 'D']","['dia', 'mond']","['d', 'iamond']",0.2857142857142857,2.63e-05,"[18, 6, 26, 3, 27, 18, 0, 0]"
hunting,"['HH', 'AH', 'N', 'T', 'IH', 'NG']","['hunt', 'ing']","['hun', 'ting']",0.2857142857142857,2.63e-05,"[22, 3, 27, 33, 10, 28, 0, 0]"
attempted,"['AH', 'T', 'EH', 'M', 'P', 'T', 'AH', 'D']","['at', 'temp', 'ted']","['att', 'empt', 'ed']",0.4444444444444444,2.63e-05,"[3, 33, 7, 26, 29, 33, 3, 18]"
houston,"['HH', 'Y', 'UW', 'S', 'T', 'AH', 'N']","['hou', 's', 'ton']","['h', 'ouston']",0.42857142857142855,2.63e-05,"[22, 37, 15, 31, 33, 3, 27, 0]"
suck,"['S', 'AH', 'K']",['suck'],"['s', 'uck']",0.25,2.63e-05,"[31, 3, 24, 0, 0, 0, 0, 0]"
virus,"['V', 'AY', 'R', 'AH', 'S']","['vir', 'us']","['v', 'irus']",0.4,2.63e-05,"[35, 6, 30, 3, 31, 0, 0, 0]"
explains,"['IH', 'K', 'S', 'P', 'L', 'EY', 'N', 'Z']","['ex', 'plains']","['expl', 'ains']",0.25,2.63e-05,"[10, 24, 31, 29, 25, 9, 27, 38]"
supports,"['S', 'AH', 'P', 'AO', 'R', 'T', 'S']","['sup', 'ports']","['supp', 'orts']",0.25,2.63e-05,"[31, 3, 29, 4, 30, 33, 31, 0]"
entering,"['EH', 'N', 'T', 'ER', 'IH', 'NG']","['en', 'ter', 'ing']","['ent', 'ering']",0.375,2.63e-05,"[7, 27, 33, 8, 10, 28, 0, 0]"
architecture,"['AA', 'R', 'K', 'AH', 'T', 'EH', 'K', 'CH', 'ER']","['ar', 'chi', 'tec', 'ture']","['arch', 'itect', 'ure']",0.4166666666666667,2.63e-05,"[1, 30, 24, 3, 33, 7, 24, 17]"
dallas,"['D', 'AE', 'L', 'AH', 'S']","['dal', 'las']","['d', 'allas']",0.3333333333333333,2.63e-05,"[18, 2, 25, 3, 31, 0, 0, 0]"
memorial,"['M', 'AH', 'M', 'AO', 'R', 'IY', 'AH', 'L']","['me', 'mori', 'al']","['mem', 'orial']",0.375,2.57e-05,"[26, 3, 26, 4, 30, 11, 3, 25]"
engineers,"['EH', 'N', 'JH', 'AH', 'N', 'IH', 'R', 'Z']","['en', 'gin', 'eers']","['engine', 'ers']",0.3333333333333333,2.57e-05,"[7, 27, 23, 3, 27, 10, 30, 38]"
anthony,"['AE', 'N', 'TH', 'AH', 'N', 'IY']","['an', 'thony']","['anth', 'ony']",0.2857142857142857,2.57e-05,"[2, 27, 34, 3, 27, 11, 0, 0]"
priority,"['P', 'R', 'AY', 'AO', 'R', 'AH', 'T', 'IY']","['pri', 'or', 'ity']",['priority'],0.25,2.57e-05,"[29, 30, 6, 4, 30, 3, 33, 11]"
mexican,"['M', 'EH', 'K', 'S', 'AH', 'K', 'AH', 'N']","['mex', 'ic', 'an']","['m', 'ex', 'ican']",0.2857142857142857,2.57e-05,"[26, 7, 24, 31, 3, 24, 3, 27]"
institution,"['IH', 'N', 'S', 'T', 'IH', 'T', 'UW', 'SH', 'AH', 'N']","['in', 'sti', 'tu', 'tion']","['inst', 'itution']",0.36363636363636365,2.57e-05,"[10, 27, 31, 33, 10, 33, 15, 32]"
minority,"['M', 'AY', 'N', 'AO', 'R', 'AH', 'T', 'IY']","['minor', 'ity']","['min', 'ority']",0.25,2.57e-05,"[26, 6, 27, 4, 30, 3, 33, 11]"
dramatic,"['D', 'R', 'AH', 'M', 'AE', 'T', 'IH', 'K']","['dra', 'mat', 'ic']","['d', 'ram', 'atic']",0.5,2.57e-05,"[18, 30, 3, 26, 2, 33, 10, 24]"
promotion,"['P', 'R', 'AH', 'M', 'OW', 'SH', 'AH', 'N']","['pro', 'mo', 'tion']","['prom', 'otion']",0.3333333333333333,2.57e-05,"[29, 30, 3, 26, 12, 32, 3, 27]"
evolution,"['EH', 'V', 'AH', 'L', 'UW', 'SH', 'AH', 'N']","['evol', 'u', 'tion']","['ev', 'olution']",0.3333333333333333,2.57e-05,"[7, 35, 3, 25, 15, 32, 3, 27]"
patterns,"['P', 'AE', 'T', 'ER', 'N', 'Z']","['pat', 'terns']","['pattern', 's']",0.25,2.57e-05,"[29, 2, 33, 8, 27, 38, 0, 0]"
controls,"['K', 'AH', 'N', 'T', 'R', 'OW', 'L', 'Z']","['con', 'trols']","['control', 's']",0.25,2.57e-05,"[24, 3, 27, 33, 30, 12, 25, 38]"
bureau,"['B', 'Y', 'UH', 'R', 'OW']","['bur', 'eau']","['b', 'ureau']",0.3333333333333333,2.57e-05,"[16, 37, 14, 30, 12, 0, 0, 0]"
inspiration,"['IH', 'N', 'S', 'P', 'ER', 'EY', 'SH', 'AH', 'N']","['in', 'spir', 'a', 'tion']","['ins', 'piration']",0.36363636363636365,2.57e-05,"[10, 27, 31, 29, 8, 9, 32, 3]"
demands,"['D', 'IH', 'M', 'AE', 'N', 'D', 'Z']","['de', 'mands']","['dem', 'ands']",0.2857142857142857,2.57e-05,"[18, 10, 26, 2, 27, 18, 38, 0]"
annoying,"['AH', 'N', 'OY', 'IH', 'NG']","['an', 'noy', 'ing']","['ann', 'oy', 'ing']",0.25,2.51e-05,"[3, 27, 13, 10, 28, 0, 0, 0]"
throwing,"['TH', 'R', 'OW', 'IH', 'NG']","['throw', 'ing']","['th', 'rowing']",0.25,2.51e-05,"[34, 30, 12, 10, 28, 0, 0, 0]"
gods,"['G', 'AA', 'D', 'Z']",['gods'],"['g', 'ods']",0.25,2.51e-05,"[21, 1, 18, 38, 0, 0, 0, 0]"
vacation,"['V', 'EY', 'K', 'EY', 'SH', 'AH', 'N']","['va', 'ca', 'tion']","['v', 'ac', 'ation']",0.5,2.51e-05,"[35, 9, 24, 9, 32, 3, 27, 0]"
organic,"['AO', 'R', 'G', 'AE', 'N', 'IH', 'K']","['or', 'gan', 'ic']",['organic'],0.2857142857142857,2.51e-05,"[4, 30, 21, 2, 27, 10, 24, 0]"
contracts,"['K', 'AA', 'N', 'T', 'R', 'AE', 'K', 'T', 'S']","['con', 'tracts']","['contract', 's']",0.2222222222222222,2.51e-05,"[24, 1, 27, 33, 30, 2, 24, 33]"
alexander,"['AE', 'L', 'AH', 'G', 'Z', 'AE', 'N', 'D', 'ER']","['al', 'ex', 'an', 'der']","['ale', 'x', 'ander']",0.3333333333333333,2.51e-05,"[2, 25, 3, 21, 38, 2, 27, 18]"
ownership,"['OW', 'N', 'ER', 'SH', 'IH', 'P']","['own', 'er', 'ship']","['owners', 'hip']",0.3333333333333333,2.51e-05,"[12, 27, 8, 32, 10, 29, 0, 0]"
recall,"['R', 'IY', 'K', 'AO', 'L']","['re', 'call']","['rec', 'all']",0.3333333333333333,2.51e-05,"[30, 11, 24, 4, 25, 0, 0, 0]"
participants,"['P', 'AA', 'R', 'T', 'IH', 'S', 'AH', 'P', 'AH', 'N', 'T', 'S']","['par', 'ti', 'cipants']","['particip', 'ants']",0.25,2.51e-05,"[29, 1, 30, 33, 10, 31, 3, 29]"
crystal,"['K', 'R', 'IH', 'S', 'T', 'AH', 'L']","['crys', 'tal']","['cry', 'stal']",0.2857142857142857,2.51e-05,"[24, 30, 10, 31, 33, 3, 25, 0]"
crap,"['K', 'R', 'AE', 'P']",['crap'],"['c', 'rap']",0.25,2.51e-05,"[24, 30, 2, 29, 0, 0, 0, 0]"
describes,"['D', 'IH', 'S', 'K', 'R', 'AY', 'B', 'Z']","['de', 'scribes']","['desc', 'ribes']",0.2222222222222222,2.51e-05,"[18, 10, 31, 24, 30, 6, 16, 38]"
sudden,"['S', 'AH', 'D', 'AH', 'N']","['sud', 'den']","['s', 'udden']",0.3333333333333333,2.51e-05,"[31, 3, 18, 3, 27, 0, 0, 0]"
spiritual,"['S', 'P', 'IH', 'R', 'IH', 'CH', 'AH', 'W', 'AH', 'L']","['spir', 'itu', 'al']","['spirit', 'ual']",0.3333333333333333,2.51e-05,"[31, 29, 10, 30, 10, 17, 3, 36]"
decent,"['D', 'IY', 'S', 'AH', 'N', 'T']","['de', 'cent']","['dec', 'ent']",0.3333333333333333,2.51e-05,"[18, 11, 31, 3, 27, 33, 0, 0]"
dean,"['D', 'IY', 'N']",['dean'],"['de', 'an']",0.25,2.51e-05,"[18, 11, 27, 0, 0, 0, 0, 0]"
decline,"['D', 'IH', 'K', 'L', 'AY', 'N']","['de', 'cline']","['decl', 'ine']",0.2857142857142857,2.51e-05,"[18, 10, 24, 25, 6, 27, 0, 0]"
alliance,"['AH', 'L', 'AY', 'AH', 'N', 'S']","['al', 'li', 'ance']","['all', 'iance']",0.375,2.51e-05,"[3, 25, 6, 3, 27, 31, 0, 0]"
acquired,"['AH', 'K', 'W', 'AY', 'ER', 'D']","['ac', 'quired']","['acqu', 'ired']",0.25,2.51e-05,"[3, 24, 36, 6, 8, 18, 0, 0]"
pray,"['P', 'R', 'EY']",['pray'],"['pr', 'ay']",0.25,2.51e-05,"[29, 30, 9, 0, 0, 0, 0, 0]"
abandoned,"['AH', 'B', 'AE', 'N', 'D', 'AH', 'N', 'D']","['aban', 'doned']","['ab', 'andon', 'ed']",0.3333333333333333,2.51e-05,"[3, 16, 2, 27, 18, 3, 27, 18]"
confirm,"['K', 'AH', 'N', 'F', 'ER', 'M']","['con', 'firm']","['conf', 'irm']",0.2857142857142857,2.51e-05,"[24, 3, 27, 20, 8, 26, 0, 0]"
downtown,"['D', 'AW', 'N', 'T', 'AW', 'N']","['down', 'town']","['d', 'owntown']",0.25,2.51e-05,"[18, 5, 27, 33, 5, 27, 0, 0]"
columbia,"['K', 'AH', 'L', 'AH', 'M', 'B', 'IY', 'AH']",['columbia'],"['col', 'umb', 'ia']",0.25,2.51e-05,"[24, 3, 25, 3, 26, 16, 11, 3]"
congratulations,"['K', 'AH', 'N', 'G', 'R', 'AE', 'CH', 'AH', 'L', 'EY', 'SH', 'AH', 'N', 'Z']","['con', 'grat', 'u', 'la', 'tions']","['cong', 'ratulations']",0.3333333333333333,2.51e-05,"[24, 3, 27, 21, 30, 2, 17, 3]"
syria,"['S', 'IH', 'R', 'IY', 'AH']","['syr', 'ia']","['sy', 'ria']",0.4,2.51e-05,"[31, 10, 30, 11, 3, 0, 0, 0]"
sake,"['S', 'EY', 'K']",['sake'],"['s', 'ake']",0.25,2.51e-05,"[31, 9, 24, 0, 0, 0, 0, 0]"
refuse,"['R', 'AH', 'F', 'Y', 'UW', 'Z']","['re', 'fuse']","['ref', 'use']",0.3333333333333333,2.45e-05,"[30, 3, 20, 37, 15, 38, 0, 0]"
bother,"['B', 'AA', 'DH', 'ER']","['both', 'er']","['b', 'other']",0.3333333333333333,2.45e-05,"[16, 1, 19, 8, 0, 0, 0, 0]"
associate,"['AH', 'S', 'OW', 'S', 'IY', 'AH', 'T']","['as', 'so', 'ci', 'ate']","['ass', 'ociate']",0.4444444444444444,2.45e-05,"[3, 31, 12, 31, 11, 3, 33, 0]"
lifetime,"['L', 'AY', 'F', 'T', 'AY', 'M']","['life', 'time']","['lif', 'etime']",0.25,2.45e-05,"[25, 6, 20, 33, 6, 26, 0, 0]"
consists,"['K', 'AH', 'N', 'S', 'IH', 'S', 'T', 'S']","['con', 'sists']","['cons', 'ists']",0.25,2.45e-05,"[24, 3, 27, 31, 10, 31, 33, 31]"
potentially,"['P', 'AH', 'T', 'EH', 'N', 'SH', 'AH', 'L', 'IY']","['po', 'ten', 'tially']","['pot', 'entially']",0.2727272727272727,2.45e-05,"[29, 3, 33, 7, 27, 32, 3, 25]"
contributed,"['K', 'AH', 'N', 'T', 'R', 'IH', 'B', 'Y', 'UW', 'T', 'IH', 'D']","['con', 'trib', 'uted']","['cont', 'ributed']",0.2727272727272727,2.45e-05,"[24, 3, 27, 33, 30, 10, 16, 37]"
intense,"['IH', 'N', 'T', 'EH', 'N', 'S']","['in', 'tense']","['int', 'ense']",0.2857142857142857,2.45e-05,"[10, 27, 33, 7, 27, 31, 0, 0]"
fitness,"['F', 'IH', 'T', 'N', 'AH', 'S']","['fit', 'ness']","['f', 'itness']",0.2857142857142857,2.45e-05,"[20, 10, 33, 27, 3, 31, 0, 0]"
citizen,"['S', 'IH', 'T', 'AH', 'Z', 'AH', 'N']","['cit', 'izen']","['c', 'itizen']",0.2857142857142857,2.45e-05,"[31, 10, 33, 3, 38, 3, 27, 0]"
cleaning,"['K', 'L', 'IY', 'N', 'IH', 'NG']","['clean', 'ing']","['cle', 'aning']",0.25,2.45e-05,"[24, 25, 11, 27, 10, 28, 0, 0]"
reduction,"['R', 'AH', 'D', 'AH', 'K', 'SH', 'AH', 'N']","['re', 'duc', 'tion']","['red', 'uction']",0.3333333333333333,2.45e-05,"[30, 3, 18, 3, 24, 32, 3, 27]"
consumers,"['K', 'AH', 'N', 'S', 'UW', 'M', 'ER', 'Z']","['con', 'sumers']","['cons', 'umers']",0.2222222222222222,2.45e-05,"[24, 3, 27, 31, 15, 26, 8, 38]"
physics,"['F', 'IH', 'Z', 'IH', 'K', 'S']","['phys', 'ics']","['ph', 'ysics']",0.2857142857142857,2.45e-05,"[20, 10, 38, 10, 24, 31, 0, 0]"
entrance,"['EH', 'N', 'T', 'R', 'AH', 'N', 'S']","['en', 'trance']","['ent', 'rance']",0.25,2.45e-05,"[7, 27, 33, 30, 3, 27, 31, 0]"
assumed,"['AH', 'S', 'UW', 'M', 'D']","['as', 'sumed']","['ass', 'umed']",0.2857142857142857,2.45e-05,"[3, 31, 15, 26, 18, 0, 0, 0]"
discover,"['D', 'IH', 'S', 'K', 'AH', 'V', 'ER']","['dis', 'cov', 'er']","['d', 'iscover']",0.375,2.45e-05,"[18, 10, 31, 24, 3, 35, 8, 0]"
francis,"['F', 'R', 'AE', 'N', 'S', 'AH', 'S']","['fran', 'cis']","['fr', 'anc', 'is']",0.42857142857142855,2.45e-05,"[20, 30, 2, 27, 31, 3, 31, 0]"
narrow,"['N', 'EH', 'R', 'OW']","['nar', 'row']","['n', 'arrow']",0.3333333333333333,2.45e-05,"[27, 7, 30, 12, 0, 0, 0, 0]"
researchers,"['R', 'IY', 'S', 'ER', 'CH', 'ER', 'Z']","['re', 'search', 'ers']","['re', 'se', 'ar', 'chers']",0.2727272727272727,2.45e-05,"[30, 11, 31, 8, 17, 8, 38, 0]"
assigned,"['AH', 'S', 'AY', 'N', 'D']","['as', 'signed']","['ass', 'igned']",0.25,2.45e-05,"[3, 31, 6, 27, 18, 0, 0, 0]"
compete,"['K', 'AH', 'M', 'P', 'IY', 'T']","['com', 'pete']","['comp', 'ete']",0.2857142857142857,2.45e-05,"[24, 3, 26, 29, 11, 33, 0, 0]"
occasionally,"['AH', 'K', 'EY', 'ZH', 'AH', 'N', 'AH', 'L', 'IY']","['oc', 'ca', 'sion', 'ally']","['occ', 'asionally']",0.3333333333333333,2.45e-05,"[3, 24, 9, 39, 3, 27, 3, 25]"
narrative,"['N', 'AE', 'R', 'AH', 'T', 'IH', 'V']","['nar', 'rat', 'ive']","['n', 'arr', 'ative']",0.4444444444444444,2.45e-05,"[27, 2, 30, 3, 33, 10, 35, 0]"
subjects,"['S', 'AH', 'B', 'JH', 'IH', 'K', 'T', 'S']","['sub', 'jects']","['subject', 's']",0.25,2.4e-05,"[31, 3, 16, 23, 10, 24, 33, 31]"
feb,"['F', 'EH', 'B', 'Y', 'AH', 'W', 'EH', 'R', 'IY']",['feb'],"['f', 'eb']",0.3333333333333333,2.4e-05,"[20, 7, 16, 37, 3, 36, 7, 30]"
regulation,"['R', 'EH', 'G', 'Y', 'AH', 'L', 'EY', 'SH', 'AH', 'N']","['reg', 'u', 'la', 'tion']",['regulation'],0.3,2.4e-05,"[30, 7, 21, 37, 3, 25, 9, 32]"
lessons,"['L', 'EH', 'S', 'AH', 'N', 'Z']","['les', 'sons']","['less', 'ons']",0.2857142857142857,2.4e-05,"[25, 7, 31, 3, 27, 38, 0, 0]"
pope,"['P', 'OW', 'P']",['pope'],"['p', 'ope']",0.25,2.4e-05,"[29, 12, 29, 0, 0, 0, 0, 0]"
maintained,"['M', 'EY', 'N', 'T', 'EY', 'N', 'D']","['main', 'tained']","['m', 'aint', 'ained']",0.3,2.4e-05,"[26, 9, 27, 33, 9, 27, 18, 0]"
adds,"['AE', 'D', 'Z']",['adds'],"['add', 's']",0.25,2.4e-05,"[2, 18, 38, 0, 0, 0, 0, 0]"
commonly,"['K', 'AA', 'M', 'AH', 'N', 'L', 'IY']","['com', 'monly']","['common', 'ly']",0.25,2.4e-05,"[24, 1, 26, 3, 27, 25, 11, 0]"
belong,"['B', 'IH', 'L', 'AO', 'NG']","['be', 'long']","['bel', 'ong']",0.3333333333333333,2.4e-05,"[16, 10, 25, 4, 28, 0, 0, 0]"
occasion,"['AH', 'K', 'EY', 'ZH', 'AH', 'N']","['oc', 'ca', 'sion']","['occ', 'asion']",0.375,2.4e-05,"[3, 24, 9, 39, 3, 27, 0, 0]"
channels,"['CH', 'AE', 'N', 'AH', 'L', 'Z']","['chan', 'nels']","['ch', 'annels']",0.25,2.4e-05,"[17, 2, 27, 3, 25, 38, 0, 0]"
passenger,"['P', 'AE', 'S', 'AH', 'N', 'JH', 'ER']","['pas', 'sen', 'ger']","['pass', 'enger']",0.3333333333333333,2.4e-05,"[29, 2, 31, 3, 27, 23, 8, 0]"
amendment,"['AH', 'M', 'EH', 'N', 'D', 'M', 'AH', 'N', 'T']","['amend', 'ment']","['am', 'endment']",0.2222222222222222,2.4e-05,"[3, 26, 7, 27, 18, 26, 3, 27]"
arizona,"['EH', 'R', 'IH', 'Z', 'OW', 'N', 'AH']","['ari', 'zona']","['ar', 'iz', 'ona']",0.42857142857142855,2.4e-05,"[7, 30, 10, 38, 12, 27, 3, 0]"
possession,"['P', 'AH', 'Z', 'EH', 'SH', 'AH', 'N']","['pos', 'ses', 'sion']","['p', 'ossession']",0.3,2.4e-05,"[29, 3, 38, 7, 32, 3, 27, 0]"
increasingly,"['IH', 'N', 'K', 'R', 'IY', 'S', 'IH', 'NG', 'L', 'IY']","['in', 'creas', 'ingly']","['increasing', 'ly']",0.25,2.4e-05,"[10, 27, 24, 30, 11, 31, 10, 28]"
allen,"['AE', 'L', 'AH', 'N']","['al', 'len']","['all', 'en']",0.4,2.4e-05,"[2, 25, 3, 27, 0, 0, 0, 0]"
females,"['F', 'IY', 'M', 'EY', 'L', 'Z']","['fe', 'males']","['f', 'em', 'ales']",0.42857142857142855,2.4e-05,"[20, 11, 26, 9, 25, 38, 0, 0]"
vital,"['V', 'AY', 'T', 'AH', 'L']","['vi', 'tal']","['v', 'ital']",0.4,2.4e-05,"[35, 6, 33, 3, 25, 0, 0, 0]"
defensive,"['D', 'IH', 'F', 'EH', 'N', 'S', 'IH', 'V']","['de', 'fens', 'ive']","['def', 'ensive']",0.3333333333333333,2.4e-05,"[18, 10, 20, 7, 27, 31, 10, 35]"
suitable,"['S', 'UW', 'T', 'AH', 'B', 'AH', 'L']","['suit', 'able']","['su', 'itable']",0.25,2.4e-05,"[31, 15, 33, 3, 16, 3, 25, 0]"
resident,"['R', 'EH', 'Z', 'IH', 'D', 'AH', 'N', 'T']","['res', 'id', 'ent']",['resident'],0.25,2.4e-05,"[30, 7, 38, 10, 18, 3, 27, 33]"
survival,"['S', 'ER', 'V', 'AY', 'V', 'AH', 'L']","['sur', 'viv', 'al']","['surv', 'ival']",0.375,2.34e-05,"[31, 8, 35, 6, 35, 3, 25, 0]"
matthew,"['M', 'AE', 'TH', 'Y', 'UW']","['mat', 'thew']","['m', 'att', 'hew']",0.42857142857142855,2.34e-05,"[26, 2, 34, 37, 15, 0, 0, 0]"
introduce,"['IH', 'N', 'T', 'R', 'AH', 'D', 'UW', 'S']","['in', 'tro', 'duce']","['introdu', 'ce']",0.3333333333333333,2.34e-05,"[10, 27, 33, 30, 3, 18, 15, 31]"
genuine,"['JH', 'EH', 'N', 'Y', 'AH', 'W', 'AH', 'N']","['genu', 'ine']","['gen', 'uine']",0.2857142857142857,2.34e-05,"[23, 7, 27, 37, 3, 36, 3, 27]"
emotions,"['IH', 'M', 'OW', 'SH', 'AH', 'N', 'Z']","['emo', 'tions']","['em', 'otions']",0.25,2.34e-05,"[10, 26, 12, 32, 3, 27, 38, 0]"
atlanta,"['AE', 'T', 'L', 'AE', 'N', 'T', 'AH']","['at', 'lanta']","['atl', 'anta']",0.2857142857142857,2.34e-05,"[2, 33, 25, 2, 27, 33, 3, 0]"
resulted,"['R', 'IH', 'Z', 'AH', 'L', 'T', 'IH', 'D']","['res', 'ul', 'ted']","['result', 'ed']",0.375,2.34e-05,"[30, 10, 38, 3, 25, 33, 10, 18]"
agriculture,"['AE', 'G', 'R', 'IH', 'K', 'AH', 'L', 'CH', 'ER']","['ag', 'ri', 'cul', 'ture']","['ag', 'ric', 'ulture']",0.2727272727272727,2.34e-05,"[2, 21, 30, 10, 24, 3, 25, 17]"
remind,"['R', 'IY', 'M', 'AY', 'N', 'D']","['re', 'mind']","['rem', 'ind']",0.3333333333333333,2.34e-05,"[30, 11, 26, 6, 27, 18, 0, 0]"
immigrants,"['IH', 'M', 'AH', 'G', 'R', 'AH', 'N', 'T', 'S']","['im', 'mig', 'rants']","['imm', 'igrants']",0.3,2.34e-05,"[10, 26, 3, 21, 30, 3, 27, 33]"
monitor,"['M', 'AA', 'N', 'AH', 'T', 'ER']","['mon', 'it', 'or']",['monitor'],0.2857142857142857,2.34e-05,"[26, 1, 27, 3, 33, 8, 0, 0]"
gordon,"['G', 'AO', 'R', 'D', 'AH', 'N']","['gor', 'don']","['g', 'ordon']",0.3333333333333333,2.34e-05,"[21, 4, 30, 18, 3, 27, 0, 0]"
christians,"['K', 'R', 'IH', 'S', 'CH', 'AH', 'N', 'Z']","['chris', 'ti', 'ans']","['christ', 'ians']",0.3,2.34e-05,"[24, 30, 10, 31, 17, 3, 27, 38]"
ratio,"['R', 'EY', 'SH', 'IY', 'OW']","['ra', 'tio']","['rat', 'io']",0.4,2.34e-05,"[30, 9, 32, 11, 12, 0, 0, 0]"
improving,"['IH', 'M', 'P', 'R', 'UW', 'V', 'IH', 'NG']","['im', 'prov', 'ing']","['impro', 'ving']",0.3333333333333333,2.34e-05,"[10, 26, 29, 30, 15, 35, 10, 28]"
resort,"['R', 'IH', 'Z', 'AO', 'R', 'T']","['re', 'sort']","['res', 'ort']",0.3333333333333333,2.34e-05,"[30, 10, 38, 4, 30, 33, 0, 0]"
