word,arpabet,syllables,tokenized_word,hamming_distance,word_frequency,phon_vec
cedar,"['S', 'IY', 'D', 'ER']","['ce', 'dar']","['c', 'ed', 'ar']",0.6,5.75e-06,"[31, 11, 18, 8, 0, 0, 0, 0]"
jesus,"['JH', 'IY', 'Z', 'AH', 'S']","['je', 'sus']","['j', 'es', 'us']",0.6,9.77e-05,"[23, 11, 38, 3, 31, 0, 0, 0]"
encyclopedia,"['IH', 'N', 'S', 'AY', 'K', 'L', 'AH', 'P', 'IY', 'D', 'IY', 'AH']","['en', 'cyc', 'lo', 'pe', 'dia']","['enc', 'ycl', 'op', 'edia']",0.5833333333333334,3.31e-06,"[10, 27, 31, 6, 24, 25, 3, 29]"
antonio,"['AE', 'N', 'T', 'OW', 'N', 'IY', 'OW']","['ant', 'o', 'nio']","['an', 'ton', 'io']",0.5714285714285714,1.48e-05,"[2, 27, 33, 12, 27, 11, 12, 0]"
librarian,"['L', 'AY', 'B', 'R', 'EH', 'R', 'IY', 'AH', 'N']","['lib', 'rar', 'i', 'an']","['l', 'ibr', 'arian']",0.5555555555555556,3.89e-06,"[25, 6, 16, 30, 7, 30, 11, 3]"
compaq,"['K', 'AA', 'M', 'P', 'AE', 'K']","['com', 'paq']","['comp', 'a', 'q']",0.5,5.5e-07,"[24, 1, 26, 29, 2, 24, 0, 0]"
harris,"['HH', 'EH', 'R', 'IH', 'S']","['har', 'ris']","['h', 'arr', 'is']",0.5,2.75e-05,"[22, 7, 30, 10, 31, 0, 0, 0]"
wagner,"['W', 'AE', 'G', 'N', 'ER']","['wag', 'n', 'er']","['w', 'agner']",0.5,5.13e-06,"[36, 2, 21, 27, 8, 0, 0, 0]"
syracuse,"['S', 'IH', 'R', 'AH', 'K', 'Y', 'UW', 'Z']","['syra', 'cuse']","['s', 'yr', 'ac', 'use']",0.5,4.17e-06,"[31, 10, 30, 3, 24, 37, 15, 38]"
indianapolis,"['IH', 'N', 'D', 'IY', 'AH', 'N', 'AE', 'P', 'AH', 'L', 'IH', 'S']","['in', 'di', 'ana', 'pol', 'is']","['ind', 'ian', 'apolis']",0.5,6.61e-06,"[10, 27, 18, 11, 3, 27, 2, 29]"
lynn,"['L', 'IH', 'N']",['lynn'],"['l', 'yn', 'n']",0.5,7.24e-06,"[25, 10, 27, 0, 0, 0, 0, 0]"
vienna,"['V', 'IY', 'EH', 'N', 'AH']","['vi', 'enna']","['v', 'ien', 'na']",0.5,9.55e-06,"[35, 11, 7, 27, 3, 0, 0, 0]"
canadian,"['K', 'AH', 'N', 'EY', 'D', 'IY', 'AH', 'N']","['ca', 'na', 'dian']","['can', 'ad', 'ian']",0.5,5.01e-05,"[24, 3, 27, 9, 18, 11, 3, 27]"
millennium,"['M', 'AH', 'L', 'EH', 'N', 'IY', 'AH', 'M']","['mil', 'len', 'ni', 'um']","['mill', 'enn', 'ium']",0.5,5.01e-06,"[26, 3, 25, 7, 27, 11, 3, 26]"
indian,"['IH', 'N', 'D', 'IY', 'AH', 'N']","['in', 'di', 'an']","['ind', 'ian']",0.5,8.13e-05,"[10, 27, 18, 11, 3, 27, 0, 0]"
slovenia,"['S', 'L', 'OW', 'V', 'IY', 'N', 'IY', 'AH']","['slov', 'e', 'nia']","['sl', 'oven', 'ia']",0.5,2.57e-06,"[31, 25, 12, 35, 11, 27, 11, 3]"
sodium,"['S', 'OW', 'D', 'IY', 'AH', 'M']","['so', 'di', 'um']","['sod', 'ium']",0.5,7.41e-06,"[31, 12, 18, 11, 3, 26, 0, 0]"
saddam,"['S', 'AA', 'D', 'AH', 'M']","['sad', 'dam']","['s', 'add', 'am']",0.5,2.75e-06,"[31, 1, 18, 3, 26, 0, 0, 0]"
ryan,"['R', 'AY', 'AH', 'N']","['ry', 'an']","['r', 'yan']",0.5,3.89e-05,"[30, 6, 3, 27, 0, 0, 0, 0]"
nascar,"['N', 'AE', 'S', 'K', 'AA', 'R']","['nas', 'car']","['n', 'asc', 'ar']",0.5,5.75e-06,"[27, 2, 31, 24, 1, 30, 0, 0]"
unto,"['AH', 'N', 'T', 'UW']","['un', 'to']","['unt', 'o']",0.5,9.12e-06,"[3, 27, 33, 15, 0, 0, 0, 0]"
deluxe,"['D', 'AH', 'L', 'AH', 'K', 'S']","['de', 'luxe']","['del', 'ux', 'e']",0.5,5.25e-06,"[18, 3, 25, 3, 24, 31, 0, 0]"
harrison,"['HH', 'EH', 'R', 'IH', 'S', 'AH', 'N']","['har', 'ris', 'on']","['h', 'arr', 'ison']",0.5,1.2e-05,"[22, 7, 30, 10, 31, 3, 27, 0]"
nissan,"['N', 'IY', 'S', 'AA', 'N']","['nis', 'san']","['n', 'iss', 'an']",0.5,4.9e-06,"[27, 11, 31, 1, 27, 0, 0, 0]"
cincinnati,"['S', 'IH', 'N', 'S', 'AH', 'N', 'AE', 'T', 'IY']","['cin', 'cin', 'nati']","['c', 'inc', 'inn', 'ati']",0.5,9.12e-06,"[31, 10, 27, 31, 3, 27, 2, 33]"
july,"['JH', 'UW', 'L', 'AY']","['ju', 'ly']","['j', 'uly']",0.5,0.000148,"[23, 15, 25, 6, 0, 0, 0, 0]"
mozambique,"['M', 'OW', 'Z', 'AE', 'M', 'B', 'IY', 'K']","['mozam', 'bi', 'que']","['mo', 'z', 'amb', 'ique']",0.5,1.95e-06,"[26, 12, 38, 2, 26, 16, 11, 24]"
honduras,"['HH', 'AA', 'N', 'D', 'UH', 'R', 'AH', 'S']","['hon', 'dur', 'as']","['h', 'ond', 'uras']",0.5,3.98e-06,"[22, 1, 27, 18, 14, 30, 3, 31]"
luis,"['L', 'UW', 'IY', 'S']","['lu', 'is']","['l', 'uis']",0.5,9.77e-06,"[25, 15, 11, 31, 0, 0, 0, 0]"
tigers,"['T', 'AY', 'G', 'ER', 'Z']","['ti', 'gers']","['t', 'ig', 'ers']",0.5,1.41e-05,"[33, 6, 21, 8, 38, 0, 0, 0]"
hawaiian,"['HH', 'AH', 'W', 'AY', 'AH', 'N']","['hawaii', 'an']","['h', 'aw', 'ai', 'ian']",0.5,4.79e-06,"[22, 3, 36, 6, 3, 27, 0, 0]"
titanium,"['T', 'AY', 'T', 'EY', 'N', 'IY', 'AH', 'M']","['ti', 'tani', 'um']","['tit', 'an', 'ium']",0.5,3.55e-06,"[33, 6, 33, 9, 27, 11, 3, 26]"
munich,"['M', 'Y', 'UW', 'N', 'IH', 'K']","['mu', 'nich']","['m', 'un', 'ich']",0.5,8.91e-06,"[26, 37, 15, 27, 10, 24, 0, 0]"
aerial,"['EH', 'R', 'IY', 'AH', 'L']","['aer', 'i', 'al']","['a', 'erial']",0.5,8.13e-06,"[7, 30, 11, 3, 25, 0, 0, 0]"
auburn,"['AA', 'B', 'ER', 'N']","['au', 'burn']","['a', 'ub', 'urn']",0.5,5.25e-06,"[1, 16, 8, 27, 0, 0, 0, 0]"
hawaii,"['HH', 'AH', 'W', 'AY', 'IY']",['hawaii'],"['h', 'aw', 'ai', 'i']",0.5,1.62e-05,"[22, 3, 36, 6, 11, 0, 0, 0]"
zoloft,"['Z', 'AA', 'L', 'AA', 'F', 'T']","['zo', 'loft']","['z', 'olo', 'ft']",0.5,3.39e-07,"[38, 1, 25, 1, 20, 33, 0, 0]"
bhutan,"['B', 'UW', 'T', 'AE', 'N']",['bhutan'],"['b', 'h', 'ut', 'an']",0.5,1.23e-06,"[16, 15, 33, 2, 27, 0, 0, 0]"
radios,"['R', 'EY', 'D', 'IY', 'OW', 'Z']","['ra', 'di', 'os']","['rad', 'ios']",0.5,2.57e-06,"[30, 9, 18, 11, 12, 38, 0, 0]"
austin,"['AO', 'S', 'T', 'AH', 'N']","['aus', 'tin']","['a', 'ust', 'in']",0.5,2.29e-05,"[4, 31, 33, 3, 27, 0, 0, 0]"
williams,"['W', 'IH', 'L', 'Y', 'AH', 'M', 'Z']","['wil', 'li', 'ams']","['will', 'iam', 's']",0.5,4.68e-05,"[36, 10, 25, 37, 3, 26, 38, 0]"
maui,"['M', 'AW', 'IY']",['maui'],"['m', 'au', 'i']",0.5,2.24e-06,"[26, 5, 11, 0, 0, 0, 0, 0]"
patricia,"['P', 'AH', 'T', 'R', 'IH', 'SH', 'AH']","['pa', 'tri', 'cia']","['pat', 'ric', 'ia']",0.5,5.75e-06,"[29, 3, 33, 30, 10, 32, 3, 0]"
gmbh,"['G', 'AH', 'M']",['gmbh'],"['g', 'mb', 'h']",0.5,1.74e-06,"[21, 3, 26, 0, 0, 0, 0, 0]"
zambia,"['Z', 'AE', 'M', 'B', 'IY', 'AH']","['zam', 'bia']","['z', 'amb', 'ia']",0.5,2.69e-06,"[38, 2, 26, 16, 11, 3, 0, 0]"
consortium,"['K', 'AH', 'N', 'S', 'AO', 'R', 'SH', 'IY', 'AH', 'M']","['con', 'sor', 'ti', 'um']","['cons', 'ort', 'ium']",0.5,4.79e-06,"[24, 3, 27, 31, 4, 30, 32, 11]"
scotia,"['S', 'K', 'OW', 'SH', 'AH']","['sco', 'tia']","['sc', 'ot', 'ia']",0.5,3.09e-06,"[31, 24, 12, 32, 3, 0, 0, 0]"
julian,"['JH', 'UW', 'L', 'IY', 'AH', 'N']","['ju', 'li', 'an']","['jul', 'ian']",0.5,9.77e-06,"[23, 15, 25, 11, 3, 27, 0, 0]"
savannah,"['S', 'AH', 'V', 'AE', 'N', 'AH']","['sa', 'van', 'nah']","['sav', 'ann', 'ah']",0.5,4.17e-06,"[31, 3, 35, 2, 27, 3, 0, 0]"
eugene,"['Y', 'UW', 'JH', 'IY', 'N']","['eu', 'gene']","['e', 'ug', 'ene']",0.5,6.31e-06,"[37, 15, 23, 11, 27, 0, 0, 0]"
robbie,"['R', 'AA', 'B', 'IY']","['rob', 'bie']","['ro', 'bb', 'ie']",0.5,6.92e-06,"[30, 1, 16, 11, 0, 0, 0, 0]"
nutritional,"['N', 'UW', 'T', 'R', 'IH', 'SH', 'AH', 'N', 'AH', 'L']","['nu', 'tri', 'tion', 'al']","['nut', 'r', 'itional']",0.45454545454545453,4.37e-06,"[27, 15, 33, 30, 10, 32, 3, 27]"
negotiation,"['N', 'IH', 'G', 'OW', 'SH', 'IY', 'EY', 'SH', 'AH', 'N']","['ne', 'go', 'ti', 'ation']","['neg', 'ot', 'iation']",0.45454545454545453,6.03e-06,"[27, 10, 21, 12, 32, 11, 9, 32]"
eligibility,"['EH', 'L', 'IH', 'JH', 'AH', 'B', 'IH', 'L', 'IH', 'T', 'IY']","['eli', 'gib', 'il', 'ity']","['el', 'ig', 'ibility']",0.45454545454545453,5.62e-06,"[7, 25, 10, 23, 3, 16, 10, 25]"
victorian,"['V', 'IH', 'K', 'T', 'AO', 'R', 'IY', 'AH', 'N']","['vic', 'tori', 'an']","['vict', 'or', 'ian']",0.4444444444444444,1.32e-05,"[35, 10, 24, 33, 4, 30, 11, 3]"
argentina,"['AA', 'R', 'JH', 'AH', 'N', 'T', 'IY', 'N', 'AH']","['ar', 'gen', 'tina']","['arg', 'ent', 'ina']",0.4444444444444444,1.66e-05,"[1, 30, 23, 3, 27, 33, 11, 27]"
cleveland,"['K', 'L', 'IY', 'V', 'L', 'AH', 'N', 'D']","['clev', 'e', 'land']","['cle', 'vel', 'and']",0.4444444444444444,1.86e-05,"[24, 25, 11, 35, 25, 3, 27, 18]"
brazilian,"['B', 'R', 'AH', 'Z', 'IH', 'L', 'Y', 'AH', 'N']","['brazili', 'an']","['b', 'raz', 'il', 'ian']",0.4444444444444444,1.7e-05,"[16, 30, 3, 38, 10, 25, 37, 3]"
mauritius,"['M', 'AO', 'R', 'IH', 'T', 'IY', 'AH', 'S']","['maur', 'i', 'ti', 'us']","['m', 'aur', 'it', 'ius']",0.4444444444444444,1.62e-06,"[26, 4, 30, 10, 33, 11, 3, 31]"
empirical,"['EH', 'M', 'P', 'IH', 'R', 'IH', 'K', 'AH', 'L']","['em', 'pir', 'ic', 'al']","['emp', 'irical']",0.4444444444444444,4.17e-06,"[7, 26, 29, 10, 30, 10, 24, 3]"
amplifier,"['AE', 'M', 'P', 'L', 'AH', 'F', 'AY', 'ER']","['amp', 'li', 'fi', 'er']","['ampl', 'ifier']",0.4444444444444444,2.82e-06,"[2, 26, 29, 25, 3, 20, 6, 8]"
indonesia,"['IH', 'N', 'D', 'OW', 'N', 'IY', 'ZH', 'AH']","['in', 'done', 'sia']","['ind', 'ones', 'ia']",0.4444444444444444,1.78e-05,"[10, 27, 18, 12, 27, 11, 39, 3]"
macedonia,"['M', 'AE', 'S', 'AH', 'D', 'OW', 'N', 'IY', 'AH']","['mace', 'do', 'nia']","['m', 'aced', 'onia']",0.4444444444444444,2.34e-06,"[26, 2, 31, 3, 18, 12, 27, 11]"
astrology,"['AH', 'S', 'T', 'R', 'AA', 'L', 'AH', 'JH', 'IY']","['as', 'tro', 'logy']","['ast', 'rol', 'ogy']",0.4444444444444444,2.4e-06,"[3, 31, 33, 30, 1, 25, 3, 23]"
maternity,"['M', 'AH', 'T', 'ER', 'N', 'IH', 'T', 'IY']","['ma', 'ter', 'nity']","['m', 'atern', 'ity']",0.4444444444444444,4.57e-06,"[26, 3, 33, 8, 27, 10, 33, 11]"
henderson,"['HH', 'EH', 'N', 'D', 'ER', 'S', 'AH', 'N']","['hende', 'r', 'son']","['he', 'nd', 'erson']",0.4444444444444444,8.51e-06,"[22, 7, 27, 18, 8, 31, 3, 27]"
jefferson,"['JH', 'EH', 'F', 'ER', 'S', 'AH', 'N']","['jef', 'fer', 'son']","['je', 'ff', 'erson']",0.4444444444444444,1e-05,"[23, 7, 20, 8, 31, 3, 27, 0]"
hobbies,"['HH', 'AA', 'B', 'IY', 'Z']","['hob', 'bies']","['h', 'obb', 'ies']",0.42857142857142855,3.72e-06,"[22, 1, 16, 11, 38, 0, 0, 0]"
indians,"['IH', 'N', 'D', 'IY', 'AH', 'N', 'Z']","['in', 'di', 'ans']","['ind', 'ians']",0.42857142857142855,1.78e-05,"[10, 27, 18, 11, 3, 27, 38, 0]"
jeffrey,"['JH', 'EH', 'F', 'R', 'IY']","['jef', 'frey']","['je', 'ff', 'rey']",0.42857142857142855,7.94e-06,"[23, 7, 20, 30, 11, 0, 0, 0]"
estonia,"['EH', 'S', 'T', 'OW', 'N', 'IY', 'AH']","['es', 'to', 'nia']","['est', 'onia']",0.42857142857142855,3.02e-06,"[7, 31, 33, 12, 27, 11, 3, 0]"
nursery,"['N', 'ER', 'S', 'ER', 'IY']","['nurs', 'ery']","['nur', 'ser', 'y']",0.42857142857142855,7.76e-06,"[27, 8, 31, 8, 11, 0, 0, 0]"
bahamas,"['B', 'AH', 'HH', 'AA', 'M', 'AH', 'Z']","['ba', 'hamas']","['b', 'ah', 'amas']",0.42857142857142855,3.39e-06,"[16, 3, 22, 1, 26, 3, 38, 0]"
hottest,"['HH', 'AA', 'T', 'AH', 'S', 'T']","['hot', 'test']","['h', 'ott', 'est']",0.42857142857142855,7.94e-06,"[22, 1, 33, 3, 31, 33, 0, 0]"
pentium,"['P', 'EH', 'N', 'T', 'IY', 'AH', 'M']","['pen', 'ti', 'um']","['pent', 'ium']",0.42857142857142855,5.75e-07,"[29, 7, 27, 33, 11, 3, 26, 0]"
holland,"['HH', 'AA', 'L', 'AH', 'N', 'D']","['hol', 'land']","['h', 'oll', 'and']",0.42857142857142855,1.26e-05,"[22, 1, 25, 3, 27, 18, 0, 0]"
gadgets,"['G', 'AE', 'JH', 'AH', 'T', 'S']","['gad', 'gets']","['g', 'adget', 's']",0.42857142857142855,3.89e-06,"[21, 2, 23, 3, 33, 31, 0, 0]"
bristol,"['B', 'R', 'IH', 'S', 'T', 'AH', 'L']","['bris', 'tol']","['br', 'ist', 'ol']",0.42857142857142855,1.07e-05,"[16, 30, 10, 31, 33, 3, 25, 0]"
october,"['AA', 'K', 'T', 'OW', 'B', 'ER']","['oc', 'to', 'ber']","['oct', 'ober']",0.42857142857142855,0.000129,"[1, 24, 33, 12, 16, 8, 0, 0]"
optimum,"['AA', 'P', 'T', 'AH', 'M', 'AH', 'M']","['op', 'tim', 'um']","['opt', 'imum']",0.42857142857142855,3.47e-06,"[1, 29, 33, 3, 26, 3, 26, 0]"
cologne,"['K', 'AH', 'L', 'OW', 'N']","['co', 'logne']","['col', 'og', 'ne']",0.42857142857142855,3.72e-06,"[24, 3, 25, 12, 27, 0, 0, 0]"
studios,"['S', 'T', 'UW', 'D', 'IY', 'OW', 'Z']","['stu', 'di', 'os']","['stud', 'ios']",0.42857142857142855,1.26e-05,"[31, 33, 15, 18, 11, 12, 38, 0]"
jamaica,"['JH', 'AH', 'M', 'EY', 'K', 'AH']","['ja', 'maica']","['j', 'ama', 'ica']",0.42857142857142855,8.32e-06,"[23, 3, 26, 9, 24, 3, 0, 0]"
baskets,"['B', 'AE', 'S', 'K', 'AH', 'T', 'S']","['bas', 'kets']","['b', 'ask', 'ets']",0.42857142857142855,2.82e-06,"[16, 2, 31, 24, 3, 33, 31, 0]"
morocco,"['M', 'ER', 'AA', 'K', 'OW']","['mo', 'rocco']","['mor', 'oc', 'co']",0.42857142857142855,6.31e-06,"[26, 8, 1, 24, 12, 0, 0, 0]"
kenneth,"['K', 'EH', 'N', 'IH', 'TH']","['ken', 'neth']","['k', 'enn', 'eth']",0.42857142857142855,7.94e-06,"[24, 7, 27, 10, 34, 0, 0, 0]"
william,"['W', 'IH', 'L', 'Y', 'AH', 'M']","['wil', 'li', 'am']","['will', 'iam']",0.42857142857142855,7.59e-05,"[36, 10, 25, 37, 3, 26, 0, 0]"
katrina,"['K', 'AH', 'T', 'R', 'IY', 'N', 'AH']","['kat', 'rina']","['k', 'atr', 'ina']",0.42857142857142855,4.07e-06,"[24, 3, 33, 30, 11, 27, 3, 0]"
croatia,"['K', 'R', 'OW', 'EY', 'SH', 'AH']","['croa', 'tia']","['cro', 'at', 'ia']",0.42857142857142855,5.5e-06,"[24, 30, 12, 9, 32, 3, 0, 0]"
deviant,"['D', 'IY', 'V', 'IY', 'AH', 'N', 'T']","['de', 'vi', 'ant']","['dev', 'iant']",0.42857142857142855,1.07e-06,"[18, 11, 35, 11, 3, 27, 33, 0]"
african,"['AE', 'F', 'R', 'AH', 'K', 'AH', 'N']","['afric', 'an']","['a', 'fr', 'ican']",0.42857142857142855,6.61e-05,"[2, 20, 30, 3, 24, 3, 27, 0]"
courier,"['K', 'ER', 'IY', 'ER']","['cour', 'i', 'er']","['cou', 'rier']",0.42857142857142855,4.79e-06,"[24, 8, 11, 8, 0, 0, 0, 0]"
bangkok,"['B', 'AE', 'NG', 'K', 'AA', 'K']",['bangkok'],"['b', 'ang', 'k', 'ok']",0.42857142857142855,6.92e-06,"[16, 2, 28, 24, 1, 24, 0, 0]"
deficit,"['D', 'EH', 'F', 'AH', 'S', 'AH', 'T']","['de', 'fi', 'cit']","['def', 'icit']",0.42857142857142855,1.15e-05,"[18, 7, 20, 3, 31, 3, 33, 0]"
georgia,"['JH', 'AO', 'R', 'JH', 'AH']","['geor', 'gia']","['ge', 'org', 'ia']",0.42857142857142855,2.88e-05,"[23, 4, 30, 23, 3, 0, 0, 0]"
anatomy,"['AH', 'N', 'AE', 'T', 'AH', 'M', 'IY']","['ana', 'tomy']","['an', 'at', 'omy']",0.42857142857142855,8.71e-06,"[3, 27, 2, 33, 3, 26, 11, 0]"
russian,"['R', 'AH', 'SH', 'AH', 'N']","['rus', 'si', 'an']","['r', 'ussian']",0.42857142857142855,0.000102,"[30, 3, 32, 3, 27, 0, 0, 0]"
andrews,"['AE', 'N', 'D', 'R', 'UW', 'Z']","['an', 'drews']","['and', 'rew', 's']",0.42857142857142855,8.51e-06,"[2, 27, 18, 30, 15, 38, 0, 0]"
bermuda,"['B', 'ER', 'M', 'Y', 'UW', 'D', 'AH']","['ber', 'muda']","['b', 'erm', 'uda']",0.42857142857142855,3.31e-06,"[16, 8, 26, 37, 15, 18, 3, 0]"
andreas,"['AA', 'N', 'D', 'R', 'EY', 'AH', 'S']","['an', 'dreas']","['and', 're', 'as']",0.42857142857142855,3.02e-06,"[1, 27, 18, 30, 9, 3, 31, 0]"
diploma,"['D', 'IH', 'P', 'L', 'OW', 'M', 'AH']","['dip', 'loma']","['di', 'pl', 'oma']",0.42857142857142855,5.75e-06,"[18, 10, 29, 25, 12, 26, 3, 0]"
fujitsu,"['F', 'UW', 'JH', 'IH', 'T', 'S', 'UW']",['fujitsu'],"['f', 'uj', 'its', 'u']",0.42857142857142855,4.27e-07,"[20, 15, 23, 10, 33, 31, 15, 0]"
belarus,"['B', 'EH', 'L', 'AA', 'R', 'AH', 'S']","['be', 'larus']","['bel', 'ar', 'us']",0.42857142857142855,2.88e-06,"[16, 7, 25, 1, 30, 3, 31, 0]"
guitars,"['G', 'IH', 'T', 'AA', 'R', 'Z']","['gui', 'tars']","['gu', 'it', 'ars']",0.42857142857142855,4.47e-06,"[21, 10, 33, 1, 30, 38, 0, 0]"
apparel,"['AH', 'P', 'AE', 'R', 'AH', 'L']","['ap', 'par', 'el']","['app', 'arel']",0.42857142857142855,5.25e-06,"[3, 29, 2, 30, 3, 25, 0, 0]"
baghdad,"['B', 'AE', 'G', 'D', 'AE', 'D']","['bagh', 'dad']","['bag', 'hd', 'ad']",0.42857142857142855,4.37e-06,"[16, 2, 21, 18, 2, 18, 0, 0]"
andorra,"['AE', 'N', 'D', 'AO', 'R', 'AH']","['an', 'dorra']","['and', 'or', 'ra']",0.42857142857142855,4.9e-07,"[2, 27, 18, 4, 30, 3, 0, 0]"
antigua,"['AE', 'N', 'T', 'IY', 'G', 'W', 'AH']","['an', 'ti', 'gua']","['ant', 'igua']",0.42857142857142855,1.2e-06,"[2, 27, 33, 11, 21, 36, 3, 0]"
cardiac,"['K', 'AA', 'R', 'D', 'IY', 'AE', 'K']","['car', 'di', 'ac']","['card', 'iac']",0.42857142857142855,6.92e-06,"[24, 1, 30, 18, 11, 2, 24, 0]"
cardiovascular,"['K', 'AA', 'R', 'D', 'IY', 'OW', 'V', 'AE', 'S', 'K', 'Y', 'AH', 'L', 'ER']","['car', 'di', 'ovas', 'cu', 'lar']","['card', 'iov', 'ascular']",0.42857142857142855,4.79e-06,"[24, 1, 30, 18, 11, 12, 35, 2]"
toddler,"['T', 'AA', 'D', 'L', 'ER']","['tod', 'dler']","['to', 'dd', 'ler']",0.42857142857142855,6.76e-06,"[33, 1, 18, 25, 8, 0, 0, 0]"
zealand,"['Z', 'IY', 'L', 'AH', 'N', 'D']","['zea', 'l', 'and']","['ze', 'aland']",0.42857142857142855,3.16e-05,"[38, 11, 25, 3, 27, 18, 0, 0]"
belfast,"['B', 'EH', 'L', 'F', 'AE', 'S', 'T']","['bel', 'fast']","['b', 'elf', 'ast']",0.42857142857142855,7.59e-06,"[16, 7, 25, 20, 2, 31, 33, 0]"
austria,"['AO', 'S', 'T', 'R', 'IY', 'AH']","['aus', 'tria']","['a', 'ust', 'ria']",0.42857142857142855,1.17e-05,"[4, 31, 33, 30, 11, 3, 0, 0]"
indiana,"['IH', 'N', 'D', 'IY', 'AE', 'N', 'AH']","['in', 'di', 'ana']","['ind', 'iana']",0.42857142857142855,2.04e-05,"[10, 27, 18, 11, 2, 27, 3, 0]"
expedia,"['EH', 'K', 'S', 'P', 'IY', 'D', 'IY', 'AH']","['ex', 'pe', 'dia']","['exped', 'ia']",0.42857142857142855,4.17e-07,"[7, 24, 31, 29, 11, 18, 11, 3]"
ferrari,"['F', 'ER', 'AA', 'R', 'IY']","['fer', 'rari']","['f', 'err', 'ari']",0.42857142857142855,7.59e-06,"[20, 8, 1, 30, 11, 0, 0, 0]"
ambient,"['AE', 'M', 'B', 'IY', 'AH', 'N', 'T']","['am', 'bi', 'ent']","['amb', 'ient']",0.42857142857142855,4.17e-06,"[2, 26, 16, 11, 3, 27, 33, 0]"
hamburg,"['HH', 'AE', 'M', 'B', 'ER', 'G']","['ham', 'burg']","['h', 'amb', 'urg']",0.42857142857142855,4.17e-06,"[22, 2, 26, 16, 8, 21, 0, 0]"
penguin,"['P', 'EH', 'NG', 'G', 'W', 'AH', 'N']","['pen', 'guin']","['p', 'engu', 'in']",0.42857142857142855,6.03e-06,"[29, 7, 28, 21, 36, 3, 27, 0]"
jessica,"['JH', 'EH', 'S', 'IH', 'K', 'AH']","['jes', 'sica']","['j', 'ess', 'ica']",0.42857142857142855,1.48e-05,"[23, 7, 31, 10, 24, 3, 0, 0]"
pioneer,"['P', 'AY', 'AH', 'N', 'IH', 'R']","['pi', 'on', 'eer']","['pione', 'er']",0.42857142857142855,8.13e-06,"[29, 6, 3, 27, 10, 30, 0, 0]"
testimonials,"['T', 'EH', 'S', 'T', 'AH', 'M', 'OW', 'N', 'IY', 'AH', 'L', 'Z']","['testi', 'mo', 'ni', 'als']","['testim', 'on', 'ials']",0.4166666666666667,7.94e-07,"[33, 7, 31, 33, 3, 26, 12, 27]"
occupational,"['AA', 'K', 'Y', 'AH', 'P', 'EY', 'SH', 'AH', 'N', 'AH', 'L']","['oc', 'cu', 'pa', 'tion', 'al']","['occup', 'ational']",0.4166666666666667,5.25e-06,"[1, 24, 37, 3, 29, 9, 32, 3]"
pharmacology,"['F', 'AA', 'R', 'M', 'AH', 'K', 'AA', 'L', 'AH', 'JH', 'IY']","['phar', 'ma', 'co', 'logy']","['pharm', 'ac', 'ology']",0.4166666666666667,1.41e-06,"[20, 1, 30, 26, 3, 24, 1, 25]"
hypothetical,"['HH', 'AY', 'P', 'AH', 'TH', 'EH', 'T', 'AH', 'K', 'AH', 'L']","['hy', 'po', 'thet', 'ic', 'al']","['hyp', 'ot', 'het', 'ical']",0.4166666666666667,4.07e-06,"[22, 6, 29, 3, 34, 7, 33, 3]"
anthropology,"['AE', 'N', 'TH', 'R', 'AH', 'P', 'AA', 'L', 'AH', 'JH', 'IY']","['an', 'thro', 'po', 'logy']","['anth', 'rop', 'ology']",0.4166666666666667,4.47e-06,"[2, 27, 34, 30, 3, 29, 1, 25]"
jimmy,"['JH', 'IH', 'M', 'IY']",['jimmy'],"['j', 'im', 'my']",0.4,2.75e-05,"[23, 10, 26, 11, 0, 0, 0, 0]"
insulation,"['IH', 'N', 'S', 'AH', 'L', 'EY', 'SH', 'AH', 'N']","['in', 'su', 'la', 'tion']","['ins', 'ulation']",0.4,4.68e-06,"[10, 27, 31, 3, 25, 9, 32, 3]"
karen,"['K', 'EH', 'R', 'AH', 'N']","['kar', 'en']","['k', 'aren']",0.4,1.23e-05,"[24, 7, 30, 3, 27, 0, 0, 0]"
mambo,"['M', 'AA', 'M', 'B', 'OW']",['mambo'],"['m', 'amb', 'o']",0.4,6.03e-07,"[26, 1, 26, 16, 12, 0, 0, 0]"
meyer,"['M', 'AY', 'ER']","['mey', 'er']","['me', 'yer']",0.4,4.9e-06,"[26, 6, 8, 0, 0, 0, 0, 0]"
kenya,"['K', 'EH', 'N', 'Y', 'AH']",['kenya'],"['k', 'en', 'ya']",0.4,1.35e-05,"[24, 7, 27, 37, 3, 0, 0, 0]"
gnome,"['N', 'OW', 'M']",['gnome'],"['g', 'n', 'ome']",0.4,1.58e-06,"[27, 12, 26, 0, 0, 0, 0, 0]"
japan,"['JH', 'AH', 'P', 'AE', 'N']","['ja', 'pan']","['j', 'apan']",0.4,7.76e-05,"[23, 3, 29, 2, 27, 0, 0, 0]"
iraqi,"['IH', 'R', 'AE', 'K', 'IY']","['ir', 'aqi']","['ir', 'a', 'q', 'i']",0.4,8.91e-06,"[10, 30, 2, 24, 11, 0, 0, 0]"
focal,"['F', 'OW', 'K', 'AH', 'L']","['fo', 'cal']","['f', 'ocal']",0.4,4.68e-06,"[20, 12, 24, 3, 25, 0, 0, 0]"
multimedia,"['M', 'AH', 'L', 'T', 'IY', 'M', 'IY', 'D', 'IY', 'AH']","['mul', 'ti', 'me', 'dia']","['mult', 'imedia']",0.4,3.63e-06,"[26, 3, 25, 33, 11, 26, 11, 18]"
excel,"['IH', 'K', 'S', 'EH', 'L']","['ex', 'cel']","['exc', 'el']",0.4,5.37e-06,"[10, 24, 31, 7, 25, 0, 0, 0]"
chancellor,"['CH', 'AE', 'N', 'S', 'AH', 'L', 'ER']","['chan', 'cel', 'lor']","['ch', 'ancell', 'or']",0.4,1.35e-05,"[17, 2, 27, 31, 3, 25, 8, 0]"
sanyo,"['S', 'AA', 'N', 'Y', 'OW']",['sanyo'],"['s', 'any', 'o']",0.4,1.74e-07,"[31, 1, 27, 37, 12, 0, 0, 0]"
isaac,"['AY', 'Z', 'AH', 'K']",['isaac'],"['is', 'a', 'ac']",0.4,8.51e-06,"[6, 38, 3, 24, 0, 0, 0, 0]"
modem,"['M', 'OW', 'D', 'AH', 'M']","['mo', 'dem']","['mod', 'em']",0.4,2.51e-06,"[26, 12, 18, 3, 26, 0, 0, 0]"
cindy,"['S', 'IH', 'N', 'D', 'IY']",['cindy'],"['c', 'ind', 'y']",0.4,3.8e-06,"[31, 10, 27, 18, 11, 0, 0, 0]"
ralph,"['R', 'AE', 'L', 'F']","['ral', 'ph']","['r', 'alph']",0.4,1.26e-05,"[30, 2, 25, 20, 0, 0, 0, 0]"
niger,"['N', 'AY', 'JH', 'ER']","['ni', 'ger']","['n', 'iger']",0.4,2.82e-06,"[27, 6, 23, 8, 0, 0, 0, 0]"
bacon,"['B', 'EY', 'K', 'AH', 'N']","['ba', 'con']","['b', 'acon']",0.4,1.41e-05,"[16, 9, 24, 3, 27, 0, 0, 0]"
lotus,"['L', 'OW', 'T', 'AH', 'S']","['lo', 'tus']","['lot', 'us']",0.4,4.17e-06,"[25, 12, 33, 3, 31, 0, 0, 0]"
allan,"['AE', 'L', 'AH', 'N']","['al', 'lan']","['all', 'an']",0.4,6.31e-06,"[2, 25, 3, 27, 0, 0, 0, 0]"
asian,"['EY', 'ZH', 'AH', 'N']","['asi', 'an']","['as', 'ian']",0.4,4.9e-05,"[9, 39, 3, 27, 0, 0, 0, 0]"
depot,"['D', 'IY', 'P', 'OW']","['de', 'pot']","['dep', 'ot']",0.4,8.91e-06,"[18, 11, 29, 12, 0, 0, 0, 0]"
mitsubishi,"['M', 'IH', 'T', 'S', 'UW', 'B', 'IY', 'SH', 'IY']","['mit', 'subishi']","['m', 'its', 'ub', 'ishi']",0.4,2.19e-06,"[26, 10, 33, 31, 15, 16, 11, 32]"
fuzzy,"['F', 'AH', 'Z', 'IY']",['fuzzy'],"['f', 'uz', 'zy']",0.4,4.47e-06,"[20, 3, 38, 11, 0, 0, 0, 0]"
irrigation,"['IH', 'R', 'AH', 'G', 'EY', 'SH', 'AH', 'N']","['ir', 'rig', 'a', 'tion']","['irr', 'igation']",0.4,4.9e-06,"[10, 30, 3, 21, 9, 32, 3, 27]"
wendy,"['W', 'EH', 'N', 'D', 'IY']",['wendy'],"['w', 'end', 'y']",0.4,6.92e-06,"[36, 7, 27, 18, 11, 0, 0, 0]"
india,"['IH', 'N', 'D', 'IY', 'AH']","['in', 'dia']","['ind', 'ia']",0.4,0.00011,"[10, 27, 18, 11, 3, 0, 0, 0]"
david,"['D', 'EY', 'V', 'IH', 'D']","['dav', 'id']","['d', 'avid']",0.4,0.000135,"[18, 9, 35, 10, 18, 0, 0, 0]"
conceptual,"['K', 'AH', 'N', 'S', 'EH', 'P', 'CH', 'UW', 'AH', 'L']","['con', 'cep', 'tu', 'al']","['concept', 'ual']",0.4,4.17e-06,"[24, 3, 27, 31, 7, 29, 17, 15]"
allah,"['AA', 'L', 'AH']","['al', 'lah']","['all', 'ah']",0.4,7.76e-06,"[1, 25, 3, 0, 0, 0, 0, 0]"
daisy,"['D', 'EY', 'Z', 'IY']",['daisy'],"['d', 'ais', 'y']",0.4,6.03e-06,"[18, 9, 38, 11, 0, 0, 0, 0]"
craig,"['K', 'R', 'EY', 'G']",['craig'],"['c', 'ra', 'ig']",0.4,1.51e-05,"[24, 30, 9, 21, 0, 0, 0, 0]"
tokyo,"['T', 'OW', 'K', 'IY', 'OW']",['tokyo'],"['to', 'ky', 'o']",0.4,1.86e-05,"[33, 12, 24, 11, 12, 0, 0, 0]"
tiger,"['T', 'AY', 'G', 'ER']","['ti', 'ger']","['t', 'iger']",0.4,2e-05,"[33, 6, 21, 8, 0, 0, 0, 0]"
diana,"['D', 'AY', 'AE', 'N', 'AH']","['di', 'ana']","['d', 'iana']",0.4,1.05e-05,"[18, 6, 2, 27, 3, 0, 0, 0]"
kathy,"['K', 'AE', 'TH', 'IY']",['kathy'],"['k', 'ath', 'y']",0.4,4.68e-06,"[24, 2, 34, 11, 0, 0, 0, 0]"
yahoo,"['Y', 'AA', 'HH', 'UW']","['ya', 'hoo']","['y', 'ahoo']",0.4,7.24e-06,"[37, 1, 22, 15, 0, 0, 0, 0]"
logan,"['L', 'OW', 'G', 'AH', 'N']","['lo', 'gan']","['log', 'an']",0.4,1.1e-05,"[25, 12, 21, 3, 27, 0, 0, 0]"
omaha,"['OW', 'M', 'AH', 'HH', 'AA']",['omaha'],"['o', 'ma', 'ha']",0.4,4.07e-06,"[12, 26, 3, 22, 1, 0, 0, 0]"
brian,"['B', 'R', 'AY', 'AH', 'N']","['bri', 'an']","['b', 'rian']",0.4,2.95e-05,"[16, 30, 6, 3, 27, 0, 0, 0]"
korea,"['K', 'AO', 'R', 'IY', 'AH']",['korea'],"['k', 'ore', 'a']",0.4,4.47e-05,"[24, 4, 30, 11, 3, 0, 0, 0]"
julie,"['JH', 'UW', 'L', 'IY']","['ju', 'lie']","['jul', 'ie']",0.4,1.23e-05,"[23, 15, 25, 11, 0, 0, 0, 0]"
indonesian,"['IH', 'N', 'D', 'OW', 'N', 'IY', 'ZH', 'AH', 'N']","['in', 'done', 'sian']","['ind', 'ones', 'ian']",0.4,7.76e-06,"[10, 27, 18, 12, 27, 11, 39, 3]"
jenny,"['JH', 'EH', 'N', 'IY']",['jenny'],"['j', 'en', 'ny']",0.4,7.76e-06,"[23, 7, 27, 11, 0, 0, 0, 0]"
oasis,"['OW', 'EY', 'S', 'IH', 'S']","['oas', 'is']","['o', 'asis']",0.4,3.63e-06,"[12, 9, 31, 10, 31, 0, 0, 0]"
bunny,"['B', 'AH', 'N', 'IY']",['bunny'],"['b', 'un', 'ny']",0.4,7.59e-06,"[16, 3, 27, 11, 0, 0, 0, 0]"
cubic,"['K', 'Y', 'UW', 'B', 'IH', 'K']","['cu', 'bic']","['cub', 'ic']",0.4,5.13e-06,"[24, 37, 15, 16, 10, 24, 0, 0]"
alloy,"['AE', 'L', 'OY']","['al', 'loy']","['all', 'oy']",0.4,4.07e-06,"[2, 25, 13, 0, 0, 0, 0, 0]"
expiration,"['EH', 'K', 'S', 'P', 'ER', 'EY', 'SH', 'AH', 'N']","['ex', 'pir', 'a', 'tion']","['exp', 'iration']",0.4,3.02e-06,"[7, 24, 31, 29, 8, 9, 32, 3]"
casey,"['K', 'EY', 'S', 'IY']","['ca', 'sey']","['case', 'y']",0.4,9.12e-06,"[24, 9, 31, 11, 0, 0, 0, 0]"
indigenous,"['IH', 'N', 'D', 'IH', 'JH', 'AH', 'N', 'AH', 'S']","['in', 'di', 'gen', 'ous']","['ind', 'igenous']",0.4,1.45e-05,"[10, 27, 18, 10, 23, 3, 27, 3]"
yukon,"['Y', 'UW', 'K', 'AA', 'N']",['yukon'],"['y', 'uk', 'on']",0.4,1.55e-06,"[37, 15, 24, 1, 27, 0, 0, 0]"
logos,"['L', 'OW', 'G', 'OW', 'Z']","['lo', 'gos']","['log', 'os']",0.4,3.39e-06,"[25, 12, 21, 12, 38, 0, 0, 0]"
nokia,"['N', 'OW', 'K', 'IY', 'AH']",['nokia'],"['n', 'ok', 'ia']",0.4,4.57e-06,"[27, 12, 24, 11, 3, 0, 0, 0]"
davis,"['D', 'EY', 'V', 'AH', 'S']","['dav', 'is']","['d', 'avis']",0.4,3.09e-05,"[18, 9, 35, 3, 31, 0, 0, 0]"
ambassador,"['AE', 'M', 'B', 'AE', 'S', 'AH', 'D', 'ER']","['am', 'bas', 'sad', 'or']","['amb', 'assador']",0.4,2.24e-05,"[2, 26, 16, 2, 31, 3, 18, 8]"
kenny,"['K', 'EH', 'N', 'IY']",['kenny'],"['k', 'en', 'ny']",0.4,1.07e-05,"[24, 7, 27, 11, 0, 0, 0, 0]"
mason,"['M', 'EY', 'S', 'AH', 'N']","['ma', 'son']","['m', 'ason']",0.4,1.38e-05,"[26, 9, 31, 3, 27, 0, 0, 0]"
kodak,"['K', 'OW', 'D', 'AE', 'K']",['kodak'],"['k', 'od', 'ak']",0.4,1.82e-06,"[24, 12, 18, 2, 24, 0, 0, 0]"
syria,"['S', 'IH', 'R', 'IY', 'AH']","['syr', 'ia']","['sy', 'ria']",0.4,2.51e-05,"[31, 10, 30, 11, 3, 0, 0, 0]"
simon,"['S', 'AY', 'M', 'AH', 'N']","['si', 'mon']","['sim', 'on']",0.4,3.02e-05,"[31, 6, 26, 3, 27, 0, 0, 0]"
tahoe,"['T', 'AE', 'HH', 'OW']",['tahoe'],"['t', 'ah', 'oe']",0.4,1.58e-06,"[33, 2, 22, 12, 0, 0, 0, 0]"
tulsa,"['T', 'AH', 'L', 'S', 'AH']",['tulsa'],"['t', 'ul', 'sa']",0.4,3.02e-06,"[33, 3, 25, 31, 3, 0, 0, 0]"
sudan,"['S', 'UW', 'D', 'AE', 'N']","['su', 'dan']","['sud', 'an']",0.4,7.94e-06,"[31, 15, 18, 2, 27, 0, 0, 0]"
relocation,"['R', 'IY', 'L', 'OW', 'K', 'EY', 'SH', 'AH', 'N']","['re', 'lo', 'ca', 'tion']","['rel', 'ocation']",0.4,3.72e-06,"[30, 11, 25, 12, 24, 9, 32, 3]"
diane,"['D', 'AY', 'AE', 'N']","['di', 'ane']","['d', 'iane']",0.4,6.76e-06,"[18, 6, 2, 27, 0, 0, 0, 0]"
ecological,"['IY', 'K', 'AH', 'L', 'AA', 'JH', 'IH', 'K', 'AH', 'L']","['eco', 'lo', 'gic', 'al']","['ec', 'ological']",0.4,6.03e-06,"[11, 24, 3, 25, 1, 23, 10, 24]"
lucas,"['L', 'UW', 'K', 'AH', 'S']","['lu', 'cas']","['luc', 'as']",0.4,1.23e-05,"[25, 15, 24, 3, 31, 0, 0, 0]"
lyric,"['L', 'IH', 'R', 'IH', 'K']","['lyr', 'ic']","['ly', 'ric']",0.4,4.27e-06,"[25, 10, 30, 10, 24, 0, 0, 0]"
lewis,"['L', 'UW', 'IH', 'S']",['lewis'],"['le', 'w', 'is']",0.4,3.02e-05,"[25, 15, 10, 31, 0, 0, 0, 0]"
nikon,"['N', 'AY', 'K', 'AA', 'N']",['nikon'],"['n', 'ik', 'on']",0.4,2.14e-06,"[27, 6, 24, 1, 27, 0, 0, 0]"
lucia,"['L', 'UW', 'SH', 'AH']","['lu', 'cia']","['luc', 'ia']",0.4,2.82e-06,"[25, 15, 32, 3, 0, 0, 0, 0]"
tumor,"['T', 'UW', 'M', 'ER']","['tu', 'mor']","['tum', 'or']",0.4,9.33e-06,"[33, 15, 26, 8, 0, 0, 0, 0]"
haiti,"['HH', 'EY', 'T', 'IY']",['haiti'],"['h', 'ait', 'i']",0.4,5.25e-06,"[22, 9, 33, 11, 0, 0, 0, 0]"
exams,"['IH', 'G', 'Z', 'AE', 'M', 'Z']","['ex', 'ams']","['exam', 's']",0.4,1e-05,"[10, 21, 38, 2, 26, 38, 0, 0]"
azerbaijan,"['AA', 'Z', 'ER', 'B', 'AY', 'JH', 'AA', 'N']",['azerbaijan'],"['a', 'zer', 'ba', 'ij', 'an']",0.4,3.02e-06,"[1, 38, 8, 16, 6, 23, 1, 27]"
julia,"['JH', 'UW', 'L', 'Y', 'AH']","['ju', 'lia']","['jul', 'ia']",0.4,1.32e-05,"[23, 15, 25, 37, 3, 0, 0, 0]"
madagascar,"['M', 'AE', 'D', 'AH', 'G', 'AE', 'S', 'K', 'ER']","['mad', 'a', 'gas', 'car']","['mad', 'ag', 'asc', 'ar']",0.4,2.45e-06,"[26, 2, 18, 3, 21, 2, 31, 24]"
mazda,"['M', 'AA', 'Z', 'D', 'AH']",['mazda'],"['m', 'az', 'da']",0.4,2.19e-06,"[26, 1, 38, 18, 3, 0, 0, 0]"
cumulative,"['K', 'Y', 'UW', 'M', 'Y', 'AH', 'L', 'AH', 'T', 'IH', 'V']","['cu', 'mu', 'lat', 'ive']","['cum', 'ulative']",0.4,3.55e-06,"[24, 37, 15, 26, 37, 3, 25, 3]"
casio,"['K', 'AE', 'S', 'IY', 'OW']","['ca', 'sio']","['cas', 'io']",0.4,5.37e-07,"[24, 2, 31, 11, 12, 0, 0, 0]"
ellen,"['EH', 'L', 'AH', 'N']","['el', 'len']","['', 'ellen']",0.4,1.12e-05,"[7, 25, 3, 27, 0, 0, 0, 0]"
geological,"['JH', 'IY', 'AH', 'L', 'AA', 'JH', 'IH', 'K', 'AH', 'L']","['geo', 'lo', 'gic', 'al']","['ge', 'ological']",0.4,6.61e-06,"[23, 11, 3, 25, 1, 23, 10, 24]"
vocational,"['V', 'OW', 'K', 'EY', 'SH', 'AH', 'N', 'AH', 'L']","['vo', 'ca', 'tion', 'al']","['voc', 'ational']",0.4,4.47e-06,"[35, 12, 24, 9, 32, 3, 27, 3]"
annie,"['AE', 'N', 'IY']","['an', 'nie']","['ann', 'ie']",0.4,8.71e-06,"[2, 27, 11, 0, 0, 0, 0, 0]"
ellis,"['EH', 'L', 'IH', 'S']","['el', 'lis']","['ell', 'is']",0.4,8.91e-06,"[7, 25, 10, 31, 0, 0, 0, 0]"
indie,"['IH', 'N', 'D', 'IY']","['in', 'die']","['ind', 'ie']",0.4,1e-05,"[10, 27, 18, 11, 0, 0, 0, 0]"
calculator,"['K', 'AE', 'L', 'K', 'Y', 'AH', 'L', 'EY', 'T', 'ER']","['cal', 'cu', 'lat', 'or']","['calcul', 'ator']",0.4,3.63e-06,"[24, 2, 25, 24, 37, 3, 25, 9]"
ghana,"['G', 'AE', 'N', 'AH']",['ghana'],"['g', 'h', 'ana']",0.4,7.94e-06,"[21, 2, 27, 3, 0, 0, 0, 0]"
yemen,"['Y', 'EH', 'M', 'AH', 'N']","['ye', 'men']","['y', 'emen']",0.4,7.59e-06,"[37, 7, 26, 3, 27, 0, 0, 0]"
xanax,"['Z', 'AE', 'N', 'AE', 'K', 'S']",['xanax'],"['x', 'an', 'ax']",0.4,1.51e-06,"[38, 2, 27, 2, 24, 31, 0, 0]"
johns,"['JH', 'AA', 'N', 'Z']",['johns'],"['j', 'ohn', 's']",0.4,6.92e-06,"[23, 1, 27, 38, 0, 0, 0, 0]"
teddy,"['T', 'EH', 'D', 'IY']",['teddy'],"['t', 'ed', 'dy']",0.4,7.59e-06,"[33, 7, 18, 11, 0, 0, 0, 0]"
alexandria,"['AE', 'L', 'AH', 'G', 'Z', 'AE', 'N', 'D', 'R', 'IY', 'AH']","['al', 'ex', 'an', 'dria']","['a', 'lex', 'and', 'ria']",0.4,5.89e-06,"[2, 25, 3, 21, 38, 2, 27, 18]"
allen,"['AE', 'L', 'AH', 'N']","['al', 'len']","['all', 'en']",0.4,2.4e-05,"[2, 25, 3, 27, 0, 0, 0, 0]"
kevin,"['K', 'EH', 'V', 'IH', 'N']","['kev', 'in']","['ke', 'vin']",0.4,3.63e-05,"[24, 7, 35, 10, 27, 0, 0, 0]"
contamination,"['K', 'AH', 'N', 'T', 'AE', 'M', 'AH', 'N', 'EY', 'SH', 'AH', 'N']","['con', 'tam', 'in', 'a', 'tion']","['cont', 'amination']",0.38461538461538464,5.01e-06,"[24, 3, 27, 33, 2, 26, 3, 27]"
notifications,"['N', 'OW', 'T', 'AH', 'F', 'AH', 'K', 'EY', 'SH', 'AH', 'N', 'Z']","['no', 'ti', 'fic', 'a', 'tions']","['not', 'ifications']",0.38461538461538464,4.57e-06,"[27, 12, 33, 3, 20, 3, 24, 9]"
administrator,"['AH', 'D', 'M', 'IH', 'N', 'AH', 'S', 'T', 'R', 'EY', 'T', 'ER']","['ad', 'min', 'is', 'trat', 'or']","['administr', 'ator']",0.38461538461538464,1.17e-05,"[3, 18, 26, 10, 27, 3, 31, 33]"
architectural,"['AA', 'R', 'K', 'AH', 'T', 'EH', 'K', 'CH', 'ER', 'AH', 'L']","['ar', 'chi', 'tec', 'tur', 'al']","['architect', 'ural']",0.38461538461538464,9.12e-06,"[1, 30, 24, 3, 33, 7, 24, 17]"
biotechnology,"['B', 'AY', 'OW', 'T', 'EH', 'K', 'N', 'AA', 'L', 'AH', 'JH', 'IY']","['bi', 'o', 'tech', 'no', 'logy']","['bi', 'ote', 'chn', 'ology']",0.38461538461538464,2.63e-06,"[16, 6, 12, 33, 7, 24, 27, 1]"
computational,"['K', 'AA', 'M', 'P', 'Y', 'UW', 'T', 'EY', 'SH', 'AH', 'N', 'AH', 'L']","['com', 'pu', 'ta', 'tion', 'al']","['comput', 'ational']",0.38461538461538464,4.17e-06,"[24, 1, 26, 29, 37, 15, 33, 9]"
judicial,"['JH', 'UW', 'D', 'IH', 'SH', 'AH', 'L']","['ju', 'di', 'cial']","['jud', 'icial']",0.375,1.38e-05,"[23, 15, 18, 10, 32, 3, 25, 0]"
jonathan,"['JH', 'AA', 'N', 'AH', 'TH', 'AH', 'N']","['jonath', 'an']","['j', 'on', 'athan']",0.375,2.04e-05,"[23, 1, 27, 3, 34, 3, 27, 0]"
shepherd,"['SH', 'EH', 'P', 'ER', 'D']","['shep', 'herd']","['she', 'pher', 'd']",0.375,7.94e-06,"[32, 7, 29, 8, 18, 0, 0, 0]"
scottish,"['S', 'K', 'AA', 'T', 'IH', 'SH']","['scot', 'tish']","['sc', 'ott', 'ish']",0.375,3.98e-05,"[31, 24, 1, 33, 10, 32, 0, 0]"
bachelor,"['B', 'AE', 'CH', 'AH', 'L', 'ER']","['bach', 'el', 'or']","['b', 'achelor']",0.375,9.33e-06,"[16, 2, 17, 3, 25, 8, 0, 0]"
cassette,"['K', 'AH', 'S', 'EH', 'T']","['cas', 'sette']","['c', 'ass', 'ette']",0.375,2.51e-06,"[24, 3, 31, 7, 33, 0, 0, 0]"
aquarium,"['AH', 'K', 'W', 'EH', 'R', 'IY', 'AH', 'M']","['aquar', 'i', 'um']","['aqu', 'arium']",0.375,3.63e-06,"[3, 24, 36, 7, 30, 11, 3, 26]"
platinum,"['P', 'L', 'AE', 'T', 'N', 'AH', 'M']","['plat', 'in', 'um']","['pl', 'atinum']",0.375,1.05e-05,"[29, 25, 2, 33, 27, 3, 26, 0]"
colombia,"['K', 'AH', 'L', 'AH', 'M', 'B', 'IY', 'AH']","['colom', 'bia']","['col', 'omb', 'ia']",0.375,8.91e-06,"[24, 3, 25, 3, 26, 16, 11, 3]"
genetics,"['JH', 'AH', 'N', 'EH', 'T', 'IH', 'K', 'S']","['ge', 'net', 'ics']","['gen', 'etics']",0.375,6.92e-06,"[23, 3, 27, 7, 33, 10, 24, 31]"
mongolia,"['M', 'AA', 'NG', 'G', 'OW', 'L', 'IY', 'AH']","['mon', 'go', 'lia']","['mong', 'olia']",0.375,2.19e-06,"[26, 1, 28, 21, 12, 25, 11, 3]"
antibody,"['AE', 'N', 'T', 'IH', 'B', 'AA', 'D', 'IY']","['an', 'ti', 'body']","['antib', 'ody']",0.375,2.88e-06,"[2, 27, 33, 10, 16, 1, 18, 11]"
tomatoes,"['T', 'AH', 'M', 'EY', 'T', 'OW', 'Z']","['to', 'ma', 'toes']","['tom', 'atoes']",0.375,7.94e-06,"[33, 3, 26, 9, 33, 12, 38, 0]"
columbus,"['K', 'AH', 'L', 'AH', 'M', 'B', 'AH', 'S']","['colum', 'bus']","['col', 'umb', 'us']",0.375,1.1e-05,"[24, 3, 25, 3, 26, 16, 3, 31]"
surgical,"['S', 'ER', 'JH', 'IH', 'K', 'AH', 'L']","['sur', 'gic', 'al']","['surg', 'ical']",0.375,1.12e-05,"[31, 8, 23, 10, 24, 3, 25, 0]"
phillips,"['F', 'IH', 'L', 'IH', 'P', 'S']","['phil', 'lips']","['ph', 'ill', 'ips']",0.375,1.07e-05,"[20, 10, 25, 10, 29, 31, 0, 0]"
zimbabwe,"['Z', 'IH', 'M', 'B', 'AA', 'B', 'W', 'EY']","['zi', 'm', 'b', 'ab', 'we']","['z', 'imb', 'ab', 'we']",0.375,5.37e-06,"[38, 10, 26, 16, 1, 16, 36, 9]"
biblical,"['B', 'IH', 'B', 'L', 'AH', 'K', 'AH', 'L']","['bib', 'lic', 'al']","['b', 'iblical']",0.375,8.32e-06,"[16, 10, 16, 25, 3, 24, 3, 25]"
portugal,"['P', 'AO', 'R', 'CH', 'AH', 'G', 'AH', 'L']","['por', 'tugal']","['port', 'ug', 'al']",0.375,1.26e-05,"[29, 4, 30, 17, 3, 21, 3, 25]"
cottages,"['K', 'AA', 'T', 'IH', 'JH', 'IH', 'Z']","['cot', 'tages']","['c', 'ott', 'ages']",0.375,2.57e-06,"[24, 1, 33, 10, 23, 10, 38, 0]"
develops,"['D', 'IH', 'V', 'EH', 'L', 'AH', 'P', 'S']","['de', 'vel', 'ops']","['develop', 's']",0.375,7.76e-06,"[18, 10, 35, 7, 25, 3, 29, 31]"
brussels,"['B', 'R', 'AH', 'S', 'AH', 'L', 'Z']","['brus', 'sels']","['br', 'uss', 'els']",0.375,9.77e-06,"[16, 30, 3, 31, 3, 25, 38, 0]"
mcdonald,"['M', 'AH', 'K', 'D', 'AA', 'N', 'AH', 'L', 'D']","['mc', 'don', 'ald']","['m', 'cd', 'on', 'ald']",0.375,5.89e-06,"[26, 3, 24, 18, 1, 27, 3, 25]"
cellular,"['S', 'EH', 'L', 'Y', 'AH', 'L', 'ER']","['cel', 'lu', 'lar']","['cell', 'ular']",0.375,7.76e-06,"[31, 7, 25, 37, 3, 25, 8, 0]"
humidity,"['HH', 'Y', 'UW', 'M', 'IH', 'D', 'AH', 'T', 'IY']","['hu', 'mid', 'ity']","['hum', 'idity']",0.375,6.76e-06,"[22, 37, 15, 26, 10, 18, 3, 33]"
malaysia,"['M', 'AH', 'L', 'EY', 'ZH', 'AH']","['malay', 'sia']","['mal', 'ays', 'ia']",0.375,1.91e-05,"[26, 3, 25, 9, 39, 3, 0, 0]"
vibrator,"['V', 'AY', 'B', 'R', 'EY', 'T', 'ER']","['vi', 'brat', 'or']","['vibr', 'ator']",0.375,1.29e-06,"[35, 6, 16, 30, 9, 33, 8, 0]"
brunette,"['B', 'R', 'UW', 'N', 'EH', 'T']","['bru', 'nette']","['br', 'un', 'ette']",0.375,2.51e-06,"[16, 30, 15, 27, 7, 33, 0, 0]"
notified,"['N', 'OW', 'T', 'AH', 'F', 'AY', 'D']","['no', 'ti', 'fied']","['not', 'ified']",0.375,6.76e-06,"[27, 12, 33, 3, 20, 6, 18, 0]"
reliance,"['R', 'IH', 'L', 'AY', 'AH', 'N', 'S']","['re', 'li', 'ance']","['rel', 'iance']",0.375,6.46e-06,"[30, 10, 25, 6, 3, 27, 31, 0]"
tanzania,"['T', 'AE', 'N', 'Z', 'EY', 'N', 'IY', 'AH']","['tan', 'zania']","['t', 'anz', 'ania']",0.375,3.72e-06,"[33, 2, 27, 38, 9, 27, 11, 3]"
delivers,"['D', 'IH', 'L', 'IH', 'V', 'ER', 'Z']","['de', 'liv', 'ers']","['del', 'ivers']",0.375,7.24e-06,"[18, 10, 25, 10, 35, 8, 38, 0]"
nitrogen,"['N', 'AY', 'T', 'R', 'AH', 'JH', 'AH', 'N']","['ni', 'tro', 'gen']","['nit', 'rogen']",0.375,5.75e-06,"[27, 6, 33, 30, 3, 23, 3, 27]"
victoria,"['V', 'IH', 'K', 'T', 'AO', 'R', 'IY', 'AH']","['vic', 'tor', 'ia']","['vict', 'oria']",0.375,2.75e-05,"[35, 10, 24, 33, 4, 30, 11, 3]"
kentucky,"['K', 'AH', 'N', 'T', 'AH', 'K', 'IY']","['ken', 'tucky']","['k', 'ent', 'ucky']",0.375,2e-05,"[24, 3, 27, 33, 3, 24, 11, 0]"
frontier,"['F', 'R', 'AH', 'N', 'T', 'IH', 'R']","['fron', 'ti', 'er']","['front', 'ier']",0.375,9.33e-06,"[20, 30, 3, 27, 33, 10, 30, 0]"
nebraska,"['N', 'AH', 'B', 'R', 'AE', 'S', 'K', 'AH']","['neb', 'raska']","['ne', 'br', 'aska']",0.375,9.55e-06,"[27, 3, 16, 30, 2, 31, 24, 3]"
medicaid,"['M', 'EH', 'D', 'AH', 'K', 'EY', 'D']","['medi', 'caid']","['med', 'ica', 'id']",0.375,5.5e-06,"[26, 7, 18, 3, 24, 9, 18, 0]"
jennifer,"['JH', 'EH', 'N', 'AH', 'F', 'ER']","['jen', 'nifer']","['j', 'enn', 'ifer']",0.375,1.55e-05,"[23, 7, 27, 3, 20, 8, 0, 0]"
symantec,"['S', 'IH', 'M', 'AE', 'N', 'T', 'EH', 'K']","['sy', 'mantec']","['sym', 'ante', 'c']",0.375,4.37e-07,"[31, 10, 26, 2, 27, 33, 7, 24]"
shanghai,"['SH', 'AE', 'NG', 'HH', 'AY']","['shang', 'hai']","['sh', 'an', 'ghai']",0.375,1.1e-05,"[32, 2, 28, 22, 6, 0, 0, 0]"
cadillac,"['K', 'AE', 'D', 'AH', 'L', 'AE', 'K']","['ca', 'dillac']","['cad', 'ill', 'ac']",0.375,3.02e-06,"[24, 2, 18, 3, 25, 2, 24, 0]"
pavilion,"['P', 'AH', 'V', 'IH', 'L', 'Y', 'AH', 'N']","['pa', 'vil', 'ion']","['p', 'av', 'il', 'ion']",0.375,4.17e-06,"[29, 3, 35, 10, 25, 37, 3, 27]"
sullivan,"['S', 'AH', 'L', 'AH', 'V', 'AH', 'N']","['sul', 'li', 'van']","['sull', 'ivan']",0.375,8.51e-06,"[31, 3, 25, 3, 35, 3, 27, 0]"
suburban,"['S', 'AH', 'B', 'ER', 'B', 'AH', 'N']","['sub', 'urb', 'an']","['subur', 'ban']",0.375,8.13e-06,"[31, 3, 16, 8, 16, 3, 27, 0]"
egyptian,"['IH', 'JH', 'IH', 'P', 'SH', 'AH', 'N']","['egyp', 'tian']","['egy', 'pt', 'ian']",0.375,1.62e-05,"[10, 23, 10, 29, 32, 3, 27, 0]"
fountain,"['F', 'AW', 'N', 'T', 'AH', 'N']","['foun', 'tain']","['f', 'ount', 'ain']",0.375,8.13e-06,"[20, 5, 27, 33, 3, 27, 0, 0]"
arkansas,"['AA', 'R', 'K', 'AH', 'N', 'S', 'AA']","['arkan', 'sas']","['ar', 'k', 'ansas']",0.375,1.12e-05,"[1, 30, 24, 3, 27, 31, 1, 0]"
endorsed,"['EH', 'N', 'D', 'AO', 'R', 'S', 'T']","['en', 'dorsed']","['end', 'ors', 'ed']",0.375,7.41e-06,"[7, 27, 18, 4, 30, 31, 33, 0]"
thailand,"['T', 'AY', 'L', 'AE', 'N', 'D']","['thai', 'l', 'and']","['th', 'ailand']",0.375,1.66e-05,"[33, 6, 25, 2, 27, 18, 0, 0]"
anderson,"['AE', 'N', 'D', 'ER', 'S', 'AH', 'N']","['an', 'der', 'son']","['and', 'erson']",0.375,2.29e-05,"[2, 27, 18, 8, 31, 3, 27, 0]"
realtors,"['R', 'IY', 'AH', 'L', 'T', 'ER', 'Z']","['re', 'altors']","['real', 't', 'ors']",0.375,8.91e-07,"[30, 11, 3, 25, 33, 8, 38, 0]"
recorder,"['R', 'IH', 'K', 'AO', 'R', 'D', 'ER']","['re', 'cord', 'er']","['rec', 'order']",0.375,5.13e-06,"[30, 10, 24, 4, 30, 18, 8, 0]"
refurbished,"['R', 'IY', 'F', 'ER', 'B', 'IH', 'SH', 'T']","['re', 'fur', 'bished']","['ref', 'urb', 'ished']",0.36363636363636365,2.45e-06,"[30, 11, 20, 8, 16, 10, 32, 33]"
promotional,"['P', 'R', 'AH', 'M', 'OW', 'SH', 'AH', 'N', 'AH', 'L']","['pro', 'mo', 'tion', 'al']","['promot', 'ional']",0.36363636363636365,7.41e-06,"[29, 30, 3, 26, 12, 32, 3, 27]"
integrating,"['IH', 'N', 'T', 'AH', 'G', 'R', 'EY', 'T', 'IH', 'NG']","['in', 'teg', 'rat', 'ing']","['integr', 'ating']",0.36363636363636365,3.31e-06,"[10, 27, 33, 3, 21, 30, 9, 33]"
coordinator,"['K', 'OW', 'AO', 'R', 'D', 'AH', 'N', 'EY', 'T', 'ER']","['co', 'ordin', 'at', 'or']","['coord', 'inator']",0.36363636363636365,8.13e-06,"[24, 12, 4, 30, 18, 3, 27, 9]"
arbitration,"['AA', 'R', 'B', 'IH', 'T', 'R', 'EY', 'SH', 'AH', 'N']","['ar', 'bit', 'ra', 'tion']","['arbitr', 'ation']",0.36363636363636365,5.25e-06,"[1, 30, 16, 10, 33, 30, 9, 32]"
replication,"['R', 'EH', 'P', 'L', 'AH', 'K', 'EY', 'SH', 'AH', 'N']","['rep', 'lic', 'a', 'tion']","['re', 'plication']",0.36363636363636365,2.63e-06,"[30, 7, 29, 25, 3, 24, 9, 32]"
calculators,"['K', 'AE', 'L', 'K', 'Y', 'AH', 'L', 'EY', 'T', 'ER', 'Z']","['cal', 'cu', 'lat', 'ors']","['calcul', 'ators']",0.36363636363636365,9.55e-07,"[24, 2, 25, 24, 37, 3, 25, 9]"
occupations,"['AA', 'K', 'Y', 'AH', 'P', 'EY', 'SH', 'AH', 'N', 'Z']","['oc', 'cu', 'pa', 'tions']","['occup', 'ations']",0.36363636363636365,2.75e-06,"[1, 24, 37, 3, 29, 9, 32, 3]"
termination,"['T', 'ER', 'M', 'AH', 'N', 'EY', 'SH', 'AH', 'N']","['ter', 'min', 'a', 'tion']","['term', 'ination']",0.36363636363636365,5.37e-06,"[33, 8, 26, 3, 27, 9, 32, 3]"
legislative,"['L', 'EH', 'JH', 'AH', 'S', 'L', 'EY', 'T', 'IH', 'V']","['le', 'gis', 'lat', 'ive']","['legisl', 'ative']",0.36363636363636365,2.09e-05,"[25, 7, 23, 3, 31, 25, 9, 33]"
designation,"['D', 'EH', 'Z', 'AH', 'G', 'N', 'EY', 'SH', 'AH', 'N']","['des', 'ig', 'na', 'tion']","['design', 'ation']",0.36363636363636365,5.75e-06,"[18, 7, 38, 3, 21, 27, 9, 32]"
smithsonian,"['S', 'M', 'IH', 'TH', 'S', 'OW', 'N', 'IY', 'AH', 'N']","['smith', 'so', 'ni', 'an']","['sm', 'ith', 'son', 'ian']",0.36363636363636365,2.51e-06,"[31, 26, 10, 34, 31, 12, 27, 11]"
invitations,"['IH', 'N', 'V', 'IH', 'T', 'EY', 'SH', 'AH', 'N', 'Z']","['in', 'vit', 'a', 'tions']","['inv', 'itations']",0.36363636363636365,2.57e-06,"[10, 27, 35, 10, 33, 9, 32, 3]"
automobiles,"['AO', 'T', 'AH', 'M', 'OW', 'B', 'IY', 'L', 'Z']","['auto', 'mo', 'biles']","['autom', 'ob', 'iles']",0.36363636363636365,3.09e-06,"[4, 33, 3, 26, 12, 16, 11, 25]"
mississippi,"['M', 'IH', 'S', 'IH', 'S', 'IH', 'P', 'IY']","['mis', 'sis', 'sippi']","['miss', 'iss', 'ippi']",0.36363636363636365,1.55e-05,"[26, 10, 31, 10, 31, 10, 29, 11]"
syndication,"['S', 'IH', 'N', 'D', 'IH', 'K', 'EY', 'SH', 'AH', 'N']","['syn', 'dic', 'a', 'tion']","['synd', 'ication']",0.36363636363636365,6.31e-07,"[31, 10, 27, 18, 10, 24, 9, 32]"
inspections,"['IH', 'N', 'S', 'P', 'EH', 'K', 'SH', 'AH', 'N', 'Z']","['in', 'spec', 'tions']","['ins', 'pe', 'ctions']",0.36363636363636365,4.27e-06,"[10, 27, 31, 29, 7, 24, 32, 3]"
reservation,"['R', 'EH', 'Z', 'ER', 'V', 'EY', 'SH', 'AH', 'N']","['re', 'ser', 'va', 'tion']","['reserv', 'ation']",0.36363636363636365,8.91e-06,"[30, 7, 38, 8, 35, 9, 32, 3]"
conditional,"['K', 'AH', 'N', 'D', 'IH', 'SH', 'AH', 'N', 'AH', 'L']","['con', 'di', 'tion', 'al']","['cond', 'itional']",0.36363636363636365,3.89e-06,"[24, 3, 27, 18, 10, 32, 3, 27]"
penetration,"['P', 'EH', 'N', 'AH', 'T', 'R', 'EY', 'SH', 'AH', 'N']","['pen', 'et', 'ra', 'tion']","['penetr', 'ation']",0.36363636363636365,5.13e-06,"[29, 7, 27, 3, 33, 30, 9, 32]"
manufacture,"['M', 'AE', 'N', 'Y', 'AH', 'F', 'AE', 'K', 'CH', 'ER']","['man', 'u', 'fac', 'ture']","['manufact', 'ure']",0.36363636363636365,9.55e-06,"[26, 2, 27, 37, 3, 20, 2, 24]"
administrators,"['AE', 'D', 'M', 'IH', 'N', 'IH', 'S', 'T', 'R', 'EY', 'T', 'ER', 'Z']","['ad', 'min', 'is', 'trat', 'ors']","['administr', 'ators']",0.35714285714285715,7.08e-06,"[2, 18, 26, 10, 27, 10, 31, 33]"
realty,"['R', 'IY', 'AH', 'L', 'T', 'IY']","['re', 'alty']","['real', 'ty']",0.3333333333333333,2.29e-06,"[30, 11, 3, 25, 33, 11, 0, 0]"
catherine,"['K', 'AE', 'TH', 'ER', 'AH', 'N']","['cath', 'er', 'ine']","['c', 'atherine']",0.3333333333333333,1.29e-05,"[24, 2, 34, 8, 3, 27, 0, 0]"
rwanda,"['R', 'AH', 'W', 'AA', 'N', 'D', 'AH']",['rwanda'],"['r', 'w', 'anda']",0.3333333333333333,3.39e-06,"[30, 3, 36, 1, 27, 18, 3, 0]"
villas,"['V', 'IH', 'L', 'AH', 'Z']","['vil', 'las']","['vill', 'as']",0.3333333333333333,2.75e-06,"[35, 10, 25, 3, 38, 0, 0, 0]"
cox,"['K', 'AA', 'K', 'S']",['cox'],"['co', 'x']",0.3333333333333333,8.71e-06,"[24, 1, 24, 31, 0, 0, 0, 0]"
nextel,"['N', 'EH', 'K', 'S', 'T', 'EH', 'L']","['nex', 'tel']","['next', 'el']",0.3333333333333333,2.09e-07,"[27, 7, 24, 31, 33, 7, 25, 0]"
jay,"['JH', 'EY']",['jay'],"['j', 'ay']",0.3333333333333333,2.4e-05,"[23, 9, 0, 0, 0, 0, 0, 0]"
biz,"['B', 'IH', 'Z']",['biz'],"['b', 'iz']",0.3333333333333333,1.86e-06,"[16, 10, 38, 0, 0, 0, 0, 0]"
angela,"['AE', 'N', 'JH', 'AH', 'L', 'AH']","['an', 'gela']","['ang', 'ela']",0.3333333333333333,1.05e-05,"[2, 27, 23, 3, 25, 3, 0, 0]"
victor,"['V', 'IH', 'K', 'T', 'ER']","['vic', 'tor']","['vict', 'or']",0.3333333333333333,1.51e-05,"[35, 10, 24, 33, 8, 0, 0, 0]"
fingering,"['F', 'IH', 'NG', 'G', 'ER', 'IH', 'NG']","['fin', 'ger', 'ing']","['fing', 'ering']",0.3333333333333333,1.07e-06,"[20, 10, 28, 21, 8, 10, 28, 0]"
stereo,"['S', 'T', 'EH', 'R', 'IY', 'OW']","['ste', 'reo']","['stere', 'o']",0.3333333333333333,5.89e-06,"[31, 33, 7, 30, 11, 12, 0, 0]"
ups,"['AH', 'P', 'S']",['ups'],"['up', 's']",0.3333333333333333,2.57e-05,"[3, 29, 31, 0, 0, 0, 0, 0]"
dallas,"['D', 'AE', 'L', 'AH', 'S']","['dal', 'las']","['d', 'allas']",0.3333333333333333,2.63e-05,"[18, 2, 25, 3, 31, 0, 0, 0]"
spa,"['S', 'P', 'AA']",['spa'],"['sp', 'a']",0.3333333333333333,9.12e-06,"[31, 29, 1, 0, 0, 0, 0, 0]"
dakota,"['D', 'AH', 'K', 'OW', 'T', 'AH']",['dakota'],"['d', 'ak', 'ota']",0.3333333333333333,1.23e-05,"[18, 3, 24, 12, 33, 3, 0, 0]"
intensive,"['IH', 'N', 'T', 'EH', 'N', 'S', 'IH', 'V']","['in', 'tens', 'ive']","['int', 'ensive']",0.3333333333333333,1.15e-05,"[10, 27, 33, 7, 27, 31, 10, 35]"
ted,"['T', 'EH', 'D']",['ted'],"['t', 'ed']",0.3333333333333333,1.82e-05,"[33, 7, 18, 0, 0, 0, 0, 0]"
logistics,"['L', 'AH', 'JH', 'IH', 'S', 'T', 'IH', 'K', 'S']","['lo', 'gist', 'ics']","['log', 'istics']",0.3333333333333333,7.24e-06,"[25, 3, 23, 10, 31, 33, 10, 24]"
excluding,"['IH', 'K', 'S', 'K', 'L', 'UW', 'D', 'IH', 'NG']","['ex', 'clud', 'ing']","['excl', 'uding']",0.3333333333333333,8.32e-06,"[10, 24, 31, 24, 25, 15, 18, 10]"
norman,"['N', 'AO', 'R', 'M', 'AH', 'N']","['nor', 'man']","['norm', 'an']",0.3333333333333333,1.38e-05,"[27, 4, 30, 26, 3, 27, 0, 0]"
connector,"['K', 'AH', 'N', 'EH', 'K', 'T', 'ER']","['con', 'nect', 'or']","['conne', 'ctor']",0.3333333333333333,2.95e-06,"[24, 3, 27, 7, 24, 33, 8, 0]"
macintosh,"['M', 'AE', 'K', 'AH', 'N', 'T', 'AO', 'SH']","['macin', 'tosh']","['mac', 'int', 'osh']",0.3333333333333333,1.26e-06,"[26, 2, 24, 3, 27, 33, 4, 32]"
ken,"['K', 'EH', 'N']",['ken'],"['k', 'en']",0.3333333333333333,1.62e-05,"[24, 7, 27, 0, 0, 0, 0, 0]"
vacations,"['V', 'EY', 'K', 'EY', 'SH', 'AH', 'N', 'Z']","['va', 'ca', 'tions']","['vac', 'ations']",0.3333333333333333,3.24e-06,"[35, 9, 24, 9, 32, 3, 27, 38]"
aaa,"['T', 'R', 'IH', 'P', 'AH', 'L', 'EY']",['aaa'],"['a', 'aa']",0.3333333333333333,5.89e-06,"[33, 30, 10, 29, 3, 25, 9, 0]"
redeem,"['R', 'IH', 'D', 'IY', 'M']","['re', 'deem']","['rede', 'em']",0.3333333333333333,3.39e-06,"[30, 10, 18, 11, 26, 0, 0, 0]"
protocols,"['P', 'R', 'OW', 'T', 'AH', 'K', 'AO', 'L', 'Z']","['pro', 'to', 'cols']","['protocol', 's']",0.3333333333333333,5.75e-06,"[29, 30, 12, 33, 3, 24, 4, 25]"
moscow,"['M', 'AA', 'S', 'K', 'OW']","['mo', 'scow']","['mos', 'cow']",0.3333333333333333,2.63e-05,"[26, 1, 31, 24, 12, 0, 0, 0]"
cbs,"['S', 'IY', 'B', 'IY', 'EH', 'S']",['cbs'],"['c', 'bs']",0.3333333333333333,1.38e-05,"[31, 11, 16, 11, 7, 31, 0, 0]"
coordination,"['K', 'OW', 'AO', 'R', 'D', 'AH', 'N', 'EY', 'SH', 'AH', 'N']","['co', 'ordin', 'a', 'tion']","['coord', 'ination']",0.3333333333333333,7.94e-06,"[24, 12, 4, 30, 18, 3, 27, 9]"
andrew,"['AE', 'N', 'D', 'R', 'UW']","['an', 'drew']","['and', 'rew']",0.3333333333333333,3.72e-05,"[2, 27, 18, 30, 15, 0, 0, 0]"
herbal,"['ER', 'B', 'AH', 'L']","['herb', 'al']","['her', 'bal']",0.3333333333333333,2.29e-06,"[8, 16, 3, 25, 0, 0, 0, 0]"
mae,"['M', 'EY']",['mae'],"['ma', 'e']",0.3333333333333333,4.47e-06,"[26, 9, 0, 0, 0, 0, 0, 0]"
circus,"['S', 'ER', 'K', 'AH', 'S']","['cir', 'cus']","['circ', 'us']",0.3333333333333333,9.55e-06,"[31, 8, 24, 3, 31, 0, 0, 0]"
heater,"['HH', 'IY', 'T', 'ER']","['heat', 'er']","['he', 'ater']",0.3333333333333333,3.55e-06,"[22, 11, 33, 8, 0, 0, 0, 0]"
dee,"['D', 'IY']",['dee'],"['de', 'e']",0.3333333333333333,6.92e-06,"[18, 11, 0, 0, 0, 0, 0, 0]"
examining,"['IH', 'G', 'Z', 'AE', 'M', 'IH', 'N', 'IH', 'NG']","['ex', 'amin', 'ing']","['exam', 'ining']",0.3333333333333333,7.41e-06,"[10, 21, 38, 2, 26, 10, 27, 10]"
pcs,"['P', 'IY', 'S', 'IY', 'Z']",['pcs'],"['p', 'cs']",0.3333333333333333,5.13e-06,"[29, 11, 31, 11, 38, 0, 0, 0]"
attorneys,"['AH', 'T', 'ER', 'N', 'IY', 'Z']","['at', 'tor', 'neys']","['att', 'orneys']",0.3333333333333333,1.02e-05,"[3, 33, 8, 27, 11, 38, 0, 0]"
pty,"['T', 'AY']",['pty'],"['p', 'ty']",0.3333333333333333,1.66e-06,"[33, 6, 0, 0, 0, 0, 0, 0]"
soviet,"['S', 'OW', 'V', 'IY', 'AH', 'T']","['so', 'viet']","['sov', 'iet']",0.3333333333333333,3.47e-05,"[31, 12, 35, 11, 3, 33, 0, 0]"
erotic,"['IH', 'R', 'AA', 'T', 'IH', 'K']","['erot', 'ic']","['er', 'otic']",0.3333333333333333,5.5e-06,"[10, 30, 1, 33, 10, 24, 0, 0]"
easter,"['IY', 'S', 'T', 'ER']","['east', 'er']","['eas', 'ter']",0.3333333333333333,1.32e-05,"[11, 31, 33, 8, 0, 0, 0, 0]"
stuart,"['S', 'T', 'UW', 'ER', 'T']","['stu', 'art']","['st', 'uart']",0.3333333333333333,1.35e-05,"[31, 33, 15, 8, 33, 0, 0, 0]"
microwave,"['M', 'AY', 'K', 'R', 'AH', 'W', 'EY', 'V']","['mi', 'crowave']","['mic', 'row', 'ave']",0.3333333333333333,6.31e-06,"[26, 6, 24, 30, 3, 36, 9, 35]"
mortality,"['M', 'AO', 'R', 'T', 'AE', 'L', 'AH', 'T', 'IY']","['mor', 'tal', 'ity']","['mort', 'ality']",0.3333333333333333,7.94e-06,"[26, 4, 30, 33, 2, 25, 3, 33]"
appliance,"['AH', 'P', 'L', 'AY', 'AH', 'N', 'S']","['ap', 'pli', 'ance']","['appl', 'iance']",0.3333333333333333,2.24e-06,"[3, 29, 25, 6, 3, 27, 31, 0]"
sox,"['S', 'AA', 'K', 'S']",['sox'],"['so', 'x']",0.3333333333333333,6.92e-06,"[31, 1, 24, 31, 0, 0, 0, 0]"
sci,"['S', 'IY']",['sci'],"['sc', 'i']",0.3333333333333333,8.71e-06,"[31, 11, 0, 0, 0, 0, 0, 0]"
sas,"['S', 'AE', 'S']",['sas'],"['s', 'as']",0.3333333333333333,2.95e-06,"[31, 2, 31, 0, 0, 0, 0, 0]"
brazil,"['B', 'R', 'AH', 'Z', 'IH', 'L']",['brazil'],"['b', 'raz', 'il']",0.3333333333333333,3.8e-05,"[16, 30, 3, 38, 10, 25, 0, 0]"
yamaha,"['Y', 'AA', 'M', 'AA', 'HH', 'AA']",['yamaha'],"['y', 'am', 'aha']",0.3333333333333333,2e-06,"[37, 1, 26, 1, 22, 1, 0, 0]"
unions,"['Y', 'UW', 'N', 'Y', 'AH', 'N', 'Z']","['uni', 'ons']","['un', 'ions']",0.3333333333333333,1.74e-05,"[37, 15, 27, 37, 3, 27, 38, 0]"
lil,"['L', 'IH', 'L']",['lil'],"['l', 'il']",0.3333333333333333,7.59e-06,"[25, 10, 25, 0, 0, 0, 0, 0]"
cnn,"['S', 'IY', 'EH', 'N', 'EH', 'N']",['cnn'],"['c', 'nn']",0.3333333333333333,1.91e-05,"[31, 11, 7, 27, 7, 27, 0, 0]"
retention,"['R', 'IY', 'T', 'EH', 'N', 'SH', 'AH', 'N']","['re', 'ten', 'tion']","['ret', 'ention']",0.3333333333333333,6.46e-06,"[30, 11, 33, 7, 27, 32, 3, 27]"
norwegian,"['N', 'AO', 'R', 'W', 'IY', 'JH', 'AH', 'N']","['nor', 'we', 'gi', 'an']","['nor', 'weg', 'ian']",0.3333333333333333,8.91e-06,"[27, 4, 30, 36, 11, 23, 3, 27]"
beginners,"['B', 'IH', 'G', 'IH', 'N', 'ER', 'Z']","['be', 'gin', 'ners']","['beg', 'inners']",0.3333333333333333,3.31e-06,"[16, 10, 21, 10, 27, 8, 38, 0]"
tutorials,"['T', 'UW', 'T', 'AO', 'R', 'IY', 'AH', 'L', 'Z']","['tu', 'tori', 'als']","['tutorial', 's']",0.3333333333333333,2.88e-06,"[33, 15, 33, 4, 30, 11, 3, 25]"
synthesis,"['S', 'IH', 'N', 'TH', 'AH', 'S', 'AH', 'S']","['syn', 'thes', 'is']","['synt', 'hesis']",0.3333333333333333,6.92e-06,"[31, 10, 27, 34, 3, 31, 3, 31]"
oliver,"['AA', 'L', 'AH', 'V', 'ER']","['oliv', 'er']","['o', 'liver']",0.3333333333333333,1.66e-05,"[1, 25, 3, 35, 8, 0, 0, 0]"
mariah,"['M', 'ER', 'AY', 'AH']","['mari', 'ah']","['mar', 'iah']",0.3333333333333333,1.58e-06,"[26, 8, 6, 3, 0, 0, 0, 0]"
preservation,"['P', 'R', 'EH', 'Z', 'ER', 'V', 'EY', 'SH', 'AH', 'N']","['pre', 'ser', 'va', 'tion']","['preserv', 'ation']",0.3333333333333333,1.02e-05,"[29, 30, 7, 38, 8, 35, 9, 32]"
kruger,"['K', 'R', 'UW', 'G', 'ER']",['kruger'],"['k', 'ru', 'ger']",0.3333333333333333,1.55e-06,"[24, 30, 15, 21, 8, 0, 0, 0]"
watershed,"['W', 'AO', 'T', 'ER', 'SH', 'EH', 'D']","['wa', 'ter', 'shed']","['waters', 'hed']",0.3333333333333333,3.39e-06,"[36, 4, 33, 8, 32, 7, 18, 0]"
liz,"['L', 'IH', 'Z']",['liz'],"['l', 'iz']",0.3333333333333333,6.76e-06,"[25, 10, 38, 0, 0, 0, 0, 0]"
joseph,"['JH', 'OW', 'S', 'AH', 'F']",['joseph'],"['j', 'ose', 'ph']",0.3333333333333333,3.31e-05,"[23, 12, 31, 3, 20, 0, 0, 0]"
christian,"['K', 'R', 'IH', 'S', 'CH', 'AH', 'N']","['chris', 'ti', 'an']","['christ', 'ian']",0.3333333333333333,7.59e-05,"[24, 30, 10, 31, 17, 3, 27, 0]"
mexico,"['M', 'EH', 'K', 'S', 'AH', 'K', 'OW']","['mex', 'ico']","['me', 'xico']",0.3333333333333333,5.62e-05,"[26, 7, 24, 31, 3, 24, 12, 0]"
tue,"['T', 'UW']",['tue'],"['t', 'ue']",0.3333333333333333,1.74e-06,"[33, 15, 0, 0, 0, 0, 0, 0]"
sic,"['S', 'IH', 'K']",['sic'],"['s', 'ic']",0.3333333333333333,4.17e-06,"[31, 10, 24, 0, 0, 0, 0, 0]"
syndicate,"['S', 'IH', 'N', 'D', 'IH', 'K', 'AH', 'T']","['syn', 'dic', 'ate']","['synd', 'icate']",0.3333333333333333,3.24e-06,"[31, 10, 27, 18, 10, 24, 3, 33]"
wit,"['W', 'IH', 'T']",['wit'],"['w', 'it']",0.3333333333333333,9.12e-06,"[36, 10, 33, 0, 0, 0, 0, 0]"
cradle,"['K', 'R', 'EY', 'D', 'AH', 'L']",['cradle'],"['cr', 'ad', 'le']",0.3333333333333333,3.16e-06,"[24, 30, 9, 18, 3, 25, 0, 0]"
aluminium,"['AH', 'L', 'UW', 'M', 'IH', 'N', 'AH', 'M']","['alu', 'mini', 'um']","['alumin', 'ium']",0.3333333333333333,5.37e-06,"[3, 25, 15, 26, 10, 27, 3, 26]"
willow,"['W', 'IH', 'L', 'OW']","['wil', 'low']","['will', 'ow']",0.3333333333333333,4.9e-06,"[36, 10, 25, 12, 0, 0, 0, 0]"
impose,"['IH', 'M', 'P', 'OW', 'Z']","['im', 'pose']","['imp', 'ose']",0.3333333333333333,8.32e-06,"[10, 26, 29, 12, 38, 0, 0, 0]"
ltd,"['L', 'IH', 'M', 'IH', 'T', 'IH', 'D']",['ltd'],"['l', 'td']",0.3333333333333333,2.95e-05,"[25, 10, 26, 10, 33, 10, 18, 0]"
nelson,"['N', 'EH', 'L', 'S', 'AH', 'N']","['nel', 'son']","['n', 'elson']",0.3333333333333333,1.74e-05,"[27, 7, 25, 31, 3, 27, 0, 0]"
dvd,"['D', 'IY', 'V', 'IY', 'D', 'IY']",['dvd'],"['d', 'vd']",0.3333333333333333,1.78e-05,"[18, 11, 35, 11, 18, 11, 0, 0]"
arcade,"['AA', 'R', 'K', 'EY', 'D']","['ar', 'cade']","['arc', 'ade']",0.3333333333333333,5.37e-06,"[1, 30, 24, 9, 18, 0, 0, 0]"
bumper,"['B', 'AH', 'M', 'P', 'ER']","['bump', 'er']","['b', 'umper']",0.3333333333333333,4.9e-06,"[16, 3, 26, 29, 8, 0, 0, 0]"
defendant,"['D', 'IH', 'F', 'EH', 'N', 'D', 'AH', 'N', 'T']","['de', 'fend', 'ant']","['def', 'endant']",0.3333333333333333,9.55e-06,"[18, 10, 20, 7, 27, 18, 3, 27]"
mrs,"['M', 'IH', 'S', 'IH', 'Z']",['mrs'],"['m', 'rs']",0.3333333333333333,7.76e-05,"[26, 10, 31, 10, 38, 0, 0, 0]"
walter,"['W', 'AO', 'L', 'T', 'ER']","['wal', 'ter']","['w', 'alter']",0.3333333333333333,2.29e-05,"[36, 4, 25, 33, 8, 0, 0, 0]"
dui,"['D', 'IY', 'Y', 'UW', 'AY']",['dui'],"['du', 'i']",0.3333333333333333,2.24e-06,"[18, 11, 37, 15, 6, 0, 0, 0]"
mpg,"['EH', 'M', 'P', 'IY', 'JH', 'IY']",['mpg'],"['m', 'pg']",0.3333333333333333,1.15e-06,"[7, 26, 29, 11, 23, 11, 0, 0]"
robertson,"['R', 'AA', 'B', 'ER', 'T', 'S', 'AH', 'N']",['robertson'],"['ro', 'ber', 'ts', 'on']",0.3333333333333333,7.41e-06,"[30, 1, 16, 8, 33, 31, 3, 27]"
hydraulic,"['HH', 'AY', 'D', 'R', 'AO', 'L', 'IH', 'K']","['hy', 'draul', 'ic']","['hyd', 'ra', 'ul', 'ic']",0.3333333333333333,5.25e-06,"[22, 6, 18, 30, 4, 25, 10, 24]"
russia,"['R', 'AH', 'SH', 'AH']","['rus', 'sia']","['russ', 'ia']",0.3333333333333333,8.51e-05,"[30, 3, 32, 3, 0, 0, 0, 0]"
deviation,"['D', 'IY', 'V', 'IY', 'EY', 'SH', 'AH', 'N']","['de', 'vi', 'ation']","['dev', 'iation']",0.3333333333333333,2.51e-06,"[18, 11, 35, 11, 9, 32, 3, 27]"
ala,"['EY', 'L', 'AH']",['ala'],"['al', 'a']",0.3333333333333333,3.39e-06,"[9, 25, 3, 0, 0, 0, 0, 0]"
wizard,"['W', 'IH', 'Z', 'ER', 'D']","['wiz', 'ard']","['w', 'izard']",0.3333333333333333,8.51e-06,"[36, 10, 38, 8, 18, 0, 0, 0]"
motors,"['M', 'OW', 'T', 'ER', 'Z']","['mo', 'tors']","['mot', 'ors']",0.3333333333333333,1.07e-05,"[26, 12, 33, 8, 38, 0, 0, 0]"
angels,"['EY', 'N', 'JH', 'AH', 'L', 'Z']","['an', 'gels']","['ang', 'els']",0.3333333333333333,1.82e-05,"[9, 27, 23, 3, 25, 38, 0, 0]"
longitude,"['L', 'AA', 'N', 'JH', 'AH', 'T', 'UW', 'D']","['lon', 'git', 'ude']","['long', 'itude']",0.3333333333333333,1.82e-06,"[25, 1, 27, 23, 3, 33, 15, 18]"
fax,"['F', 'AE', 'K', 'S']",['fax'],"['f', 'ax']",0.3333333333333333,4.27e-06,"[20, 2, 24, 31, 0, 0, 0, 0]"
insertion,"['IH', 'N', 'S', 'ER', 'SH', 'AH', 'N']","['in', 'ser', 'tion']","['insert', 'ion']",0.3333333333333333,2.29e-06,"[10, 27, 31, 8, 32, 3, 27, 0]"
swaziland,"['S', 'W', 'AA', 'Z', 'IH', 'L', 'AH', 'N', 'D']","['swazi', 'l', 'and']","['sw', 'az', 'il', 'and']",0.3333333333333333,6.61e-07,"[31, 36, 1, 38, 10, 25, 3, 27]"
aol,"['EY', 'OW', 'EH', 'L']",['aol'],"['a', 'ol']",0.3333333333333333,1.74e-06,"[9, 12, 7, 25, 0, 0, 0, 0]"
gnu,"['N', 'UW']",['gnu'],"['g', 'nu']",0.3333333333333333,1.1e-06,"[27, 15, 0, 0, 0, 0, 0, 0]"
reservations,"['R', 'EH', 'Z', 'ER', 'V', 'EY', 'SH', 'AH', 'N', 'Z']","['re', 'ser', 'va', 'tions']","['reserv', 'ations']",0.3333333333333333,6.17e-06,"[30, 7, 38, 8, 35, 9, 32, 3]"
yen,"['Y', 'EH', 'N']",['yen'],"['y', 'en']",0.3333333333333333,5.37e-06,"[37, 7, 27, 0, 0, 0, 0, 0]"
floppy,"['F', 'L', 'AA', 'P', 'IY']",['floppy'],"['fl', 'op', 'py']",0.3333333333333333,1.78e-06,"[20, 25, 1, 29, 11, 0, 0, 0]"
vacancies,"['V', 'EY', 'K', 'AH', 'N', 'S', 'IY', 'Z']","['va', 'can', 'cies']","['vac', 'ancies']",0.3333333333333333,3.09e-06,"[35, 9, 24, 3, 27, 31, 11, 38]"
kai,"['K', 'AY']",['kai'],"['k', 'ai']",0.3333333333333333,5.89e-06,"[24, 6, 0, 0, 0, 0, 0, 0]"
eva,"['EY', 'V', 'AH']",['eva'],"['ev', 'a']",0.3333333333333333,7.94e-06,"[9, 35, 3, 0, 0, 0, 0, 0]"
reproduction,"['R', 'IY', 'P', 'R', 'AH', 'D', 'AH', 'K', 'SH', 'AH', 'N']","['re', 'pro', 'duc', 'tion']","['reprodu', 'ction']",0.3333333333333333,6.17e-06,"[30, 11, 29, 30, 3, 18, 3, 24]"
usa,"['Y', 'UW', 'EH', 'S', 'EY']",['usa'],"['us', 'a']",0.3333333333333333,6.17e-05,"[37, 15, 7, 31, 9, 0, 0, 0]"
asylum,"['AH', 'S', 'AY', 'L', 'AH', 'M']",['asylum'],"['as', 'yl', 'um']",0.3333333333333333,9.77e-06,"[3, 31, 6, 25, 3, 26, 0, 0]"
infringement,"['IH', 'N', 'F', 'R', 'IH', 'N', 'JH', 'M', 'AH', 'N', 'T']","['in', 'fringe', 'ment']","['inf', 'ring', 'ement']",0.3333333333333333,4.07e-06,"[10, 27, 20, 30, 10, 27, 23, 26]"
oregon,"['AO', 'R', 'AH', 'G', 'AH', 'N']","['ore', 'gon']","['o', 'regon']",0.3333333333333333,2e-05,"[4, 30, 3, 21, 3, 27, 0, 0]"
gossip,"['G', 'AA', 'S', 'AH', 'P']","['gos', 'sip']","['g', 'ossip']",0.3333333333333333,7.59e-06,"[21, 1, 31, 3, 29, 0, 0, 0]"
elizabeth,"['IH', 'L', 'IH', 'Z', 'AH', 'B', 'AH', 'TH']","['eliza', 'beth']","['el', 'iz', 'abeth']",0.3333333333333333,2.95e-05,"[10, 25, 10, 38, 3, 16, 3, 34]"
mia,"['M', 'IY', 'AH']",['mia'],"['m', 'ia']",0.3333333333333333,7.41e-06,"[26, 11, 3, 0, 0, 0, 0, 0]"
turtle,"['T', 'ER', 'T', 'AH', 'L']",['turtle'],"['t', 'urt', 'le']",0.3333333333333333,8.13e-06,"[33, 8, 33, 3, 25, 0, 0, 0]"
newark,"['N', 'UW', 'ER', 'K']","['ne', 'wark']","['new', 'ark']",0.3333333333333333,5.5e-06,"[27, 15, 8, 24, 0, 0, 0, 0]"
modems,"['M', 'OW', 'D', 'AH', 'M', 'Z']","['mo', 'dems']","['mod', 'ems']",0.3333333333333333,5.13e-07,"[26, 12, 18, 3, 26, 38, 0, 0]"
jon,"['JH', 'AA', 'N']",['jon'],"['j', 'on']",0.3333333333333333,2.04e-05,"[23, 1, 27, 0, 0, 0, 0, 0]"
seo,"['S', 'IY', 'OW']",['seo'],"['se', 'o']",0.3333333333333333,1.02e-05,"[31, 11, 12, 0, 0, 0, 0, 0]"
arabia,"['ER', 'EY', 'B', 'IY', 'AH']","['ar', 'a', 'bia']","['ar', 'ab', 'ia']",0.3333333333333333,1.32e-05,"[8, 9, 16, 11, 3, 0, 0, 0]"
hiking,"['HH', 'AY', 'K', 'IH', 'NG']","['hik', 'ing']","['h', 'iking']",0.3333333333333333,7.41e-06,"[22, 6, 24, 10, 28, 0, 0, 0]"
recycling,"['R', 'IY', 'S', 'AY', 'K', 'AH', 'L', 'IH', 'NG']","['re', 'cyc', 'ling']","['recycl', 'ing']",0.3333333333333333,5.75e-06,"[30, 11, 31, 6, 24, 3, 25, 10]"
vagina,"['V', 'AH', 'JH', 'AY', 'N', 'AH']","['va', 'gina']","['vag', 'ina']",0.3333333333333333,6.61e-06,"[35, 3, 23, 6, 27, 3, 0, 0]"
bishop,"['B', 'IH', 'SH', 'AH', 'P']","['bish', 'op']","['b', 'ishop']",0.3333333333333333,2.4e-05,"[16, 10, 32, 3, 29, 0, 0, 0]"
astronomy,"['AH', 'S', 'T', 'R', 'AA', 'N', 'AH', 'M', 'IY']","['as', 'tro', 'nomy']","['astr', 'onomy']",0.3333333333333333,4.27e-06,"[3, 31, 33, 30, 1, 27, 3, 26]"
lbs,"['P', 'AW', 'N', 'D', 'Z']",['lbs'],"['l', 'bs']",0.3333333333333333,1.15e-05,"[29, 5, 27, 18, 38, 0, 0, 0]"
ira,"['AY', 'R', 'AH']",['ira'],"['ir', 'a']",0.3333333333333333,6.92e-06,"[6, 30, 3, 0, 0, 0, 0, 0]"
tennessee,"['T', 'EH', 'N', 'AH', 'S', 'IY']","['ten', 'ness', 'ee']","['t', 'ennessee']",0.3333333333333333,1.62e-05,"[33, 7, 27, 3, 31, 11, 0, 0]"
desirable,"['D', 'IH', 'Z', 'AY', 'R', 'AH', 'B', 'AH', 'L']","['de', 'sir', 'able']","['des', 'irable']",0.3333333333333333,7.08e-06,"[18, 10, 38, 6, 30, 3, 16, 3]"
uni,"['Y', 'UW', 'N', 'IY']",['uni'],"['un', 'i']",0.3333333333333333,4.9e-06,"[37, 15, 27, 11, 0, 0, 0, 0]"
calvin,"['K', 'AE', 'L', 'V', 'AH', 'N']","['calv', 'in']","['cal', 'vin']",0.3333333333333333,6.61e-06,"[24, 2, 25, 35, 3, 27, 0, 0]"
pastor,"['P', 'AE', 'S', 'T', 'ER']","['pas', 'tor']","['past', 'or']",0.3333333333333333,1.2e-05,"[29, 2, 31, 33, 8, 0, 0, 0]"
wiring,"['W', 'AY', 'R', 'IH', 'NG']","['wir', 'ing']","['w', 'iring']",0.3333333333333333,3.39e-06,"[36, 6, 30, 10, 28, 0, 0, 0]"
floral,"['F', 'L', 'AO', 'R', 'AH', 'L']","['flor', 'al']","['fl', 'oral']",0.3333333333333333,5.89e-06,"[20, 25, 4, 30, 3, 25, 0, 0]"
sharon,"['SH', 'AE', 'R', 'AH', 'N']","['shar', 'on']","['sh', 'aron']",0.3333333333333333,8.32e-06,"[32, 2, 30, 3, 27, 0, 0, 0]"
canyon,"['K', 'AE', 'N', 'Y', 'AH', 'N']",['canyon'],"['can', 'y', 'on']",0.3333333333333333,9.12e-06,"[24, 2, 27, 37, 3, 27, 0, 0]"
tee,"['T', 'IY']",['tee'],"['te', 'e']",0.3333333333333333,6.61e-06,"[33, 11, 0, 0, 0, 0, 0, 0]"
aka,"['AA', 'K', 'AH']",['aka'],"['a', 'ka']",0.3333333333333333,1.41e-05,"[1, 24, 3, 0, 0, 0, 0, 0]"
additions,"['AH', 'D', 'IH', 'SH', 'AH', 'N', 'Z']","['ad', 'di', 'tions']","['add', 'itions']",0.3333333333333333,6.31e-06,"[3, 18, 10, 32, 3, 27, 38, 0]"
sierra,"['S', 'IY', 'EH', 'R', 'AH']","['si', 'erra']","['s', 'ierra']",0.3333333333333333,1.15e-05,"[31, 11, 7, 30, 3, 0, 0, 0]"
destinations,"['D', 'EH', 'S', 'T', 'AH', 'N', 'EY', 'SH', 'AH', 'N', 'Z']","['des', 'tin', 'a', 'tions']","['dest', 'inations']",0.3333333333333333,6.76e-06,"[18, 7, 31, 33, 3, 27, 9, 32]"
mph,"['EH', 'M', 'P', 'IY', 'EY', 'CH']",['mph'],"['m', 'ph']",0.3333333333333333,1.07e-05,"[7, 26, 29, 11, 9, 17, 0, 0]"
zoo,"['Z', 'UW']",['zoo'],"['z', 'oo']",0.3333333333333333,1.38e-05,"[38, 15, 0, 0, 0, 0, 0, 0]"
voluntary,"['V', 'AA', 'L', 'AH', 'N', 'T', 'EH', 'R', 'IY']","['vol', 'un', 'tary']","['volunt', 'ary']",0.3333333333333333,1.02e-05,"[35, 1, 25, 3, 27, 33, 7, 30]"
apollo,"['AH', 'P', 'AA', 'L', 'OW']",['apollo'],"['ap', 'ol', 'lo']",0.3333333333333333,6.61e-06,"[3, 29, 1, 25, 12, 0, 0, 0]"
assurance,"['AH', 'SH', 'UH', 'R', 'AH', 'N', 'S']","['as', 'sur', 'ance']","['ass', 'urance']",0.3333333333333333,6.46e-06,"[3, 32, 14, 30, 3, 27, 31, 0]"
refine,"['R', 'AH', 'F', 'AY', 'N']","['re', 'fine']","['ref', 'ine']",0.3333333333333333,1.91e-06,"[30, 3, 20, 6, 27, 0, 0, 0]"
roy,"['R', 'OY']",['roy'],"['ro', 'y']",0.3333333333333333,1.78e-05,"[30, 13, 0, 0, 0, 0, 0, 0]"
bikini,"['B', 'IH', 'K', 'IY', 'N', 'IY']",['bikini'],"['b', 'ik', 'ini']",0.3333333333333333,5.01e-06,"[16, 10, 24, 11, 27, 11, 0, 0]"
ron,"['R', 'AA', 'N']",['ron'],"['r', 'on']",0.3333333333333333,1.66e-05,"[30, 1, 27, 0, 0, 0, 0, 0]"
pediatric,"['P', 'IY', 'D', 'IY', 'AE', 'T', 'R', 'IH', 'K']","['pe', 'di', 'at', 'ric']","['ped', 'iat', 'ric']",0.3333333333333333,3.39e-06,"[29, 11, 18, 11, 2, 33, 30, 10]"
fleece,"['F', 'L', 'IY', 'S']",['fleece'],"['fle', 'e', 'ce']",0.3333333333333333,2.29e-06,"[20, 25, 11, 31, 0, 0, 0, 0]"
subsidiaries,"['S', 'AH', 'B', 'S', 'IH', 'D', 'IY', 'EH', 'R', 'IY', 'Z']","['sub', 'si', 'di', 'ar', 'ies']","['subs', 'idi', 'aries']",0.3333333333333333,3.8e-06,"[31, 3, 16, 31, 10, 18, 11, 7]"
robots,"['R', 'OW', 'B', 'AA', 'T', 'S']","['ro', 'bots']","['rob', 'ots']",0.3333333333333333,9.77e-06,"[30, 12, 16, 1, 33, 31, 0, 0]"
wan,"['W', 'AA', 'N']",['wan'],"['w', 'an']",0.3333333333333333,6.31e-06,"[36, 1, 27, 0, 0, 0, 0, 0]"
amy,"['EY', 'M', 'IY']",['amy'],"['am', 'y']",0.3333333333333333,1.58e-05,"[9, 26, 11, 0, 0, 0, 0, 0]"
tomato,"['T', 'AH', 'M', 'EY', 'T', 'OW']","['to', 'mato']","['tom', 'ato']",0.3333333333333333,7.08e-06,"[33, 3, 26, 9, 33, 12, 0, 0]"
hepatitis,"['HH', 'EH', 'P', 'AH', 'T', 'AY', 'T', 'AH', 'S']","['hep', 'at', 'it', 'is']","['he', 'pat', 'itis']",0.3333333333333333,3.31e-06,"[22, 7, 29, 3, 33, 6, 33, 3]"
pix,"['P', 'IH', 'K', 'S']",['pix'],"['p', 'ix']",0.3333333333333333,5.62e-07,"[29, 10, 24, 31, 0, 0, 0, 0]"
hampshire,"['HH', 'AE', 'M', 'P', 'SH', 'ER']","['hamp', 'shire']","['h', 'amps', 'hire']",0.3333333333333333,1.02e-05,"[22, 2, 26, 29, 32, 8, 0, 0]"
sheffield,"['SH', 'EH', 'F', 'IY', 'L', 'D']","['shef', 'field']","['she', 'ff', 'ield']",0.3333333333333333,8.13e-06,"[32, 7, 20, 11, 25, 18, 0, 0]"
andrea,"['AE', 'N', 'D', 'R', 'IY', 'AH']","['an', 'drea']","['and', 'rea']",0.3333333333333333,7.59e-06,"[2, 27, 18, 30, 11, 3, 0, 0]"
geographical,"['JH', 'IY', 'AH', 'G', 'R', 'AE', 'F', 'IH', 'K', 'AH', 'L']","['geo', 'graph', 'ic', 'al']","['ge', 'ographical']",0.3333333333333333,7.08e-06,"[23, 11, 3, 21, 30, 2, 20, 10]"
kay,"['K', 'EY']",['kay'],"['k', 'ay']",0.3333333333333333,8.51e-06,"[24, 9, 0, 0, 0, 0, 0, 0]"
thesaurus,"['TH', 'AH', 'S', 'AO', 'R', 'AH', 'S']","['thesaur', 'us']","['the', 's', 'aurus']",0.3333333333333333,7.59e-07,"[34, 3, 31, 4, 30, 3, 31, 0]"
bbc,"['B', 'IY', 'B', 'IY', 'S', 'IY']",['bbc'],"['b', 'bc']",0.3333333333333333,3.72e-05,"[16, 11, 16, 11, 31, 11, 0, 0]"
zen,"['Z', 'EH', 'N']",['zen'],"['z', 'en']",0.3333333333333333,5.01e-06,"[38, 7, 27, 0, 0, 0, 0, 0]"
porter,"['P', 'AO', 'R', 'T', 'ER']","['port', 'er']","['por', 'ter']",0.3333333333333333,9.55e-06,"[29, 4, 30, 33, 8, 0, 0, 0]"
specifics,"['S', 'P', 'IH', 'S', 'IH', 'F', 'IH', 'K', 'S']","['spe', 'cif', 'ics']","['specific', 's']",0.3333333333333333,3.31e-06,"[31, 29, 10, 31, 10, 20, 10, 24]"
ratios,"['R', 'EY', 'SH', 'IY', 'OW', 'Z']","['ra', 'tios']","['rat', 'ios']",0.3333333333333333,4.27e-06,"[30, 9, 32, 11, 12, 38, 0, 0]"
abu,"['AE', 'B', 'UW']",['abu'],"['ab', 'u']",0.3333333333333333,1.02e-05,"[2, 16, 15, 0, 0, 0, 0, 0]"
pencil,"['P', 'EH', 'N', 'S', 'AH', 'L']","['pen', 'cil']","['p', 'encil']",0.3333333333333333,8.91e-06,"[29, 7, 27, 31, 3, 25, 0, 0]"
portraits,"['P', 'AO', 'R', 'T', 'R', 'AH', 'T', 'S']","['por', 'traits']","['port', 'ra', 'its']",0.3333333333333333,7.24e-06,"[29, 4, 30, 33, 30, 3, 33, 31]"
washer,"['W', 'AA', 'SH', 'ER']","['wash', 'er']","['was', 'her']",0.3333333333333333,2.19e-06,"[36, 1, 32, 8, 0, 0, 0, 0]"
disciplinary,"['D', 'IH', 'S', 'AH', 'P', 'L', 'AH', 'N', 'EH', 'R', 'IY']","['dis', 'cip', 'lin', 'ary']","['discipl', 'inary']",0.3333333333333333,5.62e-06,"[18, 10, 31, 3, 29, 25, 3, 27]"
satisfactory,"['S', 'AE', 'T', 'AH', 'S', 'F', 'AE', 'K', 'T', 'R', 'IY']","['sat', 'is', 'fact', 'ory']","['satisf', 'actory']",0.3333333333333333,3.72e-06,"[31, 2, 33, 3, 31, 20, 2, 24]"
alpine,"['AE', 'L', 'P', 'AY', 'N']",['alpine'],"['al', 'p', 'ine']",0.3333333333333333,4.17e-06,"[2, 25, 29, 6, 27, 0, 0, 0]"
educators,"['EH', 'JH', 'AH', 'K', 'EY', 'T', 'ER', 'Z']","['edu', 'cat', 'ors']","['educ', 'ators']",0.3333333333333333,6.61e-06,"[7, 23, 3, 24, 9, 33, 8, 38]"
hungarian,"['HH', 'AH', 'NG', 'G', 'EH', 'R', 'IY', 'AH', 'N']","['hun', 'gari', 'an']","['hung', 'arian']",0.3333333333333333,6.17e-06,"[22, 3, 28, 21, 7, 30, 11, 3]"
eau,['OW'],['eau'],"['e', 'au']",0.3333333333333333,1.41e-06,"[12, 0, 0, 0, 0, 0, 0, 0]"
favors,"['F', 'EY', 'V', 'ER', 'Z']","['fa', 'vors']","['fav', 'ors']",0.3333333333333333,5.5e-06,"[20, 9, 35, 8, 38, 0, 0, 0]"
ana,"['AA', 'N', 'AH']",['ana'],"['an', 'a']",0.3333333333333333,7.76e-06,"[1, 27, 3, 0, 0, 0, 0, 0]"
certificates,"['S', 'ER', 'T', 'IH', 'F', 'IH', 'K', 'AH', 'T', 'S']","['cer', 'ti', 'fic', 'ates']","['cert', 'ificates']",0.3333333333333333,5.89e-06,"[31, 8, 33, 10, 20, 10, 24, 3]"
wilson,"['W', 'IH', 'L', 'S', 'AH', 'N']",['wilson'],"['w', 'il', 'son']",0.3333333333333333,3.39e-05,"[36, 10, 25, 31, 3, 27, 0, 0]"
louisiana,"['L', 'UW', 'IY', 'Z', 'IY', 'AE', 'N', 'AH']","['louisi', 'ana']","['lou', 'is', 'iana']",0.3333333333333333,1.55e-05,"[25, 15, 11, 38, 11, 2, 27, 3]"
sydney,"['S', 'IH', 'D', 'N', 'IY']",['sydney'],"['s', 'yd', 'ney']",0.3333333333333333,3.39e-05,"[31, 10, 18, 27, 11, 0, 0, 0]"
waiver,"['W', 'EY', 'V', 'ER']",['waiver'],"['w', 'ai', 'ver']",0.3333333333333333,3.39e-06,"[36, 9, 35, 8, 0, 0, 0, 0]"
banana,"['B', 'AH', 'N', 'AE', 'N', 'AH']","['ba', 'nana']","['ban', 'ana']",0.3333333333333333,1e-05,"[16, 3, 27, 2, 27, 3, 0, 0]"
brunei,"['B', 'R', 'UW', 'N', 'AY']",['brunei'],"['br', 'une', 'i']",0.3333333333333333,1.55e-06,"[16, 30, 15, 27, 6, 0, 0, 0]"
kansas,"['K', 'AE', 'N', 'Z', 'AH', 'S']","['kan', 'sas']","['k', 'ansas']",0.3333333333333333,2.34e-05,"[24, 2, 27, 38, 3, 31, 0, 0]"
safari,"['S', 'AH', 'F', 'AA', 'R', 'IY']","['sa', 'fari']","['saf', 'ari']",0.3333333333333333,4.27e-06,"[31, 3, 20, 1, 30, 11, 0, 0]"
converter,"['K', 'AH', 'N', 'V', 'ER', 'T', 'ER']","['con', 'vert', 'er']","['conver', 'ter']",0.3333333333333333,2.57e-06,"[24, 3, 27, 35, 8, 33, 8, 0]"
jordan,"['JH', 'AO', 'R', 'D', 'AH', 'N']",['jordan'],"['j', 'ord', 'an']",0.3333333333333333,3.24e-05,"[23, 4, 30, 18, 3, 27, 0, 0]"
lee,"['L', 'IY']",['lee'],"['le', 'e']",0.3333333333333333,5.37e-05,"[25, 11, 0, 0, 0, 0, 0, 0]"
ata,"['AA', 'T', 'AH']",['ata'],"['at', 'a']",0.3333333333333333,1.1e-06,"[1, 33, 3, 0, 0, 0, 0, 0]"
undertake,"['AH', 'N', 'D', 'ER', 'T', 'EY', 'K']","['un', 'der', 'take']","['undert', 'ake']",0.3333333333333333,5.37e-06,"[3, 27, 18, 8, 33, 9, 24, 0]"
bacterial,"['B', 'AE', 'K', 'T', 'IH', 'R', 'IY', 'AH', 'L']","['bac', 'teri', 'al']","['bacter', 'ial']",0.3333333333333333,5.37e-06,"[16, 2, 24, 33, 10, 30, 11, 3]"
dna,"['D', 'IY', 'EH', 'N', 'EY']",['dna'],"['d', 'na']",0.3333333333333333,3.09e-05,"[18, 11, 7, 27, 9, 0, 0, 0]"
graham,"['G', 'R', 'EY', 'AH', 'M']","['gra', 'ham']","['g', 'raham']",0.3333333333333333,2e-05,"[21, 30, 9, 3, 26, 0, 0, 0]"
friday,"['F', 'R', 'AY', 'D', 'IY']","['fri', 'day']","['fr', 'iday']",0.3333333333333333,9.12e-05,"[20, 30, 6, 18, 11, 0, 0, 0]"
ian,"['IY', 'AH', 'N']",['ian'],"['i', 'an']",0.3333333333333333,2.09e-05,"[11, 3, 27, 0, 0, 0, 0, 0]"
extras,"['EH', 'K', 'S', 'T', 'R', 'AH', 'Z']","['ex', 'tras']","['extr', 'as']",0.3333333333333333,3.98e-06,"[7, 24, 31, 33, 30, 3, 38, 0]"
pupils,"['P', 'Y', 'UW', 'P', 'AH', 'L', 'Z']","['pu', 'pils']","['pup', 'ils']",0.3333333333333333,1.51e-05,"[29, 37, 15, 29, 3, 25, 38, 0]"
nec,"['N', 'EH', 'K']",['nec'],"['ne', 'c']",0.3333333333333333,2.04e-06,"[27, 7, 24, 0, 0, 0, 0, 0]"
nevada,"['N', 'AH', 'V', 'AA', 'D', 'AH']",['nevada'],"['ne', 'v', 'ada']",0.3333333333333333,1.1e-05,"[27, 3, 35, 1, 18, 3, 0, 0]"
religions,"['R', 'IY', 'L', 'IH', 'JH', 'AH', 'N', 'Z']","['re', 'li', 'gions']","['relig', 'ions']",0.3333333333333333,8.13e-06,"[30, 11, 25, 10, 23, 3, 27, 38]"
amp,"['AE', 'M', 'P']",['amp'],"['am', 'p']",0.3333333333333333,6.31e-06,"[2, 26, 29, 0, 0, 0, 0, 0]"
nicaragua,"['N', 'IH', 'K', 'ER', 'AA', 'G', 'W', 'AH']",['nicaragua'],"['nic', 'ar', 'ag', 'ua']",0.3333333333333333,2.75e-06,"[27, 10, 24, 8, 1, 21, 36, 3]"
cyprus,"['S', 'AY', 'P', 'R', 'AH', 'S']",['cyprus'],"['cy', 'pr', 'us']",0.3333333333333333,5.13e-06,"[31, 6, 29, 30, 3, 31, 0, 0]"
eve,"['IY', 'V']",['eve'],"['e', 've']",0.3333333333333333,2.09e-05,"[11, 35, 0, 0, 0, 0, 0, 0]"
gordon,"['G', 'AO', 'R', 'D', 'AH', 'N']","['gor', 'don']","['g', 'ordon']",0.3333333333333333,2.34e-05,"[21, 4, 30, 18, 3, 27, 0, 0]"
institute,"['IH', 'N', 'S', 'T', 'AH', 'T', 'UW', 'T']","['in', 'sti', 'tute']","['inst', 'itute']",0.3333333333333333,6.31e-05,"[10, 27, 31, 33, 3, 33, 15, 33]"
sunday,"['S', 'AH', 'N', 'D', 'EY']",['sunday'],"['su', 'nd', 'ay']",0.3333333333333333,8.32e-05,"[31, 3, 27, 18, 9, 0, 0, 0]"
viking,"['V', 'AY', 'K', 'IH', 'NG']","['vik', 'ing']","['v', 'iking']",0.3333333333333333,3.98e-06,"[35, 6, 24, 10, 28, 0, 0, 0]"
myrtle,"['M', 'ER', 'T', 'AH', 'L']",['myrtle'],"['my', 'rt', 'le']",0.3333333333333333,2.19e-06,"[26, 8, 33, 3, 25, 0, 0, 0]"
mug,"['M', 'AH', 'G']",['mug'],"['m', 'ug']",0.3333333333333333,5.13e-06,"[26, 3, 21, 0, 0, 0, 0, 0]"
london,"['L', 'AH', 'N', 'D', 'AH', 'N']","['lon', 'don']","['l', 'ondon']",0.3333333333333333,0.000186,"[25, 3, 27, 18, 3, 27, 0, 0]"
feb,"['F', 'EH', 'B', 'Y', 'AH', 'W', 'EH', 'R', 'IY']",['feb'],"['fe', 'b']",0.3333333333333333,2.4e-05,"[20, 7, 16, 37, 3, 36, 7, 30]"
johnny,"['JH', 'AA', 'N', 'IY']",['johnny'],"['j', 'ohn', 'ny']",0.3333333333333333,2.24e-05,"[23, 1, 27, 11, 0, 0, 0, 0]"
yea,"['Y', 'EY']",['yea'],"['y', 'ea']",0.3333333333333333,1.82e-05,"[37, 9, 0, 0, 0, 0, 0, 0]"
exemption,"['IH', 'G', 'Z', 'EH', 'M', 'P', 'SH', 'AH', 'N']","['ex', 'emp', 'tion']","['exem', 'ption']",0.3333333333333333,4.47e-06,"[10, 21, 38, 7, 26, 29, 32, 3]"
livestock,"['L', 'AY', 'V', 'S', 'T', 'AA', 'K']","['live', 'stock']","['liv', 'est', 'ock']",0.3333333333333333,6.76e-06,"[25, 6, 35, 31, 33, 1, 24, 0]"
harper,"['HH', 'AA', 'R', 'P', 'ER']","['harp', 'er']","['har', 'per']",0.3333333333333333,1.1e-05,"[22, 1, 30, 29, 8, 0, 0, 0]"
fox,"['F', 'AA', 'K', 'S']",['fox'],"['f', 'ox']",0.3333333333333333,4.57e-05,"[20, 1, 24, 31, 0, 0, 0, 0]"
marion,"['M', 'EH', 'R', 'IY', 'AH', 'N']","['mari', 'on']","['mar', 'ion']",0.3333333333333333,6.31e-06,"[26, 7, 30, 11, 3, 27, 0, 0]"
duo,"['D', 'UW', 'OW']",['duo'],"['du', 'o']",0.3333333333333333,1.2e-05,"[18, 15, 12, 0, 0, 0, 0, 0]"
chubby,"['CH', 'AH', 'B', 'IY']",['chubby'],"['ch', 'ub', 'by']",0.3333333333333333,2.69e-06,"[17, 3, 16, 11, 0, 0, 0, 0]"
ada,"['EY', 'D', 'AH']",['ada'],"['ad', 'a']",0.3333333333333333,5.13e-06,"[9, 18, 3, 0, 0, 0, 0, 0]"
chorus,"['K', 'AO', 'R', 'AH', 'S']","['chor', 'us']","['ch', 'orus']",0.3333333333333333,7.94e-06,"[24, 4, 30, 3, 31, 0, 0, 0]"
rpm,"['AA', 'R', 'P', 'IY', 'EH', 'M']",['rpm'],"['r', 'pm']",0.3333333333333333,3.09e-06,"[1, 30, 29, 11, 7, 26, 0, 0]"
joshua,"['JH', 'AA', 'SH', 'UW', 'AH']",['joshua'],"['j', 'osh', 'ua']",0.3333333333333333,8.32e-06,"[23, 1, 32, 15, 3, 0, 0, 0]"
compliant,"['K', 'AH', 'M', 'P', 'L', 'AY', 'AH', 'N', 'T']","['com', 'pli', 'ant']","['compl', 'iant']",0.3333333333333333,2.63e-06,"[24, 3, 26, 29, 25, 6, 3, 27]"
sri,"['SH', 'R', 'IY']",['sri'],"['s', 'ri']",0.3333333333333333,1.32e-05,"[32, 30, 11, 0, 0, 0, 0, 0]"
basics,"['B', 'EY', 'S', 'IH', 'K', 'S']","['ba', 'sics']","['bas', 'ics']",0.3333333333333333,6.61e-06,"[16, 9, 31, 10, 24, 31, 0, 0]"
rio,"['R', 'IY', 'OW']",['rio'],"['ri', 'o']",0.3333333333333333,2.24e-05,"[30, 11, 12, 0, 0, 0, 0, 0]"
korean,"['K', 'AO', 'R', 'IY', 'AH', 'N']",['korean'],"['k', 'ore', 'an']",0.3333333333333333,3.09e-05,"[24, 4, 30, 11, 3, 27, 0, 0]"
cartridge,"['K', 'AA', 'R', 'T', 'R', 'AH', 'JH']","['cart', 'ridge']","['car', 'tr', 'idge']",0.3333333333333333,3.72e-06,"[24, 1, 30, 33, 30, 3, 23, 0]"
titans,"['T', 'AY', 'T', 'AH', 'N', 'Z']","['ti', 'tans']","['tit', 'ans']",0.3333333333333333,7.94e-06,"[33, 6, 33, 3, 27, 38, 0, 0]"
gospel,"['G', 'AA', 'S', 'P', 'AH', 'L']","['gos', 'pel']","['g', 'ospel']",0.3333333333333333,1.51e-05,"[21, 1, 31, 29, 3, 25, 0, 0]"
pee,"['P', 'IY']",['pee'],"['pe', 'e']",0.3333333333333333,9.12e-06,"[29, 11, 0, 0, 0, 0, 0, 0]"
aurora,"['ER', 'AO', 'R', 'AH']","['au', 'rora']","['aur', 'ora']",0.3333333333333333,5.37e-06,"[8, 4, 30, 3, 0, 0, 0, 0]"
puerto,"['P', 'W', 'EH', 'R', 'T', 'OW']","['pu', 'erto']","['p', 'uerto']",0.3333333333333333,1.1e-05,"[29, 36, 7, 30, 33, 12, 0, 0]"
registrar,"['R', 'EH', 'JH', 'IH', 'S', 'T', 'R', 'AA', 'R']","['re', 'gis', 'trar']","['registr', 'ar']",0.3333333333333333,2.34e-06,"[30, 7, 23, 10, 31, 33, 30, 1]"
threesome,"['TH', 'R', 'IY', 'S', 'AH', 'M']","['three', 'some']","['th', 'rees', 'ome']",0.3333333333333333,2.14e-06,"[34, 30, 11, 31, 3, 26, 0, 0]"
phi,"['F', 'AY']",['phi'],"['ph', 'i']",0.3333333333333333,3.55e-06,"[20, 6, 0, 0, 0, 0, 0, 0]"
cds,"['S', 'IY', 'D', 'IY', 'Z']",['cds'],"['c', 'ds']",0.3333333333333333,4.27e-06,"[31, 11, 18, 11, 38, 0, 0, 0]"
joe,"['JH', 'OW']",['joe'],"['j', 'oe']",0.3333333333333333,6.03e-05,"[23, 12, 0, 0, 0, 0, 0, 0]"
jim,"['JH', 'IH', 'M']",['jim'],"['j', 'im']",0.3333333333333333,4.17e-05,"[23, 10, 26, 0, 0, 0, 0, 0]"
isa,"['IY', 'S', 'AH']",['isa'],"['is', 'a']",0.3333333333333333,3.89e-06,"[11, 31, 3, 0, 0, 0, 0, 0]"
salvation,"['S', 'AE', 'L', 'V', 'EY', 'SH', 'AH', 'N']","['sal', 'va', 'tion']","['salv', 'ation']",0.3333333333333333,8.91e-06,"[31, 2, 25, 35, 9, 32, 3, 27]"
aye,['AY'],['aye'],"['a', 'ye']",0.3333333333333333,7.76e-06,"[6, 0, 0, 0, 0, 0, 0, 0]"
holocaust,"['HH', 'AA', 'L', 'AH', 'K', 'AO', 'S', 'T']","['holo', 'caust']","['hol', 'oca', 'ust']",0.3333333333333333,7.76e-06,"[22, 1, 25, 3, 24, 4, 31, 33]"
exclusion,"['IH', 'K', 'S', 'K', 'L', 'UW', 'ZH', 'AH', 'N']","['ex', 'clu', 'sion']","['excl', 'usion']",0.3333333333333333,4.79e-06,"[10, 24, 31, 24, 25, 15, 39, 3]"
wow,"['W', 'AW']",['wow'],"['w', 'ow']",0.3333333333333333,9.12e-05,"[36, 5, 0, 0, 0, 0, 0, 0]"
alumni,"['AH', 'L', 'AH', 'M', 'N', 'AY']",['alumni'],"['al', 'umn', 'i']",0.3333333333333333,7.76e-06,"[3, 25, 3, 26, 27, 6, 0, 0]"
baltimore,"['B', 'AO', 'L', 'T', 'AH', 'M', 'AO', 'R']","['bal', 'timore']","['b', 'alt', 'imore']",0.3333333333333333,1.66e-05,"[16, 4, 25, 33, 3, 26, 4, 30]"
trivia,"['T', 'R', 'IH', 'V', 'IY', 'AH']",['trivia'],"['t', 'riv', 'ia']",0.3333333333333333,2.95e-06,"[33, 30, 10, 35, 11, 3, 0, 0]"
uganda,"['Y', 'UW', 'G', 'AE', 'N', 'D', 'AH']",['uganda'],"['u', 'g', 'anda']",0.3333333333333333,6.03e-06,"[37, 15, 21, 2, 27, 18, 3, 0]"
valium,"['V', 'EY', 'L', 'IY', 'AH', 'M']","['vali', 'um']","['val', 'ium']",0.3333333333333333,8.91e-07,"[35, 9, 25, 11, 3, 26, 0, 0]"
avi,"['AA', 'V', 'IY']",['avi'],"['av', 'i']",0.3333333333333333,1.51e-06,"[1, 35, 11, 0, 0, 0, 0, 0]"
ons,"['AA', 'N', 'Z']",['ons'],"['on', 's']",0.3333333333333333,3.63e-06,"[1, 27, 38, 0, 0, 0, 0, 0]"
receivers,"['R', 'AH', 'S', 'IY', 'V', 'ER', 'Z']","['re', 'ceiv', 'ers']","['rece', 'ivers']",0.3333333333333333,4.68e-06,"[30, 3, 31, 11, 35, 8, 38, 0]"
psi,"['S', 'AY']",['psi'],"['p', 'si']",0.3333333333333333,2.82e-06,"[31, 6, 0, 0, 0, 0, 0, 0]"
angola,"['AE', 'NG', 'G', 'OW', 'L', 'AH']","['an', 'gola']","['ang', 'ola']",0.3333333333333333,2.19e-06,"[2, 28, 21, 12, 25, 3, 0, 0]"
ballot,"['B', 'AE', 'L', 'AH', 'T']","['bal', 'lot']","['ball', 'ot']",0.3333333333333333,1.15e-05,"[16, 2, 25, 3, 33, 0, 0, 0]"
criterion,"['K', 'R', 'AY', 'T', 'IH', 'R', 'IY', 'AH', 'N']","['cri', 'terion']","['crit', 'er', 'ion']",0.3333333333333333,2.88e-06,"[24, 30, 6, 33, 10, 30, 11, 3]"
mating,"['M', 'EY', 'T', 'IH', 'NG']","['mat', 'ing']","['m', 'ating']",0.3333333333333333,3.16e-06,"[26, 9, 33, 10, 28, 0, 0, 0]"
denial,"['D', 'IH', 'N', 'AY', 'AH', 'L']","['deni', 'al']","['den', 'ial']",0.3333333333333333,9.77e-06,"[18, 10, 27, 6, 3, 25, 0, 0]"
eos,"['IY', 'AA', 'S']",['eos'],"['e', 'os']",0.3333333333333333,1.7e-06,"[11, 1, 31, 0, 0, 0, 0, 0]"
publicity,"['P', 'AH', 'B', 'L', 'IH', 'S', 'AH', 'T', 'IY']","['pub', 'li', 'city']","['public', 'ity']",0.3333333333333333,1e-05,"[29, 3, 16, 25, 10, 31, 3, 33]"
rebate,"['R', 'IY', 'B', 'EY', 'T']","['re', 'bate']","['reb', 'ate']",0.3333333333333333,2.04e-06,"[30, 11, 16, 9, 33, 0, 0, 0]"
tribal,"['T', 'R', 'AY', 'B', 'AH', 'L']","['tri', 'bal']","['trib', 'al']",0.3333333333333333,1.07e-05,"[33, 30, 6, 16, 3, 25, 0, 0]"
leu,"['L', 'UW']",['leu'],"['le', 'u']",0.3333333333333333,2.88e-07,"[25, 15, 0, 0, 0, 0, 0, 0]"
squirting,"['S', 'K', 'W', 'ER', 'T', 'IH', 'NG']","['squirt', 'ing']","['squ', 'ir', 'ting']",0.3333333333333333,5.89e-07,"[31, 24, 36, 8, 33, 10, 28, 0]"
kuwait,"['K', 'UW', 'W', 'EY', 'T']",['kuwait'],"['k', 'u', 'wait']",0.3333333333333333,4.57e-06,"[24, 15, 36, 9, 33, 0, 0, 0]"
alexander,"['AE', 'L', 'AH', 'G', 'Z', 'AE', 'N', 'D', 'ER']","['al', 'ex', 'an', 'der']","['a', 'lex', 'ander']",0.3333333333333333,2.51e-05,"[2, 25, 3, 21, 38, 2, 27, 18]"
poland,"['P', 'OW', 'L', 'AH', 'N', 'D']","['po', 'land']","['pol', 'and']",0.3333333333333333,1.74e-05,"[29, 12, 25, 3, 27, 18, 0, 0]"
licensing,"['L', 'AY', 'S', 'AH', 'N', 'S', 'IH', 'NG']","['li', 'cens', 'ing']","['lic', 'ensing']",0.3333333333333333,8.91e-06,"[25, 6, 31, 3, 27, 31, 10, 28]"
arnold,"['AA', 'R', 'N', 'AH', 'L', 'D']",['arnold'],"['ar', 'n', 'old']",0.3333333333333333,1e-05,"[1, 30, 27, 3, 25, 18, 0, 0]"
stylus,"['S', 'T', 'AY', 'L', 'AH', 'S']",['stylus'],"['st', 'yl', 'us']",0.3333333333333333,1.05e-06,"[31, 33, 6, 25, 3, 31, 0, 0]"
bee,"['B', 'IY']",['bee'],"['be', 'e']",0.3333333333333333,1.23e-05,"[16, 11, 0, 0, 0, 0, 0, 0]"
lithuania,"['L', 'IH', 'TH', 'AH', 'W', 'EY', 'N', 'IY', 'AH']",['lithuania'],"['l', 'ith', 'u', 'ania']",0.3333333333333333,3.16e-06,"[25, 10, 34, 3, 36, 9, 27, 11]"
orgasm,"['AO', 'R', 'G', 'AE', 'Z', 'AH', 'M']","['or', 'gasm']","['org', 'asm']",0.3333333333333333,4.68e-06,"[4, 30, 21, 2, 38, 3, 26, 0]"
illustration,"['IH', 'L', 'AH', 'S', 'T', 'R', 'EY', 'SH', 'AH', 'N']","['il', 'lus', 'tra', 'tion']","['illustr', 'ation']",0.3333333333333333,8.32e-06,"[10, 25, 3, 31, 33, 30, 9, 32]"
bye,"['B', 'AY']",['bye'],"['by', 'e']",0.3333333333333333,2.45e-05,"[16, 6, 0, 0, 0, 0, 0, 0]"
tobago,"['T', 'AH', 'B', 'EY', 'G', 'OW']","['to', 'bago']","['tob', 'ago']",0.3333333333333333,2.57e-06,"[33, 3, 16, 9, 21, 12, 0, 0]"
nathan,"['N', 'EY', 'TH', 'AH', 'N']","['nath', 'an']","['n', 'athan']",0.3333333333333333,1.35e-05,"[27, 9, 34, 3, 27, 0, 0, 0]"
allied,"['AH', 'L', 'AY', 'D']","['al', 'lied']","['all', 'ied']",0.3333333333333333,1.17e-05,"[3, 25, 6, 18, 0, 0, 0, 0]"
amanda,"['AH', 'M', 'AE', 'N', 'D', 'AH']","['aman', 'da']","['am', 'anda']",0.3333333333333333,1e-05,"[3, 26, 2, 27, 18, 3, 0, 0]"
lancaster,"['L', 'AE', 'N', 'K', 'AE', 'S', 'T', 'ER']","['lan', 'caster']","['l', 'anc', 'aster']",0.3333333333333333,6.03e-06,"[25, 2, 27, 24, 2, 31, 33, 8]"
greece,"['G', 'R', 'IY', 'S']",['greece'],"['g', 'ree', 'ce']",0.3333333333333333,1.91e-05,"[21, 30, 11, 31, 0, 0, 0, 0]"
taiwan,"['T', 'AY', 'W', 'AA', 'N']",['taiwan'],"['t', 'ai', 'wan']",0.3333333333333333,1.1e-05,"[33, 6, 36, 1, 27, 0, 0, 0]"
nipple,"['N', 'IH', 'P', 'AH', 'L']",['nipple'],"['n', 'ip', 'ple']",0.3333333333333333,2.82e-06,"[27, 10, 29, 3, 25, 0, 0, 0]"
intake,"['IH', 'N', 'T', 'EY', 'K']","['in', 'take']","['int', 'ake']",0.3333333333333333,9.55e-06,"[10, 27, 33, 9, 24, 0, 0, 0]"
motels,"['M', 'OW', 'T', 'EH', 'L', 'Z']","['mo', 'tels']","['mot', 'els']",0.3333333333333333,7.94e-07,"[26, 12, 33, 7, 25, 38, 0, 0]"
ppm,"['P', 'IY', 'P', 'IY', 'EH', 'M']",['ppm'],"['p', 'pm']",0.3333333333333333,1.41e-06,"[29, 11, 29, 11, 7, 26, 0, 0]"
enhancing,"['EH', 'N', 'HH', 'AE', 'N', 'S', 'IH', 'NG']","['en', 'han', 'cing']","['enh', 'ancing']",0.3333333333333333,4.37e-06,"[7, 27, 22, 2, 27, 31, 10, 28]"
incidence,"['IH', 'N', 'S', 'AH', 'D', 'AH', 'N', 'S']","['in', 'cid', 'ence']","['inc', 'idence']",0.3333333333333333,4.37e-06,"[10, 27, 31, 3, 18, 3, 27, 31]"
finals,"['F', 'AY', 'N', 'AH', 'L', 'Z']","['fi', 'nals']","['fin', 'als']",0.3333333333333333,2.82e-05,"[20, 6, 27, 3, 25, 38, 0, 0]"
zoning,"['Z', 'OW', 'N', 'IH', 'NG']","['zon', 'ing']","['z', 'oning']",0.3333333333333333,3.31e-06,"[38, 12, 27, 10, 28, 0, 0, 0]"
neo,"['N', 'IY', 'OW']",['neo'],"['ne', 'o']",0.3333333333333333,9.77e-06,"[27, 11, 12, 0, 0, 0, 0, 0]"
cia,"['S', 'IY', 'AY', 'EY']",['cia'],"['c', 'ia']",0.3333333333333333,1.62e-05,"[31, 11, 6, 9, 0, 0, 0, 0]"
arctic,"['AA', 'R', 'K', 'T', 'IH', 'K']","['arc', 'tic']","['ar', 'ctic']",0.3333333333333333,1.07e-05,"[1, 30, 24, 33, 10, 24, 0, 0]"
messenger,"['M', 'EH', 'S', 'AH', 'N', 'JH', 'ER']","['mes', 'sen', 'ger']","['mess', 'enger']",0.3333333333333333,8.91e-06,"[26, 7, 31, 3, 27, 23, 8, 0]"
optics,"['AA', 'P', 'T', 'IH', 'K', 'S']","['op', 'tics']","['opt', 'ics']",0.3333333333333333,3.8e-06,"[1, 29, 33, 10, 24, 31, 0, 0]"
ministers,"['M', 'IH', 'N', 'AH', 'S', 'T', 'ER', 'Z']","['min', 'is', 'ters']","['minister', 's']",0.3333333333333333,2.19e-05,"[26, 10, 27, 3, 31, 33, 8, 38]"
banner,"['B', 'AE', 'N', 'ER']","['ban', 'ner']","['b', 'anner']",0.3333333333333333,1.32e-05,"[16, 2, 27, 8, 0, 0, 0, 0]"
martin,"['M', 'AA', 'R', 'T', 'AH', 'N']","['mar', 'tin']","['mart', 'in']",0.3333333333333333,5.5e-05,"[26, 1, 30, 33, 3, 27, 0, 0]"
incest,"['IH', 'N', 'S', 'EH', 'S', 'T']","['in', 'cest']","['inc', 'est']",0.3333333333333333,2.29e-06,"[10, 27, 31, 7, 31, 33, 0, 0]"
boston,"['B', 'AA', 'S', 'T', 'AH', 'N']","['bo', 'ston']","['b', 'oston']",0.3333333333333333,4.68e-05,"[16, 1, 31, 33, 3, 27, 0, 0]"
german,"['JH', 'ER', 'M', 'AH', 'N']","['ger', 'man']","['g', 'erman']",0.3333333333333333,8.91e-05,"[23, 8, 26, 3, 27, 0, 0, 0]"
condos,"['K', 'AA', 'N', 'D', 'OW', 'Z']","['con', 'dos']","['cond', 'os']",0.3333333333333333,1.32e-06,"[24, 1, 27, 18, 12, 38, 0, 0]"
induction,"['IH', 'N', 'D', 'AH', 'K', 'SH', 'AH', 'N']","['in', 'duc', 'tion']","['indu', 'ction']",0.3333333333333333,5.13e-06,"[10, 27, 18, 3, 24, 32, 3, 27]"
sewing,"['S', 'OW', 'IH', 'NG']","['sew', 'ing']","['se', 'wing']",0.3333333333333333,4.9e-06,"[31, 12, 10, 28, 0, 0, 0, 0]"
taylor,"['T', 'EY', 'L', 'ER']",['taylor'],"['t', 'ay', 'lor']",0.3333333333333333,4.47e-05,"[33, 9, 25, 8, 0, 0, 0, 0]"
adidas,"['AH', 'D', 'IY', 'D', 'AH', 'S']","['adi', 'das']","['ad', 'idas']",0.3333333333333333,3.72e-06,"[3, 18, 11, 18, 3, 31, 0, 0]"
luther,"['L', 'UW', 'TH', 'ER']","['luth', 'er']","['l', 'uther']",0.3333333333333333,7.59e-06,"[25, 15, 34, 8, 0, 0, 0, 0]"
eco,"['IY', 'K', 'OW']",['eco'],"['e', 'co']",0.3333333333333333,5.13e-06,"[11, 24, 12, 0, 0, 0, 0, 0]"
asthma,"['AE', 'Z', 'M', 'AH']",['asthma'],"['ast', 'h', 'ma']",0.3333333333333333,5.37e-06,"[2, 38, 26, 3, 0, 0, 0, 0]"
kim,"['K', 'IH', 'M']",['kim'],"['k', 'im']",0.3333333333333333,3.89e-05,"[24, 10, 26, 0, 0, 0, 0, 0]"
vat,"['V', 'AE', 'T']",['vat'],"['v', 'at']",0.3333333333333333,3.47e-06,"[35, 2, 33, 0, 0, 0, 0, 0]"
superb,"['S', 'UH', 'P', 'ER', 'B']","['su', 'perb']","['super', 'b']",0.3333333333333333,9.12e-06,"[31, 14, 29, 8, 16, 0, 0, 0]"
fragrance,"['F', 'R', 'EY', 'G', 'R', 'AH', 'N', 'S']","['fra', 'grance']","['frag', 'r', 'ance']",0.3333333333333333,3.39e-06,"[20, 30, 9, 21, 30, 3, 27, 31]"
doe,"['D', 'OW']",['doe'],"['do', 'e']",0.3333333333333333,6.92e-06,"[18, 12, 0, 0, 0, 0, 0, 0]"
geo,"['JH', 'IY', 'OW']",['geo'],"['ge', 'o']",0.3333333333333333,4.07e-06,"[23, 11, 12, 0, 0, 0, 0, 0]"
leo,"['L', 'IY', 'OW']",['leo'],"['le', 'o']",0.3333333333333333,1.7e-05,"[25, 11, 12, 0, 0, 0, 0, 0]"
sao,"['S', 'AW']",['sao'],"['sa', 'o']",0.3333333333333333,2.34e-06,"[31, 5, 0, 0, 0, 0, 0, 0]"
championships,"['CH', 'AE', 'M', 'P', 'IY', 'AH', 'N', 'SH', 'IH', 'P', 'S']","['cham', 'pi', 'on', 'ships']","['championship', 's']",0.3076923076923077,1.07e-05,"[17, 2, 26, 29, 11, 3, 27, 32]"
mediterranean,"['M', 'EH', 'D', 'AH', 'T', 'ER', 'EY', 'N', 'IY', 'AH', 'N']","['medi', 'ter', 'ranean']","['med', 'iterr', 'anean']",0.3076923076923077,9.77e-06,"[26, 7, 18, 3, 33, 8, 9, 27]"
illustrations,"['IH', 'L', 'AH', 'S', 'T', 'R', 'EY', 'SH', 'AH', 'N', 'Z']","['il', 'lus', 'tra', 'tions']","['illustr', 'ations']",0.3076923076923077,7.41e-06,"[10, 25, 3, 31, 33, 30, 9, 32]"
specification,"['S', 'P', 'EH', 'S', 'IH', 'F', 'IH', 'K', 'EY', 'SH', 'AH', 'N']","['spe', 'cific', 'a', 'tion']","['spec', 'ification']",0.3076923076923077,5.62e-06,"[31, 29, 7, 31, 10, 20, 10, 24]"
accreditation,"['AH', 'K', 'R', 'EH', 'D', 'AH', 'T', 'EY', 'SH', 'AH', 'N']","['ac', 'cred', 'it', 'a', 'tion']","['acc', 'red', 'itation']",0.3076923076923077,3.47e-06,"[3, 24, 30, 7, 18, 3, 33, 9]"
congressional,"['K', 'AH', 'N', 'G', 'R', 'EH', 'SH', 'AH', 'N', 'AH', 'L']","['con', 'gres', 'sion', 'al']","['congress', 'ional']",0.3076923076923077,1.55e-05,"[24, 3, 27, 21, 30, 7, 32, 3]"
advertisement,"['AH', 'D', 'V', 'ER', 'T', 'AH', 'Z', 'M', 'AH', 'N', 'T']","['ad', 'vert', 'ise', 'ment']","['advertis', 'ement']",0.3076923076923077,6.92e-06,"[3, 18, 35, 8, 33, 3, 38, 26]"
entrepreneurs,"['AA', 'N', 'T', 'R', 'AH', 'P', 'R', 'AH', 'N', 'ER', 'Z']","['en', 'tre', 'pren', 'eurs']","['entrepre', 'neurs']",0.3076923076923077,7.94e-06,"[1, 27, 33, 30, 3, 29, 30, 3]"
semiconductor,"['S', 'EH', 'M', 'IY', 'K', 'AH', 'N', 'D', 'AH', 'K', 'T', 'ER']","['semi', 'con', 'duct', 'or']","['sem', 'icon', 'du', 'ctor']",0.3076923076923077,3.39e-06,"[31, 7, 26, 11, 24, 3, 27, 18]"
endangered,"['EH', 'N', 'D', 'EY', 'N', 'JH', 'ER', 'D']","['en', 'dangered']","['end', 'ang', 'ered']",0.3,7.24e-06,"[7, 27, 18, 9, 27, 23, 8, 18]"
automotive,"['AO', 'T', 'AH', 'M', 'OW', 'T', 'IH', 'V']","['auto', 'mot', 'ive']","['autom', 'otive']",0.3,8.51e-06,"[4, 33, 3, 26, 12, 33, 10, 35]"
australian,"['AO', 'S', 'T', 'R', 'EY', 'L', 'Y', 'AH', 'N']","['aus', 'trali', 'an']","['austral', 'ian']",0.3,8.51e-05,"[4, 31, 33, 30, 9, 25, 37, 3]"
quotations,"['K', 'W', 'OW', 'T', 'EY', 'SH', 'AH', 'N', 'Z']","['quo', 'ta', 'tions']","['quot', 'ations']",0.3,1.95e-06,"[24, 36, 12, 33, 9, 32, 3, 27]"
regression,"['R', 'AH', 'G', 'R', 'EH', 'SH', 'AH', 'N']","['re', 'gres', 'sion']","['reg', 'ression']",0.3,3.16e-06,"[30, 3, 21, 30, 7, 32, 3, 27]"
appliances,"['AH', 'P', 'L', 'AY', 'AH', 'N', 'S', 'AH', 'Z']","['ap', 'pli', 'ances']","['appl', 'iances']",0.3,5.13e-06,"[3, 29, 25, 6, 3, 27, 31, 3]"
yugoslavia,"['Y', 'UW', 'G', 'OW', 'S', 'L', 'AA', 'V', 'IY', 'AH']",['yugoslavia'],"['y', 'ug', 'oslav', 'ia']",0.3,3.16e-06,"[37, 15, 21, 12, 31, 25, 1, 35]"
architects,"['AA', 'R', 'K', 'AH', 'T', 'EH', 'K', 'T', 'S']","['ar', 'chi', 'tects']","['architect', 's']",0.3,8.13e-06,"[1, 30, 24, 3, 33, 7, 24, 33]"
descending,"['D', 'IH', 'S', 'EH', 'N', 'D', 'IH', 'NG']","['des', 'cend', 'ing']","['desc', 'ending']",0.3,3.24e-06,"[18, 10, 31, 7, 27, 18, 10, 28]"
cigarettes,"['S', 'IH', 'G', 'ER', 'EH', 'T', 'S']","['ci', 'gar', 'ettes']","['cig', 'arettes']",0.3,1.23e-05,"[31, 10, 21, 8, 7, 33, 31, 0]"
bestiality,"['B', 'EH', 'S', 'CH', 'AE', 'L', 'IH', 'T', 'IY']","['bes', 'ti', 'al', 'ity']","['best', 'ial', 'ity']",0.3,4.17e-07,"[16, 7, 31, 17, 2, 25, 10, 33]"
reproduced,"['R', 'IY', 'P', 'R', 'AH', 'D', 'UW', 'S', 'T']","['re', 'pro', 'duced']","['reprodu', 'ced']",0.3,2.88e-06,"[30, 11, 29, 30, 3, 18, 15, 31]"
undertaken,"['AH', 'N', 'D', 'ER', 'T', 'EY', 'K', 'AH', 'N']","['un', 'der', 'taken']","['undert', 'aken']",0.3,7.08e-06,"[3, 27, 18, 8, 33, 9, 24, 3]"
recruiting,"['R', 'AH', 'K', 'R', 'UW', 'T', 'IH', 'NG']","['re', 'cruit', 'ing']","['recru', 'iting']",0.3,9.77e-06,"[30, 3, 24, 30, 15, 33, 10, 28]"
wellington,"['W', 'EH', 'L', 'IH', 'NG', 'T', 'AH', 'N']","['wel', 'ling', 'ton']","['well', 'ington']",0.3,6.61e-06,"[36, 7, 25, 10, 28, 33, 3, 27]"
psychiatry,"['S', 'AY', 'K', 'AY', 'AH', 'T', 'R', 'IY']","['psy', 'chi', 'atry']","['psychiat', 'ry']",0.3,3.63e-06,"[31, 6, 24, 6, 3, 33, 30, 11]"
essentials,"['EH', 'S', 'EH', 'N', 'CH', 'AH', 'L', 'Z']","['es', 'sen', 'tials']","['essential', 's']",0.3,3.72e-06,"[7, 31, 7, 27, 17, 3, 25, 38]"
discounted,"['D', 'IH', 'S', 'K', 'AW', 'N', 'T', 'IH', 'D']","['dis', 'coun', 'ted']","['discount', 'ed']",0.3,3.8e-06,"[18, 10, 31, 24, 5, 27, 33, 10]"
pharmacies,"['F', 'AA', 'R', 'M', 'AH', 'S', 'IY', 'Z']","['phar', 'ma', 'cies']","['pharm', 'acies']",0.3,1.51e-06,"[20, 1, 30, 26, 3, 31, 11, 38]"
kilometers,"['K', 'AH', 'L', 'AA', 'M', 'AH', 'T', 'ER', 'Z']","['kilo', 'met', 'ers']","['kilom', 'eters']",0.3,6.61e-06,"[24, 3, 25, 1, 26, 3, 33, 8]"
bangladesh,"['B', 'AE', 'NG', 'L', 'AH', 'D', 'EH', 'SH']",['bangladesh'],"['b', 'ang', 'l', 'adesh']",0.3,9.12e-06,"[16, 2, 28, 25, 3, 18, 7, 32]"
guarantees,"['G', 'EH', 'R', 'AH', 'N', 'T', 'IY', 'Z']","['guar', 'an', 'tees']","['guarante', 'es']",0.3,6.76e-06,"[21, 7, 30, 3, 27, 33, 11, 38]"
ministries,"['M', 'IH', 'N', 'IH', 'S', 'T', 'R', 'IY', 'Z']","['min', 'is', 'tries']","['minist', 'ries']",0.3,3.98e-06,"[26, 10, 27, 10, 31, 33, 30, 11]"
subsidiary,"['S', 'AH', 'B', 'S', 'IH', 'D', 'IY', 'EH', 'R', 'IY']","['sub', 'si', 'di', 'ary']","['subs', 'idi', 'ary']",0.3,8.32e-06,"[31, 3, 16, 31, 10, 18, 11, 7]"
constitute,"['K', 'AA', 'N', 'S', 'T', 'AH', 'T', 'UW', 'T']","['con', 'sti', 'tute']","['const', 'itute']",0.3,7.08e-06,"[24, 1, 27, 31, 33, 3, 33, 15]"
identifies,"['AY', 'D', 'EH', 'N', 'T', 'AH', 'F', 'AY', 'Z']","['iden', 'ti', 'fies']","['ident', 'ifies']",0.3,5.62e-06,"[6, 18, 7, 27, 33, 3, 20, 6]"
wilderness,"['W', 'IH', 'L', 'D', 'ER', 'N', 'AH', 'S']","['wil', 'der', 'ness']","['wild', 'erness']",0.3,8.91e-06,"[36, 10, 25, 18, 8, 27, 3, 31]"
cartridges,"['K', 'AA', 'R', 'T', 'R', 'AH', 'JH', 'AH', 'Z']","['cart', 'ridges']","['car', 'tr', 'idges']",0.3,2.57e-06,"[24, 1, 30, 33, 30, 3, 23, 3]"
vietnamese,"['V', 'IY', 'EH', 'T', 'N', 'AA', 'M', 'IY', 'S']","['vi', 'et', 'namese']","['v', 'iet', 'names', 'e']",0.3,7.08e-06,"[35, 11, 7, 33, 27, 1, 26, 11]"
javascript,"['JH', 'AA', 'V', 'AH', 'S', 'K', 'R', 'IH', 'P', 'T']","['javas', 'cript']","['j', 'av', 'ascript']",0.3,3.16e-06,"[23, 1, 35, 3, 31, 24, 30, 10]"
britannica,"['B', 'R', 'IH', 'T', 'AE', 'N', 'IH', 'K', 'AH']","['brit', 'an', 'nica']","['britann', 'ica']",0.3,5.5e-07,"[16, 30, 10, 33, 2, 27, 10, 24]"
submitting,"['S', 'AH', 'B', 'M', 'IH', 'T', 'IH', 'NG']","['sub', 'mit', 'ting']","['subm', 'itting']",0.3,3.63e-06,"[31, 3, 16, 26, 10, 33, 10, 28]"
editorials,"['EH', 'D', 'AH', 'T', 'AO', 'R', 'IY', 'AH', 'L', 'Z']","['ed', 'it', 'or', 'i', 'als']","['editor', 'ials']",0.3,1.05e-06,"[7, 18, 3, 33, 4, 30, 11, 3]"
antibodies,"['AE', 'N', 'T', 'IH', 'B', 'AA', 'D', 'IY', 'Z']","['an', 'ti', 'bod', 'ies']","['antib', 'od', 'ies']",0.3,3.63e-06,"[2, 27, 33, 10, 16, 1, 18, 11]"
antarctica,"['AE', 'N', 'T', 'AA', 'R', 'K', 'T', 'IH', 'K', 'AH']","['ant', 'arc', 'tica']","['ant', 'ar', 'ct', 'ica']",0.3,3.39e-06,"[2, 27, 33, 1, 30, 24, 33, 10]"
geographic,"['JH', 'IY', 'AH', 'G', 'R', 'AE', 'F', 'IH', 'K']","['geo', 'graph', 'ic']","['ge', 'ographic']",0.3,9.33e-06,"[23, 11, 3, 21, 30, 2, 20, 10]"
immunology,"['IH', 'M', 'Y', 'UW', 'N', 'AA', 'L', 'AH', 'JH', 'IY']","['im', 'mun', 'o', 'logy']","['imm', 'un', 'ology']",0.3,1.29e-06,"[10, 26, 37, 15, 27, 1, 25, 3]"
christians,"['K', 'R', 'IH', 'S', 'CH', 'AH', 'N', 'Z']","['chris', 'ti', 'ans']","['christ', 'ians']",0.3,2.34e-05,"[24, 30, 10, 31, 17, 3, 27, 38]"
automation,"['AO', 'T', 'AH', 'M', 'EY', 'SH', 'AH', 'N']","['auto', 'ma', 'tion']","['autom', 'ation']",0.3,6.31e-06,"[4, 33, 3, 26, 9, 32, 3, 27]"
simplified,"['S', 'IH', 'M', 'P', 'L', 'AH', 'F', 'AY', 'D']","['sim', 'pli', 'fied']","['simpl', 'ified']",0.3,4.9e-06,"[31, 10, 26, 29, 25, 3, 20, 6]"
signatures,"['S', 'IH', 'G', 'N', 'AH', 'CH', 'ER', 'Z']","['sig', 'na', 'tures']","['sign', 'atures']",0.3,5.62e-06,"[31, 10, 21, 27, 3, 17, 8, 38]"
kazakhstan,"['K', 'AA', 'Z', 'AA', 'K', 'S', 'T', 'AA', 'N']","['kaza', 'kh', 'stan']","['k', 'az', 'akh', 'stan']",0.3,3.72e-06,"[24, 1, 38, 1, 24, 31, 33, 1]"
volkswagen,"['V', 'OW', 'L', 'K', 'S', 'W', 'AE', 'G', 'AH', 'N']","['volk', 'swa', 'gen']","['vol', 'k', 'sw', 'agen']",0.3,3.16e-06,"[35, 12, 25, 24, 31, 36, 2, 21]"
fragrances,"['F', 'R', 'EY', 'G', 'R', 'AH', 'N', 'S', 'AH', 'Z']","['fra', 'grances']","['frag', 'r', 'ances']",0.3,6.92e-07,"[20, 30, 9, 21, 30, 3, 27, 31]"
vocabulary,"['V', 'OW', 'K', 'AE', 'B', 'Y', 'AH', 'L', 'EH', 'R', 'IY']","['vocab', 'u', 'lary']","['voc', 'abulary']",0.3,6.61e-06,"[35, 12, 24, 2, 16, 37, 3, 25]"
introduces,"['IH', 'N', 'T', 'R', 'AH', 'D', 'UW', 'S', 'IH', 'Z']","['in', 'tro', 'duces']","['introdu', 'ces']",0.3,6.31e-06,"[10, 27, 33, 30, 3, 18, 15, 31]"
technician,"['T', 'EH', 'K', 'N', 'IH', 'SH', 'AH', 'N']","['tech', 'ni', 'cian']","['techn', 'ician']",0.3,5.01e-06,"[33, 7, 24, 27, 10, 32, 3, 27]"
reductions,"['R', 'IY', 'D', 'AH', 'K', 'SH', 'AH', 'N', 'Z']","['re', 'duc', 'tions']","['redu', 'ctions']",0.3,4.27e-06,"[30, 11, 18, 3, 24, 32, 3, 27]"
discretion,"['D', 'IH', 'S', 'K', 'R', 'EH', 'SH', 'AH', 'N']","['dis', 'cre', 'tion']","['discret', 'ion']",0.3,7.94e-06,"[18, 10, 31, 24, 30, 7, 32, 3]"
birmingham,"['B', 'ER', 'M', 'IH', 'NG', 'HH', 'AE', 'M']","['birm', 'ing', 'ham']","['b', 'irmingham']",0.3,1.51e-05,"[16, 8, 26, 10, 28, 22, 2, 26]"
promotions,"['P', 'R', 'AH', 'M', 'OW', 'SH', 'AH', 'N', 'Z']","['pro', 'mo', 'tions']","['promot', 'ions']",0.3,6.03e-06,"[29, 30, 3, 26, 12, 32, 3, 27]"
institutes,"['IH', 'N', 'S', 'T', 'AH', 'T', 'UW', 'T', 'S']","['in', 'sti', 'tutes']","['inst', 'itutes']",0.3,5.25e-06,"[10, 27, 31, 33, 3, 33, 15, 33]"
portsmouth,"['P', 'AO', 'R', 'T', 'S', 'M', 'AH', 'TH']","['ports', 'mouth']","['port', 'sm', 'outh']",0.3,3.98e-06,"[29, 4, 30, 33, 31, 26, 3, 34]"
admissions,"['AE', 'D', 'M', 'IH', 'SH', 'AH', 'N', 'Z']","['ad', 'mis', 'sions']","['adm', 'issions']",0.3,5.75e-06,"[2, 18, 26, 10, 32, 3, 27, 38]"
recommends,"['R', 'EH', 'K', 'AH', 'M', 'EH', 'N', 'D', 'Z']","['re', 'com', 'mends']","['recomm', 'ends']",0.3,5.89e-06,"[30, 7, 24, 3, 26, 7, 27, 18]"
recreation,"['R', 'EH', 'K', 'R', 'IY', 'EY', 'SH', 'AH', 'N']","['re', 'cre', 'ation']","['rec', 'reation']",0.3,1.1e-05,"[30, 7, 24, 30, 11, 9, 32, 3]"
infectious,"['IH', 'N', 'F', 'EH', 'K', 'SH', 'AH', 'S']","['in', 'fec', 'tious']","['infect', 'ious']",0.3,6.46e-06,"[10, 27, 20, 7, 24, 32, 3, 31]"
translator,"['T', 'R', 'AE', 'N', 'S', 'L', 'EY', 'T', 'ER']","['trans', 'lat', 'or']","['transl', 'ator']",0.3,4.68e-06,"[33, 30, 2, 27, 31, 25, 9, 33]"
portuguese,"['P', 'AO', 'R', 'CH', 'AH', 'G', 'IY', 'Z']","['por', 'tuguese']","['port', 'ug', 'uese']",0.3,1.07e-05,"[29, 4, 30, 17, 3, 21, 11, 38]"
trademarks,"['T', 'R', 'EY', 'D', 'M', 'AA', 'R', 'K', 'S']","['trade', 'marks']","['trad', 'em', 'arks']",0.3,2e-06,"[33, 30, 9, 18, 26, 1, 30, 24]"
lauderdale,"['L', 'AO', 'D', 'ER', 'D', 'EY', 'L']","['laud', 'er', 'dale']","['la', 'ud', 'erd', 'ale']",0.3,2.09e-06,"[25, 4, 18, 8, 18, 9, 25, 0]"
extraction,"['IH', 'K', 'S', 'T', 'R', 'AE', 'K', 'SH', 'AH', 'N']","['ex', 'trac', 'tion']","['extr', 'action']",0.3,6.31e-06,"[10, 24, 31, 33, 30, 2, 24, 32]"
behavioral,"['B', 'IH', 'HH', 'EY', 'V', 'Y', 'ER', 'AH', 'L']","['be', 'ha', 'vi', 'or', 'al']","['behavior', 'al']",0.3,7.24e-06,"[16, 10, 22, 9, 35, 37, 8, 3]"
excellence,"['EH', 'K', 'S', 'AH', 'L', 'AH', 'N', 'S']","['ex', 'cel', 'lence']","['excell', 'ence']",0.3,1.17e-05,"[7, 24, 31, 3, 25, 3, 27, 31]"
california,"['K', 'AE', 'L', 'AH', 'F', 'AO', 'R', 'N', 'Y', 'AH']","['cali', 'for', 'nia']","['cal', 'ifornia']",0.3,0.0001,"[24, 2, 25, 3, 20, 4, 30, 27]"
january,"['JH', 'AE', 'N', 'Y', 'UW', 'EH', 'R', 'IY']","['janu', 'ary']","['jan', 'uary']",0.2857142857142857,0.000123,"[23, 2, 27, 37, 15, 7, 30, 11]"
english,"['IH', 'NG', 'G', 'L', 'IH', 'SH']","['eng', 'lish']","['engl', 'ish']",0.2857142857142857,0.000155,"[10, 28, 21, 25, 10, 32, 0, 0]"
terrace,"['T', 'EH', 'R', 'AH', 'S']","['ter', 'race']","['terr', 'ace']",0.2857142857142857,7.59e-06,"[33, 7, 30, 3, 31, 0, 0, 0]"
mobiles,"['M', 'OW', 'B', 'AH', 'L', 'Z']","['mo', 'biles']","['mob', 'iles']",0.2857142857142857,1.15e-06,"[26, 12, 16, 3, 25, 38, 0, 0]"
karaoke,"['K', 'EH', 'R', 'IY', 'OW', 'K', 'IY']",['karaoke'],"['k', 'ara', 'oke']",0.2857142857142857,2.69e-06,"[24, 7, 30, 11, 12, 24, 11, 0]"
futures,"['F', 'Y', 'UW', 'CH', 'ER', 'Z']","['fu', 'tures']","['fut', 'ures']",0.2857142857142857,6.92e-06,"[20, 37, 15, 17, 8, 38, 0, 0]"
ukraine,"['Y', 'UW', 'K', 'R', 'EY', 'N']",['ukraine'],"['u', 'kr', 'aine']",0.2857142857142857,2.09e-05,"[37, 15, 24, 30, 9, 27, 0, 0]"
tablets,"['T', 'AE', 'B', 'L', 'AH', 'T', 'S']","['tab', 'lets']","['table', 'ts']",0.2857142857142857,8.13e-06,"[33, 2, 16, 25, 3, 33, 31, 0]"
banners,"['B', 'AE', 'N', 'ER', 'Z']","['ban', 'ners']","['b', 'anners']",0.2857142857142857,3.98e-06,"[16, 2, 27, 8, 38, 0, 0, 0]"
reforms,"['R', 'AH', 'F', 'AO', 'R', 'M', 'Z']","['re', 'forms']","['reform', 's']",0.2857142857142857,1.15e-05,"[30, 3, 20, 4, 30, 26, 38, 0]"
hitachi,"['HH', 'IH', 'T', 'AA', 'CH', 'IY']","['hita', 'chi']","['hit', 'achi']",0.2857142857142857,1e-06,"[22, 10, 33, 1, 17, 11, 0, 0]"
pacific,"['P', 'AH', 'S', 'IH', 'F', 'IH', 'K']","['pa', 'cific']","['pac', 'ific']",0.2857142857142857,3.89e-05,"[29, 3, 31, 10, 20, 10, 24, 0]"
organizational,"['AO', 'R', 'G', 'AH', 'N', 'AH', 'Z', 'EY', 'SH', 'AH', 'N', 'AH', 'L']","['or', 'gan', 'iz', 'a', 'tion', 'al']","['organiz', 'ational']",0.2857142857142857,6.76e-06,"[4, 30, 21, 3, 27, 3, 38, 9]"
warming,"['W', 'AO', 'R', 'M', 'IH', 'NG']","['warm', 'ing']","['war', 'ming']",0.2857142857142857,1.12e-05,"[36, 4, 30, 26, 10, 28, 0, 0]"
tunisia,"['T', 'UW', 'N', 'IY', 'ZH', 'AH']",['tunisia'],"['tun', 'is', 'ia']",0.2857142857142857,3.72e-06,"[33, 15, 27, 11, 39, 3, 0, 0]"
permits,"['P', 'ER', 'M', 'IH', 'T', 'S']","['per', 'mits']","['perm', 'its']",0.2857142857142857,8.71e-06,"[29, 8, 26, 10, 33, 31, 0, 0]"
tiffany,"['T', 'IH', 'F', 'AH', 'N', 'IY']",['tiffany'],"['t', 'iff', 'any']",0.2857142857142857,3.89e-06,"[33, 10, 20, 3, 27, 11, 0, 0]"
cycling,"['S', 'AY', 'K', 'AH', 'L', 'IH', 'NG']","['cyc', 'ling']","['cycl', 'ing']",0.2857142857142857,1.26e-05,"[31, 6, 24, 3, 25, 10, 28, 0]"
romania,"['R', 'OW', 'M', 'EY', 'N', 'IY', 'AH']","['ro', 'mania']","['rom', 'ania']",0.2857142857142857,6.03e-06,"[30, 12, 26, 9, 27, 11, 3, 0]"
estates,"['IH', 'S', 'T', 'EY', 'T', 'S']","['es', 'tates']","['est', 'ates']",0.2857142857142857,7.59e-06,"[10, 31, 33, 9, 33, 31, 0, 0]"
tractor,"['T', 'R', 'AE', 'K', 'T', 'ER']","['tract', 'or']","['tr', 'actor']",0.2857142857142857,6.03e-06,"[33, 30, 2, 24, 33, 8, 0, 0]"
germany,"['JH', 'ER', 'M', 'AH', 'N', 'IY']","['ger', 'many']","['germ', 'any']",0.2857142857142857,7.94e-05,"[23, 8, 26, 3, 27, 11, 0, 0]"
receipt,"['R', 'IH', 'S', 'IY', 'T']","['re', 'ceipt']","['rece', 'ipt']",0.2857142857142857,8.32e-06,"[30, 10, 31, 11, 33, 0, 0, 0]"
insulin,"['IH', 'N', 'S', 'AH', 'L', 'AH', 'N']","['in', 'sulin']","['ins', 'ulin']",0.2857142857142857,6.46e-06,"[10, 27, 31, 3, 25, 3, 27, 0]"
bicycle,"['B', 'AY', 'S', 'IH', 'K', 'AH', 'L']","['bi', 'cycle']","['bicy', 'cle']",0.2857142857142857,9.55e-06,"[16, 6, 31, 10, 24, 3, 25, 0]"
framing,"['F', 'R', 'EY', 'M', 'IH', 'NG']","['fram', 'ing']","['fr', 'aming']",0.2857142857142857,3.8e-06,"[20, 30, 9, 26, 10, 28, 0, 0]"
tribute,"['T', 'R', 'IH', 'B', 'Y', 'UW', 'T']","['trib', 'ute']","['t', 'ribute']",0.2857142857142857,1.78e-05,"[33, 30, 10, 16, 37, 15, 33, 0]"
topless,"['T', 'AA', 'P', 'L', 'AH', 'S']","['top', 'less']","['to', 'pless']",0.2857142857142857,2.29e-06,"[33, 1, 29, 25, 3, 31, 0, 0]"
stevens,"['S', 'T', 'IY', 'V', 'AH', 'N', 'Z']",['stevens'],"['st', 'ev', 'ens']",0.2857142857142857,9.77e-06,"[31, 33, 11, 35, 3, 27, 38, 0]"
detroit,"['D', 'IH', 'T', 'R', 'OY', 'T']","['de', 'troit']","['det', 'roit']",0.2857142857142857,2.24e-05,"[18, 10, 33, 30, 13, 33, 0, 0]"
supreme,"['S', 'AH', 'P', 'R', 'IY', 'M']","['su', 'preme']","['sup', 'reme']",0.2857142857142857,4.9e-05,"[31, 3, 29, 30, 11, 26, 0, 0]"
wallace,"['W', 'AO', 'L', 'AH', 'S']","['wal', 'lace']","['wall', 'ace']",0.2857142857142857,1.12e-05,"[36, 4, 25, 3, 31, 0, 0, 0]"
notices,"['N', 'OW', 'T', 'AH', 'S', 'AH', 'Z']","['no', 'tices']","['not', 'ices']",0.2857142857142857,7.94e-06,"[27, 12, 33, 3, 31, 3, 38, 0]"
realtor,"['R', 'IY', 'AH', 'L', 'T', 'ER']","['re', 'altor']","['real', 'tor']",0.2857142857142857,1.78e-06,"[30, 11, 3, 25, 33, 8, 0, 0]"
martial,"['M', 'AA', 'R', 'SH', 'AH', 'L']","['mar', 'tial']","['mart', 'ial']",0.2857142857142857,1.15e-05,"[26, 1, 30, 32, 3, 25, 0, 0]"
leasing,"['L', 'IY', 'S', 'IH', 'NG']","['leas', 'ing']","['le', 'asing']",0.2857142857142857,3.55e-06,"[25, 11, 31, 10, 28, 0, 0, 0]"
chassis,"['CH', 'AE', 'S', 'IY']",['chassis'],"['ch', 'ass', 'is']",0.2857142857142857,3.47e-06,"[17, 2, 31, 11, 0, 0, 0, 0]"
antique,"['AE', 'N', 'T', 'IY', 'K']","['an', 'tique']","['ant', 'ique']",0.2857142857142857,7.24e-06,"[2, 27, 33, 11, 24, 0, 0, 0]"
resumes,"['R', 'IH', 'Z', 'UW', 'M', 'Z']","['re', 'sumes']","['res', 'umes']",0.2857142857142857,2.82e-06,"[30, 10, 38, 15, 26, 38, 0, 0]"
chicago,"['SH', 'AH', 'K', 'AA', 'G', 'OW']","['chica', 'go']","['ch', 'icago']",0.2857142857142857,6.76e-05,"[32, 3, 24, 1, 21, 12, 0, 0]"
insured,"['IH', 'N', 'SH', 'UH', 'R', 'D']","['in', 'sured']","['ins', 'ured']",0.2857142857142857,4.9e-06,"[10, 27, 32, 14, 30, 18, 0, 0]"
naughty,"['N', 'AO', 'T', 'IY']",['naughty'],"['n', 'aught', 'y']",0.2857142857142857,6.76e-06,"[27, 4, 33, 11, 0, 0, 0, 0]"
concentrations,"['K', 'AA', 'N', 'S', 'AH', 'N', 'T', 'R', 'EY', 'SH', 'AH', 'N', 'Z']","['con', 'cen', 'tra', 'tions']","['concentr', 'ations']",0.2857142857142857,5.75e-06,"[24, 1, 27, 31, 3, 27, 33, 30]"
mustang,"['M', 'AH', 'S', 'T', 'AE', 'NG']","['mus', 'tang']","['must', 'ang']",0.2857142857142857,3.8e-06,"[26, 3, 31, 33, 2, 28, 0, 0]"
ecuador,"['EH', 'K', 'W', 'AH', 'D', 'AO', 'R']",['ecuador'],"['e', 'cu', 'ador']",0.2857142857142857,4.37e-06,"[7, 24, 36, 3, 18, 4, 30, 0]"
namibia,"['N', 'AH', 'M', 'IH', 'B', 'IY', 'AH']","['nam', 'i', 'bia']","['nam', 'ib', 'ia']",0.2857142857142857,1.78e-06,"[27, 3, 26, 10, 16, 11, 3, 0]"
vietnam,"['V', 'IY', 'EH', 'T', 'N', 'AA', 'M']","['vi', 'et', 'nam']","['v', 'iet', 'nam']",0.2857142857142857,2.04e-05,"[35, 11, 7, 33, 27, 1, 26, 0]"
prepaid,"['P', 'R', 'IY', 'P', 'EY', 'D']","['pre', 'paid']","['prep', 'aid']",0.2857142857142857,2e-06,"[29, 30, 11, 29, 9, 18, 0, 0]"
boating,"['B', 'OW', 'T', 'IH', 'NG']","['boat', 'ing']","['bo', 'ating']",0.2857142857142857,2.14e-06,"[16, 12, 33, 10, 28, 0, 0, 0]"
coating,"['K', 'OW', 'T', 'IH', 'NG']","['coat', 'ing']","['co', 'ating']",0.2857142857142857,5.13e-06,"[24, 12, 33, 10, 28, 0, 0, 0]"
geology,"['JH', 'IY', 'AA', 'L', 'AH', 'JH', 'IY']","['geo', 'logy']","['ge', 'ology']",0.2857142857142857,5.75e-06,"[23, 11, 1, 25, 3, 23, 11, 0]"
tsunami,"['T', 'S', 'UW', 'N', 'AA', 'M', 'IY']",['tsunami'],"['ts', 'un', 'ami']",0.2857142857142857,3.31e-06,"[33, 31, 15, 27, 1, 26, 11, 0]"
bidding,"['B', 'IH', 'D', 'IH', 'NG']","['bid', 'ding']","['b', 'idding']",0.2857142857142857,6.46e-06,"[16, 10, 18, 10, 28, 0, 0, 0]"
insider,"['IH', 'N', 'S', 'AY', 'D', 'ER']","['in', 'sider']","['ins', 'ider']",0.2857142857142857,5.89e-06,"[10, 27, 31, 6, 18, 8, 0, 0]"
aquatic,"['AH', 'K', 'W', 'AA', 'T', 'IH', 'K']","['aquat', 'ic']","['aqu', 'atic']",0.2857142857142857,4.17e-06,"[3, 24, 36, 1, 33, 10, 24, 0]"
allergy,"['AE', 'L', 'ER', 'JH', 'IY']","['al', 'lergy']","['aller', 'gy']",0.2857142857142857,3.98e-06,"[2, 25, 8, 23, 11, 0, 0, 0]"
surname,"['S', 'ER', 'N', 'EY', 'M']","['sur', 'name']","['surn', 'ame']",0.2857142857142857,3.16e-06,"[31, 8, 27, 9, 26, 0, 0, 0]"
eclipse,"['IH', 'K', 'L', 'IH', 'P', 'S']","['ec', 'lipse']","['e', 'clipse']",0.2857142857142857,6.46e-06,"[10, 24, 25, 10, 29, 31, 0, 0]"
vampire,"['V', 'AE', 'M', 'P', 'AY', 'R']","['vam', 'pire']","['vamp', 'ire']",0.2857142857142857,1.07e-05,"[35, 2, 26, 29, 6, 30, 0, 0]"
adaptor,"['AH', 'D', 'AE', 'P', 'T', 'ER']","['ad', 'aptor']","['adapt', 'or']",0.2857142857142857,4.37e-07,"[3, 18, 2, 29, 33, 8, 0, 0]"
toshiba,"['T', 'OW', 'SH', 'IY', 'B', 'AH']",['toshiba'],"['to', 'sh', 'iba']",0.2857142857142857,1.1e-06,"[33, 12, 32, 11, 16, 3, 0, 0]"
licking,"['L', 'IH', 'K', 'IH', 'NG']","['lick', 'ing']","['l', 'icking']",0.2857142857142857,3.24e-06,"[25, 10, 24, 10, 28, 0, 0, 0]"
indexes,"['IH', 'N', 'D', 'EH', 'K', 'S', 'IH', 'Z']","['in', 'dexes']","['index', 'es']",0.2857142857142857,2.09e-06,"[10, 27, 18, 7, 24, 31, 10, 38]"
textile,"['T', 'EH', 'K', 'S', 'T', 'AY', 'L']","['tex', 'tile']","['text', 'ile']",0.2857142857142857,5.62e-06,"[33, 7, 24, 31, 33, 6, 25, 0]"
defects,"['D', 'IY', 'F', 'EH', 'K', 'T', 'S']","['de', 'fects']","['defect', 's']",0.2857142857142857,5.89e-06,"[18, 11, 20, 7, 24, 33, 31, 0]"
balloon,"['B', 'AH', 'L', 'UW', 'N']","['bal', 'loon']","['ball', 'oon']",0.2857142857142857,7.94e-06,"[16, 3, 25, 15, 27, 0, 0, 0]"
francis,"['F', 'R', 'AE', 'N', 'S', 'AH', 'S']","['fran', 'cis']","['franc', 'is']",0.2857142857142857,2.45e-05,"[20, 30, 2, 27, 31, 3, 31, 0]"
nipples,"['N', 'IH', 'P', 'AH', 'L', 'Z']",['nipples'],"['n', 'ip', 'ples']",0.2857142857142857,3.89e-06,"[27, 10, 29, 3, 25, 38, 0, 0]"
tuesday,"['T', 'UW', 'Z', 'D', 'IY']","['tues', 'day']","['t', 'uesday']",0.2857142857142857,4.27e-05,"[33, 15, 38, 18, 11, 0, 0, 0]"
appeals,"['AH', 'P', 'IY', 'L', 'Z']","['ap', 'peals']","['appe', 'als']",0.2857142857142857,1.66e-05,"[3, 29, 11, 25, 38, 0, 0, 0]"
hampton,"['HH', 'AE', 'M', 'P', 'T', 'AH', 'N']","['hamp', 'ton']","['ham', 'pton']",0.2857142857142857,4.47e-06,"[22, 2, 26, 29, 33, 3, 27, 0]"
siemens,"['S', 'IY', 'M', 'AH', 'N', 'Z']",['siemens'],"['si', 'em', 'ens']",0.2857142857142857,2.14e-06,"[31, 11, 26, 3, 27, 38, 0, 0]"
mexican,"['M', 'EH', 'K', 'S', 'AH', 'K', 'AH', 'N']","['mex', 'ic', 'an']","['me', 'x', 'ican']",0.2857142857142857,2.57e-05,"[26, 7, 24, 31, 3, 24, 3, 27]"
commons,"['K', 'AA', 'M', 'AH', 'N', 'Z']","['com', 'mons']","['comm', 'ons']",0.2857142857142857,1.38e-05,"[24, 1, 26, 3, 27, 38, 0, 0]"
clinton,"['K', 'L', 'IH', 'N', 'T', 'AH', 'N']","['clin', 'ton']","['cl', 'inton']",0.2857142857142857,3.72e-05,"[24, 25, 10, 27, 33, 3, 27, 0]"
scanner,"['S', 'K', 'AE', 'N', 'ER']","['scan', 'ner']","['sc', 'anner']",0.2857142857142857,3.63e-06,"[31, 24, 2, 27, 8, 0, 0, 0]"
kennedy,"['K', 'EH', 'N', 'AH', 'D', 'IY']",['kennedy'],"['k', 'enn', 'edy']",0.2857142857142857,1.91e-05,"[24, 7, 27, 3, 18, 11, 0, 0]"
belgium,"['B', 'EH', 'L', 'JH', 'AH', 'M']","['bel', 'gi', 'um']","['bel', 'g', 'ium']",0.2857142857142857,1.41e-05,"[16, 7, 25, 23, 3, 26, 0, 0]"
bahrain,"['B', 'AA', 'R', 'EY', 'N']",['bahrain'],"['b', 'ahr', 'ain']",0.2857142857142857,3.89e-06,"[16, 1, 30, 9, 27, 0, 0, 0]"
porsche,"['P', 'AO', 'R', 'SH', 'AH']",['porsche'],"['p', 'ors', 'che']",0.2857142857142857,5.01e-06,"[29, 4, 30, 32, 3, 0, 0, 0]"
solomon,"['S', 'AA', 'L', 'AH', 'M', 'AH', 'N']","['so', 'lomon']","['sol', 'omon']",0.2857142857142857,6.46e-06,"[31, 1, 25, 3, 26, 3, 27, 0]"
replica,"['R', 'EH', 'P', 'L', 'IH', 'K', 'AH']","['rep', 'lica']","['re', 'plica']",0.2857142857142857,4.68e-06,"[30, 7, 29, 25, 10, 24, 3, 0]"
niagara,"['N', 'AY', 'AE', 'G', 'R', 'AH']",['niagara'],"['ni', 'ag', 'ara']",0.2857142857142857,3.31e-06,"[27, 6, 2, 21, 30, 3, 0, 0]"
cameron,"['K', 'AE', 'M', 'ER', 'AH', 'N']","['camer', 'on']","['cam', 'eron']",0.2857142857142857,1.82e-05,"[24, 2, 26, 8, 3, 27, 0, 0]"
hormone,"['HH', 'AO', 'R', 'M', 'OW', 'N']","['hor', 'mone']","['horm', 'one']",0.2857142857142857,6.61e-06,"[22, 4, 30, 26, 12, 27, 0, 0]"
bargain,"['B', 'AA', 'R', 'G', 'AH', 'N']","['bar', 'gain']","['barg', 'ain']",0.2857142857142857,8.91e-06,"[16, 1, 30, 21, 3, 27, 0, 0]"
resorts,"['R', 'IH', 'Z', 'AO', 'R', 'T', 'S']","['re', 'sorts']","['res', 'orts']",0.2857142857142857,5.62e-06,"[30, 10, 38, 4, 30, 33, 31, 0]"
poultry,"['P', 'OW', 'L', 'T', 'R', 'IY']",['poultry'],"['p', 'oul', 'try']",0.2857142857142857,3.47e-06,"[29, 12, 25, 33, 30, 11, 0, 0]"
beverly,"['B', 'EH', 'V', 'ER', 'L', 'IY']",['beverly'],"['be', 'ver', 'ly']",0.2857142857142857,7.41e-06,"[16, 7, 35, 8, 25, 11, 0, 0]"
advertisements,"['AE', 'D', 'V', 'ER', 'T', 'AY', 'Z', 'M', 'AH', 'N', 'T', 'S']","['ad', 'vert', 'ise', 'ments']","['advertis', 'ements']",0.2857142857142857,5.62e-06,"[2, 18, 35, 8, 33, 6, 38, 26]"
cartoon,"['K', 'AA', 'R', 'T', 'UW', 'N']","['car', 'toon']","['cart', 'oon']",0.2857142857142857,1.2e-05,"[24, 1, 30, 33, 15, 27, 0, 0]"
hostels,"['HH', 'AA', 'S', 'T', 'AH', 'L', 'Z']","['hos', 'tels']","['host', 'els']",0.2857142857142857,9.77e-07,"[22, 1, 31, 33, 3, 25, 38, 0]"
heather,"['HH', 'EH', 'DH', 'ER']","['heath', 'er']","['he', 'ather']",0.2857142857142857,7.41e-06,"[22, 7, 19, 8, 0, 0, 0, 0]"
sponsor,"['S', 'P', 'AA', 'N', 'S', 'ER']","['spon', 'sor']","['spons', 'or']",0.2857142857142857,1.1e-05,"[31, 29, 1, 27, 31, 8, 0, 0]"
superintendent,"['S', 'UW', 'P', 'ER', 'AH', 'N', 'T', 'EH', 'N', 'D', 'AH', 'N', 'T']","['su', 'per', 'in', 'tend', 'ent']","['super', 'int', 'endent']",0.2857142857142857,9.33e-06,"[31, 15, 29, 8, 3, 27, 33, 7]"
fathers,"['F', 'AA', 'DH', 'ER', 'Z']","['fath', 'ers']","['f', 'athers']",0.2857142857142857,1.2e-05,"[20, 1, 19, 8, 38, 0, 0, 0]"
novelty,"['N', 'AA', 'V', 'AH', 'L', 'T', 'IY']","['nov', 'elty']","['novel', 'ty']",0.2857142857142857,4.57e-06,"[27, 1, 35, 3, 25, 33, 11, 0]"
royalty,"['R', 'OY', 'AH', 'L', 'T', 'IY']","['roy', 'alty']","['royal', 'ty']",0.2857142857142857,6.31e-06,"[30, 13, 3, 25, 33, 11, 0, 0]"
buffalo,"['B', 'AH', 'F', 'AH', 'L', 'OW']","['buf', 'falo']","['buff', 'alo']",0.2857142857142857,1.38e-05,"[16, 3, 20, 3, 25, 12, 0, 0]"
seating,"['S', 'IY', 'T', 'IH', 'NG']","['seat', 'ing']","['se', 'ating']",0.2857142857142857,5.89e-06,"[31, 11, 33, 10, 28, 0, 0, 0]"
iceland,"['AY', 'S', 'L', 'AH', 'N', 'D']","['ice', 'land']","['ic', 'eland']",0.2857142857142857,6.17e-06,"[6, 31, 25, 3, 27, 18, 0, 0]"
houston,"['HH', 'Y', 'UW', 'S', 'T', 'AH', 'N']","['hou', 's', 'ton']","['h', 'ou', 'ston']",0.2857142857142857,2.63e-05,"[22, 37, 15, 31, 33, 3, 27, 0]"
boulder,"['B', 'OW', 'L', 'D', 'ER']",['boulder'],"['b', 'ould', 'er']",0.2857142857142857,5.13e-06,"[16, 12, 25, 18, 8, 0, 0, 0]"
quizzes,"['K', 'W', 'IH', 'Z', 'IH', 'Z']",['quizzes'],"['qu', 'izz', 'es']",0.2857142857142857,1.12e-06,"[24, 36, 10, 38, 10, 38, 0, 0]"
chelsea,"['CH', 'EH', 'L', 'S', 'IY']",['chelsea'],"['che', 'l', 'sea']",0.2857142857142857,2.24e-05,"[17, 7, 25, 31, 11, 0, 0, 0]"
ecology,"['IH', 'K', 'AA', 'L', 'AH', 'JH', 'IY']","['eco', 'logy']","['ec', 'ology']",0.2857142857142857,5.5e-06,"[10, 24, 1, 25, 3, 23, 11, 0]"
persian,"['P', 'ER', 'ZH', 'AH', 'N']","['per', 'sian']","['pers', 'ian']",0.2857142857142857,6.76e-06,"[29, 8, 39, 3, 27, 0, 0, 0]"
phantom,"['F', 'AE', 'N', 'T', 'AH', 'M']",['phantom'],"['ph', 'ant', 'om']",0.2857142857142857,6.03e-06,"[20, 2, 27, 33, 3, 26, 0, 0]"
raleigh,"['R', 'AO', 'L', 'IY']",['raleigh'],"['r', 'ale', 'igh']",0.2857142857142857,3.89e-06,"[30, 4, 25, 11, 0, 0, 0, 0]"
approve,"['AH', 'P', 'R', 'UW', 'V']","['ap', 'prove']","['appro', 've']",0.2857142857142857,1.2e-05,"[3, 29, 30, 15, 35, 0, 0, 0]"
matthew,"['M', 'AE', 'TH', 'Y', 'UW']","['mat', 'thew']","['matt', 'hew']",0.2857142857142857,2.34e-05,"[26, 2, 34, 37, 15, 0, 0, 0]"
revised,"['R', 'IH', 'V', 'AY', 'Z', 'D']","['re', 'vised']","['rev', 'ised']",0.2857142857142857,1.38e-05,"[30, 10, 35, 6, 38, 18, 0, 0]"
legends,"['L', 'EH', 'JH', 'AH', 'N', 'D', 'Z']","['le', 'gends']","['leg', 'ends']",0.2857142857142857,1.17e-05,"[25, 7, 23, 3, 27, 18, 38, 0]"
trinity,"['T', 'R', 'IH', 'N', 'AH', 'T', 'IY']","['trin', 'ity']","['tr', 'inity']",0.2857142857142857,7.94e-06,"[33, 30, 10, 27, 3, 33, 11, 0]"
charger,"['CH', 'AA', 'R', 'JH', 'ER']","['char', 'ger']","['charg', 'er']",0.2857142857142857,4.37e-06,"[17, 1, 30, 23, 8, 0, 0, 0]"
roberts,"['R', 'AA', 'B', 'ER', 'T', 'S']",['roberts'],"['ro', 'ber', 'ts']",0.2857142857142857,1.45e-05,"[30, 1, 16, 8, 33, 31, 0, 0]"
advisor,"['AE', 'D', 'V', 'AY', 'Z', 'ER']","['ad', 'visor']","['advis', 'or']",0.2857142857142857,1.02e-05,"[2, 18, 35, 6, 38, 8, 0, 0]"
shannon,"['SH', 'AE', 'N', 'AH', 'N']","['shan', 'non']","['sh', 'annon']",0.2857142857142857,5.75e-06,"[32, 2, 27, 3, 27, 0, 0, 0]"
acrylic,"['AH', 'K', 'R', 'IH', 'L', 'IH', 'K']","['ac', 'ryl', 'ic']","['ac', 'ry', 'lic']",0.2857142857142857,2.63e-06,"[3, 24, 30, 10, 25, 10, 24, 0]"
refined,"['R', 'AH', 'F', 'AY', 'N', 'D']","['re', 'fined']","['ref', 'ined']",0.2857142857142857,6.76e-06,"[30, 3, 20, 6, 27, 18, 0, 0]"
gregory,"['G', 'R', 'EH', 'G', 'ER', 'IY']",['gregory'],"['g', 'reg', 'ory']",0.2857142857142857,7.41e-06,"[21, 30, 7, 21, 8, 11, 0, 0]"
indexed,"['IH', 'N', 'D', 'EH', 'K', 'S', 'T']","['in', 'dexed']","['index', 'ed']",0.2857142857142857,1.91e-06,"[10, 27, 18, 7, 24, 31, 33, 0]"
griffin,"['G', 'R', 'IH', 'F', 'IH', 'N']",['griffin'],"['gr', 'iff', 'in']",0.2857142857142857,7.94e-06,"[21, 30, 10, 20, 10, 27, 0, 0]"
anthony,"['AE', 'N', 'TH', 'AH', 'N', 'IY']","['an', 'thony']","['anth', 'ony']",0.2857142857142857,2.57e-05,"[2, 27, 34, 3, 27, 11, 0, 0]"
destiny,"['D', 'EH', 'S', 'T', 'AH', 'N', 'IY']","['des', 'tiny']","['dest', 'iny']",0.2857142857142857,1.55e-05,"[18, 7, 31, 33, 3, 27, 11, 0]"
nirvana,"['N', 'IH', 'R', 'V', 'AA', 'N', 'AH']","['nir', 'vana']","['n', 'ir', 'v', 'ana']",0.2857142857142857,2.34e-06,"[27, 10, 30, 35, 1, 27, 3, 0]"
bracket,"['B', 'R', 'AE', 'K', 'IH', 'T']","['brack', 'et']","['br', 'acket']",0.2857142857142857,6.92e-06,"[16, 30, 2, 24, 10, 33, 0, 0]"
prophet,"['P', 'R', 'AA', 'F', 'AH', 'T']","['proph', 'et']","['prop', 'het']",0.2857142857142857,9.55e-06,"[29, 30, 1, 20, 3, 33, 0, 0]"
assists,"['AH', 'S', 'IH', 'S', 'T', 'S']","['as', 'sists']","['ass', 'ists']",0.2857142857142857,1.07e-05,"[3, 31, 10, 31, 33, 31, 0, 0]"
muslims,"['M', 'AH', 'Z', 'L', 'AH', 'M', 'Z']",['muslims'],"['mus', 'lim', 's']",0.2857142857142857,2.75e-05,"[26, 3, 38, 25, 3, 26, 38, 0]"
finnish,"['F', 'IH', 'N', 'IH', 'SH']",['finnish'],"['fin', 'n', 'ish']",0.2857142857142857,4.68e-06,"[20, 10, 27, 10, 32, 0, 0, 0]"
infants,"['IH', 'N', 'F', 'AH', 'N', 'T', 'S']","['in', 'fants']","['inf', 'ants']",0.2857142857142857,5.75e-06,"[10, 27, 20, 3, 27, 33, 31, 0]"
ceramic,"['S', 'ER', 'AE', 'M', 'IH', 'K']","['ceram', 'ic']","['cer', 'amic']",0.2857142857142857,5.5e-06,"[31, 8, 2, 26, 10, 24, 0, 0]"
wyoming,"['W', 'AY', 'OW', 'M', 'IH', 'NG']","['wyom', 'ing']","['wy', 'oming']",0.2857142857142857,6.03e-06,"[36, 6, 12, 26, 10, 28, 0, 0]"
imaging,"['IH', 'M', 'IH', 'JH', 'IH', 'NG']","['ima', 'ging']","['imag', 'ing']",0.2857142857142857,8.51e-06,"[10, 26, 10, 23, 10, 28, 0, 0]"
russell,"['R', 'AH', 'S', 'AH', 'L']","['rus', 'sell']","['russ', 'ell']",0.2857142857142857,2.14e-05,"[30, 3, 31, 3, 25, 0, 0, 0]"
missile,"['M', 'IH', 'S', 'AH', 'L']","['mis', 'sile']","['miss', 'ile']",0.2857142857142857,1.38e-05,"[26, 10, 31, 3, 25, 0, 0, 0]"
stylish,"['S', 'T', 'AY', 'L', 'IH', 'SH']","['styl', 'ish']","['sty', 'lish']",0.2857142857142857,5.01e-06,"[31, 33, 6, 25, 10, 32, 0, 0]"
vatican,"['V', 'AE', 'T', 'IH', 'K', 'AH', 'N']","['vat', 'ic', 'an']","['v', 'atic', 'an']",0.2857142857142857,6.17e-06,"[35, 2, 33, 10, 24, 3, 27, 0]"
italian,"['IH', 'T', 'AE', 'L', 'Y', 'AH', 'N']","['itali', 'an']","['ital', 'ian']",0.2857142857142857,4.57e-05,"[10, 33, 2, 25, 37, 3, 27, 0]"
arizona,"['EH', 'R', 'IH', 'Z', 'OW', 'N', 'AH']","['ari', 'zona']","['a', 'rizona']",0.2857142857142857,2.4e-05,"[7, 30, 10, 38, 12, 27, 3, 0]"
skating,"['S', 'K', 'EY', 'T', 'IH', 'NG']","['skat', 'ing']","['sk', 'ating']",0.2857142857142857,6.92e-06,"[31, 24, 9, 33, 10, 28, 0, 0]"
olympus,"['OW', 'L', 'IH', 'M', 'P', 'AH', 'S']","['olym', 'pus']","['olymp', 'us']",0.2857142857142857,1.78e-06,"[12, 25, 10, 26, 29, 3, 31, 0]"
bowling,"['B', 'OW', 'L', 'IH', 'NG']","['bowl', 'ing']","['bow', 'ling']",0.2857142857142857,1.12e-05,"[16, 12, 25, 10, 28, 0, 0, 0]"
expired,"['IH', 'K', 'S', 'P', 'AY', 'R', 'D']","['ex', 'pired']","['exp', 'ired']",0.2857142857142857,6.46e-06,"[10, 24, 31, 29, 6, 30, 18, 0]"
obesity,"['OW', 'B', 'IY', 'S', 'AH', 'T', 'IY']",['obesity'],"['ob', 'es', 'ity']",0.2857142857142857,6.46e-06,"[12, 16, 11, 31, 3, 33, 11, 0]"
rebates,"['R', 'IY', 'B', 'EY', 'T', 'S']","['re', 'bates']","['reb', 'ates']",0.2857142857142857,1.51e-06,"[30, 11, 16, 9, 33, 31, 0, 0]"
casinos,"['K', 'AH', 'S', 'IY', 'N', 'OW', 'Z']","['casi', 'nos']","['cas', 'inos']",0.2857142857142857,2.95e-06,"[24, 3, 31, 11, 27, 12, 38, 0]"
antenna,"['AE', 'N', 'T', 'EH', 'N', 'AH']","['an', 'tenna']","['anten', 'na']",0.2857142857142857,5.89e-06,"[2, 27, 33, 7, 27, 3, 0, 0]"
cornell,"['K', 'AO', 'R', 'N', 'EH', 'L']","['cor', 'nell']","['corn', 'ell']",0.2857142857142857,4.9e-06,"[24, 4, 30, 27, 7, 25, 0, 0]"
reuters,"['R', 'OY', 'T', 'ER', 'Z']","['re', 'u', 'ters']","['re', 'ut', 'ers']",0.2857142857142857,7.41e-06,"[30, 13, 33, 8, 38, 0, 0, 0]"
manuals,"['M', 'AE', 'N', 'Y', 'UW', 'AH', 'L', 'Z']","['manu', 'als']","['man', 'uals']",0.2857142857142857,2.4e-06,"[26, 2, 27, 37, 15, 3, 25, 38]"
seniors,"['S', 'IY', 'N', 'Y', 'ER', 'Z']","['seni', 'ors']","['sen', 'iors']",0.2857142857142857,7.59e-06,"[31, 11, 27, 37, 8, 38, 0, 0]"
nigeria,"['N', 'AY', 'JH', 'IH', 'R', 'IY', 'AH']","['ni', 'ger', 'ia']","['n', 'iger', 'ia']",0.2857142857142857,2.14e-05,"[27, 6, 23, 10, 30, 11, 3, 0]"
sherman,"['SH', 'ER', 'M', 'AH', 'N']","['sher', 'man']","['sh', 'erman']",0.2857142857142857,7.08e-06,"[32, 8, 26, 3, 27, 0, 0, 0]"
concord,"['K', 'AA', 'N', 'K', 'AO', 'R', 'D']","['con', 'cord']","['conc', 'ord']",0.2857142857142857,2.95e-06,"[24, 1, 27, 24, 4, 30, 18, 0]"
planner,"['P', 'L', 'AE', 'N', 'ER']","['plan', 'ner']","['pl', 'anner']",0.2857142857142857,3.39e-06,"[29, 25, 2, 27, 8, 0, 0, 0]"
embassy,"['EH', 'M', 'B', 'AH', 'S', 'IY']","['em', 'bassy']","['emb', 'assy']",0.2857142857142857,1.35e-05,"[7, 26, 16, 3, 31, 11, 0, 0]"
invoice,"['IH', 'N', 'V', 'OY', 'S']","['in', 'voice']","['inv', 'oice']",0.2857142857142857,1.86e-06,"[10, 27, 35, 13, 31, 0, 0, 0]"
unified,"['Y', 'UW', 'N', 'AH', 'F', 'AY', 'D']","['uni', 'fied']","['un', 'ified']",0.2857142857142857,7.41e-06,"[37, 15, 27, 3, 20, 6, 18, 0]"
lending,"['L', 'EH', 'N', 'D', 'IH', 'NG']","['lend', 'ing']","['l', 'ending']",0.2857142857142857,7.41e-06,"[25, 7, 27, 18, 10, 28, 0, 0]"
wichita,"['W', 'IH', 'CH', 'AH', 'T', 'AO']",['wichita'],"['w', 'ich', 'ita']",0.2857142857142857,2.69e-06,"[36, 10, 17, 3, 33, 4, 0, 0]"
spencer,"['S', 'P', 'EH', 'N', 'S', 'ER']","['spen', 'cer']","['sp', 'encer']",0.2857142857142857,1.17e-05,"[31, 29, 7, 27, 31, 8, 0, 0]"
stephen,"['S', 'T', 'IY', 'V', 'AH', 'N']","['steph', 'en']","['step', 'hen']",0.2857142857142857,3.16e-05,"[31, 33, 11, 35, 3, 27, 0, 0]"
michael,"['M', 'AY', 'K', 'AH', 'L']","['mi', 'chael']","['m', 'ichael']",0.2857142857142857,0.00012,"[26, 6, 24, 3, 25, 0, 0, 0]"
mandate,"['M', 'AE', 'N', 'D', 'EY', 'T']","['man', 'date']","['mand', 'ate']",0.2857142857142857,9.33e-06,"[26, 2, 27, 18, 9, 33, 0, 0]"
hungary,"['HH', 'AH', 'NG', 'G', 'ER', 'IY']","['hun', 'gary']","['hung', 'ary']",0.2857142857142857,8.13e-06,"[22, 3, 28, 21, 8, 11, 0, 0]"
insects,"['IH', 'N', 'S', 'EH', 'K', 'T', 'S']","['in', 'sects']","['insect', 's']",0.2857142857142857,1.05e-05,"[10, 27, 31, 7, 24, 33, 31, 0]"
halifax,"['HH', 'AE', 'L', 'IH', 'F', 'AE', 'K', 'S']","['hal', 'i', 'fax']","['hal', 'if', 'ax']",0.2857142857142857,3.89e-06,"[22, 2, 25, 10, 20, 2, 24, 31]"
escorts,"['EH', 'S', 'K', 'AO', 'R', 'T', 'S']","['es', 'corts']","['esc', 'orts']",0.2857142857142857,2.63e-06,"[7, 31, 24, 4, 30, 33, 31, 0]"
pontiac,"['P', 'AA', 'N', 'T', 'IY', 'AE', 'K']","['pon', 'tiac']","['pont', 'iac']",0.2857142857142857,1.32e-06,"[29, 1, 27, 33, 11, 2, 24, 0]"
britain,"['B', 'R', 'IH', 'T', 'AH', 'N']","['bri', 'tain']","['brit', 'ain']",0.2857142857142857,5.25e-05,"[16, 30, 10, 33, 3, 27, 0, 0]"
leisure,"['L', 'EH', 'ZH', 'ER']","['leis', 'ure']","['le', 'isure']",0.2857142857142857,8.32e-06,"[25, 7, 39, 8, 0, 0, 0, 0]"
biology,"['B', 'AY', 'AA', 'L', 'AH', 'JH', 'IY']","['bio', 'logy']","['bi', 'ology']",0.2857142857142857,1.66e-05,"[16, 6, 1, 25, 3, 23, 11, 0]"
licence,"['L', 'AY', 'S', 'AH', 'N', 'S']","['li', 'cence']","['lic', 'ence']",0.2857142857142857,9.33e-06,"[25, 6, 31, 3, 27, 31, 0, 0]"
moldova,"['M', 'OW', 'L', 'D', 'OW', 'V', 'AH']","['mol', 'dova']","['mold', 'ova']",0.2857142857142857,1.48e-06,"[26, 12, 25, 18, 12, 35, 3, 0]"
madison,"['M', 'AE', 'D', 'AH', 'S', 'AH', 'N']","['madis', 'on']","['mad', 'ison']",0.2857142857142857,1.48e-05,"[26, 2, 18, 3, 31, 3, 27, 0]"
perfume,"['P', 'ER', 'F', 'Y', 'UW', 'M']","['per', 'fume']","['perf', 'ume']",0.2857142857142857,5.62e-06,"[29, 8, 20, 37, 15, 26, 0, 0]"
welding,"['W', 'EH', 'L', 'D', 'IH', 'NG']","['weld', 'ing']","['wel', 'ding']",0.2857142857142857,3.47e-06,"[36, 7, 25, 18, 10, 28, 0, 0]"
pharmaceutical,"['F', 'AA', 'R', 'M', 'AH', 'S', 'UW', 'T', 'IH', 'K', 'AH', 'L']","['phar', 'ma', 'ceut', 'ic', 'al']","['pharm', 'aceut', 'ical']",0.2857142857142857,7.94e-06,"[20, 1, 30, 26, 3, 31, 15, 33]"
elliott,"['EH', 'L', 'IY', 'AH', 'T']","['el', 'li', 'ott']","['', 'elli', 'ott']",0.2857142857142857,6.17e-06,"[7, 25, 11, 3, 33, 0, 0, 0]"
museums,"['M', 'Y', 'UW', 'Z', 'IY', 'AH', 'M', 'Z']","['mu', 'seums']","['museum', 's']",0.2857142857142857,7.76e-06,"[26, 37, 15, 38, 11, 3, 26, 38]"
borough,"['B', 'ER', 'OW']","['bor', 'ough']","['b', 'orough']",0.2857142857142857,6.76e-06,"[16, 8, 12, 0, 0, 0, 0, 0]"
telecommunications,"['T', 'EH', 'L', 'AH', 'K', 'AH', 'M', 'Y', 'UW', 'N', 'AH', 'K', 'EY', 'SH', 'AH', 'N', 'Z']","['tele', 'com', 'mu', 'nic', 'a', 'tions']","['tele', 'commun', 'ications']",0.2777777777777778,6.76e-06,"[33, 7, 25, 3, 24, 3, 26, 37]"
liabilities,"['L', 'AY', 'AH', 'B', 'IH', 'L', 'AH', 'T', 'IY', 'Z']","['li', 'ab', 'il', 'it', 'ies']","['li', 'abilities']",0.2727272727272727,3.63e-06,"[25, 6, 3, 16, 10, 25, 3, 33]"
subdivision,"['S', 'AH', 'B', 'D', 'IH', 'V', 'IH', 'ZH', 'AH', 'N']","['sub', 'di', 'vi', 'sion']","['sub', 'div', 'ision']",0.2727272727272727,4.27e-06,"[31, 3, 16, 18, 10, 35, 10, 39]"
coordinated,"['K', 'OW', 'AO', 'R', 'D', 'AH', 'N', 'EY', 'T', 'IH', 'D']","['co', 'ordin', 'ated']","['coord', 'inated']",0.2727272727272727,6.17e-06,"[24, 12, 4, 30, 18, 3, 27, 9]"
evanescence,"['EH', 'V', 'AH', 'N', 'EH', 'S', 'AH', 'N', 'S']","['evan', 'es', 'cence']","['ev', 'an', 'esc', 'ence']",0.2727272727272727,2.24e-07,"[7, 35, 3, 27, 7, 31, 3, 27]"
citizenship,"['S', 'IH', 'T', 'IH', 'Z', 'AH', 'N', 'SH', 'IH', 'P']","['cit', 'izen', 'ship']","['citizens', 'hip']",0.2727272727272727,1.26e-05,"[31, 10, 33, 10, 38, 3, 27, 32]"
constitutes,"['K', 'AA', 'N', 'S', 'T', 'AH', 'T', 'UW', 'T', 'S']","['con', 'sti', 'tutes']","['const', 'itutes']",0.2727272727272727,5.25e-06,"[24, 1, 27, 31, 33, 3, 33, 15]"
transcripts,"['T', 'R', 'AE', 'N', 'S', 'K', 'R', 'IH', 'P', 'T', 'S']","['tran', 'scripts']","['trans', 'cript', 's']",0.2727272727272727,2.57e-06,"[33, 30, 2, 27, 31, 24, 30, 10]"
ejaculation,"['IY', 'JH', 'AE', 'K', 'Y', 'UW', 'L', 'EY', 'SH', 'AH', 'N']","['ejac', 'u', 'la', 'tion']","['ej', 'ac', 'ulation']",0.2727272727272727,8.32e-07,"[11, 23, 2, 24, 37, 15, 25, 9]"
productions,"['P', 'R', 'AH', 'D', 'AH', 'K', 'SH', 'AH', 'N', 'Z']","['pro', 'duc', 'tions']","['produ', 'ctions']",0.2727272727272727,8.32e-06,"[29, 30, 3, 18, 3, 24, 32, 3]"
supplements,"['S', 'AH', 'P', 'L', 'AH', 'M', 'AH', 'N', 'T', 'S']","['sup', 'ple', 'ments']","['supplement', 's']",0.2727272727272727,5.89e-06,"[31, 3, 29, 25, 3, 26, 3, 27]"
advertisers,"['AE', 'D', 'V', 'ER', 'T', 'AY', 'Z', 'ER', 'Z']","['ad', 'vert', 'isers']","['advertis', 'ers']",0.2727272727272727,3.8e-06,"[2, 18, 35, 8, 33, 6, 38, 8]"
reliability,"['R', 'IY', 'L', 'AY', 'AH', 'B', 'IH', 'L', 'AH', 'T', 'IY']","['re', 'li', 'ab', 'il', 'ity']","['reli', 'ability']",0.2727272727272727,8.32e-06,"[30, 11, 25, 6, 3, 16, 10, 25]"
inexpensive,"['IH', 'N', 'IH', 'K', 'S', 'P', 'EH', 'N', 'S', 'IH', 'V']","['in', 'ex', 'pens', 'ive']","['in', 'exp', 'ensive']",0.2727272727272727,3.72e-06,"[10, 27, 10, 24, 31, 29, 7, 27]"
malpractice,"['M', 'AE', 'L', 'P', 'R', 'AE', 'K', 'T', 'AH', 'S']","['mal', 'prac', 'tice']","['mal', 'p', 'ract', 'ice']",0.2727272727272727,1.78e-06,"[26, 2, 25, 29, 30, 2, 24, 33]"
afghanistan,"['AE', 'F', 'G', 'AE', 'N', 'AH', 'S', 'T', 'AE', 'N']","['afgh', 'anistan']","['af', 'ghan', 'istan']",0.2727272727272727,1.7e-05,"[2, 20, 21, 2, 27, 3, 31, 33]"
expenditure,"['IH', 'K', 'S', 'P', 'EH', 'N', 'D', 'AH', 'CH', 'ER']","['ex', 'pendit', 'ure']","['expend', 'iture']",0.2727272727272727,5.5e-06,"[10, 24, 31, 29, 7, 27, 18, 3]"
atmospheric,"['AE', 'T', 'M', 'AH', 'S', 'F', 'EH', 'R', 'IH', 'K']","['at', 'mo', 'spher', 'ic']","['atm', 'ospher', 'ic']",0.2727272727272727,6.92e-06,"[2, 33, 26, 3, 31, 20, 7, 30]"
conventions,"['K', 'AH', 'N', 'V', 'EH', 'N', 'SH', 'AH', 'N', 'Z']","['con', 'ven', 'tions']","['convent', 'ions']",0.2727272727272727,6.03e-06,"[24, 3, 27, 35, 7, 27, 32, 3]"
disciplines,"['D', 'IH', 'S', 'AH', 'P', 'L', 'AH', 'N', 'Z']","['dis', 'cip', 'lines']","['discipl', 'ines']",0.2727272727272727,4.9e-06,"[18, 10, 31, 3, 29, 25, 3, 27]"
fundraising,"['F', 'AH', 'N', 'D', 'R', 'EY', 'S', 'IH', 'NG']","['fun', 'drais', 'ing']","['fund', 'raising']",0.2727272727272727,6.46e-06,"[20, 3, 27, 18, 30, 9, 31, 10]"
demographic,"['D', 'EH', 'M', 'AH', 'G', 'R', 'AE', 'F', 'IH', 'K']","['demo', 'graph', 'ic']","['dem', 'ographic']",0.2727272727272727,8.32e-06,"[18, 7, 26, 3, 21, 30, 2, 20]"
legislature,"['L', 'EH', 'JH', 'AH', 'S', 'L', 'EY', 'CH', 'ER']","['le', 'gis', 'lature']","['legisl', 'ature']",0.2727272727272727,1.45e-05,"[25, 7, 23, 3, 31, 25, 9, 17]"
palestinian,"['P', 'AE', 'L', 'IH', 'S', 'T', 'IH', 'N', 'IY', 'AH', 'N']","['palestini', 'an']","['pal', 'est', 'inian']",0.2727272727272727,1.29e-05,"[29, 2, 25, 10, 31, 33, 10, 27]"
commissions,"['K', 'AH', 'M', 'IH', 'SH', 'AH', 'N', 'Z']","['com', 'mis', 'sions']","['comm', 'issions']",0.2727272727272727,6.61e-06,"[24, 3, 26, 10, 32, 3, 27, 38]"
submissions,"['S', 'AH', 'B', 'M', 'IH', 'SH', 'AH', 'N', 'Z']","['sub', 'mis', 'sions']","['subm', 'issions']",0.2727272727272727,5.13e-06,"[31, 3, 16, 26, 10, 32, 3, 27]"
attractions,"['AH', 'T', 'R', 'AE', 'K', 'SH', 'AH', 'N', 'Z']","['at', 'trac', 'tions']","['attra', 'ctions']",0.2727272727272727,7.94e-06,"[3, 33, 30, 2, 24, 32, 3, 27]"
outsourcing,"['AW', 'T', 'S', 'AO', 'R', 'S', 'IH', 'NG']","['out', 'sourcing']","['outs', 'our', 'cing']",0.2727272727272727,2.29e-06,"[5, 33, 31, 4, 30, 31, 10, 28]"
reflections,"['R', 'IH', 'F', 'L', 'EH', 'K', 'SH', 'AH', 'N', 'Z']","['re', 'flec', 'tions']","['ref', 'lections']",0.2727272727272727,4.68e-06,"[30, 10, 20, 25, 7, 24, 32, 3]"
positioning,"['P', 'AH', 'Z', 'IH', 'SH', 'AH', 'N', 'IH', 'NG']","['po', 's', 'i', 'tion', 'ing']","['position', 'ing']",0.2727272727272727,5.37e-06,"[29, 3, 38, 10, 32, 3, 27, 10]"
christopher,"['K', 'R', 'IH', 'S', 'T', 'AH', 'F', 'ER']","['chris', 'toph', 'er']","['christ', 'opher']",0.2727272727272727,1.66e-05,"[24, 30, 10, 31, 33, 3, 20, 8]"
sponsorship,"['S', 'P', 'AA', 'N', 'S', 'ER', 'SH', 'IH', 'P']","['spon', 'sor', 'ship']","['spons', 'orship']",0.2727272727272727,5.25e-06,"[31, 29, 1, 27, 31, 8, 32, 10]"
connecticut,"['K', 'AH', 'N', 'EH', 'T', 'AH', 'K', 'AH', 'T']","['con', 'necti', 'c', 'ut']","['connect', 'ic', 'ut']",0.2727272727272727,1.29e-05,"[24, 3, 27, 7, 33, 3, 24, 3]"
conjunction,"['K', 'AH', 'N', 'JH', 'AH', 'NG', 'K', 'SH', 'AH', 'N']","['con', 'junc', 'tion']","['conj', 'unction']",0.2727272727272727,8.51e-06,"[24, 3, 27, 23, 3, 28, 24, 32]"
controllers,"['K', 'AH', 'N', 'T', 'R', 'OW', 'L', 'ER', 'Z']","['con', 'trol', 'lers']","['cont', 'rollers']",0.2727272727272727,4.79e-06,"[24, 3, 27, 33, 30, 12, 25, 8]"
respiratory,"['R', 'EH', 'S', 'P', 'ER', 'AH', 'T', 'AO', 'R', 'IY']","['res', 'pir', 'at', 'ory']","['resp', 'ir', 'atory']",0.2727272727272727,6.46e-06,"[30, 7, 31, 29, 8, 3, 33, 4]"
interracial,"['IH', 'N', 'T', 'ER', 'R', 'EY', 'SH', 'AH', 'L']","['in', 'ter', 'ra', 'cial']","['inter', 'rac', 'ial']",0.2727272727272727,2.34e-06,"[10, 27, 33, 8, 30, 9, 32, 3]"
televisions,"['T', 'EH', 'L', 'AH', 'V', 'IH', 'ZH', 'AH', 'N', 'Z']","['tele', 'vi', 'sions']","['telev', 'isions']",0.2727272727272727,1.2e-06,"[33, 7, 25, 3, 35, 10, 39, 3]"
confidentiality,"['K', 'AA', 'N', 'F', 'AH', 'D', 'EH', 'N', 'SH', 'IY', 'AE', 'L', 'AH', 'T', 'IY']","['con', 'fid', 'en', 'ti', 'al', 'ity']","['confidential', 'ity']",0.26666666666666666,2.82e-06,"[24, 1, 27, 20, 3, 18, 7, 27]"
pharmaceuticals,"['F', 'AA', 'R', 'M', 'AH', 'S', 'UW', 'T', 'IH', 'K', 'AH', 'L', 'Z']","['phar', 'ma', 'ceut', 'ic', 'als']","['pharm', 'aceut', 'icals']",0.26666666666666666,3.02e-06,"[20, 1, 30, 26, 3, 31, 15, 33]"
congratulations,"['K', 'AH', 'N', 'G', 'R', 'AE', 'CH', 'AH', 'L', 'EY', 'SH', 'AH', 'N', 'Z']","['con', 'grat', 'u', 'la', 'tions']","['congr', 'at', 'ulations']",0.26666666666666666,2.51e-05,"[24, 3, 27, 21, 30, 2, 17, 3]"
lisa,"['L', 'IY', 'S', 'AH']",['lisa'],"['l', 'isa']",0.25,1.95e-05,"[25, 11, 31, 3, 0, 0, 0, 0]"
isle,"['AY', 'L']",['isle'],"['is', 'le']",0.25,6.76e-06,"[6, 25, 0, 0, 0, 0, 0, 0]"
yale,"['Y', 'EY', 'L']",['yale'],"['y', 'ale']",0.25,7.59e-06,"[37, 9, 25, 0, 0, 0, 0, 0]"
costumes,"['K', 'AA', 'S', 'T', 'UW', 'M', 'Z']","['cos', 'tumes']","['cost', 'umes']",0.25,7.76e-06,"[24, 1, 31, 33, 15, 26, 38, 0]"
geek,"['G', 'IY', 'K']",['geek'],"['ge', 'ek']",0.25,4.07e-06,"[21, 11, 24, 0, 0, 0, 0, 0]"
plastics,"['P', 'L', 'AE', 'S', 'T', 'IH', 'K', 'S']",['plastics'],"['pl', 'ast', 'ics']",0.25,3.8e-06,"[29, 25, 2, 31, 33, 10, 24, 31]"
oriented,"['AO', 'R', 'IY', 'EH', 'N', 'T', 'AH', 'D']","['ori', 'ented']","['orient', 'ed']",0.25,1.32e-05,"[4, 30, 11, 7, 27, 33, 3, 18]"
eden,"['IY', 'D', 'AH', 'N']",['eden'],"['ed', 'en']",0.25,6.61e-06,"[11, 18, 3, 27, 0, 0, 0, 0]"
aids,"['EY', 'D', 'Z']",['aids'],"['a', 'ids']",0.25,1.78e-05,"[9, 18, 38, 0, 0, 0, 0, 0]"
recreational,"['R', 'EH', 'K', 'R', 'IY', 'EY', 'SH', 'AH', 'N', 'AH', 'L']","['re', 'cre', 'ation', 'al']","['rec', 're', 'ational']",0.25,8.13e-06,"[30, 7, 24, 30, 11, 9, 32, 3]"
acer,"['EY', 'S', 'ER']",['acer'],"['ac', 'er']",0.25,1.35e-06,"[9, 31, 8, 0, 0, 0, 0, 0]"
reseller,"['R', 'IY', 'S', 'EH', 'L', 'ER']","['re', 'seller']","['res', 'eller']",0.25,6.17e-07,"[30, 11, 31, 7, 25, 8, 0, 0]"
desktops,"['D', 'EH', 'S', 'K', 'T', 'AA', 'P', 'S']",['desktops'],"['des', 'kt', 'ops']",0.25,6.17e-07,"[18, 7, 31, 24, 33, 1, 29, 31]"
zinc,"['Z', 'IH', 'NG', 'K']",['zinc'],"['z', 'inc']",0.25,4.47e-06,"[38, 10, 28, 24, 0, 0, 0, 0]"
guru,"['G', 'UW', 'R', 'UW']",['guru'],"['g', 'uru']",0.25,6.61e-06,"[21, 15, 30, 15, 0, 0, 0, 0]"
oval,"['OW', 'V', 'AH', 'L']",['oval'],"['o', 'val']",0.25,9.55e-06,"[12, 35, 3, 25, 0, 0, 0, 0]"
soma,"['S', 'OW', 'M', 'AH']",['soma'],"['som', 'a']",0.25,1.62e-06,"[31, 12, 26, 3, 0, 0, 0, 0]"
maritime,"['M', 'EH', 'R', 'AH', 'T', 'AY', 'M']","['mari', 'time']","['mar', 'itime']",0.25,9.12e-06,"[26, 7, 30, 3, 33, 6, 26, 0]"
combines,"['K', 'AH', 'M', 'B', 'AY', 'N', 'Z']","['com', 'bines']","['comb', 'ines']",0.25,5.37e-06,"[24, 3, 26, 16, 6, 27, 38, 0]"
carl,"['K', 'AA', 'R', 'L']",['carl'],"['car', 'l']",0.25,1.74e-05,"[24, 1, 30, 25, 0, 0, 0, 0]"
oaks,"['OW', 'K', 'S']",['oaks'],"['o', 'aks']",0.25,4.07e-06,"[12, 24, 31, 0, 0, 0, 0, 0]"
reel,"['R', 'IY', 'L']",['reel'],"['re', 'el']",0.25,4.79e-06,"[30, 11, 25, 0, 0, 0, 0, 0]"
chad,"['CH', 'AE', 'D']",['chad'],"['ch', 'ad']",0.25,8.51e-06,"[17, 2, 18, 0, 0, 0, 0, 0]"
treasury,"['T', 'R', 'EH', 'ZH', 'ER', 'IY']","['treas', 'ury']","['tre', 'asury']",0.25,1.74e-05,"[33, 30, 7, 39, 8, 11, 0, 0]"
cove,"['K', 'OW', 'V']",['cove'],"['c', 'ove']",0.25,4.37e-06,"[24, 12, 35, 0, 0, 0, 0, 0]"
goat,"['G', 'OW', 'T']",['goat'],"['go', 'at']",0.25,1.05e-05,"[21, 12, 33, 0, 0, 0, 0, 0]"
duke,"['D', 'UW', 'K']",['duke'],"['du', 'ke']",0.25,2.82e-05,"[18, 15, 24, 0, 0, 0, 0, 0]"
jade,"['JH', 'EY', 'D']",['jade'],"['j', 'ade']",0.25,6.03e-06,"[23, 9, 18, 0, 0, 0, 0, 0]"
keno,"['K', 'IY', 'N', 'OW']",['keno'],"['k', 'eno']",0.25,2.69e-07,"[24, 11, 27, 12, 0, 0, 0, 0]"
rosa,"['R', 'OW', 'Z', 'AH']",['rosa'],"['ro', 'sa']",0.25,6.31e-06,"[30, 12, 38, 3, 0, 0, 0, 0]"
refrigerator,"['R', 'AH', 'F', 'R', 'IH', 'JH', 'ER', 'EY', 'T', 'ER']","['re', 'fri', 'ger', 'at', 'or']","['refriger', 'ator']",0.25,4.07e-06,"[30, 3, 20, 30, 10, 23, 8, 9]"
peru,"['P', 'ER', 'UW']",['peru'],"['per', 'u']",0.25,7.76e-06,"[29, 8, 15, 0, 0, 0, 0, 0]"
mall,"['M', 'AO', 'L']",['mall'],"['m', 'all']",0.25,1.95e-05,"[26, 4, 25, 0, 0, 0, 0, 0]"
thompson,"['T', 'AA', 'M', 'P', 'S', 'AH', 'N']",['thompson'],"['th', 'om', 'pson']",0.25,1.91e-05,"[33, 1, 26, 29, 31, 3, 27, 0]"
sean,"['SH', 'AO', 'N']",['sean'],"['se', 'an']",0.25,2.04e-05,"[32, 4, 27, 0, 0, 0, 0, 0]"
cartoons,"['K', 'AA', 'R', 'T', 'UW', 'N', 'Z']","['car', 'toons']","['cart', 'oons']",0.25,5.5e-06,"[24, 1, 30, 33, 15, 27, 38, 0]"
blvd,"['B', 'UH', 'L', 'AH', 'V', 'AA', 'R', 'D']",['blvd'],"['bl', 'vd']",0.25,3.55e-06,"[16, 14, 25, 3, 35, 1, 30, 18]"
marc,"['M', 'AA', 'R', 'K']",['marc'],"['mar', 'c']",0.25,1.07e-05,"[26, 1, 30, 24, 0, 0, 0, 0]"
luke,"['L', 'UW', 'K']",['luke'],"['lu', 'ke']",0.25,2.82e-05,"[25, 15, 24, 0, 0, 0, 0, 0]"
pete,"['P', 'IY', 'T']",['pete'],"['p', 'ete']",0.25,1.32e-05,"[29, 11, 33, 0, 0, 0, 0, 0]"
penn,"['P', 'EH', 'N']",['penn'],"['p', 'enn']",0.25,7.94e-06,"[29, 7, 27, 0, 0, 0, 0, 0]"
acre,"['EY', 'K', 'ER']",['acre'],"['a', 'cre']",0.25,8.51e-06,"[9, 24, 8, 0, 0, 0, 0, 0]"
hose,"['HH', 'OW', 'Z']",['hose'],"['h', 'ose']",0.25,5.37e-06,"[22, 12, 38, 0, 0, 0, 0, 0]"
kate,"['K', 'EY', 'T']",['kate'],"['k', 'ate']",0.25,2.19e-05,"[24, 9, 33, 0, 0, 0, 0, 0]"
antiques,"['AE', 'N', 'T', 'IY', 'K', 'S']","['an', 'tiques']","['ant', 'iques']",0.25,3.02e-06,"[2, 27, 33, 11, 24, 31, 0, 0]"
pursuant,"['P', 'ER', 'S', 'UW', 'AH', 'N', 'T']","['pur', 'su', 'ant']","['purs', 'u', 'ant']",0.25,3.63e-06,"[29, 8, 31, 15, 3, 27, 33, 0]"
shaw,"['SH', 'AO']",['shaw'],"['sh', 'aw']",0.25,1.2e-05,"[32, 4, 0, 0, 0, 0, 0, 0]"
babe,"['B', 'EY', 'B']",['babe'],"['b', 'abe']",0.25,1.29e-05,"[16, 9, 16, 0, 0, 0, 0, 0]"
fixtures,"['F', 'IH', 'K', 'S', 'CH', 'ER', 'Z']","['fix', 'tures']","['fi', 'xtures']",0.25,6.17e-06,"[20, 10, 24, 31, 17, 8, 38, 0]"
ethiopia,"['IY', 'TH', 'IY', 'OW', 'P', 'IY', 'AH']",['ethiopia'],"['eth', 'iop', 'ia']",0.25,5.37e-06,"[11, 34, 11, 12, 29, 11, 3, 0]"
missouri,"['M', 'AH', 'Z', 'UH', 'R', 'IY']","['mis', 'souri']","['miss', 'ouri']",0.25,1.82e-05,"[26, 3, 38, 14, 30, 11, 0, 0]"
mono,"['M', 'OW', 'N', 'OW']",['mono'],"['mon', 'o']",0.25,3.39e-06,"[26, 12, 27, 12, 0, 0, 0, 0]"
jeep,"['JH', 'IY', 'P']",['jeep'],"['je', 'ep']",0.25,5.25e-06,"[23, 11, 29, 0, 0, 0, 0, 0]"
levy,"['L', 'EH', 'V', 'IY']",['levy'],"['le', 'vy']",0.25,7.08e-06,"[25, 7, 35, 11, 0, 0, 0, 0]"
joel,"['JH', 'OW', 'AH', 'L']",['joel'],"['jo', 'el']",0.25,9.33e-06,"[23, 12, 3, 25, 0, 0, 0, 0]"
rica,"['R', 'IY', 'K', 'AH']",['rica'],"['r', 'ica']",0.25,5.62e-06,"[30, 11, 24, 3, 0, 0, 0, 0]"
polo,"['P', 'OW', 'L', 'OW']",['polo'],"['pol', 'o']",0.25,5.89e-06,"[29, 12, 25, 12, 0, 0, 0, 0]"
watt,"['W', 'AA', 'T']",['watt'],"['w', 'att']",0.25,4.9e-06,"[36, 1, 33, 0, 0, 0, 0, 0]"
pins,"['P', 'IH', 'N', 'Z']",['pins'],"['p', 'ins']",0.25,6.31e-06,"[29, 10, 27, 38, 0, 0, 0, 0]"
acne,"['AE', 'K', 'N', 'IY']",['acne'],"['ac', 'ne']",0.25,4.57e-06,"[2, 24, 27, 11, 0, 0, 0, 0]"
undo,"['AH', 'N', 'D', 'UW']",['undo'],"['und', 'o']",0.25,3.72e-06,"[3, 27, 18, 15, 0, 0, 0, 0]"
reed,"['R', 'IY', 'D']",['reed'],"['re', 'ed']",0.25,1.17e-05,"[30, 11, 18, 0, 0, 0, 0, 0]"
fred,"['F', 'R', 'EH', 'D']",['fred'],"['f', 'red']",0.25,1.62e-05,"[20, 30, 7, 18, 0, 0, 0, 0]"
mistress,"['M', 'IH', 'S', 'T', 'R', 'AH', 'S']","['mis', 'tress']","['mist', 'ress']",0.25,7.24e-06,"[26, 10, 31, 33, 30, 3, 31, 0]"
connectivity,"['K', 'AH', 'N', 'EH', 'K', 'T', 'IH', 'V', 'IH', 'T', 'IY']","['con', 'nectiv', 'ity']","['connect', 'ivity']",0.25,3.63e-06,"[24, 3, 27, 7, 24, 33, 10, 35]"
aberdeen,"['AE', 'B', 'ER', 'D', 'IY', 'N']","['ab', 'er', 'deen']","['aber', 'de', 'en']",0.25,6.46e-06,"[2, 16, 8, 18, 11, 27, 0, 0]"
auctions,"['AA', 'K', 'SH', 'AH', 'N', 'Z']","['auc', 'tions']","['au', 'ctions']",0.25,2.82e-06,"[1, 24, 32, 3, 27, 38, 0, 0]"
