word,arpabet,syllables,tokenized_word,hamming_distance,word_frequency,phon_vec
lexmark,"['L', 'EH', 'K', 'S', 'M', 'AA', 'R', 'K']","['lex', 'mark']","['lex', 'mark']",0.0,1.23e-07,"[25, 7, 24, 31, 26, 1, 30, 24]"
shareware,"['SH', 'EH', 'R', 'W', 'EH', 'R']","['share', 'ware']","['share', 'ware']",0.0,1.91e-07,"[32, 7, 30, 36, 7, 30, 0, 0]"
disclaimers,"['D', 'IH', 'S', 'K', 'L', 'EY', 'M', 'ER', 'Z']","['dis', 'claim', 'ers']","['dis', 'claim', 'ers']",0.0,2.82e-07,"[18, 10, 31, 24, 25, 9, 26, 8]"
unwrap,"['AH', 'N', 'R', 'AE', 'P']","['un', 'wrap']","['un', 'wrap']",0.0,3.63e-07,"[3, 27, 30, 2, 29, 0, 0, 0]"
netscape,"['N', 'EH', 'T', 'S', 'K', 'EY', 'P']","['nets', 'cape']","['nets', 'cape']",0.0,4.37e-07,"[27, 7, 33, 31, 24, 9, 29, 0]"
thinkpad,"['TH', 'IH', 'NG', 'K', 'P', 'AE', 'D']","['think', 'pad']","['think', 'pad']",0.0,4.57e-07,"[34, 10, 28, 24, 29, 2, 18, 0]"
bestsellers,"['B', 'EH', 'S', 'T', 'S', 'EH', 'L', 'ER', 'Z']","['best', 'sellers']","['best', 'sell', 'ers']",0.09090909090909091,5.13e-07,"[16, 7, 31, 33, 31, 7, 25, 8]"
acrobat,"['AE', 'K', 'R', 'AH', 'B', 'AE', 'T']","['ac', 'robat']","['ac', 'robat']",0.0,5.25e-07,"[2, 24, 30, 3, 16, 2, 33, 0]"
reseller,"['R', 'IY', 'S', 'EH', 'L', 'ER']","['re', 'seller']","['re', 'seller']",0.0,6.17e-07,"[30, 11, 31, 7, 25, 8, 0, 0]"
bookmarks,"['B', 'UH', 'K', 'M', 'AA', 'R', 'K', 'S']","['book', 'marks']","['book', 'marks']",0.0,6.46e-07,"[16, 14, 24, 26, 1, 30, 24, 31]"
mpeg,"['EH', 'M', 'P', 'EH', 'G']",['mpeg'],['mpeg'],0.0,6.61e-07,"[7, 26, 29, 7, 21, 0, 0, 0]"
airfare,"['EH', 'R', 'F', 'EH', 'R']","['air', 'fare']","['air', 'fare']",0.0,6.76e-07,"[7, 30, 20, 7, 30, 0, 0, 0]"
adapters,"['AH', 'D', 'AE', 'P', 'T', 'ER', 'Z']","['ad', 'apters']","['ad', 'apters']",0.0,7.24e-07,"[3, 18, 2, 29, 33, 8, 38, 0]"
lookup,"['L', 'UH', 'K', 'AH', 'P']","['look', 'up']","['look', 'up']",0.0,7.24e-07,"[25, 14, 24, 3, 29, 0, 0, 0]"
mailman,"['M', 'EY', 'L', 'M', 'AE', 'N']","['mail', 'man']","['mail', 'man']",0.0,7.59e-07,"[26, 9, 25, 26, 2, 27, 0, 0]"
telephony,"['T', 'EH', 'L', 'AH', 'F', 'OW', 'N', 'IY']","['tele', 'phony']","['tele', 'phony']",0.0,7.76e-07,"[33, 7, 25, 3, 20, 12, 27, 11]"
printable,"['P', 'R', 'IH', 'N', 'T', 'AH', 'B', 'AH', 'L']","['print', 'able']","['print', 'able']",0.0,8.32e-07,"[29, 30, 10, 27, 33, 3, 16, 3]"
deutschland,"['D', 'OY', 'CH', 'L', 'AE', 'N', 'D']","['deutsch', 'land']","['de', 'utsch', 'land']",0.09090909090909091,8.32e-07,"[18, 13, 17, 25, 2, 27, 18, 0]"
newsletters,"['N', 'UW', 'Z', 'L', 'EH', 'T', 'ER', 'Z']","['news', 'let', 'ters']","['news', 'letters']",0.09090909090909091,8.71e-07,"[27, 15, 38, 25, 7, 33, 8, 38]"
locale,"['L', 'OW', 'K', 'AE', 'L']","['loc', 'ale']","['loc', 'ale']",0.0,9.55e-07,"[25, 12, 24, 2, 25, 0, 0, 0]"
transsexual,"['T', 'R', 'AE', 'N', 'S', 'EH', 'K', 'SH', 'Y', 'UW', 'AH', 'L']","['trans', 'sexu', 'al']","['trans', 'sexual']",0.09090909090909091,9.77e-07,"[33, 30, 2, 27, 31, 7, 24, 32]"
toolbox,"['T', 'UW', 'L', 'B', 'AO', 'K', 'S']","['tool', 'box']","['tool', 'box']",0.0,9.77e-07,"[33, 15, 25, 16, 4, 24, 31, 0]"
grenada,"['G', 'R', 'IH', 'N', 'EY', 'D', 'AH']","['gren', 'ada']","['gren', 'ada']",0.0,1.05e-06,"[21, 30, 10, 27, 9, 18, 3, 0]"
ericsson,"['EH', 'R', 'IH', 'K', 'S', 'AH', 'N']","['eric', 'sson']","['eric', 'sson']",0.0,1.05e-06,"[7, 30, 10, 24, 31, 3, 27, 0]"
reprints,"['R', 'IY', 'P', 'R', 'IH', 'N', 'T', 'S']","['re', 'prints']","['re', 'prints']",0.0,1.07e-06,"[30, 11, 29, 30, 10, 27, 33, 31]"
unsubscribe,"['AH', 'N', 'S', 'AH', 'B', 'S', 'K', 'R', 'AY', 'B']","['un', 'sub', 'scribe']","['un', 'sub', 'scribe']",0.0,1.07e-06,"[3, 27, 31, 3, 16, 31, 24, 30]"
ata,"['AA', 'T', 'AH']",['ata'],['ata'],0.0,1.1e-06,"[1, 33, 3, 0, 0, 0, 0, 0]"
gnu,"['N', 'UW']",['gnu'],['gnu'],0.0,1.1e-06,"[27, 15, 0, 0, 0, 0, 0, 0]"
workstation,"['W', 'ER', 'K', 'S', 'T', 'EY', 'SH', 'AH', 'N']","['work', 'sta', 'tion']","['work', 'station']",0.09090909090909091,1.1e-06,"[36, 8, 24, 31, 33, 9, 32, 3]"
bookmark,"['B', 'UH', 'K', 'M', 'AA', 'R', 'K']","['book', 'mark']","['book', 'mark']",0.0,1.1e-06,"[16, 14, 24, 26, 1, 30, 24, 0]"
asp,"['AE', 'S', 'P']",['asp'],['asp'],0.0,1.12e-06,"[2, 31, 29, 0, 0, 0, 0, 0]"
lambda,"['L', 'AE', 'M', 'D', 'AH']",['lambda'],['lambda'],0.0,1.15e-06,"[25, 2, 26, 18, 3, 0, 0, 0]"
sie,"['S', 'IY']",['sie'],['sie'],0.0,1.15e-06,"[31, 11, 0, 0, 0, 0, 0, 0]"
lolita,"['L', 'OW', 'L', 'IY', 'T', 'AH']","['lol', 'ita']","['lol', 'ita']",0.0,1.17e-06,"[25, 12, 25, 11, 33, 3, 0, 0]"
permissions,"['P', 'ER', 'M', 'IH', 'SH', 'AH', 'N', 'Z']","['per', 'mis', 'sions']","['per', 'missions']",0.09090909090909091,1.29e-06,"[29, 8, 26, 10, 32, 3, 27, 38]"
collectibles,"['K', 'AH', 'L', 'EH', 'K', 'T', 'AH', 'B', 'AH', 'L', 'Z']","['col', 'lect', 'ibles']","['collect', 'ibles']",0.08333333333333333,1.29e-06,"[24, 3, 25, 7, 24, 33, 3, 16]"
acer,"['EY', 'S', 'ER']",['acer'],['acer'],0.0,1.35e-06,"[9, 31, 8, 0, 0, 0, 0, 0]"
lat,"['L', 'AA', 'T']",['lat'],['lat'],0.0,1.35e-06,"[25, 1, 33, 0, 0, 0, 0, 0]"
collectible,"['K', 'AH', 'L', 'EH', 'K', 'T', 'AH', 'B', 'AH', 'L']","['col', 'lect', 'ible']","['collect', 'ible']",0.09090909090909091,1.38e-06,"[24, 3, 25, 7, 24, 33, 3, 16]"
hewlett,"['HH', 'Y', 'UW', 'L', 'IH', 'T']","['hew', 'lett']","['hew', 'lett']",0.0,1.38e-06,"[22, 37, 15, 25, 10, 33, 0, 0]"
ide,"['AY', 'D']",['ide'],['ide'],0.0,1.38e-06,"[6, 18, 0, 0, 0, 0, 0, 0]"
postings,"['P', 'OW', 'S', 'T', 'IH', 'NG', 'Z']","['post', 'ings']","['post', 'ings']",0.0,1.38e-06,"[29, 12, 31, 33, 10, 28, 38, 0]"
crossword,"['K', 'R', 'AO', 'S', 'W', 'ER', 'D']","['cross', 'word']","['cross', 'word']",0.0,1.38e-06,"[24, 30, 4, 31, 36, 8, 18, 0]"
nightlife,"['N', 'AY', 'T', 'L', 'AY', 'F']","['night', 'life']","['night', 'life']",0.0,1.41e-06,"[27, 6, 33, 25, 6, 20, 0, 0]"
byte,"['B', 'AY', 'T']",['byte'],['byte'],0.0,1.41e-06,"[16, 6, 33, 0, 0, 0, 0, 0]"
blackjack,"['B', 'L', 'AE', 'K', 'JH', 'AE', 'K']","['black', 'jack']","['black', 'jack']",0.0,1.45e-06,"[16, 25, 2, 24, 23, 2, 24, 0]"
aud,"['AO', 'D']",['aud'],['aud'],0.0,1.45e-06,"[4, 18, 0, 0, 0, 0, 0, 0]"
shortcuts,"['SH', 'AO', 'R', 'T', 'K', 'AH', 'T', 'S']","['short', 'cuts']","['short', 'cuts']",0.0,1.45e-06,"[32, 4, 30, 33, 24, 3, 33, 31]"
avi,"['AA', 'V', 'IY']",['avi'],['avi'],0.0,1.51e-06,"[1, 35, 11, 0, 0, 0, 0, 0]"
handbags,"['HH', 'AE', 'N', 'D', 'B', 'AE', 'G', 'Z']","['hand', 'bags']","['hand', 'bags']",0.0,1.51e-06,"[22, 2, 27, 18, 16, 2, 21, 38]"
referrals,"['R', 'IH', 'F', 'ER', 'AH', 'L', 'Z']","['re', 'fer', 'rals']","['re', 'fer', 'rals']",0.0,1.58e-06,"[30, 10, 20, 8, 3, 25, 38, 0]"
enlarge,"['EH', 'N', 'L', 'AA', 'R', 'JH']","['en', 'large']","['en', 'large']",0.0,1.58e-06,"[7, 27, 25, 1, 30, 23, 0, 0]"
diff,"['D', 'IH', 'F']",['diff'],['diff'],0.0,1.58e-06,"[18, 10, 20, 0, 0, 0, 0, 0]"
vertex,"['V', 'ER', 'T', 'EH', 'K', 'S']","['ver', 'tex']","['ver', 'tex']",0.0,1.62e-06,"[35, 8, 33, 7, 24, 31, 0, 0]"
gage,"['G', 'EY', 'JH']",['gage'],['gage'],0.0,1.66e-06,"[21, 9, 23, 0, 0, 0, 0, 0]"
pty,"['T', 'AY']",['pty'],['pty'],0.0,1.66e-06,"[33, 6, 0, 0, 0, 0, 0, 0]"
notebooks,"['N', 'OW', 'T', 'B', 'UH', 'K', 'S']","['note', 'books']","['note', 'books']",0.0,1.7e-06,"[27, 12, 33, 16, 14, 24, 31, 0]"
redhead,"['R', 'EH', 'D', 'HH', 'EH', 'D']","['red', 'head']","['red', 'head']",0.0,1.7e-06,"[30, 7, 18, 22, 7, 18, 0, 0]"
firewall,"['F', 'AY', 'R', 'W', 'AA', 'L']","['fire', 'wall']","['fire', 'wall']",0.0,1.74e-06,"[20, 6, 30, 36, 1, 25, 0, 0]"
belize,"['B', 'EH', 'L', 'IY', 'Z']","['bel', 'ize']","['bel', 'ize']",0.0,1.74e-06,"[16, 7, 25, 11, 38, 0, 0, 0]"
prerequisite,"['P', 'R', 'IY', 'R', 'EH', 'K', 'W', 'AH', 'Z', 'AH', 'T']","['pre', 'requis', 'ite']","['pre', 'requisite']",0.08333333333333333,1.74e-06,"[29, 30, 11, 30, 7, 24, 36, 3]"
malpractice,"['M', 'AE', 'L', 'P', 'R', 'AE', 'K', 'T', 'AH', 'S']","['mal', 'prac', 'tice']","['mal', 'practice']",0.09090909090909091,1.78e-06,"[26, 2, 25, 29, 30, 2, 24, 33]"
nav,"['N', 'AE', 'V']",['nav'],['nav'],0.0,1.82e-06,"[27, 2, 35, 0, 0, 0, 0, 0]"
uri,"['Y', 'ER', 'IY']",['uri'],['uri'],0.0,1.82e-06,"[37, 8, 11, 0, 0, 0, 0, 0]"
reload,"['R', 'IY', 'L', 'OW', 'D']","['re', 'load']","['re', 'load']",0.0,1.82e-06,"[30, 11, 25, 12, 18, 0, 0, 0]"
bytes,"['B', 'AY', 'T', 'S']",['bytes'],['bytes'],0.0,1.82e-06,"[16, 6, 33, 31, 0, 0, 0, 0]"
biz,"['B', 'IH', 'Z']",['biz'],['biz'],0.0,1.86e-06,"[16, 10, 38, 0, 0, 0, 0, 0]"
lexus,"['L', 'EH', 'K', 'S', 'AH', 'S']","['lex', 'us']","['lex', 'us']",0.0,1.86e-06,"[25, 7, 24, 31, 3, 31, 0, 0]"
postcards,"['P', 'OW', 'S', 'T', 'K', 'AA', 'R', 'D', 'Z']","['post', 'cards']","['post', 'cards']",0.0,1.91e-06,"[29, 12, 31, 33, 24, 1, 30, 18]"
flooring,"['F', 'L', 'AO', 'R', 'IH', 'NG']","['floor', 'ing']","['floor', 'ing']",0.0,1.91e-06,"[20, 25, 4, 30, 10, 28, 0, 0]"
packard,"['P', 'AE', 'K', 'ER', 'D']","['pack', 'ard']","['pack', 'ard']",0.0,1.91e-06,"[29, 2, 24, 8, 18, 0, 0, 0]"
prepaid,"['P', 'R', 'IY', 'P', 'EY', 'D']","['pre', 'paid']","['pre', 'paid']",0.0,2e-06,"[29, 30, 11, 29, 9, 18, 0, 0]"
nec,"['N', 'EH', 'K']",['nec'],['nec'],0.0,2.04e-06,"[27, 7, 24, 0, 0, 0, 0, 0]"
computed,"['K', 'AH', 'M', 'P', 'Y', 'UW', 'T', 'AH', 'D']","['com', 'puted']","['com', 'puted']",0.0,2.04e-06,"[24, 3, 26, 29, 37, 15, 33, 3]"
specialties,"['S', 'P', 'EH', 'SH', 'AH', 'L', 'T', 'IY', 'Z']","['spe', 'cial', 'ties']","['special', 'ties']",0.09090909090909091,2.04e-06,"[31, 29, 7, 32, 3, 25, 33, 11]"
fairfield,"['F', 'EH', 'R', 'F', 'IY', 'L', 'D']","['fair', 'field']","['fair', 'field']",0.0,2.04e-06,"[20, 7, 30, 20, 11, 25, 18, 0]"
ent,"['EH', 'N', 'T']",['ent'],['ent'],0.0,2.09e-06,"[7, 27, 33, 0, 0, 0, 0, 0]"
volt,"['V', 'OW', 'L', 'T']",['volt'],['volt'],0.0,2.09e-06,"[35, 12, 25, 33, 0, 0, 0, 0]"
nil,"['N', 'IH', 'L']",['nil'],['nil'],0.0,2.14e-06,"[27, 10, 25, 0, 0, 0, 0, 0]"
playback,"['P', 'L', 'EY', 'B', 'AE', 'K']","['play', 'back']","['play', 'back']",0.0,2.14e-06,"[29, 25, 9, 16, 2, 24, 0, 0]"
bookings,"['B', 'UH', 'K', 'IH', 'NG', 'Z']","['book', 'ings']","['book', 'ings']",0.0,2.14e-06,"[16, 14, 24, 10, 28, 38, 0, 0]"
previews,"['P', 'R', 'IY', 'V', 'Y', 'UW', 'Z']","['pre', 'views']","['pre', 'views']",0.0,2.14e-06,"[29, 30, 11, 35, 37, 15, 38, 0]"
calibration,"['K', 'AE', 'L', 'AH', 'B', 'R', 'EY', 'SH', 'AH', 'N']","['cal', 'ib', 'ra', 'tion']","['cal', 'ib', 'ration']",0.09090909090909091,2.19e-06,"[24, 2, 25, 3, 16, 30, 9, 32]"
hardwood,"['HH', 'AA', 'R', 'D', 'W', 'UH', 'D']","['hard', 'wood']","['hard', 'wood']",0.0,2.19e-06,"[22, 1, 30, 18, 36, 14, 18, 0]"
foo,"['F', 'UW']",['foo'],['foo'],0.0,2.19e-06,"[20, 15, 0, 0, 0, 0, 0, 0]"
cookbook,"['K', 'UH', 'K', 'B', 'UH', 'K']","['cook', 'book']","['cook', 'book']",0.0,2.29e-06,"[24, 14, 24, 16, 14, 24, 0, 0]"
oman,"['OW', 'M', 'AA', 'N']",['oman'],['oman'],0.0,2.29e-06,"[12, 26, 1, 27, 0, 0, 0, 0]"
topless,"['T', 'AA', 'P', 'L', 'AH', 'S']","['top', 'less']","['top', 'less']",0.0,2.29e-06,"[33, 1, 29, 25, 3, 31, 0, 0]"
handheld,"['HH', 'AE', 'N', 'D', 'HH', 'EH', 'L', 'D']","['hand', 'held']","['hand', 'held']",0.0,2.29e-06,"[22, 2, 27, 18, 22, 7, 25, 18]"
nirvana,"['N', 'IH', 'R', 'V', 'AA', 'N', 'AH']","['nir', 'vana']","['nir', 'vana']",0.0,2.34e-06,"[27, 10, 30, 35, 1, 27, 3, 0]"
bracelets,"['B', 'R', 'EY', 'S', 'L', 'IH', 'T', 'S']","['brace', 'lets']","['brace', 'lets']",0.0,2.34e-06,"[16, 30, 9, 31, 25, 10, 33, 31]"
newfoundland,"['N', 'UW', 'F', 'AH', 'N', 'D', 'L', 'AH', 'N', 'D']","['new', 'found', 'land']","['new', 'foundland']",0.08333333333333333,2.4e-06,"[27, 15, 20, 3, 27, 18, 25, 3]"
latina,"['L', 'AA', 'T', 'IY', 'N', 'AH']","['lat', 'ina']","['lat', 'ina']",0.0,2.4e-06,"[25, 1, 33, 11, 27, 3, 0, 0]"
keyboards,"['K', 'IY', 'B', 'AO', 'R', 'D', 'Z']","['key', 'boards']","['key', 'boards']",0.0,2.4e-06,"[24, 11, 16, 4, 30, 18, 38, 0]"
attachments,"['AH', 'T', 'AE', 'CH', 'M', 'AH', 'N', 'T', 'S']","['at', 'tach', 'ments']","['attach', 'ments']",0.09090909090909091,2.4e-06,"[3, 33, 2, 17, 26, 3, 27, 33]"
snapshot,"['S', 'N', 'AE', 'P', 'SH', 'AA', 'T']","['snap', 'shot']","['snap', 'shot']",0.0,2.45e-06,"[31, 27, 2, 29, 32, 1, 33, 0]"
reprint,"['R', 'IY', 'P', 'R', 'IH', 'N', 'T']","['re', 'print']","['re', 'print']",0.0,2.45e-06,"[30, 11, 29, 30, 10, 27, 33, 0]"
samoa,"['S', 'AH', 'M', 'OW', 'AH']","['sam', 'oa']","['sam', 'oa']",0.0,2.45e-06,"[31, 3, 26, 12, 3, 0, 0, 0]"
bedding,"['B', 'EH', 'D', 'IH', 'NG']","['bed', 'ding']","['bed', 'ding']",0.0,2.51e-06,"[16, 7, 18, 10, 28, 0, 0, 0]"
housewives,"['HH', 'AW', 'S', 'W', 'AY', 'V', 'Z']","['house', 'wives']","['house', 'wives']",0.0,2.51e-06,"[22, 5, 31, 36, 6, 35, 38, 0]"
cartridges,"['K', 'AA', 'R', 'T', 'R', 'AH', 'JH', 'AH', 'Z']","['cart', 'ridges']","['cart', 'ridges']",0.0,2.57e-06,"[24, 1, 30, 33, 30, 3, 23, 3]"
nasdaq,"['N', 'AE', 'Z', 'D', 'AE', 'K']","['nas', 'daq']","['nas', 'daq']",0.0,2.57e-06,"[27, 2, 38, 18, 2, 24, 0, 0]"
bookstore,"['B', 'UH', 'K', 'S', 'T', 'AO', 'R']","['book', 'store']","['book', 'store']",0.0,2.63e-06,"[16, 14, 24, 31, 33, 4, 30, 0]"
rentals,"['R', 'EH', 'N', 'T', 'AH', 'L', 'Z']","['rent', 'als']","['rent', 'als']",0.0,2.63e-06,"[30, 7, 27, 33, 3, 25, 38, 0]"
footwear,"['F', 'UH', 'T', 'W', 'EH', 'R']","['foot', 'wear']","['foot', 'wear']",0.0,2.63e-06,"[20, 14, 33, 36, 7, 30, 0, 0]"
ver,"['V', 'ER']",['ver'],['ver'],0.0,2.63e-06,"[35, 8, 0, 0, 0, 0, 0, 0]"
miscellaneous,"['M', 'IH', 'S', 'AH', 'L', 'EY', 'N', 'IY', 'AH', 'S']","['mis', 'cel', 'laneous']","['mis', 'cellaneous']",0.07692307692307693,2.63e-06,"[26, 10, 31, 3, 25, 9, 27, 11]"
evaluations,"['IH', 'V', 'AE', 'L', 'Y', 'UW', 'EY', 'SH', 'AH', 'N', 'Z']","['eval', 'u', 'ations']","['eval', 'uations']",0.09090909090909091,2.69e-06,"[10, 35, 2, 25, 37, 15, 9, 32]"
len,"['L', 'EH', 'N']",['len'],['len'],0.0,2.69e-06,"[25, 7, 27, 0, 0, 0, 0, 0]"
postcard,"['P', 'OW', 'S', 'T', 'K', 'AA', 'R', 'D']","['post', 'card']","['post', 'card']",0.0,2.75e-06,"[29, 12, 31, 33, 24, 1, 30, 18]"
groundwater,"['G', 'R', 'AW', 'N', 'D', 'W', 'AA', 'T', 'ER']","['ground', 'wa', 'ter']","['ground', 'water']",0.09090909090909091,2.75e-06,"[21, 30, 5, 27, 18, 36, 1, 33]"
questionnaire,"['K', 'W', 'EH', 'S', 'CH', 'AH', 'N', 'EH', 'R']","['ques', 'tion', 'naire']","['question', 'naire']",0.07692307692307693,2.75e-06,"[24, 36, 7, 31, 17, 3, 27, 7]"
hyundai,"['HH', 'Y', 'AH', 'N', 'D', 'EY']","['hy', 'undai']","['hy', 'undai']",0.0,2.75e-06,"[22, 37, 3, 27, 18, 9, 0, 0]"
una,"['UW', 'N', 'AH']",['una'],['una'],0.0,2.75e-06,"[15, 27, 3, 0, 0, 0, 0, 0]"
checklist,"['CH', 'EH', 'K', 'L', 'IH', 'S', 'T']","['check', 'list']","['check', 'list']",0.0,2.82e-06,"[17, 7, 24, 25, 10, 31, 33, 0]"
mens,"['M', 'EH', 'N', 'Z']",['mens'],['mens'],0.0,2.82e-06,"[26, 7, 27, 38, 0, 0, 0, 0]"
programmers,"['P', 'R', 'OW', 'G', 'R', 'AE', 'M', 'ER', 'Z']","['pro', 'gram', 'mers']","['program', 'mers']",0.09090909090909091,2.82e-06,"[29, 30, 12, 21, 30, 2, 26, 8]"
variance,"['V', 'EH', 'R', 'IY', 'AH', 'N', 'S']","['vari', 'ance']","['vari', 'ance']",0.0,2.82e-06,"[35, 7, 30, 11, 3, 27, 31, 0]"
standings,"['S', 'T', 'AE', 'N', 'D', 'IH', 'NG', 'Z']","['stand', 'ings']","['stand', 'ings']",0.0,2.88e-06,"[31, 33, 2, 27, 18, 10, 28, 38]"
anaheim,"['AE', 'N', 'AH', 'HH', 'AY', 'M']","['ana', 'heim']","['ana', 'heim']",0.0,2.88e-06,"[2, 27, 3, 22, 6, 26, 0, 0]"
cleaners,"['K', 'L', 'IY', 'N', 'ER', 'Z']","['clean', 'ers']","['clean', 'ers']",0.0,2.88e-06,"[24, 25, 11, 27, 8, 38, 0, 0]"
chem,"['K', 'EH', 'M']",['chem'],['chem'],0.0,2.88e-06,"[24, 7, 26, 0, 0, 0, 0, 0]"
convergence,"['K', 'AH', 'N', 'V', 'ER', 'JH', 'AH', 'N', 'S']","['con', 'ver', 'gence']","['con', 'ver', 'gence']",0.0,2.88e-06,"[24, 3, 27, 35, 8, 23, 3, 27]"
char,"['CH', 'AA', 'R']",['char'],['char'],0.0,2.95e-06,"[17, 1, 30, 0, 0, 0, 0, 0]"
stockings,"['S', 'T', 'AA', 'K', 'IH', 'NG', 'Z']","['stock', 'ings']","['stock', 'ings']",0.0,2.95e-06,"[31, 33, 1, 24, 10, 28, 38, 0]"
biodiversity,"['B', 'AY', 'OW', 'D', 'AY', 'V', 'ER', 'S', 'AH', 'T', 'IY']","['biod', 'iversity']","['b', 'iod', 'iversity']",0.08333333333333333,2.95e-06,"[16, 6, 12, 18, 6, 35, 8, 31]"
sublime,"['S', 'AH', 'B', 'L', 'AY', 'M']","['sub', 'lime']","['sub', 'lime']",0.0,3.02e-06,"[31, 3, 16, 25, 6, 26, 0, 0]"
accommodations,"['AH', 'K', 'AA', 'M', 'AH', 'D', 'EY', 'SH', 'AH', 'N', 'Z']","['ac', 'com', 'mod', 'a', 'tions']","['ac', 'com', 'mod', 'ations']",0.07142857142857142,3.02e-06,"[3, 24, 1, 26, 3, 18, 9, 32]"
bidder,"['B', 'IH', 'D', 'ER']","['bid', 'der']","['bid', 'der']",0.0,3.02e-06,"[16, 10, 18, 8, 0, 0, 0, 0]"
rpm,"['AA', 'R', 'P', 'IY', 'EH', 'M']",['rpm'],['rpm'],0.0,3.09e-06,"[1, 30, 29, 11, 7, 26, 0, 0]"
tariff,"['T', 'EH', 'R', 'AH', 'F']","['tar', 'iff']","['tar', 'iff']",0.0,3.09e-06,"[33, 7, 30, 3, 20, 0, 0, 0]"
cho,"['CH', 'OW']",['cho'],['cho'],0.0,3.09e-06,"[17, 12, 0, 0, 0, 0, 0, 0]"
arbor,"['AA', 'R', 'B', 'ER']","['ar', 'bor']","['ar', 'bor']",0.0,3.09e-06,"[1, 30, 16, 8, 0, 0, 0, 0]"
mixer,"['M', 'IH', 'K', 'S', 'ER']","['mix', 'er']","['mix', 'er']",0.0,3.16e-06,"[26, 10, 24, 31, 8, 0, 0, 0]"
payable,"['P', 'EY', 'AH', 'B', 'AH', 'L']","['pay', 'able']","['pay', 'able']",0.0,3.16e-06,"[29, 9, 3, 16, 3, 25, 0, 0]"
liberia,"['L', 'AY', 'B', 'IH', 'R', 'IY', 'AH']","['liber', 'ia']","['liber', 'ia']",0.0,3.16e-06,"[25, 6, 16, 10, 30, 11, 3, 0]"
annex,"['AE', 'N', 'EH', 'K', 'S']","['an', 'nex']","['an', 'nex']",0.0,3.16e-06,"[2, 27, 7, 24, 31, 0, 0, 0]"
statutes,"['S', 'T', 'AE', 'CH', 'UW', 'T', 'S']","['stat', 'utes']","['stat', 'utes']",0.0,3.16e-06,"[31, 33, 2, 17, 15, 33, 31, 0]"
por,"['P', 'AO', 'R']",['por'],['por'],0.0,3.16e-06,"[29, 4, 30, 0, 0, 0, 0, 0]"
honolulu,"['HH', 'AA', 'N', 'AH', 'L', 'UW', 'L', 'UW']","['hon', 'olulu']","['hon', 'olulu']",0.0,3.16e-06,"[22, 1, 27, 3, 25, 15, 25, 15]"
albuquerque,"['AE', 'L', 'B', 'AH', 'K', 'ER', 'K', 'IY']","['al', 'buquerque']","['al', 'buquerque']",0.0,3.16e-06,"[2, 25, 16, 3, 24, 8, 24, 11]"
cas,"['K', 'AE', 'S']",['cas'],['cas'],0.0,3.24e-06,"[24, 2, 31, 0, 0, 0, 0, 0]"
excerpt,"['EH', 'K', 'S', 'ER', 'P', 'T']","['ex', 'cerpt']","['ex', 'cerpt']",0.0,3.24e-06,"[7, 24, 31, 8, 29, 33, 0, 0]"
postage,"['P', 'OW', 'S', 'T', 'AH', 'JH']","['post', 'age']","['post', 'age']",0.0,3.24e-06,"[29, 12, 31, 33, 3, 23, 0, 0]"
wal,"['W', 'AO', 'L']",['wal'],['wal'],0.0,3.31e-06,"[36, 4, 25, 0, 0, 0, 0, 0]"
packets,"['P', 'AE', 'K', 'IH', 'T', 'S']","['pack', 'ets']","['pack', 'ets']",0.0,3.31e-06,"[29, 2, 24, 10, 33, 31, 0, 0]"
tex,"['T', 'EH', 'K', 'S']",['tex'],['tex'],0.0,3.31e-06,"[33, 7, 24, 31, 0, 0, 0, 0]"
staffing,"['S', 'T', 'AE', 'F', 'IH', 'NG']","['staff', 'ing']","['staff', 'ing']",0.0,3.39e-06,"[31, 33, 2, 20, 10, 28, 0, 0]"
creations,"['K', 'R', 'IY', 'EY', 'SH', 'AH', 'N', 'Z']","['cre', 'ations']","['cre', 'ations']",0.0,3.39e-06,"[24, 30, 11, 9, 32, 3, 27, 38]"
lite,"['L', 'AY', 'T']",['lite'],['lite'],0.0,3.39e-06,"[25, 6, 33, 0, 0, 0, 0, 0]"
mas,"['M', 'AA', 'Z']",['mas'],['mas'],0.0,3.39e-06,"[26, 1, 38, 0, 0, 0, 0, 0]"
planner,"['P', 'L', 'AE', 'N', 'ER']","['plan', 'ner']","['plan', 'ner']",0.0,3.39e-06,"[29, 25, 2, 27, 8, 0, 0, 0]"
adobe,"['AH', 'D', 'OW', 'B', 'IY']",['adobe'],['adobe'],0.0,3.39e-06,"[3, 18, 12, 16, 11, 0, 0, 0]"
rebound,"['R', 'IY', 'B', 'AW', 'N', 'D']","['re', 'bound']","['re', 'bound']",0.0,3.39e-06,"[30, 11, 16, 5, 27, 18, 0, 0]"
ala,"['EY', 'L', 'AH']",['ala'],['ala'],0.0,3.39e-06,"[9, 25, 3, 0, 0, 0, 0, 0]"
fireplace,"['F', 'AY', 'ER', 'P', 'L', 'EY', 'S']","['fire', 'place']","['fire', 'place']",0.0,3.47e-06,"[20, 6, 8, 29, 25, 9, 31, 0]"
headset,"['HH', 'EH', 'D', 'S', 'EH', 'T']","['head', 'set']","['head', 'set']",0.0,3.47e-06,"[22, 7, 18, 31, 7, 33, 0, 0]"
saturn,"['S', 'AE', 'T', 'ER', 'N']","['sat', 'urn']","['sat', 'urn']",0.0,3.47e-06,"[31, 2, 33, 8, 27, 0, 0, 0]"
dryer,"['D', 'R', 'AY', 'ER']","['dry', 'er']","['dry', 'er']",0.0,3.47e-06,"[18, 30, 6, 8, 0, 0, 0, 0]"
apache,"['AH', 'P', 'AE', 'CH', 'IY']",['apache'],['apache'],0.0,3.47e-06,"[3, 29, 2, 17, 11, 0, 0, 0]"
burner,"['B', 'ER', 'N', 'ER']","['burn', 'er']","['burn', 'er']",0.0,3.47e-06,"[16, 8, 27, 8, 0, 0, 0, 0]"
ware,"['W', 'EH', 'R']",['ware'],['ware'],0.0,3.55e-06,"[36, 7, 30, 0, 0, 0, 0, 0]"
phi,"['F', 'AY']",['phi'],['phi'],0.0,3.55e-06,"[20, 6, 0, 0, 0, 0, 0, 0]"
dat,"['D', 'AE', 'T']",['dat'],['dat'],0.0,3.55e-06,"[18, 2, 33, 0, 0, 0, 0, 0]"
org,"['AO', 'R', 'G']",['org'],['org'],0.0,3.55e-06,"[4, 30, 21, 0, 0, 0, 0, 0]"
convertible,"['K', 'AH', 'N', 'V', 'ER', 'T', 'AH', 'B', 'AH', 'L']","['con', 'vert', 'ible']","['con', 'vert', 'ible']",0.0,3.55e-06,"[24, 3, 27, 35, 8, 33, 3, 16]"
scanner,"['S', 'K', 'AE', 'N', 'ER']","['scan', 'ner']","['scan', 'ner']",0.0,3.63e-06,"[31, 24, 2, 27, 8, 0, 0, 0]"
barbie,"['B', 'AA', 'R', 'B', 'IY']","['bar', 'bie']","['bar', 'bie']",0.0,3.63e-06,"[16, 1, 30, 16, 11, 0, 0, 0]"
ons,"['AA', 'N', 'Z']",['ons'],['ons'],0.0,3.63e-06,"[1, 27, 38, 0, 0, 0, 0, 0]"
porcelain,"['P', 'AO', 'R', 'S', 'AH', 'L', 'AH', 'N']","['por', 'cel', 'ain']","['por', 'cel', 'ain']",0.0,3.63e-06,"[29, 4, 30, 31, 3, 25, 3, 27]"
playboy,"['P', 'L', 'EY', 'B', 'OY']","['play', 'boy']","['play', 'boy']",0.0,3.63e-06,"[29, 25, 9, 16, 13, 0, 0, 0]"
walnut,"['W', 'AO', 'L', 'N', 'AH', 'T']","['wal', 'nut']","['wal', 'nut']",0.0,3.63e-06,"[36, 4, 25, 27, 3, 33, 0, 0]"
skirts,"['S', 'K', 'ER', 'T', 'S']",['skirts'],['skirts'],0.0,3.72e-06,"[31, 24, 8, 33, 31, 0, 0, 0]"
luxembourg,"['L', 'AH', 'K', 'S', 'AH', 'M', 'B', 'AO', 'R', 'G']","['lux', 'em', 'bourg']","['lux', 'em', 'bourg']",0.0,3.72e-06,"[25, 3, 24, 31, 3, 26, 16, 4]"
wellness,"['W', 'EH', 'L', 'N', 'AH', 'S']","['well', 'ness']","['well', 'ness']",0.0,3.72e-06,"[36, 7, 25, 27, 3, 31, 0, 0]"
undo,"['AH', 'N', 'D', 'UW']",['undo'],['undo'],0.0,3.72e-06,"[3, 27, 18, 15, 0, 0, 0, 0]"
supervisors,"['S', 'UW', 'P', 'ER', 'V', 'AY', 'Z', 'ER', 'Z']","['su', 'per', 'visors']","['super', 'visors']",0.09090909090909091,3.72e-06,"[31, 15, 29, 8, 35, 6, 38, 8]"
instructors,"['IH', 'N', 'S', 'T', 'R', 'AH', 'K', 'T', 'ER', 'Z']","['in', 'struct', 'ors']","['in', 'struct', 'ors']",0.0,3.72e-06,"[10, 27, 31, 33, 30, 3, 24, 33]"
cartridge,"['K', 'AA', 'R', 'T', 'R', 'AH', 'JH']","['cart', 'ridge']","['cart', 'ridge']",0.0,3.72e-06,"[24, 1, 30, 33, 30, 3, 23, 0]"
passwords,"['P', 'AE', 'S', 'W', 'ER', 'D', 'Z']","['pass', 'words']","['pass', 'words']",0.0,3.72e-06,"[29, 2, 31, 36, 8, 18, 38, 0]"
aus,"['AW', 'Z']",['aus'],['aus'],0.0,3.72e-06,"[5, 38, 0, 0, 0, 0, 0, 0]"
bosnia,"['B', 'AA', 'Z', 'N', 'IY', 'AH']","['bos', 'nia']","['bos', 'nia']",0.0,3.72e-06,"[16, 1, 38, 27, 11, 3, 0, 0]"
fabrics,"['F', 'AE', 'B', 'R', 'IH', 'K', 'S']","['fab', 'rics']","['fab', 'rics']",0.0,3.8e-06,"[20, 2, 16, 30, 10, 24, 31, 0]"
forecasts,"['F', 'AO', 'R', 'K', 'AE', 'S', 'T', 'S']","['fore', 'casts']","['fore', 'casts']",0.0,3.8e-06,"[20, 4, 30, 24, 2, 31, 33, 31]"
framing,"['F', 'R', 'EY', 'M', 'IH', 'NG']","['fram', 'ing']","['fram', 'ing']",0.0,3.8e-06,"[20, 30, 9, 26, 10, 28, 0, 0]"
telecom,"['T', 'EH', 'L', 'AH', 'K', 'AA', 'M']","['tele', 'com']","['tele', 'com']",0.0,3.8e-06,"[33, 7, 25, 3, 24, 1, 26, 0]"
flyer,"['F', 'L', 'AY', 'ER']","['fly', 'er']","['fly', 'er']",0.0,3.8e-06,"[20, 25, 6, 8, 0, 0, 0, 0]"
fetish,"['F', 'EH', 'T', 'IH', 'SH']","['fet', 'ish']","['fet', 'ish']",0.0,3.89e-06,"[20, 7, 33, 10, 32, 0, 0, 0]"
pas,"['P', 'AA', 'Z']",['pas'],['pas'],0.0,3.89e-06,"[29, 1, 38, 0, 0, 0, 0, 0]"
fixes,"['F', 'IH', 'K', 'S', 'IH', 'Z']",['fixes'],['fixes'],0.0,3.89e-06,"[20, 10, 24, 31, 10, 38, 0, 0]"
spec,"['S', 'P', 'EH', 'K']",['spec'],['spec'],0.0,3.89e-06,"[31, 29, 7, 24, 0, 0, 0, 0]"
isa,"['IY', 'S', 'AH']",['isa'],['isa'],0.0,3.89e-06,"[11, 31, 3, 0, 0, 0, 0, 0]"
benchmark,"['B', 'EH', 'N', 'CH', 'M', 'AA', 'R', 'K']","['bench', 'mark']","['bench', 'mark']",0.0,3.98e-06,"[16, 7, 27, 17, 26, 1, 30, 24]"
bedford,"['B', 'EH', 'D', 'F', 'ER', 'D']","['bed', 'ford']","['bed', 'ford']",0.0,3.98e-06,"[16, 7, 18, 20, 8, 18, 0, 0]"
adapter,"['AH', 'D', 'AE', 'P', 'T', 'ER']","['ad', 'apter']","['ad', 'apter']",0.0,3.98e-06,"[3, 18, 2, 29, 33, 8, 0, 0]"
grad,"['G', 'R', 'AE', 'D']",['grad'],['grad'],0.0,3.98e-06,"[21, 30, 2, 18, 0, 0, 0, 0]"
portsmouth,"['P', 'AO', 'R', 'T', 'S', 'M', 'AH', 'TH']","['ports', 'mouth']","['ports', 'mouth']",0.0,3.98e-06,"[29, 4, 30, 33, 31, 26, 3, 34]"
mailing,"['M', 'EY', 'L', 'IH', 'NG']","['mail', 'ing']","['mail', 'ing']",0.0,3.98e-06,"[26, 9, 25, 10, 28, 0, 0, 0]"
referral,"['R', 'IH', 'F', 'ER', 'AH', 'L']","['re', 'fer', 'ral']","['re', 'fer', 'ral']",0.0,3.98e-06,"[30, 10, 20, 8, 3, 25, 0, 0]"
jacksonville,"['JH', 'AE', 'K', 'S', 'AH', 'N', 'V', 'IH', 'L']","['jack', 'son', 'ville']","['jack', 'son', 'ville']",0.0,4.07e-06,"[23, 2, 24, 31, 3, 27, 35, 10]"
informative,"['IH', 'N', 'F', 'AO', 'R', 'M', 'AH', 'T', 'IH', 'V']","['in', 'form', 'at', 'ive']","['in', 'form', 'ative']",0.09090909090909091,4.07e-06,"[10, 27, 20, 4, 30, 26, 3, 33]"
katrina,"['K', 'AH', 'T', 'R', 'IY', 'N', 'AH']","['kat', 'rina']","['kat', 'rina']",0.0,4.07e-06,"[24, 3, 33, 30, 11, 27, 3, 0]"
presentations,"['P', 'R', 'EH', 'Z', 'AH', 'N', 'T', 'EY', 'SH', 'AH', 'N', 'Z']","['present', 'a', 'tions']","['present', 'ations']",0.07692307692307693,4.07e-06,"[29, 30, 7, 38, 3, 27, 33, 9]"
payday,"['P', 'EY', 'D', 'EY']","['pay', 'day']","['pay', 'day']",0.0,4.07e-06,"[29, 9, 18, 9, 0, 0, 0, 0]"
sic,"['S', 'IH', 'K']",['sic'],['sic'],0.0,4.17e-06,"[31, 10, 24, 0, 0, 0, 0, 0]"
mails,"['M', 'EY', 'L', 'Z']",['mails'],['mails'],0.0,4.17e-06,"[26, 9, 25, 38, 0, 0, 0, 0]"
hamburg,"['HH', 'AE', 'M', 'B', 'ER', 'G']","['ham', 'burg']","['ham', 'burg']",0.0,4.17e-06,"[22, 2, 26, 16, 8, 21, 0, 0]"
earrings,"['IH', 'R', 'IH', 'NG', 'Z']","['ear', 'rings']","['ear', 'rings']",0.0,4.17e-06,"[10, 30, 10, 28, 38, 0, 0, 0]"
dim,"['D', 'IH', 'M']",['dim'],['dim'],0.0,4.17e-06,"[18, 10, 26, 0, 0, 0, 0, 0]"
seekers,"['S', 'IY', 'K', 'ER', 'Z']",['seekers'],['seekers'],0.0,4.17e-06,"[31, 11, 24, 8, 38, 0, 0, 0]"
rec,"['R', 'EH', 'K']",['rec'],['rec'],0.0,4.17e-06,"[30, 7, 24, 0, 0, 0, 0, 0]"
algeria,"['AE', 'L', 'JH', 'IH', 'R', 'IY', 'AH']","['al', 'ger', 'ia']","['al', 'ger', 'ia']",0.0,4.17e-06,"[2, 25, 23, 10, 30, 11, 3, 0]"
bandwidth,"['B', 'AE', 'N', 'D', 'W', 'IH', 'D', 'TH']","['band', 'width']","['band', 'width']",0.0,4.17e-06,"[16, 2, 27, 18, 36, 10, 18, 34]"
advisors,"['AE', 'D', 'V', 'AY', 'Z', 'ER', 'Z']","['ad', 'visors']","['ad', 'visors']",0.0,4.27e-06,"[2, 18, 35, 6, 38, 8, 38, 0]"
cache,"['K', 'AE', 'SH']",['cache'],['cache'],0.0,4.27e-06,"[24, 2, 32, 0, 0, 0, 0, 0]"
tar,"['T', 'AA', 'R']",['tar'],['tar'],0.0,4.27e-06,"[33, 1, 30, 0, 0, 0, 0, 0]"
unavailable,"['AH', 'N', 'AH', 'V', 'EY', 'L', 'AH', 'B', 'AH', 'L']","['un', 'avail', 'able']","['un', 'available']",0.09090909090909091,4.27e-06,"[3, 27, 3, 35, 9, 25, 3, 16]"
hash,"['HH', 'AE', 'SH']",['hash'],['hash'],0.0,4.27e-06,"[22, 2, 32, 0, 0, 0, 0, 0]"
fax,"['F', 'AE', 'K', 'S']",['fax'],['fax'],0.0,4.27e-06,"[20, 2, 24, 31, 0, 0, 0, 0]"
align,"['AH', 'L', 'AY', 'N']",['align'],['align'],0.0,4.27e-06,"[3, 25, 6, 27, 0, 0, 0, 0]"
polymer,"['P', 'AA', 'L', 'AH', 'M', 'ER']","['poly', 'mer']","['poly', 'mer']",0.0,4.37e-06,"[29, 1, 25, 3, 26, 8, 0, 0]"
query,"['K', 'W', 'IY', 'R', 'IY']",['query'],['query'],0.0,4.37e-06,"[24, 36, 11, 30, 11, 0, 0, 0]"
handmade,"['HH', 'AE', 'N', 'D', 'M', 'EY', 'D']","['hand', 'made']","['hand', 'made']",0.0,4.37e-06,"[22, 2, 27, 18, 26, 9, 18, 0]"
lan,"['L', 'AE', 'N']",['lan'],['lan'],0.0,4.37e-06,"[25, 2, 27, 0, 0, 0, 0, 0]"
chronicles,"['K', 'R', 'AA', 'N', 'IH', 'K', 'AH', 'L', 'Z']","['chron', 'icles']","['chron', 'icles']",0.0,4.37e-06,"[24, 30, 1, 27, 10, 24, 3, 25]"
shipments,"['SH', 'IH', 'P', 'M', 'AH', 'N', 'T', 'S']","['ship', 'ments']","['ship', 'ments']",0.0,4.37e-06,"[32, 10, 29, 26, 3, 27, 33, 31]"
canberra,"['K', 'AE', 'N', 'B', 'EH', 'R', 'AH']","['can', 'berra']","['can', 'berra']",0.0,4.37e-06,"[24, 2, 27, 16, 7, 30, 3, 0]"
poly,"['P', 'AA', 'L', 'IY']",['poly'],['poly'],0.0,4.37e-06,"[29, 1, 25, 11, 0, 0, 0, 0]"
checkout,"['CH', 'EH', 'K', 'AW', 'T']","['check', 'out']","['check', 'out']",0.0,4.37e-06,"[17, 7, 24, 5, 33, 0, 0, 0]"
hartford,"['HH', 'AA', 'R', 'T', 'F', 'ER', 'D']","['hart', 'ford']","['hart', 'ford']",0.0,4.37e-06,"[22, 1, 30, 33, 20, 8, 18, 0]"
leone,"['L', 'IY', 'OW', 'N']","['le', 'one']","['le', 'one']",0.0,4.37e-06,"[25, 11, 12, 27, 0, 0, 0, 0]"
rapids,"['R', 'AE', 'P', 'AH', 'D', 'Z']","['rap', 'ids']","['rap', 'ids']",0.0,4.37e-06,"[30, 2, 29, 3, 18, 38, 0, 0]"
blackberry,"['B', 'L', 'AE', 'K', 'B', 'EH', 'R', 'IY']","['black', 'berry']","['black', 'berry']",0.0,4.47e-06,"[16, 25, 2, 24, 16, 7, 30, 11]"
contracting,"['K', 'AA', 'N', 'T', 'R', 'AE', 'K', 'T', 'IH', 'NG']","['con', 'tract', 'ing']","['contract', 'ing']",0.09090909090909091,4.47e-06,"[24, 1, 27, 33, 30, 2, 24, 33]"
receptors,"['R', 'AH', 'S', 'EH', 'P', 'T', 'ER', 'Z']","['re', 'cept', 'ors']","['re', 'cept', 'ors']",0.0,4.47e-06,"[30, 3, 31, 7, 29, 33, 8, 38]"
eng,"['EH', 'NG']",['eng'],['eng'],0.0,4.57e-06,"[7, 28, 0, 0, 0, 0, 0, 0]"
knit,"['N', 'IH', 'T']",['knit'],['knit'],0.0,4.57e-06,"[27, 10, 33, 0, 0, 0, 0, 0]"
softball,"['S', 'AO', 'F', 'T', 'B', 'AO', 'L']","['soft', 'ball']","['soft', 'ball']",0.0,4.57e-06,"[31, 4, 20, 33, 16, 4, 25, 0]"
wed,"['W', 'EH', 'D']",['wed'],['wed'],0.0,4.57e-06,"[36, 7, 18, 0, 0, 0, 0, 0]"
textbooks,"['T', 'EH', 'K', 'S', 'T', 'B', 'UH', 'K', 'S']","['text', 'books']","['text', 'books']",0.0,4.57e-06,"[33, 7, 24, 31, 33, 16, 14, 24]"
proceeding,"['P', 'R', 'AH', 'S', 'IY', 'D', 'IH', 'NG']","['pro', 'ceed', 'ing']","['pro', 'ceed', 'ing']",0.0,4.57e-06,"[29, 30, 3, 31, 11, 18, 10, 28]"
roland,"['R', 'OW', 'L', 'AH', 'N', 'D']","['ro', 'land']","['ro', 'land']",0.0,4.57e-06,"[30, 12, 25, 3, 27, 18, 0, 0]"
audi,"['AO', 'D', 'IY']",['audi'],['audi'],0.0,4.57e-06,"[4, 18, 11, 0, 0, 0, 0, 0]"
prostate,"['P', 'R', 'AA', 'S', 'T', 'EY', 'T']","['pro', 'state']","['pro', 'state']",0.0,4.68e-06,"[29, 30, 1, 31, 33, 9, 33, 0]"
proprietary,"['P', 'R', 'AH', 'P', 'R', 'AY', 'AH', 'T', 'EH', 'R', 'IY']","['pro', 'pri', 'et', 'ary']","['pro', 'pri', 'etary']",0.09090909090909091,4.68e-06,"[29, 30, 3, 29, 30, 6, 3, 33]"
parcel,"['P', 'AA', 'R', 'S', 'AH', 'L']","['par', 'cel']","['par', 'cel']",0.0,4.68e-06,"[29, 1, 30, 31, 3, 25, 0, 0]"
bathrooms,"['B', 'AE', 'TH', 'R', 'UW', 'M', 'Z']","['bath', 'rooms']","['bath', 'rooms']",0.0,4.68e-06,"[16, 2, 34, 30, 15, 26, 38, 0]"
tuning,"['T', 'UW', 'N', 'IH', 'NG']","['tun', 'ing']","['tun', 'ing']",0.0,4.68e-06,"[33, 15, 27, 10, 28, 0, 0, 0]"
transmit,"['T', 'R', 'AE', 'N', 'Z', 'M', 'IH', 'T']","['trans', 'mit']","['trans', 'mit']",0.0,4.68e-06,"[33, 30, 2, 27, 38, 26, 10, 33]"
timer,"['T', 'AY', 'M', 'ER']",['timer'],['timer'],0.0,4.79e-06,"[33, 6, 26, 8, 0, 0, 0, 0]"
exhibitions,"['EH', 'K', 'S', 'AH', 'B', 'IH', 'SH', 'AH', 'N', 'Z']","['ex', 'hib', 'i', 'tions']","['ex', 'hib', 'itions']",0.09090909090909091,4.79e-06,"[7, 24, 31, 3, 16, 10, 32, 3]"
trustee,"['T', 'R', 'AH', 'S', 'T', 'IY']","['trust', 'ee']","['trust', 'ee']",0.0,4.79e-06,"[33, 30, 3, 31, 33, 11, 0, 0]"
reg,"['R', 'EH', 'G']",['reg'],['reg'],0.0,4.79e-06,"[30, 7, 21, 0, 0, 0, 0, 0]"
outreach,"['AW', 'T', 'R', 'IY', 'CH']","['out', 'reach']","['out', 'reach']",0.0,4.79e-06,"[5, 33, 30, 11, 17, 0, 0, 0]"
jewel,"['JH', 'UW', 'AH', 'L']","['jew', 'el']","['jew', 'el']",0.0,4.79e-06,"[23, 15, 3, 25, 0, 0, 0, 0]"
clone,"['K', 'L', 'OW', 'N']",['clone'],['clone'],0.0,4.79e-06,"[24, 25, 12, 27, 0, 0, 0, 0]"
sol,"['S', 'AA', 'L']",['sol'],['sol'],0.0,4.9e-06,"[31, 1, 25, 0, 0, 0, 0, 0]"
stickers,"['S', 'T', 'IH', 'K', 'ER', 'Z']","['stick', 'ers']","['stick', 'ers']",0.0,4.9e-06,"[31, 33, 10, 24, 8, 38, 0, 0]"
apt,"['AE', 'P', 'T']",['apt'],['apt'],0.0,4.9e-06,"[2, 29, 33, 0, 0, 0, 0, 0]"
plymouth,"['P', 'L', 'IH', 'M', 'AH', 'TH']","['ply', 'mouth']","['ply', 'mouth']",0.0,4.9e-06,"[29, 25, 10, 26, 3, 34, 0, 0]"
broadband,"['B', 'R', 'AO', 'D', 'B', 'AE', 'N', 'D']","['broad', 'band']","['broad', 'band']",0.0,4.9e-06,"[16, 30, 4, 18, 16, 2, 27, 18]"
uni,"['Y', 'UW', 'N', 'IY']",['uni'],['uni'],0.0,4.9e-06,"[37, 15, 27, 11, 0, 0, 0, 0]"
mart,"['M', 'AA', 'R', 'T']",['mart'],['mart'],0.0,4.9e-06,"[26, 1, 30, 33, 0, 0, 0, 0]"
midlands,"['M', 'IH', 'D', 'L', 'AE', 'N', 'D', 'Z']","['mid', 'lands']","['mid', 'lands']",0.0,4.9e-06,"[26, 10, 18, 25, 2, 27, 18, 38]"
dos,"['D', 'AO', 'S']",['dos'],['dos'],0.0,4.9e-06,"[18, 4, 31, 0, 0, 0, 0, 0]"
highland,"['HH', 'AY', 'L', 'AH', 'N', 'D']","['high', 'land']","['high', 'land']",0.0,5.01e-06,"[22, 6, 25, 3, 27, 18, 0, 0]"
oracle,"['AO', 'R', 'AH', 'K', 'AH', 'L']","['or', 'acle']","['or', 'acle']",0.0,5.01e-06,"[4, 30, 3, 24, 3, 25, 0, 0]"
pottery,"['P', 'AA', 'T', 'ER', 'IY']","['pot', 'tery']","['pot', 'tery']",0.0,5.01e-06,"[29, 1, 33, 8, 11, 0, 0, 0]"
validity,"['V', 'AH', 'L', 'IH', 'D', 'AH', 'T', 'IY']","['valid', 'ity']","['valid', 'ity']",0.0,5.01e-06,"[35, 3, 25, 10, 18, 3, 33, 11]"
downloading,"['D', 'AW', 'N', 'L', 'OW', 'D', 'IH', 'NG']","['down', 'load', 'ing']","['download', 'ing']",0.09090909090909091,5.01e-06,"[18, 5, 27, 25, 12, 18, 10, 28]"
zen,"['Z', 'EH', 'N']",['zen'],['zen'],0.0,5.01e-06,"[38, 7, 27, 0, 0, 0, 0, 0]"
folding,"['F', 'OW', 'L', 'D', 'IH', 'NG']","['fold', 'ing']","['fold', 'ing']",0.0,5.01e-06,"[20, 12, 25, 18, 10, 28, 0, 0]"
genome,"['JH', 'IY', 'N', 'OW', 'M']","['gen', 'ome']","['gen', 'ome']",0.0,5.01e-06,"[23, 11, 27, 12, 26, 0, 0, 0]"
bracelet,"['B', 'R', 'EY', 'S', 'L', 'AH', 'T']","['brace', 'let']","['brace', 'let']",0.0,5.01e-06,"[16, 30, 9, 31, 25, 3, 33, 0]"
nam,"['N', 'AE', 'M']",['nam'],['nam'],0.0,5.01e-06,"[27, 2, 26, 0, 0, 0, 0, 0]"
chronicle,"['K', 'R', 'AA', 'N', 'IH', 'K', 'AH', 'L']","['chron', 'icle']","['chron', 'icle']",0.0,5.01e-06,"[24, 30, 1, 27, 10, 24, 3, 25]"
sur,"['S', 'ER']",['sur'],['sur'],0.0,5.01e-06,"[31, 8, 0, 0, 0, 0, 0, 0]"
pos,"['P', 'AA', 'S']",['pos'],['pos'],0.0,5.01e-06,"[29, 1, 31, 0, 0, 0, 0, 0]"
fin,"['F', 'IH', 'N']",['fin'],['fin'],0.0,5.01e-06,"[20, 10, 27, 0, 0, 0, 0, 0]"
quad,"['K', 'W', 'AA', 'D']",['quad'],['quad'],0.0,5.01e-06,"[24, 36, 1, 18, 0, 0, 0, 0]"
eco,"['IY', 'K', 'OW']",['eco'],['eco'],0.0,5.13e-06,"[11, 24, 12, 0, 0, 0, 0, 0]"
outdoors,"['AW', 'T', 'D', 'AO', 'R', 'Z']","['out', 'doors']","['out', 'doors']",0.0,5.13e-06,"[5, 33, 18, 4, 30, 38, 0, 0]"
mag,"['M', 'AE', 'G']",['mag'],['mag'],0.0,5.13e-06,"[26, 2, 21, 0, 0, 0, 0, 0]"
pod,"['P', 'AA', 'D']",['pod'],['pod'],0.0,5.13e-06,"[29, 1, 18, 0, 0, 0, 0, 0]"
val,"['V', 'AE', 'L']",['val'],['val'],0.0,5.13e-06,"[35, 2, 25, 0, 0, 0, 0, 0]"
bon,"['B', 'AA', 'N']",['bon'],['bon'],0.0,5.13e-06,"[16, 1, 27, 0, 0, 0, 0, 0]"
sticker,"['S', 'T', 'IH', 'K', 'ER']","['stick', 'er']","['stick', 'er']",0.0,5.13e-06,"[31, 33, 10, 24, 8, 0, 0, 0]"
scripts,"['S', 'K', 'R', 'IH', 'P', 'T', 'S']",['scripts'],['scripts'],0.0,5.13e-06,"[31, 24, 30, 10, 29, 33, 31, 0]"
openings,"['OW', 'P', 'AH', 'N', 'IH', 'NG', 'Z']","['open', 'ings']","['open', 'ings']",0.0,5.13e-06,"[12, 29, 3, 27, 10, 28, 38, 0]"
submissions,"['S', 'AH', 'B', 'M', 'IH', 'SH', 'AH', 'N', 'Z']","['sub', 'mis', 'sions']","['sub', 'missions']",0.09090909090909091,5.13e-06,"[31, 3, 16, 26, 10, 32, 3, 27]"
tri,"['T', 'R', 'AY']",['tri'],['tri'],0.0,5.13e-06,"[33, 30, 6, 0, 0, 0, 0, 0]"
serbia,"['S', 'ER', 'B', 'IY', 'AH']","['ser', 'bia']","['ser', 'bia']",0.0,5.13e-06,"[31, 8, 16, 11, 3, 0, 0, 0]"
penetration,"['P', 'EH', 'N', 'AH', 'T', 'R', 'EY', 'SH', 'AH', 'N']","['pen', 'et', 'ra', 'tion']","['pen', 'et', 'ration']",0.09090909090909091,5.13e-06,"[29, 7, 27, 3, 33, 30, 9, 32]"
ada,"['EY', 'D', 'AH']",['ada'],['ada'],0.0,5.13e-06,"[9, 18, 3, 0, 0, 0, 0, 0]"
rug,"['R', 'AH', 'G']",['rug'],['rug'],0.0,5.25e-06,"[30, 3, 21, 0, 0, 0, 0, 0]"
arbitration,"['AA', 'R', 'B', 'IH', 'T', 'R', 'EY', 'SH', 'AH', 'N']","['ar', 'bit', 'ra', 'tion']","['ar', 'bit', 'ration']",0.09090909090909091,5.25e-06,"[1, 30, 16, 10, 33, 30, 9, 32]"
translations,"['T', 'R', 'AE', 'N', 'Z', 'L', 'EY', 'SH', 'AH', 'N', 'Z']","['trans', 'la', 'tions']","['trans', 'lations']",0.08333333333333333,5.25e-06,"[33, 30, 2, 27, 38, 25, 9, 32]"
nottingham,"['N', 'AA', 'T', 'IH', 'NG', 'HH', 'AE', 'M']","['not', 'ting', 'ham']","['not', 'ting', 'ham']",0.0,5.25e-06,"[27, 1, 33, 10, 28, 22, 2, 26]"
pixel,"['P', 'IH', 'K', 'S', 'AH', 'L']",['pixel'],['pixel'],0.0,5.25e-06,"[29, 10, 24, 31, 3, 25, 0, 0]"
bedrooms,"['B', 'EH', 'D', 'R', 'UW', 'M', 'Z']","['bed', 'rooms']","['bed', 'rooms']",0.0,5.25e-06,"[16, 7, 18, 30, 15, 26, 38, 0]"
harley,"['HH', 'AA', 'R', 'L', 'IY']","['har', 'ley']","['har', 'ley']",0.0,5.25e-06,"[22, 1, 30, 25, 11, 0, 0, 0]"
trainers,"['T', 'R', 'EY', 'N', 'ER', 'Z']","['train', 'ers']","['train', 'ers']",0.0,5.25e-06,"[33, 30, 9, 27, 8, 38, 0, 0]"
tile,"['T', 'AY', 'L']",['tile'],['tile'],0.0,5.25e-06,"[33, 6, 25, 0, 0, 0, 0, 0]"
miniature,"['M', 'IH', 'N', 'IY', 'AH', 'CH', 'UH', 'R']","['mini', 'ature']","['mini', 'ature']",0.0,5.25e-06,"[26, 10, 27, 11, 3, 17, 14, 30]"
atom,"['AE', 'T', 'AH', 'M']",['atom'],['atom'],0.0,5.25e-06,"[2, 33, 3, 26, 0, 0, 0, 0]"
scanning,"['S', 'K', 'AE', 'N', 'IH', 'NG']","['scan', 'ning']","['scan', 'ning']",0.0,5.25e-06,"[31, 24, 2, 27, 10, 28, 0, 0]"
markers,"['M', 'AA', 'R', 'K', 'ER', 'Z']","['mark', 'ers']","['mark', 'ers']",0.0,5.25e-06,"[26, 1, 30, 24, 8, 38, 0, 0]"
oops,"['UW', 'P', 'S']",['oops'],['oops'],0.0,5.37e-06,"[15, 29, 31, 0, 0, 0, 0, 0]"
viruses,"['V', 'AY', 'R', 'AH', 'S', 'AH', 'Z']","['vir', 'uses']","['vir', 'uses']",0.0,5.37e-06,"[35, 6, 30, 3, 31, 3, 38, 0]"
proxy,"['P', 'R', 'AA', 'K', 'S', 'IY']",['proxy'],['proxy'],0.0,5.37e-06,"[29, 30, 1, 24, 31, 11, 0, 0]"
myers,"['M', 'AY', 'ER', 'Z']","['my', 'ers']","['my', 'ers']",0.0,5.37e-06,"[26, 6, 8, 38, 0, 0, 0, 0]"
dis,"['D', 'IH', 'S']",['dis'],['dis'],0.0,5.37e-06,"[18, 10, 31, 0, 0, 0, 0, 0]"
flex,"['F', 'L', 'EH', 'K', 'S']",['flex'],['flex'],0.0,5.37e-06,"[20, 25, 7, 24, 31, 0, 0, 0]"
excel,"['IH', 'K', 'S', 'EH', 'L']","['ex', 'cel']","['ex', 'cel']",0.0,5.37e-06,"[10, 24, 31, 7, 25, 0, 0, 0]"
commodities,"['K', 'AH', 'M', 'AA', 'D', 'AH', 'T', 'IY', 'Z']","['com', 'mod', 'it', 'ies']","['com', 'mod', 'ities']",0.09090909090909091,5.37e-06,"[24, 3, 26, 1, 18, 3, 33, 11]"
null,"['N', 'AH', 'L']",['null'],['null'],0.0,5.37e-06,"[27, 3, 25, 0, 0, 0, 0, 0]"
magnet,"['M', 'AE', 'G', 'N', 'AH', 'T']","['mag', 'net']","['mag', 'net']",0.0,5.37e-06,"[26, 2, 21, 27, 3, 33, 0, 0]"
preceding,"['P', 'R', 'IY', 'S', 'IY', 'D', 'IH', 'NG']","['pre', 'ced', 'ing']","['pre', 'ced', 'ing']",0.0,5.5e-06,"[29, 30, 11, 31, 11, 18, 10, 28]"
kingston,"['K', 'IH', 'NG', 'S', 'T', 'AH', 'N']","['king', 'ston']","['king', 'ston']",0.0,5.5e-06,"[24, 10, 28, 31, 33, 3, 27, 0]"
thereof,"['DH', 'EH', 'R', 'AH', 'V']","['there', 'of']","['there', 'of']",0.0,5.5e-06,"[19, 7, 30, 3, 35, 0, 0, 0]"
laden,"['L', 'EY', 'D', 'AH', 'N']",['laden'],['laden'],0.0,5.5e-06,"[25, 9, 18, 3, 27, 0, 0, 0]"
stud,"['S', 'T', 'AH', 'D']",['stud'],['stud'],0.0,5.5e-06,"[31, 33, 3, 18, 0, 0, 0, 0]"
icons,"['AY', 'K', 'AA', 'N', 'Z']",['icons'],['icons'],0.0,5.5e-06,"[6, 24, 1, 27, 38, 0, 0, 0]"
serum,"['S', 'IH', 'R', 'AH', 'M']","['ser', 'um']","['ser', 'um']",0.0,5.5e-06,"[31, 10, 30, 3, 26, 0, 0, 0]"
brook,"['B', 'R', 'UH', 'K']",['brook'],['brook'],0.0,5.5e-06,"[16, 30, 14, 24, 0, 0, 0, 0]"
mit,"['EH', 'M', 'AY', 'T', 'IY']",['mit'],['mit'],0.0,5.5e-06,"[7, 26, 6, 33, 11, 0, 0, 0]"
mil,"['M', 'IH', 'L']",['mil'],['mil'],0.0,5.5e-06,"[26, 10, 25, 0, 0, 0, 0, 0]"
notebook,"['N', 'OW', 'T', 'B', 'UH', 'K']","['note', 'book']","['note', 'book']",0.0,5.5e-06,"[27, 12, 33, 16, 14, 24, 0, 0]"
enclosed,"['EH', 'N', 'K', 'L', 'OW', 'Z', 'D']","['en', 'closed']","['en', 'closed']",0.0,5.5e-06,"[7, 27, 24, 25, 12, 38, 18, 0]"
folder,"['F', 'OW', 'L', 'D', 'ER']",['folder'],['folder'],0.0,5.5e-06,"[20, 12, 25, 18, 8, 0, 0, 0]"
meta,"['M', 'IY', 'T', 'AH']",['meta'],['meta'],0.0,5.5e-06,"[26, 11, 33, 3, 0, 0, 0, 0]"
americas,"['AH', 'M', 'EH', 'R', 'AH', 'K', 'AH', 'Z']","['amer', 'icas']","['amer', 'icas']",0.0,5.5e-06,"[3, 26, 7, 30, 3, 24, 3, 38]"
istanbul,"['IH', 'S', 'T', 'AA', 'N', 'B', 'UW', 'L']","['istan', 'bul']","['istan', 'bul']",0.0,5.5e-06,"[10, 31, 33, 1, 27, 16, 15, 25]"
lib,"['L', 'IH', 'B']",['lib'],['lib'],0.0,5.62e-06,"[25, 10, 16, 0, 0, 0, 0, 0]"
rom,"['R', 'AA', 'M']",['rom'],['rom'],0.0,5.62e-06,"[30, 1, 26, 0, 0, 0, 0, 0]"
bind,"['B', 'AY', 'N', 'D']",['bind'],['bind'],0.0,5.62e-06,"[16, 6, 27, 18, 0, 0, 0, 0]"
utilize,"['Y', 'UW', 'T', 'AH', 'L', 'AY', 'Z']","['util', 'ize']","['util', 'ize']",0.0,5.62e-06,"[37, 15, 33, 3, 25, 6, 38, 0]"
monitored,"['M', 'AA', 'N', 'AH', 'T', 'ER', 'D']","['mon', 'itored']","['mon', 'itored']",0.0,5.62e-06,"[26, 1, 27, 3, 33, 8, 18, 0]"
nat,"['N', 'AE', 'T']",['nat'],['nat'],0.0,5.62e-06,"[27, 2, 33, 0, 0, 0, 0, 0]"
rica,"['R', 'IY', 'K', 'AH']",['rica'],['rica'],0.0,5.62e-06,"[30, 11, 24, 3, 0, 0, 0, 0]"
temp,"['T', 'EH', 'M', 'P']",['temp'],['temp'],0.0,5.62e-06,"[33, 7, 26, 29, 0, 0, 0, 0]"
cons,"['K', 'AA', 'N', 'Z']",['cons'],['cons'],0.0,5.75e-06,"[24, 1, 27, 38, 0, 0, 0, 0]"
dispatch,"['D', 'IH', 'S', 'P', 'AE', 'CH']","['dis', 'patch']","['dis', 'patch']",0.0,5.75e-06,"[18, 10, 31, 29, 2, 17, 0, 0]"
logging,"['L', 'AO', 'G', 'IH', 'NG']","['log', 'ging']","['log', 'ging']",0.0,5.75e-06,"[25, 4, 21, 10, 28, 0, 0, 0]"
tones,"['T', 'OW', 'N', 'Z']",['tones'],['tones'],0.0,5.75e-06,"[33, 12, 27, 38, 0, 0, 0, 0]"
stockholm,"['S', 'T', 'AA', 'K', 'HH', 'OW', 'L', 'M']","['stock', 'holm']","['stock', 'holm']",0.0,5.75e-06,"[31, 33, 1, 24, 22, 12, 25, 26]"
ping,"['P', 'IH', 'NG']",['ping'],['ping'],0.0,5.75e-06,"[29, 10, 28, 0, 0, 0, 0, 0]"
webster,"['W', 'EH', 'B', 'S', 'T', 'ER']","['web', 'ster']","['web', 'ster']",0.0,5.75e-06,"[36, 7, 16, 31, 33, 8, 0, 0]"
statutory,"['S', 'T', 'AE', 'CH', 'AH', 'T', 'AO', 'R', 'IY']","['stat', 'utory']","['stat', 'utory']",0.0,5.75e-06,"[31, 33, 2, 17, 3, 33, 4, 30]"
polished,"['P', 'AA', 'L', 'IH', 'SH', 'T']","['pol', 'ished']","['pol', 'ished']",0.0,5.75e-06,"[29, 1, 25, 10, 32, 33, 0, 0]"
darwin,"['D', 'AA', 'R', 'W', 'IH', 'N']","['dar', 'win']","['dar', 'win']",0.0,5.75e-06,"[18, 1, 30, 36, 10, 27, 0, 0]"
shipment,"['SH', 'IH', 'P', 'M', 'AH', 'N', 'T']","['ship', 'ment']","['ship', 'ment']",0.0,5.75e-06,"[32, 10, 29, 26, 3, 27, 33, 0]"
dev,"['D', 'EH', 'V']",['dev'],['dev'],0.0,5.75e-06,"[18, 7, 35, 0, 0, 0, 0, 0]"
velvet,"['V', 'EH', 'L', 'V', 'AH', 'T']","['vel', 'vet']","['vel', 'vet']",0.0,5.89e-06,"[35, 7, 25, 35, 3, 33, 0, 0]"
symphony,"['S', 'IH', 'M', 'F', 'AH', 'N', 'IY']","['sym', 'phony']","['sym', 'phony']",0.0,5.89e-06,"[31, 10, 26, 20, 3, 27, 11, 0]"
viewer,"['V', 'Y', 'UW', 'ER']","['view', 'er']","['view', 'er']",0.0,5.89e-06,"[35, 37, 15, 8, 0, 0, 0, 0]"
patents,"['P', 'AE', 'T', 'AH', 'N', 'T', 'S']","['pat', 'ents']","['pat', 'ents']",0.0,5.89e-06,"[29, 2, 33, 3, 27, 33, 31, 0]"
packet,"['P', 'AE', 'K', 'AH', 'T']","['pack', 'et']","['pack', 'et']",0.0,5.89e-06,"[29, 2, 24, 3, 33, 0, 0, 0]"
cornwall,"['K', 'AO', 'R', 'N', 'W', 'AO', 'L']","['corn', 'wall']","['corn', 'wall']",0.0,5.89e-06,"[24, 4, 30, 27, 36, 4, 25, 0]"
textbook,"['T', 'EH', 'K', 'S', 'T', 'B', 'UH', 'K']","['text', 'book']","['text', 'book']",0.0,5.89e-06,"[33, 7, 24, 31, 33, 16, 14, 24]"
commissioners,"['K', 'AH', 'M', 'IH', 'SH', 'AH', 'N', 'ER', 'Z']","['com', 'mis', 'sion', 'ers']","['com', 'mission', 'ers']",0.07692307692307693,5.89e-06,"[24, 3, 26, 10, 32, 3, 27, 8]"
surrey,"['S', 'ER', 'IY']","['sur', 'rey']","['sur', 'rey']",0.0,5.89e-06,"[31, 8, 11, 0, 0, 0, 0, 0]"
worm,"['W', 'ER', 'M']",['worm'],['worm'],0.0,5.89e-06,"[36, 8, 26, 0, 0, 0, 0, 0]"
kai,"['K', 'AY']",['kai'],['kai'],0.0,5.89e-06,"[24, 6, 0, 0, 0, 0, 0, 0]"
aaa,"['T', 'R', 'IH', 'P', 'AH', 'L', 'EY']",['aaa'],['aaa'],0.0,5.89e-06,"[33, 30, 10, 29, 3, 25, 9, 0]"
comparative,"['K', 'AH', 'M', 'P', 'EH', 'R', 'AH', 'T', 'IH', 'V']","['com', 'par', 'at', 'ive']","['com', 'par', 'ative']",0.09090909090909091,5.89e-06,"[24, 3, 26, 29, 7, 30, 3, 33]"
algebra,"['AE', 'L', 'JH', 'AH', 'B', 'R', 'AH']","['al', 'gebra']","['al', 'gebra']",0.0,5.89e-06,"[2, 25, 23, 3, 16, 30, 3, 0]"
upgrades,"['AH', 'P', 'G', 'R', 'EY', 'D', 'Z']","['up', 'grades']","['up', 'grades']",0.0,6.03e-06,"[3, 29, 21, 30, 9, 18, 38, 0]"
exclude,"['IH', 'K', 'S', 'K', 'L', 'UW', 'D']","['ex', 'clude']","['ex', 'clude']",0.0,6.03e-06,"[10, 24, 31, 24, 25, 15, 18, 0]"
lightweight,"['L', 'AY', 'T', 'W', 'EY', 'T']","['light', 'weight']","['light', 'weight']",0.0,6.03e-06,"[25, 6, 33, 36, 9, 33, 0, 0]"
dom,"['D', 'AA', 'M']",['dom'],['dom'],0.0,6.03e-06,"[18, 1, 26, 0, 0, 0, 0, 0]"
forge,"['F', 'AO', 'R', 'JH']",['forge'],['forge'],0.0,6.03e-06,"[20, 4, 30, 23, 0, 0, 0, 0]"
render,"['R', 'EH', 'N', 'D', 'ER']",['render'],['render'],0.0,6.03e-06,"[30, 7, 27, 18, 8, 0, 0, 0]"
tenant,"['T', 'EH', 'N', 'AH', 'N', 'T']","['ten', 'ant']","['ten', 'ant']",0.0,6.03e-06,"[33, 7, 27, 3, 27, 33, 0, 0]"
warnings,"['W', 'AO', 'R', 'N', 'IH', 'NG', 'Z']","['warn', 'ings']","['warn', 'ings']",0.0,6.03e-06,"[36, 4, 30, 27, 10, 28, 38, 0]"
calgary,"['K', 'AE', 'L', 'G', 'ER', 'IY']","['cal', 'gary']","['cal', 'gary']",0.0,6.03e-06,"[24, 2, 25, 21, 8, 11, 0, 0]"
respondents,"['R', 'IH', 'S', 'P', 'AA', 'N', 'D', 'AH', 'N', 'T', 'S']","['re', 'spond', 'ents']","['respond', 'ents']",0.09090909090909091,6.03e-06,"[30, 10, 31, 29, 1, 27, 18, 3]"
newport,"['N', 'UW', 'P', 'AO', 'R', 'T']","['new', 'port']","['new', 'port']",0.0,6.03e-06,"[27, 15, 29, 4, 30, 33, 0, 0]"
greenhouse,"['G', 'R', 'IY', 'N', 'HH', 'AW', 'S']","['green', 'house']","['green', 'house']",0.0,6.03e-06,"[21, 30, 11, 27, 22, 5, 31, 0]"
conventions,"['K', 'AH', 'N', 'V', 'EH', 'N', 'SH', 'AH', 'N', 'Z']","['con', 'ven', 'tions']","['con', 'ventions']",0.09090909090909091,6.03e-06,"[24, 3, 27, 35, 7, 27, 32, 3]"
queue,"['K', 'Y', 'UW']",['queue'],['queue'],0.0,6.03e-06,"[24, 37, 15, 0, 0, 0, 0, 0]"
bulletin,"['B', 'UH', 'L', 'IH', 'T', 'AH', 'N']","['bul', 'let', 'in']","['bul', 'let', 'in']",0.0,6.17e-06,"[16, 14, 25, 10, 33, 3, 27, 0]"
commitments,"['K', 'AH', 'M', 'IH', 'T', 'M', 'AH', 'N', 'T', 'S']","['com', 'mit', 'ments']","['commit', 'ments']",0.09090909090909091,6.17e-06,"[24, 3, 26, 10, 33, 26, 3, 27]"
res,"['R', 'EY', 'Z']",['res'],['res'],0.0,6.17e-06,"[30, 9, 38, 0, 0, 0, 0, 0]"
comparisons,"['K', 'AH', 'M', 'P', 'EH', 'R', 'AH', 'S', 'AH', 'N', 'Z']","['com', 'par', 'is', 'ons']","['com', 'par', 'isons']",0.09090909090909091,6.17e-06,"[24, 3, 26, 29, 7, 30, 3, 31]"
strap,"['S', 'T', 'R', 'AE', 'P']",['strap'],['strap'],0.0,6.17e-06,"[31, 33, 30, 2, 29, 0, 0, 0]"
johnston,"['JH', 'AA', 'N', 'S', 'T', 'AH', 'N']","['john', 'ston']","['john', 'ston']",0.0,6.17e-06,"[23, 1, 27, 31, 33, 3, 27, 0]"
surround,"['S', 'ER', 'AW', 'N', 'D']","['sur', 'round']","['sur', 'round']",0.0,6.17e-06,"[31, 8, 5, 27, 18, 0, 0, 0]"
springfield,"['S', 'P', 'R', 'IH', 'NG', 'F', 'IY', 'L', 'D']","['spring', 'field']","['spring', 'field']",0.0,6.17e-06,"[31, 29, 30, 10, 28, 20, 11, 25]"
rehab,"['R', 'IY', 'HH', 'AE', 'B']","['re', 'hab']","['re', 'hab']",0.0,6.17e-06,"[30, 11, 22, 2, 16, 0, 0, 0]"
hygiene,"['HH', 'AY', 'JH', 'IY', 'N']","['hy', 'giene']","['hy', 'giene']",0.0,6.17e-06,"[22, 6, 23, 11, 27, 0, 0, 0]"
performer,"['P', 'ER', 'F', 'AO', 'R', 'M', 'ER']","['per', 'former']","['per', 'former']",0.0,6.31e-06,"[29, 8, 20, 4, 30, 26, 8, 0]"
constraints,"['K', 'AH', 'N', 'S', 'T', 'R', 'EY', 'N', 'T', 'S']","['con', 'straints']","['con', 'str', 'aints']",0.09090909090909091,6.31e-06,"[24, 3, 27, 31, 33, 30, 9, 27]"
font,"['F', 'AA', 'N', 'T']",['font'],['font'],0.0,6.31e-06,"[20, 1, 27, 33, 0, 0, 0, 0]"
flush,"['F', 'L', 'AH', 'SH']",['flush'],['flush'],0.0,6.31e-06,"[20, 25, 3, 32, 0, 0, 0, 0]"
carroll,"['K', 'AE', 'R', 'AH', 'L']","['car', 'roll']","['car', 'roll']",0.0,6.31e-06,"[24, 2, 30, 3, 25, 0, 0, 0]"
picnic,"['P', 'IH', 'K', 'N', 'IH', 'K']","['pic', 'nic']","['pic', 'nic']",0.0,6.31e-06,"[29, 10, 24, 27, 10, 24, 0, 0]"
mel,"['M', 'EH', 'L']",['mel'],['mel'],0.0,6.31e-06,"[26, 7, 25, 0, 0, 0, 0, 0]"
sim,"['S', 'IH', 'M']",['sim'],['sim'],0.0,6.31e-06,"[31, 10, 26, 0, 0, 0, 0, 0]"
pins,"['P', 'IH', 'N', 'Z']",['pins'],['pins'],0.0,6.31e-06,"[29, 10, 27, 38, 0, 0, 0, 0]"
wired,"['W', 'AY', 'ER', 'D']",['wired'],['wired'],0.0,6.31e-06,"[36, 6, 8, 18, 0, 0, 0, 0]"
wan,"['W', 'AA', 'N']",['wan'],['wan'],0.0,6.31e-06,"[36, 1, 27, 0, 0, 0, 0, 0]"
atlas,"['AE', 'T', 'L', 'AH', 'S']","['at', 'las']","['at', 'las']",0.0,6.31e-06,"[2, 33, 25, 3, 31, 0, 0, 0]"
burton,"['B', 'ER', 'T', 'AH', 'N']","['bur', 'ton']","['bur', 'ton']",0.0,6.31e-06,"[16, 8, 33, 3, 27, 0, 0, 0]"
royalty,"['R', 'OY', 'AH', 'L', 'T', 'IY']","['roy', 'alty']","['roy', 'alty']",0.0,6.31e-06,"[30, 13, 3, 25, 33, 11, 0, 0]"
amp,"['AE', 'M', 'P']",['amp'],['amp'],0.0,6.31e-06,"[2, 26, 29, 0, 0, 0, 0, 0]"
ribbon,"['R', 'IH', 'B', 'AH', 'N']","['rib', 'bon']","['rib', 'bon']",0.0,6.46e-06,"[30, 10, 16, 3, 27, 0, 0, 0]"
exhaust,"['IH', 'G', 'Z', 'AO', 'S', 'T']","['ex', 'haust']","['ex', 'haust']",0.0,6.46e-06,"[10, 21, 38, 4, 31, 33, 0, 0]"
respiratory,"['R', 'EH', 'S', 'P', 'ER', 'AH', 'T', 'AO', 'R', 'IY']","['res', 'pir', 'at', 'ory']","['res', 'pir', 'atory']",0.09090909090909091,6.46e-06,"[30, 7, 31, 29, 8, 3, 33, 4]"
alt,"['AA', 'L', 'T']",['alt'],['alt'],0.0,6.46e-06,"[1, 25, 33, 0, 0, 0, 0, 0]"
jackets,"['JH', 'AE', 'K', 'IH', 'T', 'S']","['jack', 'ets']","['jack', 'ets']",0.0,6.46e-06,"[23, 2, 24, 10, 33, 31, 0, 0]"
chester,"['CH', 'EH', 'S', 'T', 'ER']",['chester'],['chester'],0.0,6.46e-06,"[17, 7, 31, 33, 8, 0, 0, 0]"
mic,"['M', 'IH', 'K']",['mic'],['mic'],0.0,6.46e-06,"[26, 10, 24, 0, 0, 0, 0, 0]"
expired,"['IH', 'K', 'S', 'P', 'AY', 'R', 'D']","['ex', 'pired']","['ex', 'pired']",0.0,6.46e-06,"[10, 24, 31, 29, 6, 30, 18, 0]"
hawk,"['HH', 'AO', 'K']",['hawk'],['hawk'],0.0,6.46e-06,"[22, 4, 24, 0, 0, 0, 0, 0]"
manor,"['M', 'AE', 'N', 'ER']","['man', 'or']","['man', 'or']",0.0,6.46e-06,"[26, 2, 27, 8, 0, 0, 0, 0]"
surgeons,"['S', 'ER', 'JH', 'AH', 'N', 'Z']","['sur', 'geons']","['sur', 'geons']",0.0,6.46e-06,"[31, 8, 23, 3, 27, 38, 0, 0]"
forbes,"['F', 'AO', 'R', 'B', 'Z']","['for', 'bes']","['for', 'bes']",0.0,6.46e-06,"[20, 4, 30, 16, 38, 0, 0, 0]"
advancement,"['AH', 'D', 'V', 'AE', 'N', 'S', 'M', 'AH', 'N', 'T']","['ad', 'vance', 'ment']","['ad', 'vance', 'ment']",0.0,6.46e-06,"[3, 18, 35, 2, 27, 31, 26, 3]"
mirrors,"['M', 'IH', 'R', 'ER', 'Z']","['mir', 'rors']","['mir', 'rors']",0.0,6.46e-06,"[26, 10, 30, 8, 38, 0, 0, 0]"
marketplace,"['M', 'AA', 'R', 'K', 'AH', 'T', 'P', 'L', 'EY', 'S']","['mar', 'ket', 'place']","['market', 'place']",0.09090909090909091,6.61e-06,"[26, 1, 30, 24, 3, 33, 29, 25]"
exhibits,"['IH', 'G', 'Z', 'IH', 'B', 'AH', 'T', 'S']","['ex', 'hib', 'its']","['ex', 'hib', 'its']",0.0,6.61e-06,"[10, 21, 38, 10, 16, 3, 33, 31]"
eden,"['IY', 'D', 'AH', 'N']",['eden'],['eden'],0.0,6.61e-06,"[11, 18, 3, 27, 0, 0, 0, 0]"
lace,"['L', 'EY', 'S']",['lace'],['lace'],0.0,6.61e-06,"[25, 9, 31, 0, 0, 0, 0, 0]"
token,"['T', 'OW', 'K', 'AH', 'N']",['token'],['token'],0.0,6.61e-06,"[33, 12, 24, 3, 27, 0, 0, 0]"
athletics,"['AE', 'TH', 'L', 'EH', 'T', 'IH', 'K', 'S']","['ath', 'let', 'ics']","['ath', 'let', 'ics']",0.0,6.61e-06,"[2, 34, 25, 7, 33, 10, 24, 31]"
adjustments,"['AH', 'JH', 'AH', 'S', 'T', 'M', 'AH', 'N', 'T', 'S']","['ad', 'just', 'ments']","['adjust', 'ments']",0.09090909090909091,6.61e-06,"[3, 23, 3, 31, 33, 26, 3, 27]"
sunrise,"['S', 'AH', 'N', 'R', 'AY', 'Z']","['sun', 'rise']","['sun', 'rise']",0.0,6.61e-06,"[31, 3, 27, 30, 6, 38, 0, 0]"
commissions,"['K', 'AH', 'M', 'IH', 'SH', 'AH', 'N', 'Z']","['com', 'mis', 'sions']","['com', 'missions']",0.09090909090909091,6.61e-06,"[24, 3, 26, 10, 32, 3, 27, 38]"
cube,"['K', 'Y', 'UW', 'B']",['cube'],['cube'],0.0,6.61e-06,"[24, 37, 15, 16, 0, 0, 0, 0]"
enzyme,"['EH', 'N', 'Z', 'AY', 'M']","['en', 'zyme']","['en', 'zyme']",0.0,6.61e-06,"[7, 27, 38, 6, 26, 0, 0, 0]"
tags,"['T', 'AE', 'G', 'Z']",['tags'],['tags'],0.0,6.61e-06,"[33, 2, 21, 38, 0, 0, 0, 0]"
downloaded,"['D', 'AW', 'N', 'L', 'OW', 'D', 'IH', 'D']","['down', 'loaded']","['down', 'loaded']",0.0,6.76e-06,"[18, 5, 27, 25, 12, 18, 10, 18]"
newman,"['N', 'UW', 'M', 'AH', 'N']","['new', 'man']","['new', 'man']",0.0,6.76e-06,"[27, 15, 26, 3, 27, 0, 0, 0]"
isle,"['AY', 'L']",['isle'],['isle'],0.0,6.76e-06,"[6, 25, 0, 0, 0, 0, 0, 0]"
gateway,"['G', 'EY', 'T', 'W', 'EY']","['gate', 'way']","['gate', 'way']",0.0,6.76e-06,"[21, 9, 33, 36, 9, 0, 0, 0]"
statute,"['S', 'T', 'AE', 'CH', 'UW', 'T']","['stat', 'ute']","['stat', 'ute']",0.0,6.76e-06,"[31, 33, 2, 17, 15, 33, 0, 0]"
rand,"['R', 'AE', 'N', 'D']",['rand'],['rand'],0.0,6.76e-06,"[30, 2, 27, 18, 0, 0, 0, 0]"
vermont,"['V', 'ER', 'M', 'AA', 'N', 'T']","['ver', 'mont']","['ver', 'mont']",0.0,6.92e-06,"[35, 8, 26, 1, 27, 33, 0, 0]"
trustees,"['T', 'R', 'AH', 'S', 'T', 'IY', 'Z']","['trust', 'ees']","['trust', 'ees']",0.0,6.92e-06,"[33, 30, 3, 31, 33, 11, 38, 0]"
vic,"['V', 'IH', 'K']",['vic'],['vic'],0.0,6.92e-06,"[35, 10, 24, 0, 0, 0, 0, 0]"
marina,"['M', 'ER', 'IY', 'N', 'AH']","['mar', 'ina']","['mar', 'ina']",0.0,6.92e-06,"[26, 8, 11, 27, 3, 0, 0, 0]"
disclose,"['D', 'IH', 'S', 'K', 'L', 'OW', 'Z']","['dis', 'close']","['dis', 'close']",0.0,6.92e-06,"[18, 10, 31, 24, 25, 12, 38, 0]"
norfolk,"['N', 'AO', 'R', 'F', 'AH', 'K']","['nor', 'folk']","['nor', 'folk']",0.0,6.92e-06,"[27, 4, 30, 20, 3, 24, 0, 0]"
gel,"['JH', 'EH', 'L']",['gel'],['gel'],0.0,6.92e-06,"[23, 7, 25, 0, 0, 0, 0, 0]"
mat,"['M', 'AE', 'T']",['mat'],['mat'],0.0,6.92e-06,"[26, 2, 33, 0, 0, 0, 0, 0]"
que,"['K', 'Y', 'UW']",['que'],['que'],0.0,6.92e-06,"[24, 37, 15, 0, 0, 0, 0, 0]"
skiing,"['S', 'K', 'IY', 'IH', 'NG']","['ski', 'ing']","['ski', 'ing']",0.0,6.92e-06,"[31, 24, 11, 10, 28, 0, 0, 0]"
ira,"['AY', 'R', 'AH']",['ira'],['ira'],0.0,6.92e-06,"[6, 30, 3, 0, 0, 0, 0, 0]"
bra,"['B', 'R', 'AA']",['bra'],['bra'],0.0,7.08e-06,"[16, 30, 1, 0, 0, 0, 0, 0]"
rim,"['R', 'IH', 'M']",['rim'],['rim'],0.0,7.08e-06,"[30, 10, 26, 0, 0, 0, 0, 0]"
arbitrary,"['AA', 'R', 'B', 'AH', 'T', 'R', 'EH', 'R', 'IY']","['ar', 'bit', 'rary']","['ar', 'bit', 'rary']",0.0,7.08e-06,"[1, 30, 16, 3, 33, 30, 7, 30]"
cakes,"['K', 'EY', 'K', 'S']",['cakes'],['cakes'],0.0,7.08e-06,"[24, 9, 24, 31, 0, 0, 0, 0]"
lang,"['L', 'AE', 'NG']",['lang'],['lang'],0.0,7.08e-06,"[25, 2, 28, 0, 0, 0, 0, 0]"
readings,"['R', 'EH', 'D', 'IH', 'NG', 'Z']","['read', 'ings']","['read', 'ings']",0.0,7.08e-06,"[30, 7, 18, 10, 28, 38, 0, 0]"
tub,"['T', 'AH', 'B']",['tub'],['tub'],0.0,7.08e-06,"[33, 3, 16, 0, 0, 0, 0, 0]"
correspondence,"['K', 'AO', 'R', 'AH', 'S', 'P', 'AA', 'N', 'D', 'AH', 'N', 'S']","['cor', 'res', 'pond', 'ence']","['cor', 'respond', 'ence']",0.07142857142857142,7.08e-06,"[24, 4, 30, 3, 31, 29, 1, 27]"
volleyball,"['V', 'AA', 'L', 'IY', 'B', 'AO', 'L']","['vol', 'ley', 'ball']","['vol', 'ley', 'ball']",0.0,7.08e-06,"[35, 1, 25, 11, 16, 4, 25, 0]"
cowboy,"['K', 'AW', 'B', 'OY']","['cow', 'boy']","['cow', 'boy']",0.0,7.08e-06,"[24, 5, 16, 13, 0, 0, 0, 0]"
necklace,"['N', 'EH', 'K', 'L', 'AH', 'S']","['neck', 'lace']","['neck', 'lace']",0.0,7.08e-06,"[27, 7, 24, 25, 3, 31, 0, 0]"
comp,"['K', 'AA', 'M', 'P']",['comp'],['comp'],0.0,7.08e-06,"[24, 1, 26, 29, 0, 0, 0, 0]"
rows,"['R', 'OW', 'Z']",['rows'],['rows'],0.0,7.24e-06,"[30, 12, 38, 0, 0, 0, 0, 0]"
scroll,"['S', 'K', 'R', 'OW', 'L']",['scroll'],['scroll'],0.0,7.24e-06,"[31, 24, 30, 12, 25, 0, 0, 0]"
mounting,"['M', 'AW', 'N', 'T', 'IH', 'NG']","['mount', 'ing']","['mount', 'ing']",0.0,7.24e-06,"[26, 5, 27, 33, 10, 28, 0, 0]"
lynn,"['L', 'IH', 'N']",['lynn'],['lynn'],0.0,7.24e-06,"[25, 10, 27, 0, 0, 0, 0, 0]"
abs,"['EY', 'B', 'IY', 'EH', 'S']",['abs'],['abs'],0.0,7.24e-06,"[9, 16, 11, 7, 31, 0, 0, 0]"
weights,"['W', 'EY', 'T', 'S']",['weights'],['weights'],0.0,7.24e-06,"[36, 9, 33, 31, 0, 0, 0, 0]"
demonstrates,"['D', 'EH', 'M', 'AH', 'N', 'S', 'T', 'R', 'EY', 'T', 'S']","['demon', 'strates']","['demon', 'str', 'ates']",0.08333333333333333,7.24e-06,"[18, 7, 26, 3, 27, 31, 33, 30]"
ant,"['AE', 'N', 'T']",['ant'],['ant'],0.0,7.24e-06,"[2, 27, 33, 0, 0, 0, 0, 0]"
booking,"['B', 'UH', 'K', 'IH', 'NG']","['book', 'ing']","['book', 'ing']",0.0,7.24e-06,"[16, 14, 24, 10, 28, 0, 0, 0]"
lime,"['L', 'AY', 'M']",['lime'],['lime'],0.0,7.24e-06,"[25, 6, 26, 0, 0, 0, 0, 0]"
sync,"['S', 'IH', 'NG', 'K']",['sync'],['sync'],0.0,7.24e-06,"[31, 10, 28, 24, 0, 0, 0, 0]"
commodity,"['K', 'AH', 'M', 'AA', 'D', 'AH', 'T', 'IY']","['com', 'mod', 'ity']","['com', 'mod', 'ity']",0.0,7.24e-06,"[24, 3, 26, 1, 18, 3, 33, 11]"
handbook,"['HH', 'AE', 'N', 'D', 'B', 'UH', 'K']","['hand', 'book']","['hand', 'book']",0.0,7.24e-06,"[22, 2, 27, 18, 16, 14, 24, 0]"
mon,"['M', 'OW', 'N']",['mon'],['mon'],0.0,7.24e-06,"[26, 12, 27, 0, 0, 0, 0, 0]"
honors,"['AA', 'N', 'ER', 'Z']","['hon', 'ors']","['hon', 'ors']",0.0,7.24e-06,"[1, 27, 8, 38, 0, 0, 0, 0]"
nonprofit,"['N', 'AA', 'N', 'P', 'R', 'AA', 'F', 'AH', 'T']","['non', 'profit']","['non', 'profit']",0.0,7.24e-06,"[27, 1, 27, 29, 30, 1, 20, 3]"
informal,"['IH', 'N', 'F', 'AO', 'R', 'M', 'AH', 'L']","['in', 'form', 'al']","['in', 'form', 'al']",0.0,7.41e-06,"[10, 27, 20, 4, 30, 26, 3, 25]"
transmitted,"['T', 'R', 'AE', 'N', 'S', 'M', 'IH', 'T', 'IH', 'D']","['trans', 'mit', 'ted']","['trans', 'mitted']",0.09090909090909091,7.41e-06,"[33, 30, 2, 27, 31, 26, 10, 33]"
prospective,"['P', 'R', 'AH', 'S', 'P', 'EH', 'K', 'T', 'IH', 'V']","['pro', 'spect', 'ive']","['pro', 'spective']",0.09090909090909091,7.41e-06,"[29, 30, 3, 31, 29, 7, 24, 33]"
gem,"['JH', 'EH', 'M']",['gem'],['gem'],0.0,7.41e-06,"[23, 7, 26, 0, 0, 0, 0, 0]"
outlined,"['AW', 'T', 'L', 'AY', 'N', 'D']","['out', 'lined']","['out', 'lined']",0.0,7.41e-06,"[5, 33, 25, 6, 27, 18, 0, 0]"
marker,"['M', 'AA', 'R', 'K', 'ER']","['mark', 'er']","['mark', 'er']",0.0,7.41e-06,"[26, 1, 30, 24, 8, 0, 0, 0]"
surplus,"['S', 'ER', 'P', 'L', 'AH', 'S']","['sur', 'plus']","['sur', 'plus']",0.0,7.41e-06,"[31, 8, 29, 25, 3, 31, 0, 0]"
festivals,"['F', 'EH', 'S', 'T', 'AH', 'V', 'AH', 'L', 'Z']","['fest', 'ivals']","['fest', 'ivals']",0.0,7.41e-06,"[20, 7, 31, 33, 3, 35, 3, 25]"
zip,"['Z', 'IH', 'P']",['zip'],['zip'],0.0,7.41e-06,"[38, 10, 29, 0, 0, 0, 0, 0]"
mia,"['M', 'IY', 'AH']",['mia'],['mia'],0.0,7.41e-06,"[26, 11, 3, 0, 0, 0, 0, 0]"
minneapolis,"['M', 'IH', 'N', 'IY', 'AE', 'P', 'AH', 'L', 'IH', 'S']","['min', 'neapol', 'is']","['min', 'neapolis']",0.09090909090909091,7.41e-06,"[26, 10, 27, 11, 2, 29, 3, 25]"
filters,"['F', 'IH', 'L', 'T', 'ER', 'Z']","['fil', 'ters']","['fil', 'ters']",0.0,7.59e-06,"[20, 10, 25, 33, 8, 38, 0, 0]"
belfast,"['B', 'EH', 'L', 'F', 'AE', 'S', 'T']","['bel', 'fast']","['bel', 'fast']",0.0,7.59e-06,"[16, 7, 25, 20, 2, 31, 33, 0]"
terrace,"['T', 'EH', 'R', 'AH', 'S']","['ter', 'race']","['ter', 'race']",0.0,7.59e-06,"[33, 7, 30, 3, 31, 0, 0, 0]"
imports,"['IH', 'M', 'P', 'AO', 'R', 'T', 'S']","['im', 'ports']","['im', 'ports']",0.0,7.59e-06,"[10, 26, 29, 4, 30, 33, 31, 0]"
highways,"['HH', 'AY', 'W', 'EY', 'Z']","['high', 'ways']","['high', 'ways']",0.0,7.59e-06,"[22, 6, 36, 9, 38, 0, 0, 0]"
med,"['M', 'EH', 'D']",['med'],['med'],0.0,7.59e-06,"[26, 7, 18, 0, 0, 0, 0, 0]"
node,"['N', 'OW', 'D']",['node'],['node'],0.0,7.59e-06,"[27, 12, 18, 0, 0, 0, 0, 0]"
metric,"['M', 'EH', 'T', 'R', 'IH', 'K']","['met', 'ric']","['met', 'ric']",0.0,7.59e-06,"[26, 7, 33, 30, 10, 24, 0, 0]"
headphones,"['HH', 'EH', 'D', 'F', 'OW', 'N', 'Z']","['head', 'phones']","['head', 'phones']",0.0,7.59e-06,"[22, 7, 18, 20, 12, 27, 38, 0]"
rendered,"['R', 'EH', 'N', 'D', 'ER', 'D']",['rendered'],['rendered'],0.0,7.59e-06,"[30, 7, 27, 18, 8, 18, 0, 0]"
aye,['AY'],['aye'],['aye'],0.0,7.76e-06,"[6, 0, 0, 0, 0, 0, 0, 0]"
browser,"['B', 'R', 'AW', 'Z', 'ER']",['browser'],['browser'],0.0,7.76e-06,"[16, 30, 5, 38, 8, 0, 0, 0]"
monroe,"['M', 'AH', 'N', 'R', 'OW']","['mon', 'roe']","['mon', 'roe']",0.0,7.76e-06,"[26, 3, 27, 30, 12, 0, 0, 0]"
designing,"['D', 'IH', 'Z', 'AY', 'N', 'IH', 'NG']","['design', 'ing']","['design', 'ing']",0.0,7.76e-06,"[18, 10, 38, 6, 27, 10, 28, 0]"
cod,"['K', 'AA', 'D']",['cod'],['cod'],0.0,7.76e-06,"[24, 1, 18, 0, 0, 0, 0, 0]"
frog,"['F', 'R', 'AA', 'G']",['frog'],['frog'],0.0,7.76e-06,"[20, 30, 1, 21, 0, 0, 0, 0]"
hon,"['HH', 'AA', 'N']",['hon'],['hon'],0.0,7.76e-06,"[22, 1, 27, 0, 0, 0, 0, 0]"
cocktail,"['K', 'AA', 'K', 'T', 'EY', 'L']","['cock', 'tail']","['cock', 'tail']",0.0,7.76e-06,"[24, 1, 24, 33, 9, 25, 0, 0]"
ana,"['AA', 'N', 'AH']",['ana'],['ana'],0.0,7.76e-06,"[1, 27, 3, 0, 0, 0, 0, 0]"
hopkins,"['HH', 'AA', 'P', 'K', 'IH', 'N', 'Z']","['hop', 'kins']","['hop', 'kins']",0.0,7.76e-06,"[22, 1, 29, 24, 10, 27, 38, 0]"
garcia,"['G', 'AA', 'R', 'S', 'IY', 'AH']","['gar', 'cia']","['gar', 'cia']",0.0,7.76e-06,"[21, 1, 30, 31, 11, 3, 0, 0]"
excluded,"['IH', 'K', 'S', 'K', 'L', 'UW', 'D', 'AH', 'D']","['ex', 'cluded']","['ex', 'cluded']",0.0,7.76e-06,"[10, 24, 31, 24, 25, 15, 18, 3]"
adverse,"['AE', 'D', 'V', 'ER', 'S']","['ad', 'verse']","['ad', 'verse']",0.0,7.76e-06,"[2, 18, 35, 8, 31, 0, 0, 0]"
highlighted,"['HH', 'AY', 'L', 'AY', 'T', 'IH', 'D']","['high', 'lighted']","['high', 'light', 'ed']",0.09090909090909091,7.76e-06,"[22, 6, 25, 6, 33, 10, 18, 0]"
expects,"['IH', 'K', 'S', 'P', 'EH', 'K', 'T', 'S']","['ex', 'pects']","['ex', 'pects']",0.0,7.76e-06,"[10, 24, 31, 29, 7, 24, 33, 31]"
listings,"['L', 'IH', 'S', 'T', 'IH', 'NG', 'Z']","['list', 'ings']","['list', 'ings']",0.0,7.94e-06,"[25, 10, 31, 33, 10, 28, 38, 0]"
cleaner,"['K', 'L', 'IY', 'N', 'ER']","['clean', 'er']","['clean', 'er']",0.0,7.94e-06,"[24, 25, 11, 27, 8, 0, 0, 0]"
armstrong,"['AA', 'R', 'M', 'S', 'T', 'R', 'AA', 'NG']","['arm', 'strong']","['arm', 'strong']",0.0,7.94e-06,"[1, 30, 26, 31, 33, 30, 1, 28]"
gilbert,"['G', 'IH', 'L', 'B', 'ER', 'T']","['gil', 'bert']","['gil', 'bert']",0.0,7.94e-06,"[21, 10, 25, 16, 8, 33, 0, 0]"
chrome,"['K', 'R', 'OW', 'M']",['chrome'],['chrome'],0.0,7.94e-06,"[24, 30, 12, 26, 0, 0, 0, 0]"
rack,"['R', 'AE', 'K']",['rack'],['rack'],0.0,7.94e-06,"[30, 2, 24, 0, 0, 0, 0, 0]"
unlock,"['AH', 'N', 'L', 'AA', 'K']","['un', 'lock']","['un', 'lock']",0.0,7.94e-06,"[3, 27, 25, 1, 24, 0, 0, 0]"
specialists,"['S', 'P', 'EH', 'SH', 'AH', 'L', 'AH', 'S', 'T', 'S']","['spe', 'cial', 'ists']","['special', 'ists']",0.09090909090909091,7.94e-06,"[31, 29, 7, 32, 3, 25, 3, 31]"
spotlight,"['S', 'P', 'AA', 'T', 'L', 'AY', 'T']","['spot', 'light']","['spot', 'light']",0.0,7.94e-06,"[31, 29, 1, 33, 25, 6, 33, 0]"
tel,"['T', 'EH', 'L']",['tel'],['tel'],0.0,7.94e-06,"[33, 7, 25, 0, 0, 0, 0, 0]"
transparency,"['T', 'R', 'AE', 'N', 'S', 'P', 'EH', 'R', 'AH', 'N', 'S', 'IY']","['trans', 'par', 'ency']","['trans', 'parency']",0.08333333333333333,7.94e-06,"[33, 30, 2, 27, 31, 29, 7, 30]"
opt,"['AA', 'P', 'T']",['opt'],['opt'],0.0,7.94e-06,"[1, 29, 33, 0, 0, 0, 0, 0]"
eva,"['EY', 'V', 'AH']",['eva'],['eva'],0.0,7.94e-06,"[9, 35, 3, 0, 0, 0, 0, 0]"
conclude,"['K', 'AH', 'N', 'K', 'L', 'UW', 'D']","['con', 'clude']","['con', 'clude']",0.0,7.94e-06,"[24, 3, 27, 24, 25, 15, 18, 0]"
finances,"['F', 'IH', 'N', 'AE', 'N', 'S', 'IH', 'Z']","['fin', 'ances']","['fin', 'ances']",0.0,7.94e-06,"[20, 10, 27, 2, 27, 31, 10, 38]"
inherited,"['IH', 'N', 'HH', 'EH', 'R', 'AH', 'T', 'IH', 'D']","['in', 'her', 'ited']","['in', 'her', 'ited']",0.0,8.13e-06,"[10, 27, 22, 7, 30, 3, 33, 10]"
deployment,"['D', 'IH', 'P', 'L', 'OY', 'M', 'AH', 'N', 'T']","['de', 'ploy', 'ment']","['de', 'ploy', 'ment']",0.0,8.13e-06,"[18, 10, 29, 25, 13, 26, 3, 27]"
ronald,"['R', 'AA', 'N', 'AH', 'L', 'D']","['ron', 'ald']","['ron', 'ald']",0.0,8.13e-06,"[30, 1, 27, 3, 25, 18, 0, 0]"
implementing,"['IH', 'M', 'P', 'L', 'AH', 'M', 'EH', 'N', 'T', 'IH', 'NG']","['im', 'ple', 'ment', 'ing']","['im', 'plement', 'ing']",0.08333333333333333,8.13e-06,"[10, 26, 29, 25, 3, 26, 7, 27]"
nickname,"['N', 'IH', 'K', 'N', 'EY', 'M']","['nick', 'name']","['nick', 'name']",0.0,8.13e-06,"[27, 10, 24, 27, 9, 26, 0, 0]"
yang,"['Y', 'AE', 'NG']",['yang'],['yang'],0.0,8.13e-06,"[37, 2, 28, 0, 0, 0, 0, 0]"
verbal,"['V', 'ER', 'B', 'AH', 'L']",['verbal'],['verbal'],0.0,8.13e-06,"[35, 8, 16, 3, 25, 0, 0, 0]"
offshore,"['AO', 'F', 'SH', 'AO', 'R']","['off', 'shore']","['off', 'shore']",0.0,8.13e-06,"[4, 20, 32, 4, 30, 0, 0, 0]"
mod,"['M', 'AO', 'D']",['mod'],['mod'],0.0,8.13e-06,"[26, 4, 18, 0, 0, 0, 0, 0]"
batch,"['B', 'AE', 'CH']",['batch'],['batch'],0.0,8.13e-06,"[16, 2, 17, 0, 0, 0, 0, 0]"
recreational,"['R', 'EH', 'K', 'R', 'IY', 'EY', 'SH', 'AH', 'N', 'AH', 'L']","['re', 'cre', 'ation', 'al']","['re', 'cre', 'ational']",0.08333333333333333,8.13e-06,"[30, 7, 24, 30, 11, 9, 32, 3]"
paste,"['P', 'EY', 'S', 'T']",['paste'],['paste'],0.0,8.13e-06,"[29, 9, 31, 33, 0, 0, 0, 0]"
headlines,"['HH', 'EH', 'D', 'L', 'AY', 'N', 'Z']","['head', 'lines']","['head', 'lines']",0.0,8.13e-06,"[22, 7, 18, 25, 6, 27, 38, 0]"
outline,"['AW', 'T', 'L', 'AY', 'N']","['out', 'line']","['out', 'line']",0.0,8.32e-06,"[5, 33, 25, 6, 27, 0, 0, 0]"
airplane,"['EH', 'R', 'P', 'L', 'EY', 'N']","['air', 'plane']","['air', 'plane']",0.0,8.32e-06,"[7, 30, 29, 25, 9, 27, 0, 0]"
garlic,"['G', 'AA', 'R', 'L', 'IH', 'K']","['gar', 'lic']","['gar', 'lic']",0.0,8.32e-06,"[21, 1, 30, 25, 10, 24, 0, 0]"
venues,"['V', 'EH', 'N', 'UW', 'Z']","['ven', 'ues']","['ven', 'ues']",0.0,8.32e-06,"[35, 7, 27, 15, 38, 0, 0, 0]"
showcase,"['SH', 'OW', 'K', 'EY', 'S']","['show', 'case']","['show', 'case']",0.0,8.32e-06,"[32, 12, 24, 9, 31, 0, 0, 0]"
enabling,"['EH', 'N', 'EY', 'B', 'AH', 'L', 'IH', 'NG']","['en', 'abling']","['en', 'abling']",0.0,8.32e-06,"[7, 27, 9, 16, 3, 25, 10, 28]"
nova,"['N', 'OW', 'V', 'AH']",['nova'],['nova'],0.0,8.32e-06,"[27, 12, 35, 3, 0, 0, 0, 0]"
montgomery,"['M', 'AA', 'N', 'T', 'G', 'AH', 'M', 'R', 'IY']","['mont', 'gomery']","['mont', 'gomery']",0.0,8.32e-06,"[26, 1, 27, 33, 21, 3, 26, 30]"
enrolled,"['EH', 'N', 'R', 'OW', 'L', 'D']","['en', 'rolled']","['en', 'rolled']",0.0,8.32e-06,"[7, 27, 30, 12, 25, 18, 0, 0]"
essex,"['EH', 'S', 'IH', 'K', 'S']","['es', 'sex']","['es', 'sex']",0.0,8.32e-06,"[7, 31, 10, 24, 31, 0, 0, 0]"
oakland,"['OW', 'K', 'L', 'AH', 'N', 'D']","['oak', 'land']","['oak', 'land']",0.0,8.32e-06,"[12, 24, 25, 3, 27, 18, 0, 0]"
impose,"['IH', 'M', 'P', 'OW', 'Z']","['im', 'pose']","['im', 'pose']",0.0,8.32e-06,"[10, 26, 29, 12, 38, 0, 0, 0]"
ins,"['IH', 'N', 'Z']",['ins'],['ins'],0.0,8.32e-06,"[10, 27, 38, 0, 0, 0, 0, 0]"
exceed,"['IH', 'K', 'S', 'IY', 'D']","['ex', 'ceed']","['ex', 'ceed']",0.0,8.32e-06,"[10, 24, 31, 11, 18, 0, 0, 0]"
mint,"['M', 'IH', 'N', 'T']",['mint'],['mint'],0.0,8.32e-06,"[26, 10, 27, 33, 0, 0, 0, 0]"
winston,"['W', 'IH', 'N', 'S', 'T', 'AH', 'N']","['win', 'ston']","['win', 'ston']",0.0,8.32e-06,"[36, 10, 27, 31, 33, 3, 27, 0]"
cycles,"['S', 'AY', 'K', 'AH', 'L', 'Z']",['cycles'],['cycles'],0.0,8.51e-06,"[31, 6, 24, 3, 25, 38, 0, 0]"
acre,"['EY', 'K', 'ER']",['acre'],['acre'],0.0,8.51e-06,"[9, 24, 8, 0, 0, 0, 0, 0]"
airports,"['EH', 'R', 'P', 'AO', 'R', 'T', 'S']","['air', 'ports']","['air', 'ports']",0.0,8.51e-06,"[7, 30, 29, 4, 30, 33, 31, 0]"
overhead,"['OW', 'V', 'ER', 'HH', 'EH', 'D']","['over', 'head']","['over', 'head']",0.0,8.51e-06,"[12, 35, 8, 22, 7, 18, 0, 0]"
minerals,"['M', 'IH', 'N', 'ER', 'AH', 'L', 'Z']","['min', 'er', 'als']","['min', 'er', 'als']",0.0,8.51e-06,"[26, 10, 27, 8, 3, 25, 38, 0]"
desktop,"['D', 'EH', 'S', 'K', 'T', 'AA', 'P']",['desktop'],['desktop'],0.0,8.51e-06,"[18, 7, 31, 24, 33, 1, 29, 0]"
readily,"['R', 'EH', 'D', 'AH', 'L', 'IY']","['read', 'ily']","['read', 'ily']",0.0,8.51e-06,"[30, 7, 18, 3, 25, 11, 0, 0]"
discharge,"['D', 'IH', 'S', 'CH', 'AA', 'R', 'JH']","['dis', 'charge']","['dis', 'charge']",0.0,8.51e-06,"[18, 10, 31, 17, 1, 30, 23, 0]"
translate,"['T', 'R', 'AE', 'N', 'Z', 'L', 'EY', 'T']","['trans', 'late']","['trans', 'late']",0.0,8.51e-06,"[33, 30, 2, 27, 38, 25, 9, 33]"
dial,"['D', 'AY', 'AH', 'L']",['dial'],['dial'],0.0,8.51e-06,"[18, 6, 3, 25, 0, 0, 0, 0]"
norm,"['N', 'AO', 'R', 'M']",['norm'],['norm'],0.0,8.51e-06,"[27, 4, 30, 26, 0, 0, 0, 0]"
sonic,"['S', 'AA', 'N', 'IH', 'K']","['son', 'ic']","['son', 'ic']",0.0,8.51e-06,"[31, 1, 27, 10, 24, 0, 0, 0]"
jar,"['JH', 'AA', 'R']",['jar'],['jar'],0.0,8.51e-06,"[23, 1, 30, 0, 0, 0, 0, 0]"
kay,"['K', 'EY']",['kay'],['kay'],0.0,8.51e-06,"[24, 9, 0, 0, 0, 0, 0, 0]"
reunion,"['R', 'IY', 'UW', 'N', 'Y', 'AH', 'N']","['re', 'union']","['re', 'union']",0.0,8.51e-06,"[30, 11, 15, 27, 37, 3, 27, 0]"
battlefield,"['B', 'AE', 'T', 'AH', 'L', 'F', 'IY', 'L', 'D']","['bat', 'tle', 'field']","['battle', 'field']",0.09090909090909091,8.51e-06,"[16, 2, 33, 3, 25, 20, 11, 25]"
mentor,"['M', 'EH', 'N', 'T', 'AO', 'R']","['ment', 'or']","['ment', 'or']",0.0,8.51e-06,"[26, 7, 27, 33, 4, 30, 0, 0]"
triangle,"['T', 'R', 'AY', 'AE', 'NG', 'G', 'AH', 'L']","['tri', 'angle']","['tri', 'angle']",0.0,8.51e-06,"[33, 30, 6, 2, 28, 21, 3, 25]"
pac,"['P', 'AE', 'K']",['pac'],['pac'],0.0,8.51e-06,"[29, 2, 24, 0, 0, 0, 0, 0]"
butterfly,"['B', 'AH', 'T', 'ER', 'F', 'L', 'AY']","['but', 'ter', 'fly']","['but', 'ter', 'fly']",0.0,8.51e-06,"[16, 3, 33, 8, 20, 25, 6, 0]"
vegetable,"['V', 'EH', 'JH', 'T', 'AH', 'B', 'AH', 'L']","['ve', 'get', 'able']","['ve', 'get', 'able']",0.0,8.71e-06,"[35, 7, 23, 33, 3, 16, 3, 25]"
composite,"['K', 'AH', 'M', 'P', 'AA', 'Z', 'AH', 'T']","['com', 'pos', 'ite']","['com', 'pos', 'ite']",0.0,8.71e-06,"[24, 3, 26, 29, 1, 38, 3, 33]"
enables,"['EH', 'N', 'EY', 'B', 'AH', 'L', 'Z']","['en', 'ables']","['en', 'ables']",0.0,8.71e-06,"[7, 27, 9, 16, 3, 25, 38, 0]"
newton,"['N', 'UW', 'T', 'AH', 'N']","['new', 'ton']","['new', 'ton']",0.0,8.71e-06,"[27, 15, 33, 3, 27, 0, 0, 0]"
und,"['AH', 'N', 'D']",['und'],['und'],0.0,8.71e-06,"[3, 27, 18, 0, 0, 0, 0, 0]"
workforce,"['W', 'ER', 'K', 'F', 'AO', 'R', 'S']","['work', 'force']","['work', 'force']",0.0,8.71e-06,"[36, 8, 24, 20, 4, 30, 31, 0]"
consequently,"['K', 'AA', 'N', 'S', 'AH', 'K', 'W', 'AH', 'N', 'T', 'L', 'IY']","['con', 'sequently']","['con', 'sequently']",0.0,8.71e-06,"[24, 1, 27, 31, 3, 24, 36, 3]"
jun,"['JH', 'AH', 'N']",['jun'],['jun'],0.0,8.71e-06,"[23, 3, 27, 0, 0, 0, 0, 0]"
sci,"['S', 'IY']",['sci'],['sci'],0.0,8.71e-06,"[31, 11, 0, 0, 0, 0, 0, 0]"
lance,"['L', 'AE', 'N', 'S']",['lance'],['lance'],0.0,8.71e-06,"[25, 2, 27, 31, 0, 0, 0, 0]"
shareholders,"['SH', 'EH', 'R', 'HH', 'OW', 'L', 'D', 'ER', 'Z']","['share', 'hold', 'ers']","['share', 'holders']",0.08333333333333333,8.71e-06,"[32, 7, 30, 22, 12, 25, 18, 8]"
prep,"['P', 'R', 'EH', 'P']",['prep'],['prep'],0.0,8.71e-06,"[29, 30, 7, 29, 0, 0, 0, 0]"
terrain,"['T', 'ER', 'EY', 'N']","['ter', 'rain']","['ter', 'rain']",0.0,8.71e-06,"[33, 8, 9, 27, 0, 0, 0, 0]"
locks,"['L', 'AA', 'K', 'S']",['locks'],['locks'],0.0,8.71e-06,"[25, 1, 24, 31, 0, 0, 0, 0]"
cox,"['K', 'AA', 'K', 'S']",['cox'],['cox'],0.0,8.71e-06,"[24, 1, 24, 31, 0, 0, 0, 0]"
fare,"['F', 'EH', 'R']",['fare'],['fare'],0.0,8.71e-06,"[20, 7, 30, 0, 0, 0, 0, 0]"
playstation,"['P', 'L', 'EY', 'S', 'T', 'EY', 'SH', 'AH', 'N']","['play', 'sta', 'tion']","['play', 'station']",0.09090909090909091,8.71e-06,"[29, 25, 9, 31, 33, 9, 32, 3]"
cement,"['S', 'AH', 'M', 'EH', 'N', 'T']","['ce', 'ment']","['ce', 'ment']",0.0,8.71e-06,"[31, 3, 26, 7, 27, 33, 0, 0]"
packs,"['P', 'AE', 'K', 'S']",['packs'],['packs'],0.0,8.71e-06,"[29, 2, 24, 31, 0, 0, 0, 0]"
newer,"['N', 'UW', 'ER']","['new', 'er']","['new', 'er']",0.0,8.71e-06,"[27, 15, 8, 0, 0, 0, 0, 0]"
float,"['F', 'L', 'OW', 'T']",['float'],['float'],0.0,8.71e-06,"[20, 25, 12, 33, 0, 0, 0, 0]"
wang,"['W', 'AE', 'NG']",['wang'],['wang'],0.0,8.91e-06,"[36, 2, 28, 0, 0, 0, 0, 0]"
ballet,"['B', 'AE', 'L', 'EY']","['bal', 'let']","['bal', 'let']",0.0,8.91e-06,"[16, 2, 25, 9, 0, 0, 0, 0]"
ref,"['R', 'EH', 'F']",['ref'],['ref'],0.0,8.91e-06,"[30, 7, 20, 0, 0, 0, 0, 0]"
finland,"['F', 'IH', 'N', 'L', 'AE', 'N', 'D']","['fin', 'land']","['fin', 'land']",0.0,8.91e-06,"[20, 10, 27, 25, 2, 27, 18, 0]"
ing,"['IH', 'NG']",['ing'],['ing'],0.0,8.91e-06,"[10, 28, 0, 0, 0, 0, 0, 0]"
exchanges,"['IH', 'K', 'S', 'CH', 'EY', 'N', 'JH', 'AH', 'Z']","['ex', 'changes']","['ex', 'changes']",0.0,8.91e-06,"[10, 24, 31, 17, 9, 27, 23, 3]"
stat,"['S', 'T', 'AE', 'T']",['stat'],['stat'],0.0,8.91e-06,"[31, 33, 2, 33, 0, 0, 0, 0]"
chi,"['K', 'AY']",['chi'],['chi'],0.0,8.91e-06,"[24, 6, 0, 0, 0, 0, 0, 0]"
mainland,"['M', 'EY', 'N', 'L', 'AE', 'N', 'D']","['main', 'land']","['main', 'land']",0.0,8.91e-06,"[26, 9, 27, 25, 2, 27, 18, 0]"
marking,"['M', 'AA', 'R', 'K', 'IH', 'NG']","['mark', 'ing']","['mark', 'ing']",0.0,8.91e-06,"[26, 1, 30, 24, 10, 28, 0, 0]"
pencil,"['P', 'EH', 'N', 'S', 'AH', 'L']","['pen', 'cil']","['pen', 'cil']",0.0,8.91e-06,"[29, 7, 27, 31, 3, 25, 0, 0]"
herald,"['HH', 'EH', 'R', 'AH', 'L', 'D']","['her', 'ald']","['her', 'ald']",0.0,8.91e-06,"[22, 7, 30, 3, 25, 18, 0, 0]"
preview,"['P', 'R', 'IY', 'V', 'Y', 'UW']","['pre', 'view']","['pre', 'view']",0.0,9.12e-06,"[29, 30, 11, 35, 37, 15, 0, 0]"
canvas,"['K', 'AE', 'N', 'V', 'AH', 'S']","['can', 'vas']","['can', 'vas']",0.0,9.12e-06,"[24, 2, 27, 35, 3, 31, 0, 0]"
monica,"['M', 'AA', 'N', 'IH', 'K', 'AH']","['mon', 'ica']","['mon', 'ica']",0.0,9.12e-06,"[26, 1, 27, 10, 24, 3, 0, 0]"
triumph,"['T', 'R', 'AY', 'AH', 'M', 'F']","['tri', 'umph']","['tri', 'umph']",0.0,9.12e-06,"[33, 30, 6, 3, 26, 20, 0, 0]"
tab,"['T', 'AE', 'B']",['tab'],['tab'],0.0,9.12e-06,"[33, 2, 16, 0, 0, 0, 0, 0]"
cooler,"['K', 'UW', 'L', 'ER']","['cool', 'er']","['cool', 'er']",0.0,9.12e-06,"[24, 15, 25, 8, 0, 0, 0, 0]"
pee,"['P', 'IY']",['pee'],['pee'],0.0,9.12e-06,"[29, 11, 0, 0, 0, 0, 0, 0]"
rebecca,"['R', 'AH', 'B', 'EH', 'K', 'AH']","['re', 'becca']","['re', 'becca']",0.0,9.12e-06,"[30, 3, 16, 7, 24, 3, 0, 0]"
packaging,"['P', 'AE', 'K', 'IH', 'JH', 'IH', 'NG']","['pack', 'aging']","['pack', 'aging']",0.0,9.12e-06,"[29, 2, 24, 10, 23, 10, 28, 0]"
chen,"['CH', 'EH', 'N']",['chen'],['chen'],0.0,9.12e-06,"[17, 7, 27, 0, 0, 0, 0, 0]"
eyed,"['AY', 'D']",['eyed'],['eyed'],0.0,9.12e-06,"[6, 18, 0, 0, 0, 0, 0, 0]"
clearance,"['K', 'L', 'IH', 'R', 'AH', 'N', 'S']","['clear', 'ance']","['clear', 'ance']",0.0,9.12e-06,"[24, 25, 10, 30, 3, 27, 31, 0]"
unto,"['AH', 'N', 'T', 'UW']","['un', 'to']","['un', 'to']",0.0,9.12e-06,"[3, 27, 33, 15, 0, 0, 0, 0]"
flu,"['F', 'L', 'UW']",['flu'],['flu'],0.0,9.12e-06,"[20, 25, 15, 0, 0, 0, 0, 0]"
wit,"['W', 'IH', 'T']",['wit'],['wit'],0.0,9.12e-06,"[36, 10, 33, 0, 0, 0, 0, 0]"
merger,"['M', 'ER', 'JH', 'ER']","['mer', 'ger']","['mer', 'ger']",0.0,9.33e-06,"[26, 8, 23, 8, 0, 0, 0, 0]"
kissing,"['K', 'IH', 'S', 'IH', 'NG']","['kiss', 'ing']","['kiss', 'ing']",0.0,9.33e-06,"[24, 10, 31, 10, 28, 0, 0, 0]"
priced,"['P', 'R', 'AY', 'S', 'T']",['priced'],['priced'],0.0,9.33e-06,"[29, 30, 6, 31, 33, 0, 0, 0]"
rankings,"['R', 'AE', 'NG', 'K', 'IH', 'NG', 'Z']","['rank', 'ings']","['rank', 'ings']",0.0,9.33e-06,"[30, 2, 28, 24, 10, 28, 38, 0]"
performs,"['P', 'ER', 'F', 'AO', 'R', 'M', 'Z']","['per', 'forms']","['per', 'forms']",0.0,9.33e-06,"[29, 8, 20, 4, 30, 26, 38, 0]"
jackie,"['JH', 'AE', 'K', 'IY']","['jack', 'ie']","['jack', 'ie']",0.0,9.33e-06,"[23, 2, 24, 11, 0, 0, 0, 0]"
hardcore,"['HH', 'AA', 'R', 'D', 'K', 'AO', 'R']","['hard', 'core']","['hard', 'core']",0.0,9.33e-06,"[22, 1, 30, 18, 24, 4, 30, 0]"
berry,"['B', 'EH', 'R', 'IY']",['berry'],['berry'],0.0,9.33e-06,"[16, 7, 30, 11, 0, 0, 0, 0]"
brisbane,"['B', 'R', 'IH', 'Z', 'B', 'EY', 'N']","['bris', 'bane']","['bris', 'bane']",0.0,9.33e-06,"[16, 30, 10, 38, 16, 9, 27, 0]"
variables,"['V', 'EH', 'R', 'IY', 'AH', 'B', 'AH', 'L', 'Z']","['vari', 'ables']","['vari', 'ables']",0.0,9.33e-06,"[35, 7, 30, 11, 3, 16, 3, 25]"
madness,"['M', 'AE', 'D', 'N', 'AH', 'S']","['mad', 'ness']","['mad', 'ness']",0.0,9.33e-06,"[26, 2, 18, 27, 3, 31, 0, 0]"
tuition,"['T', 'Y', 'UW', 'IH', 'SH', 'AH', 'N']","['tu', 'ition']","['tu', 'ition']",0.0,9.33e-06,"[33, 37, 15, 10, 32, 3, 27, 0]"
thereafter,"['DH', 'EH', 'R', 'AE', 'F', 'T', 'ER']","['there', 'after']","['there', 'after']",0.0,9.33e-06,"[19, 7, 30, 2, 20, 33, 8, 0]"
harmful,"['HH', 'AA', 'R', 'M', 'F', 'AH', 'L']","['harm', 'ful']","['harm', 'ful']",0.0,9.33e-06,"[22, 1, 30, 26, 20, 3, 25, 0]"
foundations,"['F', 'AW', 'N', 'D', 'EY', 'SH', 'AH', 'N', 'Z']","['found', 'a', 'tions']","['found', 'ations']",0.09090909090909091,9.33e-06,"[20, 5, 27, 18, 9, 32, 3, 27]"
portable,"['P', 'AO', 'R', 'T', 'AH', 'B', 'AH', 'L']","['port', 'able']","['port', 'able']",0.0,9.33e-06,"[29, 4, 30, 33, 3, 16, 3, 25]"
buttons,"['B', 'AH', 'T', 'AH', 'N', 'Z']","['but', 'tons']","['but', 'tons']",0.0,9.55e-06,"[16, 3, 33, 3, 27, 38, 0, 0]"
stanford,"['S', 'T', 'AE', 'N', 'F', 'ER', 'D']","['stan', 'ford']","['stan', 'ford']",0.0,9.55e-06,"[31, 33, 2, 27, 20, 8, 18, 0]"
bean,"['B', 'IY', 'N']",['bean'],['bean'],0.0,9.55e-06,"[16, 11, 27, 0, 0, 0, 0, 0]"
cyber,"['S', 'AY', 'B', 'ER']","['cy', 'ber']","['cy', 'ber']",0.0,9.55e-06,"[31, 6, 16, 8, 0, 0, 0, 0]"
cohen,"['K', 'OW', 'AH', 'N']","['co', 'hen']","['co', 'hen']",0.0,9.55e-06,"[24, 12, 3, 27, 0, 0, 0, 0]"
raymond,"['R', 'EY', 'M', 'AH', 'N', 'D']","['ray', 'mond']","['ray', 'mond']",0.0,9.55e-06,"[30, 9, 26, 3, 27, 18, 0, 0]"
dale,"['D', 'EY', 'L']",['dale'],['dale'],0.0,9.55e-06,"[18, 9, 25, 0, 0, 0, 0, 0]"
writings,"['R', 'AY', 'T', 'IH', 'NG', 'Z']","['writ', 'ings']","['writ', 'ings']",0.0,9.55e-06,"[30, 6, 33, 10, 28, 38, 0, 0]"
vienna,"['V', 'IY', 'EH', 'N', 'AH']","['vi', 'enna']","['vi', 'enna']",0.0,9.55e-06,"[35, 11, 7, 27, 3, 0, 0, 0]"
oval,"['OW', 'V', 'AH', 'L']",['oval'],['oval'],0.0,9.55e-06,"[12, 35, 3, 25, 0, 0, 0, 0]"
colleague,"['K', 'AA', 'L', 'IY', 'G']","['col', 'league']","['col', 'league']",0.0,9.55e-06,"[24, 1, 25, 11, 21, 0, 0, 0]"
mercedes,"['M', 'ER', 'S', 'EY', 'D', 'IY', 'Z']","['mer', 'cedes']","['mer', 'cedes']",0.0,9.55e-06,"[26, 8, 31, 9, 18, 11, 38, 0]"
cart,"['K', 'AA', 'R', 'T']",['cart'],['cart'],0.0,9.55e-06,"[24, 1, 30, 33, 0, 0, 0, 0]"
habitat,"['HH', 'AE', 'B', 'AH', 'T', 'AE', 'T']","['hab', 'it', 'at']","['hab', 'it', 'at']",0.0,9.55e-06,"[22, 2, 16, 3, 33, 2, 33, 0]"
ruby,"['R', 'UW', 'B', 'IY']",['ruby'],['ruby'],0.0,9.55e-06,"[30, 15, 16, 11, 0, 0, 0, 0]"
township,"['T', 'AW', 'N', 'SH', 'IH', 'P']","['town', 'ship']","['town', 'ship']",0.0,9.55e-06,"[33, 5, 27, 32, 10, 29, 0, 0]"
harbour,"['HH', 'AA', 'R', 'B', 'ER']","['har', 'bour']","['har', 'bour']",0.0,9.55e-06,"[22, 1, 30, 16, 8, 0, 0, 0]"
archive,"['AA', 'R', 'K', 'AY', 'V']",['archive'],['archive'],0.0,9.55e-06,"[1, 30, 24, 6, 35, 0, 0, 0]"
pirates,"['P', 'AY', 'R', 'AH', 'T', 'S']","['pir', 'ates']","['pir', 'ates']",0.0,9.77e-06,"[29, 6, 30, 3, 33, 31, 0, 0]"
bent,"['B', 'EH', 'N', 'T']",['bent'],['bent'],0.0,9.77e-06,"[16, 7, 27, 33, 0, 0, 0, 0]"
pal,"['P', 'AE', 'L']",['pal'],['pal'],0.0,9.77e-06,"[29, 2, 25, 0, 0, 0, 0, 0]"
obligations,"['AA', 'B', 'L', 'AH', 'G', 'EY', 'SH', 'AH', 'N', 'Z']","['ob', 'lig', 'a', 'tions']","['ob', 'lig', 'ations']",0.09090909090909091,9.77e-06,"[1, 16, 25, 3, 21, 9, 32, 3]"
roller,"['R', 'OW', 'L', 'ER']",['roller'],['roller'],0.0,9.77e-06,"[30, 12, 25, 8, 0, 0, 0, 0]"
reid,"['R', 'IY', 'D']","['re', 'id']","['re', 'id']",0.0,9.77e-06,"[30, 11, 18, 0, 0, 0, 0, 0]"
linux,"['L', 'IH', 'N', 'AH', 'K', 'S']",['linux'],['linux'],0.0,9.77e-06,"[25, 10, 27, 3, 24, 31, 0, 0]"
propose,"['P', 'R', 'AH', 'P', 'OW', 'Z']","['pro', 'pose']","['pro', 'pose']",0.0,9.77e-06,"[29, 30, 3, 29, 12, 38, 0, 0]"
centered,"['S', 'EH', 'N', 'T', 'ER', 'D']",['centered'],['centered'],0.0,9.77e-06,"[31, 7, 27, 33, 8, 18, 0, 0]"
failures,"['F', 'EY', 'L', 'Y', 'ER', 'Z']","['fail', 'ures']","['fail', 'ures']",0.0,9.77e-06,"[20, 9, 25, 37, 8, 38, 0, 0]"
instrumental,"['IH', 'N', 'S', 'T', 'R', 'AH', 'M', 'EH', 'N', 'T', 'AH', 'L']","['in', 'stru', 'ment', 'al']","['in', 'strument', 'al']",0.08333333333333333,9.77e-06,"[10, 27, 31, 33, 30, 3, 26, 7]"
feat,"['F', 'IY', 'T']",['feat'],['feat'],0.0,9.77e-06,"[20, 11, 33, 0, 0, 0, 0, 0]"
luis,"['L', 'UW', 'IY', 'S']","['lu', 'is']","['lu', 'is']",0.0,9.77e-06,"[25, 15, 11, 31, 0, 0, 0, 0]"
dash,"['D', 'AE', 'SH']",['dash'],['dash'],0.0,1e-05,"[18, 2, 32, 0, 0, 0, 0, 0]"
outlets,"['AW', 'T', 'L', 'EH', 'T', 'S']","['out', 'lets']","['out', 'lets']",0.0,1e-05,"[5, 33, 25, 7, 33, 31, 0, 0]"
minus,"['M', 'AY', 'N', 'AH', 'S']",['minus'],['minus'],0.0,1e-05,"[26, 6, 27, 3, 31, 0, 0, 0]"
holdings,"['HH', 'OW', 'L', 'D', 'IH', 'NG', 'Z']","['hold', 'ings']","['hold', 'ings']",0.0,1e-05,"[22, 12, 25, 18, 10, 28, 38, 0]"
westminster,"['W', 'EH', 'S', 'T', 'M', 'IH', 'N', 'S', 'T', 'ER']","['west', 'min', 'ster']","['west', 'minster']",0.09090909090909091,1e-05,"[36, 7, 31, 33, 26, 10, 27, 31]"
shakespeare,"['SH', 'EY', 'K', 'S', 'P', 'IY', 'R']",['shakespeare'],"['sh', 'akespeare']",0.09090909090909091,1e-05,"[32, 9, 24, 31, 29, 11, 30, 0]"
exams,"['IH', 'G', 'Z', 'AE', 'M', 'Z']","['ex', 'ams']","['ex', 'ams']",0.0,1e-05,"[10, 21, 38, 2, 26, 38, 0, 0]"
chan,"['CH', 'AE', 'N']",['chan'],['chan'],0.0,1e-05,"[17, 2, 27, 0, 0, 0, 0, 0]"
conclusions,"['K', 'AH', 'N', 'K', 'L', 'UW', 'ZH', 'AH', 'N', 'Z']","['con', 'clu', 'sions']","['con', 'clusions']",0.09090909090909091,1e-05,"[24, 3, 27, 24, 25, 15, 39, 3]"
java,"['JH', 'AA', 'V', 'AH']",['java'],['java'],0.0,1e-05,"[23, 1, 35, 3, 0, 0, 0, 0]"
betting,"['B', 'EH', 'T', 'IH', 'NG']","['bet', 'ting']","['bet', 'ting']",0.0,1e-05,"[16, 7, 33, 10, 28, 0, 0, 0]"
outlet,"['AW', 'T', 'L', 'EH', 'T']","['out', 'let']","['out', 'let']",0.0,1e-05,"[5, 33, 25, 7, 33, 0, 0, 0]"
enterprises,"['EH', 'N', 'T', 'ER', 'P', 'R', 'AY', 'Z', 'IH', 'Z']","['en', 'ter', 'prises']","['enter', 'prises']",0.09090909090909091,1e-05,"[7, 27, 33, 8, 29, 30, 6, 38]"
lottery,"['L', 'AA', 'T', 'ER', 'IY']","['lot', 'tery']","['lot', 'tery']",0.0,1e-05,"[25, 1, 33, 8, 11, 0, 0, 0]"
camping,"['K', 'AE', 'M', 'P', 'IH', 'NG']","['camp', 'ing']","['camp', 'ing']",0.0,1e-05,"[24, 2, 26, 29, 10, 28, 0, 0]"
subscribers,"['S', 'AH', 'B', 'S', 'K', 'R', 'AY', 'B', 'ER', 'Z']","['sub', 'scribers']","['sub', 'scrib', 'ers']",0.09090909090909091,1e-05,"[31, 3, 16, 31, 24, 30, 6, 16]"
void,"['V', 'OY', 'D']",['void'],['void'],0.0,1.02e-05,"[35, 13, 18, 0, 0, 0, 0, 0]"
advisor,"['AE', 'D', 'V', 'AY', 'Z', 'ER']","['ad', 'visor']","['ad', 'visor']",0.0,1.02e-05,"[2, 18, 35, 6, 38, 8, 0, 0]"
matched,"['M', 'AE', 'CH', 'T']",['matched'],['matched'],0.0,1.02e-05,"[26, 2, 17, 33, 0, 0, 0, 0]"
sen,"['S', 'EH', 'N']",['sen'],['sen'],0.0,1.02e-05,"[31, 7, 27, 0, 0, 0, 0, 0]"
seller,"['S', 'EH', 'L', 'ER']",['seller'],['seller'],0.0,1.02e-05,"[31, 7, 25, 8, 0, 0, 0, 0]"
timber,"['T', 'IH', 'M', 'B', 'ER']","['tim', 'ber']","['tim', 'ber']",0.0,1.02e-05,"[33, 10, 26, 16, 8, 0, 0, 0]"
cal,"['K', 'AE', 'L']",['cal'],['cal'],0.0,1.02e-05,"[24, 2, 25, 0, 0, 0, 0, 0]"
buck,"['B', 'AH', 'K']",['buck'],['buck'],0.0,1.02e-05,"[16, 3, 24, 0, 0, 0, 0, 0]"
den,"['D', 'EH', 'N']",['den'],['den'],0.0,1.02e-05,"[18, 7, 27, 0, 0, 0, 0, 0]"
tan,"['T', 'AE', 'N']",['tan'],['tan'],0.0,1.02e-05,"[33, 2, 27, 0, 0, 0, 0, 0]"
transparent,"['T', 'R', 'AE', 'N', 'S', 'P', 'EH', 'R', 'AH', 'N', 'T']","['trans', 'par', 'ent']","['trans', 'parent']",0.09090909090909091,1.02e-05,"[33, 30, 2, 27, 31, 29, 7, 30]"
frames,"['F', 'R', 'EY', 'M', 'Z']",['frames'],['frames'],0.0,1.02e-05,"[20, 30, 9, 26, 38, 0, 0, 0]"
salmon,"['S', 'AE', 'M', 'AH', 'N']","['sal', 'mon']","['sal', 'mon']",0.0,1.02e-05,"[31, 2, 26, 3, 27, 0, 0, 0]"
pad,"['P', 'AE', 'D']",['pad'],['pad'],0.0,1.02e-05,"[29, 2, 18, 0, 0, 0, 0, 0]"
dealers,"['D', 'IY', 'L', 'ER', 'Z']","['deal', 'ers']","['deal', 'ers']",0.0,1.02e-05,"[18, 11, 25, 8, 38, 0, 0, 0]"
lebanon,"['L', 'EH', 'B', 'AH', 'N', 'AH', 'N']","['le', 'ban', 'on']","['le', 'ban', 'on']",0.0,1.02e-05,"[25, 7, 16, 3, 27, 3, 27, 0]"
contractors,"['K', 'AA', 'N', 'T', 'R', 'AE', 'K', 'T', 'ER', 'Z']","['con', 'tract', 'ors']","['contract', 'ors']",0.09090909090909091,1.02e-05,"[24, 1, 27, 33, 30, 2, 24, 33]"
disk,"['D', 'IH', 'S', 'K']",['disk'],['disk'],0.0,1.02e-05,"[18, 10, 31, 24, 0, 0, 0, 0]"
caroline,"['K', 'EH', 'R', 'AH', 'L', 'AY', 'N']","['car', 'oline']","['car', 'oline']",0.0,1.02e-05,"[24, 7, 30, 3, 25, 6, 27, 0]"
functioning,"['F', 'AH', 'NG', 'K', 'SH', 'AH', 'N', 'IH', 'NG']","['func', 'tion', 'ing']","['function', 'ing']",0.09090909090909091,1.05e-05,"[20, 3, 28, 24, 32, 3, 27, 10]"
territories,"['T', 'EH', 'R', 'AH', 'T', 'AO', 'R', 'IY', 'Z']","['ter', 'rit', 'or', 'ies']","['ter', 'rit', 'ories']",0.09090909090909091,1.05e-05,"[33, 7, 30, 3, 33, 4, 30, 11]"
instructor,"['IH', 'N', 'S', 'T', 'R', 'AH', 'K', 'T', 'ER']","['in', 'struct', 'or']","['in', 'struct', 'or']",0.0,1.05e-05,"[10, 27, 31, 33, 30, 3, 24, 33]"
chairs,"['CH', 'EH', 'R', 'Z']",['chairs'],['chairs'],0.0,1.05e-05,"[17, 7, 30, 38, 0, 0, 0, 0]"
algorithm,"['AE', 'L', 'G', 'ER', 'IH', 'DH', 'AH', 'M']","['al', 'gorithm']","['al', 'gorithm']",0.0,1.05e-05,"[2, 25, 21, 8, 10, 19, 3, 26]"
carol,"['K', 'AE', 'R', 'AH', 'L']","['car', 'ol']","['car', 'ol']",0.0,1.05e-05,"[24, 2, 30, 3, 25, 0, 0, 0]"
surfaces,"['S', 'ER', 'F', 'AH', 'S', 'AH', 'Z']","['sur', 'faces']","['sur', 'faces']",0.0,1.05e-05,"[31, 8, 20, 3, 31, 3, 38, 0]"
helmet,"['HH', 'EH', 'L', 'M', 'AH', 'T']","['hel', 'met']","['hel', 'met']",0.0,1.05e-05,"[22, 7, 25, 26, 3, 33, 0, 0]"
broadcasting,"['B', 'R', 'AO', 'D', 'K', 'AE', 'S', 'T', 'IH', 'NG']","['broad', 'cast', 'ing']","['broad', 'casting']",0.08333333333333333,1.05e-05,"[16, 30, 4, 18, 24, 2, 31, 33]"
bernard,"['B', 'ER', 'N', 'AA', 'R', 'D']","['bern', 'ard']","['bern', 'ard']",0.0,1.05e-05,"[16, 8, 27, 1, 30, 18, 0, 0]"
mega,"['M', 'EH', 'G', 'AH']",['mega'],['mega'],0.0,1.05e-05,"[26, 7, 21, 3, 0, 0, 0, 0]"
width,"['W', 'IH', 'D', 'TH']",['width'],['width'],0.0,1.05e-05,"[36, 10, 18, 34, 0, 0, 0, 0]"
accommodate,"['AH', 'K', 'AA', 'M', 'AH', 'D', 'EY', 'T']","['ac', 'com', 'mod', 'ate']","['ac', 'com', 'mod', 'ate']",0.0,1.05e-05,"[3, 24, 1, 26, 3, 18, 9, 33]"
starter,"['S', 'T', 'AA', 'R', 'T', 'ER']",['starter'],['starter'],0.0,1.05e-05,"[31, 33, 1, 30, 33, 8, 0, 0]"
rider,"['R', 'AY', 'D', 'ER']",['rider'],['rider'],0.0,1.05e-05,"[30, 6, 18, 8, 0, 0, 0, 0]"
arch,"['AA', 'R', 'CH']",['arch'],['arch'],0.0,1.05e-05,"[1, 30, 17, 0, 0, 0, 0, 0]"
subscribe,"['S', 'AH', 'B', 'S', 'K', 'R', 'AY', 'B']","['sub', 'scribe']","['sub', 'scribe']",0.0,1.05e-05,"[31, 3, 16, 31, 24, 30, 6, 16]"
arabic,"['AE', 'R', 'AH', 'B', 'IH', 'K']","['ar', 'ab', 'ic']","['ar', 'ab', 'ic']",0.0,1.07e-05,"[2, 30, 3, 16, 10, 24, 0, 0]"
fork,"['F', 'AO', 'R', 'K']",['fork'],['fork'],0.0,1.07e-05,"[20, 4, 30, 24, 0, 0, 0, 0]"
headline,"['HH', 'EH', 'D', 'L', 'AY', 'N']","['head', 'line']","['head', 'line']",0.0,1.07e-05,"[22, 7, 18, 25, 6, 27, 0, 0]"
buyer,"['B', 'AY', 'ER']","['buy', 'er']","['buy', 'er']",0.0,1.07e-05,"[16, 6, 8, 0, 0, 0, 0, 0]"
varied,"['V', 'EH', 'R', 'IY', 'D']","['var', 'ied']","['var', 'ied']",0.0,1.07e-05,"[35, 7, 30, 11, 18, 0, 0, 0]"
harvest,"['HH', 'AA', 'R', 'V', 'AH', 'S', 'T']","['har', 'vest']","['har', 'vest']",0.0,1.07e-05,"[22, 1, 30, 35, 3, 31, 33, 0]"
harold,"['HH', 'EH', 'R', 'AH', 'L', 'D']","['har', 'old']","['har', 'old']",0.0,1.07e-05,"[22, 7, 30, 3, 25, 18, 0, 0]"
kidney,"['K', 'IH', 'D', 'N', 'IY']","['kid', 'ney']","['kid', 'ney']",0.0,1.07e-05,"[24, 10, 18, 27, 11, 0, 0, 0]"
cloth,"['K', 'L', 'AO', 'TH']",['cloth'],['cloth'],0.0,1.07e-05,"[24, 25, 4, 34, 0, 0, 0, 0]"
pill,"['P', 'IH', 'L']",['pill'],['pill'],0.0,1.07e-05,"[29, 10, 25, 0, 0, 0, 0, 0]"
rays,"['R', 'EY', 'Z']",['rays'],['rays'],0.0,1.07e-05,"[30, 9, 38, 0, 0, 0, 0, 0]"
til,"['T', 'IH', 'L']",['til'],['til'],0.0,1.07e-05,"[33, 10, 25, 0, 0, 0, 0, 0]"
elect,"['IH', 'L', 'EH', 'K', 'T']",['elect'],['elect'],0.0,1.07e-05,"[10, 25, 7, 24, 33, 0, 0, 0]"
passive,"['P', 'AE', 'S', 'IH', 'V']","['pass', 'ive']","['pass', 'ive']",0.0,1.07e-05,"[29, 2, 31, 10, 35, 0, 0, 0]"
tin,"['T', 'IH', 'N']",['tin'],['tin'],0.0,1.07e-05,"[33, 10, 27, 0, 0, 0, 0, 0]"
fur,"['F', 'ER']",['fur'],['fur'],0.0,1.07e-05,"[20, 8, 0, 0, 0, 0, 0, 0]"
ranch,"['R', 'AE', 'N', 'CH']",['ranch'],['ranch'],0.0,1.07e-05,"[30, 2, 27, 17, 0, 0, 0, 0]"
reject,"['R', 'IH', 'JH', 'EH', 'K', 'T']","['re', 'ject']","['re', 'ject']",0.0,1.07e-05,"[30, 10, 23, 7, 24, 33, 0, 0]"
ladder,"['L', 'AE', 'D', 'ER']","['lad', 'der']","['lad', 'der']",0.0,1.07e-05,"[25, 2, 18, 8, 0, 0, 0, 0]"
mph,"['EH', 'M', 'P', 'IY', 'EY', 'CH']",['mph'],['mph'],0.0,1.07e-05,"[7, 26, 29, 11, 9, 17, 0, 0]"
bolt,"['B', 'OW', 'L', 'T']",['bolt'],['bolt'],0.0,1.1e-05,"[16, 12, 25, 33, 0, 0, 0, 0]"
strings,"['S', 'T', 'R', 'IH', 'NG', 'Z']",['strings'],['strings'],0.0,1.1e-05,"[31, 33, 30, 10, 28, 38, 0, 0]"
aging,"['EY', 'JH', 'IH', 'NG']",['aging'],['aging'],0.0,1.1e-05,"[9, 23, 10, 28, 0, 0, 0, 0]"
sunset,"['S', 'AH', 'N', 'S', 'EH', 'T']","['sun', 'set']","['sun', 'set']",0.0,1.1e-05,"[31, 3, 27, 31, 7, 33, 0, 0]"
edwards,"['EH', 'D', 'W', 'ER', 'D', 'Z']","['ed', 'wards']","['ed', 'wards']",0.0,1.1e-05,"[7, 18, 36, 8, 18, 38, 0, 0]"
comply,"['K', 'AH', 'M', 'P', 'L', 'AY']","['com', 'ply']","['com', 'ply']",0.0,1.1e-05,"[24, 3, 26, 29, 25, 6, 0, 0]"
drawings,"['D', 'R', 'AO', 'IH', 'NG', 'Z']","['draw', 'ings']","['draw', 'ings']",0.0,1.1e-05,"[18, 30, 4, 10, 28, 38, 0, 0]"
workplace,"['W', 'ER', 'K', 'P', 'L', 'EY', 'S']","['work', 'place']","['work', 'place']",0.0,1.1e-05,"[36, 8, 24, 29, 25, 9, 31, 0]"
hart,"['HH', 'AA', 'R', 'T']",['hart'],['hart'],0.0,1.1e-05,"[22, 1, 30, 33, 0, 0, 0, 0]"
airline,"['EH', 'R', 'L', 'AY', 'N']","['air', 'line']","['air', 'line']",0.0,1.1e-05,"[7, 30, 25, 6, 27, 0, 0, 0]"
cum,"['K', 'AH', 'M']",['cum'],['cum'],0.0,1.1e-05,"[24, 3, 26, 0, 0, 0, 0, 0]"
thanksgiving,"['TH', 'AE', 'NG', 'K', 'S', 'G', 'IH', 'V', 'IH', 'NG']","['thanks', 'giv', 'ing']","['thanks', 'giving']",0.08333333333333333,1.1e-05,"[34, 2, 28, 24, 31, 21, 10, 35]"
puerto,"['P', 'W', 'EH', 'R', 'T', 'OW']","['pu', 'erto']","['pu', 'erto']",0.0,1.1e-05,"[29, 36, 7, 30, 33, 12, 0, 0]"
echo,"['EH', 'K', 'OW']",['echo'],['echo'],0.0,1.1e-05,"[7, 24, 12, 0, 0, 0, 0, 0]"
denmark,"['D', 'EH', 'N', 'M', 'AA', 'R', 'K']","['den', 'mark']","['den', 'mark']",0.0,1.1e-05,"[18, 7, 27, 26, 1, 30, 24, 0]"
bugs,"['B', 'AH', 'G', 'Z']",['bugs'],['bugs'],0.0,1.1e-05,"[16, 3, 21, 38, 0, 0, 0, 0]"
orlando,"['AO', 'R', 'L', 'AE', 'N', 'D', 'OW']","['or', 'lando']","['or', 'lando']",0.0,1.1e-05,"[4, 30, 25, 2, 27, 18, 12, 0]"
newest,"['N', 'UW', 'AH', 'S', 'T']","['new', 'est']","['new', 'est']",0.0,1.1e-05,"[27, 15, 3, 31, 33, 0, 0, 0]"
nut,"['N', 'AH', 'T']",['nut'],['nut'],0.0,1.1e-05,"[27, 3, 33, 0, 0, 0, 0, 0]"
ave,"['AE', 'V', 'AH', 'N', 'UW']",['ave'],['ave'],0.0,1.1e-05,"[2, 35, 3, 27, 15, 0, 0, 0]"
clips,"['K', 'L', 'IH', 'P', 'S']",['clips'],['clips'],0.0,1.1e-05,"[24, 25, 10, 29, 31, 0, 0, 0]"
likewise,"['L', 'AY', 'K', 'W', 'AY', 'Z']","['like', 'wise']","['like', 'wise']",0.0,1.1e-05,"[25, 6, 24, 36, 6, 38, 0, 0]"
dot,"['D', 'AA', 'T']",['dot'],['dot'],0.0,1.12e-05,"[18, 1, 33, 0, 0, 0, 0, 0]"
cos,"['K', 'AO', 'S']",['cos'],['cos'],0.0,1.12e-05,"[24, 4, 31, 0, 0, 0, 0, 0]"
rats,"['R', 'AE', 'T', 'S']",['rats'],['rats'],0.0,1.12e-05,"[30, 2, 33, 31, 0, 0, 0, 0]"
graph,"['G', 'R', 'AE', 'F']",['graph'],['graph'],0.0,1.12e-05,"[21, 30, 2, 20, 0, 0, 0, 0]"
passport,"['P', 'AE', 'S', 'P', 'AO', 'R', 'T']","['pass', 'port']","['pass', 'port']",0.0,1.12e-05,"[29, 2, 31, 29, 4, 30, 33, 0]"
withdrawal,"['W', 'IH', 'DH', 'D', 'R', 'AO', 'AH', 'L']","['with', 'draw', 'al']","['with', 'draw', 'al']",0.0,1.12e-05,"[36, 10, 19, 18, 30, 4, 3, 25]"
diesel,"['D', 'IY', 'S', 'AH', 'L']","['dies', 'el']","['dies', 'el']",0.0,1.12e-05,"[18, 11, 31, 3, 25, 0, 0, 0]"
oven,"['AH', 'V', 'AH', 'N']",['oven'],['oven'],0.0,1.12e-05,"[3, 35, 3, 27, 0, 0, 0, 0]"
weekends,"['W', 'IY', 'K', 'EH', 'N', 'D', 'Z']","['week', 'ends']","['week', 'ends']",0.0,1.12e-05,"[36, 11, 24, 7, 27, 18, 38, 0]"
stack,"['S', 'T', 'AE', 'K']",['stack'],['stack'],0.0,1.12e-05,"[31, 33, 2, 24, 0, 0, 0, 0]"
milan,"['M', 'AH', 'L', 'AA', 'N']","['mil', 'an']","['mil', 'an']",0.0,1.12e-05,"[26, 3, 25, 1, 27, 0, 0, 0]"
planets,"['P', 'L', 'AE', 'N', 'AH', 'T', 'S']","['plan', 'ets']","['plan', 'ets']",0.0,1.12e-05,"[29, 25, 2, 27, 3, 33, 31, 0]"
hack,"['HH', 'AE', 'K']",['hack'],['hack'],0.0,1.12e-05,"[22, 2, 24, 0, 0, 0, 0, 0]"
cheat,"['CH', 'IY', 'T']",['cheat'],['cheat'],0.0,1.15e-05,"[17, 11, 33, 0, 0, 0, 0, 0]"
panels,"['P', 'AE', 'N', 'AH', 'L', 'Z']","['pan', 'els']","['pan', 'els']",0.0,1.15e-05,"[29, 2, 27, 3, 25, 38, 0, 0]"
lbs,"['P', 'AW', 'N', 'D', 'Z']",['lbs'],['lbs'],0.0,1.15e-05,"[29, 5, 27, 18, 38, 0, 0, 0]"
cooling,"['K', 'UW', 'L', 'IH', 'NG']","['cool', 'ing']","['cool', 'ing']",0.0,1.15e-05,"[24, 15, 25, 10, 28, 0, 0, 0]"
guided,"['G', 'AY', 'D', 'AH', 'D']",['guided'],['guided'],0.0,1.15e-05,"[21, 6, 18, 3, 18, 0, 0, 0]"
demonstration,"['D', 'EH', 'M', 'AH', 'N', 'S', 'T', 'R', 'EY', 'SH', 'AH', 'N']","['demon', 'stra', 'tion']","['demon', 'stration']",0.07692307692307693,1.15e-05,"[18, 7, 26, 3, 27, 31, 33, 30]"
subscription,"['S', 'AH', 'B', 'S', 'K', 'R', 'IH', 'P', 'SH', 'AH', 'N']","['sub', 'scrip', 'tion']","['sub', 'scription']",0.08333333333333333,1.15e-05,"[31, 3, 16, 31, 24, 30, 10, 29]"
expertise,"['EH', 'K', 'S', 'P', 'ER', 'T', 'IY', 'Z']","['ex', 'pert', 'ise']","['ex', 'pert', 'ise']",0.0,1.15e-05,"[7, 24, 31, 29, 8, 33, 11, 38]"
reforms,"['R', 'AH', 'F', 'AO', 'R', 'M', 'Z']","['re', 'forms']","['re', 'forms']",0.0,1.15e-05,"[30, 3, 20, 4, 30, 26, 38, 0]"
stan,"['S', 'T', 'AE', 'N']",['stan'],['stan'],0.0,1.15e-05,"[31, 33, 2, 27, 0, 0, 0, 0]"
temporarily,"['T', 'EH', 'M', 'P', 'ER', 'EH', 'R', 'AH', 'L', 'IY']","['tem', 'por', 'ar', 'ily']","['tem', 'por', 'arily']",0.09090909090909091,1.15e-05,"[33, 7, 26, 29, 8, 7, 30, 3]"
achievements,"['AH', 'CH', 'IY', 'V', 'M', 'AH', 'N', 'T', 'S']","['achieve', 'ments']","['ach', 'ieve', 'ments']",0.08333333333333333,1.15e-05,"[3, 17, 11, 35, 26, 3, 27, 33]"
encountered,"['IH', 'N', 'K', 'AW', 'N', 'T', 'ER', 'D']","['en', 'countered']","['en', 'count', 'ered']",0.09090909090909091,1.15e-05,"[10, 27, 24, 5, 27, 33, 8, 18]"
accommodation,"['AH', 'K', 'AA', 'M', 'AH', 'D', 'EY', 'SH', 'AH', 'N']","['ac', 'com', 'mod', 'a', 'tion']","['ac', 'com', 'mod', 'ation']",0.07692307692307693,1.15e-05,"[3, 24, 1, 26, 3, 18, 9, 32]"
toe,"['T', 'OW']",['toe'],['toe'],0.0,1.17e-05,"[33, 12, 0, 0, 0, 0, 0, 0]"
flame,"['F', 'L', 'EY', 'M']",['flame'],['flame'],0.0,1.17e-05,"[20, 25, 9, 26, 0, 0, 0, 0]"
span,"['S', 'P', 'AE', 'N']",['span'],['span'],0.0,1.17e-05,"[31, 29, 2, 27, 0, 0, 0, 0]"
ports,"['P', 'AO', 'R', 'T', 'S']",['ports'],['ports'],0.0,1.17e-05,"[29, 4, 30, 33, 31, 0, 0, 0]"
displays,"['D', 'IH', 'S', 'P', 'L', 'EY', 'Z']","['dis', 'plays']","['dis', 'plays']",0.0,1.17e-05,"[18, 10, 31, 29, 25, 9, 38, 0]"
consequence,"['K', 'AA', 'N', 'S', 'AH', 'K', 'W', 'AH', 'N', 'S']","['con', 'sequence']","['con', 'sequence']",0.0,1.17e-05,"[24, 1, 27, 31, 3, 24, 36, 3]"
quantity,"['K', 'W', 'AA', 'N', 'T', 'AH', 'T', 'IY']","['quant', 'ity']","['quant', 'ity']",0.0,1.17e-05,"[24, 36, 1, 27, 33, 3, 33, 11]"
avoiding,"['AH', 'V', 'OY', 'D', 'IH', 'NG']","['avoid', 'ing']","['avoid', 'ing']",0.0,1.17e-05,"[3, 35, 13, 18, 10, 28, 0, 0]"
newcastle,"['N', 'UW', 'K', 'AE', 'S', 'AH', 'L']","['new', 'castle']","['new', 'castle']",0.0,1.17e-05,"[27, 15, 24, 2, 31, 3, 25, 0]"
reed,"['R', 'IY', 'D']",['reed'],['reed'],0.0,1.17e-05,"[30, 11, 18, 0, 0, 0, 0, 0]"
rainbow,"['R', 'EY', 'N', 'B', 'OW']","['rain', 'bow']","['rain', 'bow']",0.0,1.17e-05,"[30, 9, 27, 16, 12, 0, 0, 0]"
scan,"['S', 'K', 'AE', 'N']",['scan'],['scan'],0.0,1.17e-05,"[31, 24, 2, 27, 0, 0, 0, 0]"
specialized,"['S', 'P', 'EH', 'SH', 'AH', 'L', 'AY', 'Z', 'D']","['spe', 'cial', 'ized']","['special', 'ized']",0.09090909090909091,1.17e-05,"[31, 29, 7, 32, 3, 25, 6, 38]"
inn,"['IH', 'N']",['inn'],['inn'],0.0,1.17e-05,"[10, 27, 0, 0, 0, 0, 0, 0]"
tops,"['T', 'AA', 'P', 'S']",['tops'],['tops'],0.0,1.17e-05,"[33, 1, 29, 31, 0, 0, 0, 0]"
outlook,"['AW', 'T', 'L', 'UH', 'K']","['out', 'look']","['out', 'look']",0.0,1.17e-05,"[5, 33, 25, 14, 24, 0, 0, 0]"
ink,"['IH', 'NG', 'K']",['ink'],['ink'],0.0,1.17e-05,"[10, 28, 24, 0, 0, 0, 0, 0]"
matrix,"['M', 'EY', 'T', 'R', 'IH', 'K', 'S']","['mat', 'rix']","['mat', 'rix']",0.0,1.17e-05,"[26, 9, 33, 30, 10, 24, 31, 0]"
dump,"['D', 'AH', 'M', 'P']",['dump'],['dump'],0.0,1.2e-05,"[18, 3, 26, 29, 0, 0, 0, 0]"
fabulous,"['F', 'AE', 'B', 'Y', 'AH', 'L', 'AH', 'S']","['fab', 'ulous']","['fab', 'ulous']",0.0,1.2e-05,"[20, 2, 16, 37, 3, 25, 3, 31]"
fold,"['F', 'OW', 'L', 'D']",['fold'],['fold'],0.0,1.2e-05,"[20, 12, 25, 18, 0, 0, 0, 0]"
broadway,"['B', 'R', 'AO', 'D', 'W', 'EY']","['broad', 'way']","['broad', 'way']",0.0,1.2e-05,"[16, 30, 4, 18, 36, 9, 0, 0]"
warehouse,"['W', 'EH', 'R', 'HH', 'AW', 'S']","['ware', 'house']","['ware', 'house']",0.0,1.2e-05,"[36, 7, 30, 22, 5, 31, 0, 0]"
hub,"['HH', 'AH', 'B']",['hub'],['hub'],0.0,1.2e-05,"[22, 3, 16, 0, 0, 0, 0, 0]"
variation,"['V', 'EH', 'R', 'IY', 'EY', 'SH', 'AH', 'N']","['vari', 'ation']","['vari', 'ation']",0.0,1.2e-05,"[35, 7, 30, 11, 9, 32, 3, 27]"
shaw,"['SH', 'AO']",['shaw'],['shaw'],0.0,1.2e-05,"[32, 4, 0, 0, 0, 0, 0, 0]"
starring,"['S', 'T', 'AA', 'R', 'IH', 'NG']","['star', 'ring']","['star', 'ring']",0.0,1.2e-05,"[31, 33, 1, 30, 10, 28, 0, 0]"
butler,"['B', 'AH', 'T', 'L', 'ER']","['but', 'ler']","['but', 'ler']",0.0,1.2e-05,"[16, 3, 33, 25, 8, 0, 0, 0]"
wives,"['W', 'AY', 'V', 'Z']",['wives'],['wives'],0.0,1.2e-05,"[36, 6, 35, 38, 0, 0, 0, 0]"
gently,"['JH', 'EH', 'N', 'T', 'L', 'IY']",['gently'],['gently'],0.0,1.2e-05,"[23, 7, 27, 33, 25, 11, 0, 0]"
viewing,"['V', 'Y', 'UW', 'IH', 'NG']","['view', 'ing']","['view', 'ing']",0.0,1.2e-05,"[35, 37, 15, 10, 28, 0, 0, 0]"
merit,"['M', 'EH', 'R', 'AH', 'T']","['mer', 'it']","['mer', 'it']",0.0,1.2e-05,"[26, 7, 30, 3, 33, 0, 0, 0]"
merchant,"['M', 'ER', 'CH', 'AH', 'N', 'T']","['mer', 'chant']","['mer', 'chant']",0.0,1.2e-05,"[26, 8, 17, 3, 27, 33, 0, 0]"
presenting,"['P', 'R', 'IH', 'Z', 'EH', 'N', 'T', 'IH', 'NG']","['present', 'ing']","['present', 'ing']",0.0,1.2e-05,"[29, 30, 10, 38, 7, 27, 33, 10]"
pressing,"['P', 'R', 'EH', 'S', 'IH', 'NG']","['press', 'ing']","['press', 'ing']",0.0,1.2e-05,"[29, 30, 7, 31, 10, 28, 0, 0]"
elephant,"['EH', 'L', 'AH', 'F', 'AH', 'N', 'T']","['ele', 'phant']","['ele', 'phant']",0.0,1.2e-05,"[7, 25, 3, 20, 3, 27, 33, 0]"
lined,"['L', 'AY', 'N', 'D']",['lined'],['lined'],0.0,1.2e-05,"[25, 6, 27, 18, 0, 0, 0, 0]"
prints,"['P', 'R', 'IH', 'N', 'T', 'S']",['prints'],['prints'],0.0,1.2e-05,"[29, 30, 10, 27, 33, 31, 0, 0]"
fabric,"['F', 'AE', 'B', 'R', 'IH', 'K']","['fab', 'ric']","['fab', 'ric']",0.0,1.2e-05,"[20, 2, 16, 30, 10, 24, 0, 0]"
forecast,"['F', 'AO', 'R', 'K', 'AE', 'S', 'T']","['fore', 'cast']","['fore', 'cast']",0.0,1.23e-05,"[20, 4, 30, 24, 2, 31, 33, 0]"
meter,"['M', 'IY', 'T', 'ER']",['meter'],['meter'],0.0,1.23e-05,"[26, 11, 33, 8, 0, 0, 0, 0]"
importantly,"['IH', 'M', 'P', 'AO', 'R', 'T', 'AH', 'N', 'T', 'L', 'IY']","['im', 'port', 'antly']","['import', 'antly']",0.09090909090909091,1.23e-05,"[10, 26, 29, 4, 30, 33, 3, 27]"
euro,"['Y', 'UW', 'R', 'OW']",['euro'],['euro'],0.0,1.23e-05,"[37, 15, 30, 12, 0, 0, 0, 0]"
lawsuit,"['L', 'AO', 'S', 'UW', 'T']","['law', 'suit']","['law', 'suit']",0.0,1.23e-05,"[25, 4, 31, 15, 33, 0, 0, 0]"
slot,"['S', 'L', 'AA', 'T']",['slot'],['slot'],0.0,1.23e-05,"[31, 25, 1, 33, 0, 0, 0, 0]"
marcus,"['M', 'AA', 'R', 'K', 'AH', 'S']","['mar', 'cus']","['mar', 'cus']",0.0,1.23e-05,"[26, 1, 30, 24, 3, 31, 0, 0]"
cult,"['K', 'AH', 'L', 'T']",['cult'],['cult'],0.0,1.23e-05,"[24, 3, 25, 33, 0, 0, 0, 0]"
disagree,"['D', 'IH', 'S', 'AH', 'G', 'R', 'IY']","['dis', 'agree']","['dis', 'agree']",0.0,1.23e-05,"[18, 10, 31, 3, 21, 30, 11, 0]"
variations,"['V', 'EH', 'R', 'IY', 'EY', 'SH', 'AH', 'N', 'Z']","['vari', 'ations']","['vari', 'ations']",0.0,1.23e-05,"[35, 7, 30, 11, 9, 32, 3, 27]"
exports,"['EH', 'K', 'S', 'P', 'AO', 'R', 'T', 'S']","['ex', 'ports']","['ex', 'ports']",0.0,1.23e-05,"[7, 24, 31, 29, 4, 30, 33, 31]"
flags,"['F', 'L', 'AE', 'G', 'Z']",['flags'],['flags'],0.0,1.23e-05,"[20, 25, 2, 21, 38, 0, 0, 0]"
setup,"['S', 'EH', 'T', 'AH', 'P']",['setup'],['setup'],0.0,1.23e-05,"[31, 7, 33, 3, 29, 0, 0, 0]"
bee,"['B', 'IY']",['bee'],['bee'],0.0,1.23e-05,"[16, 11, 0, 0, 0, 0, 0, 0]"
hurricane,"['HH', 'ER', 'AH', 'K', 'EY', 'N']","['hur', 'ricane']","['hur', 'ricane']",0.0,1.26e-05,"[22, 8, 3, 24, 9, 27, 0, 0]"
archives,"['AA', 'R', 'K', 'AY', 'V', 'Z']",['archives'],['archives'],0.0,1.26e-05,"[1, 30, 24, 6, 35, 38, 0, 0]"
pose,"['P', 'OW', 'Z']",['pose'],['pose'],0.0,1.26e-05,"[29, 12, 38, 0, 0, 0, 0, 0]"
matching,"['M', 'AE', 'CH', 'IH', 'NG']","['match', 'ing']","['match', 'ing']",0.0,1.26e-05,"[26, 2, 17, 10, 28, 0, 0, 0]"
fig,"['F', 'IH', 'G']",['fig'],['fig'],0.0,1.26e-05,"[20, 10, 21, 0, 0, 0, 0, 0]"
cam,"['K', 'AE', 'M']",['cam'],['cam'],0.0,1.26e-05,"[24, 2, 26, 0, 0, 0, 0, 0]"
publish,"['P', 'AH', 'B', 'L', 'IH', 'SH']","['pub', 'lish']","['pub', 'lish']",0.0,1.26e-05,"[29, 3, 16, 25, 10, 32, 0, 0]"
breakdown,"['B', 'R', 'EY', 'K', 'D', 'AW', 'N']","['break', 'down']","['break', 'down']",0.0,1.26e-05,"[16, 30, 9, 24, 18, 5, 27, 0]"
les,"['L', 'EH', 'S']",['les'],['les'],0.0,1.26e-05,"[25, 7, 31, 0, 0, 0, 0, 0]"
hunger,"['HH', 'AH', 'NG', 'G', 'ER']","['hun', 'ger']","['hun', 'ger']",0.0,1.26e-05,"[22, 3, 28, 21, 8, 0, 0, 0]"
pine,"['P', 'AY', 'N']",['pine'],['pine'],0.0,1.26e-05,"[29, 6, 27, 0, 0, 0, 0, 0]"
rewards,"['R', 'IH', 'W', 'AO', 'R', 'D', 'Z']","['re', 'wards']","['re', 'wards']",0.0,1.26e-05,"[30, 10, 36, 4, 30, 18, 38, 0]"
ralph,"['R', 'AE', 'L', 'F']","['ral', 'ph']","['ral', 'ph']",0.0,1.26e-05,"[30, 2, 25, 20, 0, 0, 0, 0]"
pour,"['P', 'AO', 'R']",['pour'],['pour'],0.0,1.26e-05,"[29, 4, 30, 0, 0, 0, 0, 0]"
outcomes,"['AW', 'T', 'K', 'AH', 'M', 'Z']","['out', 'comes']","['out', 'comes']",0.0,1.26e-05,"[5, 33, 24, 3, 26, 38, 0, 0]"
rental,"['R', 'EH', 'N', 'T', 'AH', 'L']","['rent', 'al']","['rent', 'al']",0.0,1.26e-05,"[30, 7, 27, 33, 3, 25, 0, 0]"
chains,"['CH', 'EY', 'N', 'Z']",['chains'],['chains'],0.0,1.29e-05,"[17, 9, 27, 38, 0, 0, 0, 0]"
overview,"['OW', 'V', 'ER', 'V', 'Y', 'UW']","['over', 'view']","['over', 'view']",0.0,1.29e-05,"[12, 35, 8, 35, 37, 15, 0, 0]"
convert,"['K', 'AA', 'N', 'V', 'ER', 'T']","['con', 'vert']","['con', 'vert']",0.0,1.29e-05,"[24, 1, 27, 35, 8, 33, 0, 0]"
mixing,"['M', 'IH', 'K', 'S', 'IH', 'NG']","['mix', 'ing']","['mix', 'ing']",0.0,1.29e-05,"[26, 10, 24, 31, 10, 28, 0, 0]"
thy,"['DH', 'AY']",['thy'],['thy'],0.0,1.29e-05,"[19, 6, 0, 0, 0, 0, 0, 0]"
est,"['AH', 'S', 'T', 'EY', 'T']",['est'],['est'],0.0,1.29e-05,"[3, 31, 33, 9, 33, 0, 0, 0]"
artwork,"['AA', 'R', 'T', 'W', 'ER', 'K']","['art', 'work']","['art', 'work']",0.0,1.29e-05,"[1, 30, 33, 36, 8, 24, 0, 0]"
parish,"['P', 'AE', 'R', 'IH', 'SH']","['par', 'ish']","['par', 'ish']",0.0,1.29e-05,"[29, 2, 30, 10, 32, 0, 0, 0]"
ace,"['EY', 'S']",['ace'],['ace'],0.0,1.29e-05,"[9, 31, 0, 0, 0, 0, 0, 0]"
hybrid,"['HH', 'AY', 'B', 'R', 'AH', 'D']","['hy', 'brid']","['hy', 'brid']",0.0,1.29e-05,"[22, 6, 16, 30, 3, 18, 0, 0]"
promising,"['P', 'R', 'AA', 'M', 'AH', 'S', 'IH', 'NG']","['prom', 'ising']","['prom', 'ising']",0.0,1.29e-05,"[29, 30, 1, 26, 3, 31, 10, 28]"
noon,"['N', 'UW', 'N']",['noon'],['noon'],0.0,1.29e-05,"[27, 15, 27, 0, 0, 0, 0, 0]"
locally,"['L', 'OW', 'K', 'AH', 'L', 'IY']","['loc', 'ally']","['loc', 'ally']",0.0,1.29e-05,"[25, 12, 24, 3, 25, 11, 0, 0]"
keyboard,"['K', 'IY', 'B', 'AO', 'R', 'D']","['key', 'board']","['key', 'board']",0.0,1.29e-05,"[24, 11, 16, 4, 30, 18, 0, 0]"
witch,"['W', 'IH', 'CH']",['witch'],['witch'],0.0,1.29e-05,"[36, 10, 17, 0, 0, 0, 0, 0]"
potter,"['P', 'AA', 'T', 'ER']","['pot', 'ter']","['pot', 'ter']",0.0,1.29e-05,"[29, 1, 33, 8, 0, 0, 0, 0]"
cooked,"['K', 'UH', 'K', 'T']",['cooked'],['cooked'],0.0,1.29e-05,"[24, 14, 24, 33, 0, 0, 0, 0]"
rage,"['R', 'EY', 'JH']",['rage'],['rage'],0.0,1.29e-05,"[30, 9, 23, 0, 0, 0, 0, 0]"
ashley,"['AE', 'SH', 'L', 'IY']","['ash', 'ley']","['ash', 'ley']",0.0,1.29e-05,"[2, 32, 25, 11, 0, 0, 0, 0]"
ham,"['HH', 'AE', 'M']",['ham'],['ham'],0.0,1.32e-05,"[22, 2, 26, 0, 0, 0, 0, 0]"
preventing,"['P', 'R', 'IH', 'V', 'EH', 'N', 'T', 'IH', 'NG']","['pre', 'vent', 'ing']","['pre', 'vent', 'ing']",0.0,1.32e-05,"[29, 30, 10, 35, 7, 27, 33, 10]"
pressed,"['P', 'R', 'EH', 'S', 'T']",['pressed'],['pressed'],0.0,1.32e-05,"[29, 30, 7, 31, 33, 0, 0, 0]"
banner,"['B', 'AE', 'N', 'ER']","['ban', 'ner']","['ban', 'ner']",0.0,1.32e-05,"[16, 2, 27, 8, 0, 0, 0, 0]"
cookies,"['K', 'UH', 'K', 'IY', 'Z']","['cook', 'ies']","['cook', 'ies']",0.0,1.32e-05,"[24, 14, 24, 11, 38, 0, 0, 0]"
rap,"['R', 'AE', 'P']",['rap'],['rap'],0.0,1.32e-05,"[30, 2, 29, 0, 0, 0, 0, 0]"
rev,"['R', 'EH', 'V']",['rev'],['rev'],0.0,1.32e-05,"[30, 7, 35, 0, 0, 0, 0, 0]"
richmond,"['R', 'IH', 'CH', 'M', 'AH', 'N', 'D']","['rich', 'mond']","['rich', 'mond']",0.0,1.32e-05,"[30, 10, 17, 26, 3, 27, 18, 0]"
athletic,"['AE', 'TH', 'L', 'EH', 'T', 'IH', 'K']","['ath', 'let', 'ic']","['ath', 'let', 'ic']",0.0,1.32e-05,"[2, 34, 25, 7, 33, 10, 24, 0]"
deadline,"['D', 'EH', 'D', 'L', 'AY', 'N']","['dead', 'line']","['dead', 'line']",0.0,1.32e-05,"[18, 7, 18, 25, 6, 27, 0, 0]"
ridge,"['R', 'IH', 'JH']",['ridge'],['ridge'],0.0,1.32e-05,"[30, 10, 23, 0, 0, 0, 0, 0]"
sterling,"['S', 'T', 'ER', 'L', 'IH', 'NG']","['ster', 'ling']","['ster', 'ling']",0.0,1.35e-05,"[31, 33, 8, 25, 10, 28, 0, 0]"
corresponding,"['K', 'AO', 'R', 'AH', 'S', 'P', 'AA', 'N', 'D', 'IH', 'NG']","['cor', 'res', 'pond', 'ing']","['cor', 'respond', 'ing']",0.07692307692307693,1.35e-05,"[24, 4, 30, 3, 31, 29, 1, 27]"
lesser,"['L', 'EH', 'S', 'ER']","['less', 'er']","['less', 'er']",0.0,1.35e-05,"[25, 7, 31, 8, 0, 0, 0, 0]"
mere,"['M', 'IH', 'R']",['mere'],['mere'],0.0,1.35e-05,"[26, 10, 30, 0, 0, 0, 0, 0]"
disc,"['D', 'IH', 'S', 'K']",['disc'],['disc'],0.0,1.35e-05,"[18, 10, 31, 24, 0, 0, 0, 0]"
flexible,"['F', 'L', 'EH', 'K', 'S', 'AH', 'B', 'AH', 'L']","['flex', 'ible']","['flex', 'ible']",0.0,1.35e-05,"[20, 25, 7, 24, 31, 3, 16, 3]"
prospect,"['P', 'R', 'AA', 'S', 'P', 'EH', 'K', 'T']","['pro', 'spect']","['pro', 'spect']",0.0,1.35e-05,"[29, 30, 1, 31, 29, 7, 24, 33]"
sandwich,"['S', 'AE', 'N', 'D', 'W', 'IH', 'CH']","['sand', 'wich']","['sand', 'wich']",0.0,1.35e-05,"[31, 2, 27, 18, 36, 10, 17, 0]"
surgeon,"['S', 'ER', 'JH', 'AH', 'N']","['sur', 'geon']","['sur', 'geon']",0.0,1.35e-05,"[31, 8, 23, 3, 27, 0, 0, 0]"
ski,"['S', 'K', 'IY']",['ski'],['ski'],0.0,1.35e-05,"[31, 24, 11, 0, 0, 0, 0, 0]"
mud,"['M', 'AH', 'D']",['mud'],['mud'],0.0,1.35e-05,"[26, 3, 18, 0, 0, 0, 0, 0]"
miracle,"['M', 'IH', 'R', 'AH', 'K', 'AH', 'L']","['mir', 'acle']","['mir', 'acle']",0.0,1.35e-05,"[26, 10, 30, 3, 24, 3, 25, 0]"
consciousness,"['K', 'AA', 'N', 'SH', 'AH', 'S', 'N', 'AH', 'S']","['con', 'scious', 'ness']","['conscious', 'ness']",0.07692307692307693,1.35e-05,"[24, 1, 27, 32, 3, 31, 27, 3]"
damages,"['D', 'AE', 'M', 'AH', 'JH', 'AH', 'Z']","['dam', 'ages']","['dam', 'ages']",0.0,1.35e-05,"[18, 2, 26, 3, 23, 3, 38, 0]"
haven,"['HH', 'EY', 'V', 'AH', 'N']",['haven'],['haven'],0.0,1.35e-05,"[22, 9, 35, 3, 27, 0, 0, 0]"
boundary,"['B', 'AW', 'N', 'D', 'ER', 'IY']","['bound', 'ary']","['bound', 'ary']",0.0,1.35e-05,"[16, 5, 27, 18, 8, 11, 0, 0]"
courtesy,"['K', 'ER', 'T', 'AH', 'S', 'IY']","['cour', 'tesy']","['cour', 'tesy']",0.0,1.35e-05,"[24, 8, 33, 3, 31, 11, 0, 0]"
precise,"['P', 'R', 'IH', 'S', 'AY', 'S']","['pre', 'cise']","['pre', 'cise']",0.0,1.35e-05,"[29, 30, 10, 31, 6, 31, 0, 0]"
acquire,"['AH', 'K', 'W', 'AY', 'ER']","['ac', 'quire']","['ac', 'quire']",0.0,1.35e-05,"[3, 24, 36, 6, 8, 0, 0, 0]"
lip,"['L', 'IH', 'P']",['lip'],['lip'],0.0,1.35e-05,"[25, 10, 29, 0, 0, 0, 0, 0]"
skilled,"['S', 'K', 'IH', 'L', 'D']",['skilled'],['skilled'],0.0,1.35e-05,"[31, 24, 10, 25, 18, 0, 0, 0]"
beam,"['B', 'IY', 'M']",['beam'],['beam'],0.0,1.38e-05,"[16, 11, 26, 0, 0, 0, 0, 0]"
rod,"['R', 'AA', 'D']",['rod'],['rod'],0.0,1.38e-05,"[30, 1, 18, 0, 0, 0, 0, 0]"
horn,"['HH', 'AO', 'R', 'N']",['horn'],['horn'],0.0,1.38e-05,"[22, 4, 30, 27, 0, 0, 0, 0]"
peer,"['P', 'IH', 'R']",['peer'],['peer'],0.0,1.38e-05,"[29, 10, 30, 0, 0, 0, 0, 0]"
vincent,"['V', 'IH', 'N', 'S', 'AH', 'N', 'T']","['vin', 'cent']","['vin', 'cent']",0.0,1.38e-05,"[35, 10, 27, 31, 3, 27, 33, 0]"
abstract,"['AE', 'B', 'S', 'T', 'R', 'AE', 'K', 'T']","['ab', 'stract']","['ab', 'stract']",0.0,1.38e-05,"[2, 16, 31, 33, 30, 2, 24, 33]"
flows,"['F', 'L', 'OW', 'Z']",['flows'],['flows'],0.0,1.38e-05,"[20, 25, 12, 38, 0, 0, 0, 0]"
teenage,"['T', 'IY', 'N', 'EY', 'JH']","['teen', 'age']","['teen', 'age']",0.0,1.38e-05,"[33, 11, 27, 9, 23, 0, 0, 0]"
plug,"['P', 'L', 'AH', 'G']",['plug'],['plug'],0.0,1.38e-05,"[29, 25, 3, 21, 0, 0, 0, 0]"
accent,"['AH', 'K', 'S', 'EH', 'N', 'T']","['ac', 'cent']","['ac', 'cent']",0.0,1.38e-05,"[3, 24, 31, 7, 27, 33, 0, 0]"
blank,"['B', 'L', 'AE', 'NG', 'K']",['blank'],['blank'],0.0,1.38e-05,"[16, 25, 2, 28, 24, 0, 0, 0]"
lean,"['L', 'IY', 'N']",['lean'],['lean'],0.0,1.38e-05,"[25, 11, 27, 0, 0, 0, 0, 0]"
sticks,"['S', 'T', 'IH', 'K', 'S']",['sticks'],['sticks'],0.0,1.38e-05,"[31, 33, 10, 24, 31, 0, 0, 0]"
fifteen,"['F', 'IH', 'F', 'T', 'IY', 'N']","['fif', 'teen']","['fif', 'teen']",0.0,1.38e-05,"[20, 10, 20, 33, 11, 27, 0, 0]"
revised,"['R', 'IH', 'V', 'AY', 'Z', 'D']","['re', 'vised']","['re', 'vised']",0.0,1.38e-05,"[30, 10, 35, 6, 38, 18, 0, 0]"
cow,"['K', 'AW']",['cow'],['cow'],0.0,1.38e-05,"[24, 5, 0, 0, 0, 0, 0, 0]"
disorders,"['D', 'IH', 'S', 'AO', 'R', 'D', 'ER', 'Z']","['dis', 'orders']","['dis', 'orders']",0.0,1.38e-05,"[18, 10, 31, 4, 30, 18, 8, 38]"
beans,"['B', 'IY', 'N', 'Z']",['beans'],['beans'],0.0,1.38e-05,"[16, 11, 27, 38, 0, 0, 0, 0]"
translated,"['T', 'R', 'AE', 'N', 'Z', 'L', 'EY', 'T', 'AH', 'D']","['trans', 'lated']","['trans', 'lated']",0.0,1.41e-05,"[33, 30, 2, 27, 38, 25, 9, 33]"
screening,"['S', 'K', 'R', 'IY', 'N', 'IH', 'NG']","['screen', 'ing']","['screen', 'ing']",0.0,1.41e-05,"[31, 24, 30, 11, 27, 10, 28, 0]"
par,"['P', 'AA', 'R']",['par'],['par'],0.0,1.41e-05,"[29, 1, 30, 0, 0, 0, 0, 0]"
harvey,"['HH', 'AA', 'R', 'V', 'IY']","['har', 'vey']","['har', 'vey']",0.0,1.41e-05,"[22, 1, 30, 35, 11, 0, 0, 0]"
harbor,"['HH', 'AA', 'R', 'B', 'ER']","['har', 'bor']","['har', 'bor']",0.0,1.41e-05,"[22, 1, 30, 16, 8, 0, 0, 0]"
caps,"['K', 'AE', 'P', 'S']",['caps'],['caps'],0.0,1.41e-05,"[24, 2, 29, 31, 0, 0, 0, 0]"
morris,"['M', 'AO', 'R', 'AH', 'S']","['mor', 'ris']","['mor', 'ris']",0.0,1.41e-05,"[26, 4, 30, 3, 31, 0, 0, 0]"
vegetables,"['V', 'EH', 'JH', 'T', 'AH', 'B', 'AH', 'L', 'Z']","['ve', 'get', 'ables']","['ve', 'get', 'ables']",0.0,1.41e-05,"[35, 7, 23, 33, 3, 16, 3, 25]"
burst,"['B', 'ER', 'S', 'T']",['burst'],['burst'],0.0,1.41e-05,"[16, 8, 31, 33, 0, 0, 0, 0]"
inform,"['IH', 'N', 'F', 'AO', 'R', 'M']","['in', 'form']","['in', 'form']",0.0,1.41e-05,"[10, 27, 20, 4, 30, 26, 0, 0]"
aka,"['AA', 'K', 'AH']",['aka'],['aka'],0.0,1.41e-05,"[1, 24, 3, 0, 0, 0, 0, 0]"
crop,"['K', 'R', 'AA', 'P']",['crop'],['crop'],0.0,1.41e-05,"[24, 30, 1, 29, 0, 0, 0, 0]"
ion,"['AY', 'AH', 'N']",['ion'],['ion'],0.0,1.41e-05,"[6, 3, 27, 0, 0, 0, 0, 0]"
norway,"['N', 'AO', 'R', 'W', 'EY']","['nor', 'way']","['nor', 'way']",0.0,1.41e-05,"[27, 4, 30, 36, 9, 0, 0, 0]"
tackle,"['T', 'AE', 'K', 'AH', 'L']",['tackle'],['tackle'],0.0,1.41e-05,"[33, 2, 24, 3, 25, 0, 0, 0]"
ours,"['AW', 'ER', 'Z']",['ours'],['ours'],0.0,1.45e-05,"[5, 8, 38, 0, 0, 0, 0, 0]"
makers,"['M', 'EY', 'K', 'ER', 'Z']",['makers'],['makers'],0.0,1.45e-05,"[26, 9, 24, 8, 38, 0, 0, 0]"
benjamin,"['B', 'EH', 'N', 'JH', 'AH', 'M', 'AH', 'N']","['ben', 'jamin']","['ben', 'jamin']",0.0,1.45e-05,"[16, 7, 27, 23, 3, 26, 3, 27]"
inter,"['IH', 'N', 'T', 'ER']",['inter'],['inter'],0.0,1.45e-05,"[10, 27, 33, 8, 0, 0, 0, 0]"
spirits,"['S', 'P', 'IH', 'R', 'AH', 'T', 'S']","['spir', 'its']","['spir', 'its']",0.0,1.45e-05,"[31, 29, 10, 30, 3, 33, 31, 0]"
hosting,"['HH', 'OW', 'S', 'T', 'IH', 'NG']","['host', 'ing']","['host', 'ing']",0.0,1.45e-05,"[22, 12, 31, 33, 10, 28, 0, 0]"
icon,"['AY', 'K', 'AA', 'N']",['icon'],['icon'],0.0,1.45e-05,"[6, 24, 1, 27, 0, 0, 0, 0]"
marvel,"['M', 'AA', 'R', 'V', 'AH', 'L']","['mar', 'vel']","['mar', 'vel']",0.0,1.45e-05,"[26, 1, 30, 35, 3, 25, 0, 0]"
tier,"['T', 'IY', 'R']",['tier'],['tier'],0.0,1.45e-05,"[33, 11, 30, 0, 0, 0, 0, 0]"
planes,"['P', 'L', 'EY', 'N', 'Z']",['planes'],['planes'],0.0,1.45e-05,"[29, 25, 9, 27, 38, 0, 0, 0]"
perceived,"['P', 'ER', 'S', 'IY', 'V', 'D']","['per', 'ceived']","['per', 'ceived']",0.0,1.45e-05,"[29, 8, 31, 11, 35, 18, 0, 0]"
sheets,"['SH', 'IY', 'T', 'S']",['sheets'],['sheets'],0.0,1.45e-05,"[32, 11, 33, 31, 0, 0, 0, 0]"
buyers,"['B', 'AY', 'ER', 'Z']","['buy', 'ers']","['buy', 'ers']",0.0,1.45e-05,"[16, 6, 8, 38, 0, 0, 0, 0]"
der,"['D', 'ER']",['der'],['der'],0.0,1.45e-05,"[18, 8, 0, 0, 0, 0, 0, 0]"
ash,"['AE', 'SH']",['ash'],['ash'],0.0,1.45e-05,"[2, 32, 0, 0, 0, 0, 0, 0]"
sunshine,"['S', 'AH', 'N', 'SH', 'AY', 'N']","['sun', 'shine']","['sun', 'shine']",0.0,1.45e-05,"[31, 3, 27, 32, 6, 27, 0, 0]"
grammar,"['G', 'R', 'AE', 'M', 'ER']","['gram', 'mar']","['gram', 'mar']",0.0,1.48e-05,"[21, 30, 2, 26, 8, 0, 0, 0]"
jamie,"['JH', 'EY', 'M', 'IY']","['jam', 'ie']","['jam', 'ie']",0.0,1.48e-05,"[23, 9, 26, 11, 0, 0, 0, 0]"
dam,"['D', 'AE', 'M']",['dam'],['dam'],0.0,1.48e-05,"[18, 2, 26, 0, 0, 0, 0, 0]"
jam,"['JH', 'AE', 'M']",['jam'],['jam'],0.0,1.48e-05,"[23, 2, 26, 0, 0, 0, 0, 0]"
corporations,"['K', 'AO', 'R', 'P', 'ER', 'EY', 'SH', 'AH', 'N', 'Z']","['cor', 'por', 'a', 'tions']","['cor', 'por', 'ations']",0.08333333333333333,1.48e-05,"[24, 4, 30, 29, 8, 9, 32, 3]"
rat,"['R', 'AE', 'T']",['rat'],['rat'],0.0,1.48e-05,"[30, 2, 33, 0, 0, 0, 0, 0]"
von,"['V', 'AO', 'N']",['von'],['von'],0.0,1.48e-05,"[35, 4, 27, 0, 0, 0, 0, 0]"
lease,"['L', 'IY', 'S']",['lease'],['lease'],0.0,1.48e-05,"[25, 11, 31, 0, 0, 0, 0, 0]"
barrel,"['B', 'AE', 'R', 'AH', 'L']","['bar', 'rel']","['bar', 'rel']",0.0,1.48e-05,"[16, 2, 30, 3, 25, 0, 0, 0]"
fires,"['F', 'AY', 'ER', 'Z']",['fires'],['fires'],0.0,1.48e-05,"[20, 6, 8, 38, 0, 0, 0, 0]"
genre,"['ZH', 'AA', 'N', 'R', 'AH']",['genre'],['genre'],0.0,1.48e-05,"[39, 1, 27, 30, 3, 0, 0, 0]"
monsters,"['M', 'AA', 'N', 'S', 'T', 'ER', 'Z']","['mon', 'sters']","['mon', 'sters']",0.0,1.48e-05,"[26, 1, 27, 31, 33, 8, 38, 0]"
shine,"['SH', 'AY', 'N']",['shine'],['shine'],0.0,1.48e-05,"[32, 6, 27, 0, 0, 0, 0, 0]"
comics,"['K', 'AA', 'M', 'IH', 'K', 'S']","['com', 'ics']","['com', 'ics']",0.0,1.48e-05,"[24, 1, 26, 10, 24, 31, 0, 0]"
consecutive,"['K', 'AH', 'N', 'S', 'EH', 'K', 'Y', 'AH', 'T', 'IH', 'V']","['con', 'sec', 'ut', 'ive']","['con', 'secut', 'ive']",0.09090909090909091,1.51e-05,"[24, 3, 27, 31, 7, 24, 37, 3]"
patent,"['P', 'AE', 'T', 'AH', 'N', 'T']","['pat', 'ent']","['pat', 'ent']",0.0,1.51e-05,"[29, 2, 33, 3, 27, 33, 0, 0]"
parliamentary,"['P', 'AA', 'R', 'L', 'AH', 'M', 'EH', 'N', 'T', 'ER', 'IY']","['par', 'lia', 'ment', 'ary']","['par', 'liament', 'ary']",0.07692307692307693,1.51e-05,"[29, 1, 30, 25, 3, 26, 7, 27]"
endless,"['EH', 'N', 'D', 'L', 'AH', 'S']","['end', 'less']","['end', 'less']",0.0,1.51e-05,"[7, 27, 18, 25, 3, 31, 0, 0]"
bits,"['B', 'IH', 'T', 'S']",['bits'],['bits'],0.0,1.51e-05,"[16, 10, 33, 31, 0, 0, 0, 0]"
bare,"['B', 'EH', 'R']",['bare'],['bare'],0.0,1.51e-05,"[16, 7, 30, 0, 0, 0, 0, 0]"
portland,"['P', 'AO', 'R', 'T', 'L', 'AH', 'N', 'D']","['port', 'land']","['port', 'land']",0.0,1.51e-05,"[29, 4, 30, 33, 25, 3, 27, 18]"
grain,"['G', 'R', 'EY', 'N']",['grain'],['grain'],0.0,1.51e-05,"[21, 30, 9, 27, 0, 0, 0, 0]"
verse,"['V', 'ER', 'S']",['verse'],['verse'],0.0,1.51e-05,"[35, 8, 31, 0, 0, 0, 0, 0]"
deleted,"['D', 'IH', 'L', 'IY', 'T', 'AH', 'D']","['de', 'leted']","['de', 'leted']",0.0,1.51e-05,"[18, 10, 25, 11, 33, 3, 18, 0]"
proceed,"['P', 'R', 'AH', 'S', 'IY', 'D']","['pro', 'ceed']","['pro', 'ceed']",0.0,1.51e-05,"[29, 30, 3, 31, 11, 18, 0, 0]"
codes,"['K', 'OW', 'D', 'Z']",['codes'],['codes'],0.0,1.51e-05,"[24, 12, 18, 38, 0, 0, 0, 0]"
oak,"['OW', 'K']",['oak'],['oak'],0.0,1.51e-05,"[12, 24, 0, 0, 0, 0, 0, 0]"
proceedings,"['P', 'R', 'OW', 'S', 'IY', 'D', 'IH', 'NG', 'Z']","['pro', 'ceed', 'ings']","['pro', 'ceed', 'ings']",0.0,1.51e-05,"[29, 30, 12, 31, 11, 18, 10, 28]"
advised,"['AE', 'D', 'V', 'AY', 'Z', 'D']","['ad', 'vised']","['ad', 'vised']",0.0,1.51e-05,"[2, 18, 35, 6, 38, 18, 0, 0]"
grid,"['G', 'R', 'IH', 'D']",['grid'],['grid'],0.0,1.51e-05,"[21, 30, 10, 18, 0, 0, 0, 0]"
lap,"['L', 'AE', 'P']",['lap'],['lap'],0.0,1.51e-05,"[25, 2, 29, 0, 0, 0, 0, 0]"
bucks,"['B', 'AH', 'K', 'S']",['bucks'],['bucks'],0.0,1.55e-05,"[16, 3, 24, 31, 0, 0, 0, 0]"
ethics,"['EH', 'TH', 'IH', 'K', 'S']","['eth', 'ics']","['eth', 'ics']",0.0,1.55e-05,"[7, 34, 10, 24, 31, 0, 0, 0]"
mar,"['M', 'AA', 'R']",['mar'],['mar'],0.0,1.55e-05,"[26, 1, 30, 0, 0, 0, 0, 0]"
beings,"['B', 'IY', 'IH', 'NG', 'Z']","['be', 'ings']","['be', 'ings']",0.0,1.55e-05,"[16, 11, 10, 28, 38, 0, 0, 0]"
raid,"['R', 'EY', 'D']",['raid'],['raid'],0.0,1.55e-05,"[30, 9, 18, 0, 0, 0, 0, 0]"
stanley,"['S', 'T', 'AE', 'N', 'L', 'IY']","['stan', 'ley']","['stan', 'ley']",0.0,1.55e-05,"[31, 33, 2, 27, 25, 11, 0, 0]"
boot,"['B', 'UW', 'T']",['boot'],['boot'],0.0,1.55e-05,"[16, 15, 33, 0, 0, 0, 0, 0]"
