word,arpabet,syllables,tokenized_word,hamming_distance,word_frequency,phon_vec
zimbabwe,"['Z', 'IH', 'M', 'B', 'AA', 'B', 'W', 'EY']","['zi', 'm', 'b', 'ab', 'we']","['z', 'imbabwe']",0.625,5.37e-06,"[38, 10, 26, 16, 1, 16, 36, 9]"
xerox,"['Z', 'IH', 'R', 'AA', 'K', 'S']","['xer', 'ox']","['x', 'ero', 'x']",0.6,1.02e-06,"[38, 10, 30, 1, 24, 31, 0, 0]"
memphis,"['M', 'EH', 'M', 'F', 'AH', 'S']","['mem', 'ph', 'is']","['m', 'emp', 'his']",0.5714285714285714,7.76e-06,"[26, 7, 26, 20, 3, 31, 0, 0]"
pioneer,"['P', 'AY', 'AH', 'N', 'IH', 'R']","['pi', 'on', 'eer']","['p', 'ione', 'er']",0.5714285714285714,8.13e-06,"[29, 6, 3, 27, 10, 30, 0, 0]"
houston,"['HH', 'Y', 'UW', 'S', 'T', 'AH', 'N']","['hou', 's', 'ton']","['ho', 'ust', 'on']",0.5714285714285714,2.63e-05,"[22, 37, 15, 31, 33, 3, 27, 0]"
studios,"['S', 'T', 'UW', 'D', 'IY', 'OW', 'Z']","['stu', 'di', 'os']","['st', 'ud', 'ios']",0.5714285714285714,1.26e-05,"[31, 33, 15, 18, 11, 12, 38, 0]"
hypothetical,"['HH', 'AY', 'P', 'AH', 'TH', 'EH', 'T', 'AH', 'K', 'AH', 'L']","['hy', 'po', 'thet', 'ic', 'al']","['h', 'ypoth', 'etical']",0.5,4.07e-06,"[22, 6, 29, 3, 34, 7, 33, 3]"
ceremony,"['S', 'EH', 'R', 'AH', 'M', 'OW', 'N', 'IY']","['ce', 're', 'mony']","['cer', 'em', 'ony']",0.5,2.63e-05,"[31, 7, 30, 3, 26, 12, 27, 11]"
soviet,"['S', 'OW', 'V', 'IY', 'AH', 'T']","['so', 'viet']","['s', 'ov', 'iet']",0.5,3.47e-05,"[31, 12, 35, 11, 3, 33, 0, 0]"
antibody,"['AE', 'N', 'T', 'IH', 'B', 'AA', 'D', 'IY']","['an', 'ti', 'body']","['ant', 'ib', 'ody']",0.5,2.88e-06,"[2, 27, 33, 10, 16, 1, 18, 11]"
stupid,"['S', 'T', 'UW', 'P', 'AH', 'D']","['stu', 'pid']","['st', 'up', 'id']",0.5,8.71e-05,"[31, 33, 15, 29, 3, 18, 0, 0]"
vagina,"['V', 'AH', 'JH', 'AY', 'N', 'AH']","['va', 'gina']","['v', 'ag', 'ina']",0.5,6.61e-06,"[35, 3, 23, 6, 27, 3, 0, 0]"
vibrator,"['V', 'AY', 'B', 'R', 'EY', 'T', 'ER']","['vi', 'brat', 'or']","['v', 'ibr', 'ator']",0.5,1.29e-06,"[35, 6, 16, 30, 9, 33, 8, 0]"
carnival,"['K', 'AA', 'R', 'N', 'AH', 'V', 'AH', 'L']","['car', 'ni', 'val']","['c', 'arn', 'ival']",0.5,7.24e-06,"[24, 1, 30, 27, 3, 35, 3, 25]"
williams,"['W', 'IH', 'L', 'Y', 'AH', 'M', 'Z']","['wil', 'li', 'ams']","['will', 'iam', 's']",0.5,4.68e-05,"[36, 10, 25, 37, 3, 26, 38, 0]"
auburn,"['AA', 'B', 'ER', 'N']","['au', 'burn']","['a', 'ub', 'urn']",0.5,5.25e-06,"[1, 16, 8, 27, 0, 0, 0, 0]"
eleven,"['IH', 'L', 'EH', 'V', 'AH', 'N']","['el', 'ev', 'en']","['ele', 'ven']",0.5,1.32e-05,"[10, 25, 7, 35, 3, 27, 0, 0]"
luis,"['L', 'UW', 'IY', 'S']","['lu', 'is']","['l', 'uis']",0.5,9.77e-06,"[25, 15, 11, 31, 0, 0, 0, 0]"
harrison,"['HH', 'EH', 'R', 'IH', 'S', 'AH', 'N']","['har', 'ris', 'on']","['h', 'arr', 'ison']",0.5,1.2e-05,"[22, 7, 30, 10, 31, 3, 27, 0]"
radios,"['R', 'EY', 'D', 'IY', 'OW', 'Z']","['ra', 'di', 'os']","['r', 'adios']",0.5,2.57e-06,"[30, 9, 18, 11, 12, 38, 0, 0]"
pursuant,"['P', 'ER', 'S', 'UW', 'AH', 'N', 'T']","['pur', 'su', 'ant']","['p', 'urs', 'uant']",0.5,3.63e-06,"[29, 8, 31, 15, 3, 27, 33, 0]"
pavilion,"['P', 'AH', 'V', 'IH', 'L', 'Y', 'AH', 'N']","['pa', 'vil', 'ion']","['p', 'av', 'ilion']",0.5,4.17e-06,"[29, 3, 35, 10, 25, 37, 3, 27]"
gmbh,"['G', 'AH', 'M']",['gmbh'],"['g', 'mb', 'h']",0.5,1.74e-06,"[21, 3, 26, 0, 0, 0, 0, 0]"
happen,"['HH', 'AE', 'P', 'AH', 'N']","['hap', 'pen']","['h', 'app', 'en']",0.5,0.000155,"[22, 2, 29, 3, 27, 0, 0, 0]"
hispanic,"['HH', 'IH', 'S', 'P', 'AE', 'N', 'IH', 'K']","['his', 'pan', 'ic']","['h', 'isp', 'anic']",0.5,9.33e-06,"[22, 10, 31, 29, 2, 27, 10, 24]"
pharmacology,"['F', 'AA', 'R', 'M', 'AH', 'K', 'AA', 'L', 'AH', 'JH', 'IY']","['phar', 'ma', 'co', 'logy']","['ph', 'arm', 'ac', 'ology']",0.5,1.41e-06,"[20, 1, 30, 26, 3, 24, 1, 25]"
july,"['JH', 'UW', 'L', 'AY']","['ju', 'ly']","['j', 'uly']",0.5,0.000148,"[23, 15, 25, 6, 0, 0, 0, 0]"
julian,"['JH', 'UW', 'L', 'IY', 'AH', 'N']","['ju', 'li', 'an']","['j', 'ulian']",0.5,9.77e-06,"[23, 15, 25, 11, 3, 27, 0, 0]"
annual,"['AE', 'N', 'Y', 'UW', 'AH', 'L']","['an', 'nu', 'al']","['ann', 'ual']",0.5,8.71e-05,"[2, 27, 37, 15, 3, 25, 0, 0]"
indianapolis,"['IH', 'N', 'D', 'IY', 'AH', 'N', 'AE', 'P', 'AH', 'L', 'IH', 'S']","['in', 'di', 'ana', 'pol', 'is']","['ind', 'ian', 'apolis']",0.5,6.61e-06,"[10, 27, 18, 11, 3, 27, 2, 29]"
arabia,"['ER', 'EY', 'B', 'IY', 'AH']","['ar', 'a', 'bia']","['arab', 'ia']",0.5,1.32e-05,"[8, 9, 16, 11, 3, 0, 0, 0]"
aerial,"['EH', 'R', 'IY', 'AH', 'L']","['aer', 'i', 'al']","['a', 'erial']",0.5,8.13e-06,"[7, 30, 11, 3, 25, 0, 0, 0]"
tobago,"['T', 'AH', 'B', 'EY', 'G', 'OW']","['to', 'bago']","['t', 'ob', 'ago']",0.5,2.57e-06,"[33, 3, 16, 9, 21, 12, 0, 0]"
cumulative,"['K', 'Y', 'UW', 'M', 'Y', 'AH', 'L', 'AH', 'T', 'IH', 'V']","['cu', 'mu', 'lat', 'ive']","['c', 'umul', 'ative']",0.5,3.55e-06,"[24, 37, 15, 26, 37, 3, 25, 3]"
indian,"['IH', 'N', 'D', 'IY', 'AH', 'N']","['in', 'di', 'an']","['ind', 'ian']",0.5,8.13e-05,"[10, 27, 18, 11, 3, 27, 0, 0]"
stereo,"['S', 'T', 'EH', 'R', 'IY', 'OW']","['ste', 'reo']","['st', 'ere', 'o']",0.5,5.89e-06,"[31, 33, 7, 30, 11, 12, 0, 0]"
iraq,"['IH', 'R', 'AA', 'K']","['ir', 'aq']","['ira', 'q']",0.5,2.69e-05,"[10, 30, 1, 24, 0, 0, 0, 0]"
sodium,"['S', 'OW', 'D', 'IY', 'AH', 'M']","['so', 'di', 'um']","['s', 'odium']",0.5,7.41e-06,"[31, 12, 18, 11, 3, 26, 0, 0]"
scotia,"['S', 'K', 'OW', 'SH', 'AH']","['sco', 'tia']","['sc', 'ot', 'ia']",0.5,3.09e-06,"[31, 24, 12, 32, 3, 0, 0, 0]"
zoloft,"['Z', 'AA', 'L', 'AA', 'F', 'T']","['zo', 'loft']","['z', 'olo', 'ft']",0.5,3.39e-07,"[38, 1, 25, 1, 20, 33, 0, 0]"
antibodies,"['AE', 'N', 'T', 'IH', 'B', 'AA', 'D', 'IY', 'Z']","['an', 'ti', 'bod', 'ies']","['ant', 'ib', 'odies']",0.5,3.63e-06,"[2, 27, 33, 10, 16, 1, 18, 11]"
mutual,"['M', 'Y', 'UW', 'CH', 'AH', 'W', 'AH', 'L']","['mu', 'tu', 'al']","['mut', 'ual']",0.5,1.82e-05,"[26, 37, 15, 17, 3, 36, 3, 25]"
morrison,"['M', 'AO', 'R', 'IH', 'S', 'AH', 'N']","['mor', 'ris', 'on']","['m', 'orr', 'ison']",0.5,7.41e-06,"[26, 4, 30, 10, 31, 3, 27, 0]"
robbie,"['R', 'AA', 'B', 'IY']","['rob', 'bie']","['ro', 'bb', 'ie']",0.5,6.92e-06,"[30, 1, 16, 11, 0, 0, 0, 0]"
harris,"['HH', 'EH', 'R', 'IH', 'S']","['har', 'ris']","['h', 'arr', 'is']",0.5,2.75e-05,"[22, 7, 30, 10, 31, 0, 0, 0]"
syracuse,"['S', 'IH', 'R', 'AH', 'K', 'Y', 'UW', 'Z']","['syra', 'cuse']","['s', 'yr', 'ac', 'use']",0.5,4.17e-06,"[31, 10, 30, 3, 24, 37, 15, 38]"
medieval,"['M', 'IH', 'D', 'IY', 'V', 'AH', 'L']","['me', 'di', 'ev', 'al']","['med', 'ieval']",0.5,1.12e-05,"[26, 10, 18, 11, 35, 3, 25, 0]"
surrey,"['S', 'ER', 'IY']","['sur', 'rey']","['s', 'urre', 'y']",0.5,5.89e-06,"[31, 8, 11, 0, 0, 0, 0, 0]"
oregon,"['AO', 'R', 'AH', 'G', 'AH', 'N']","['ore', 'gon']","['or', 'eg', 'on']",0.5,2e-05,"[4, 30, 3, 21, 3, 27, 0, 0]"
honduras,"['HH', 'AA', 'N', 'D', 'UH', 'R', 'AH', 'S']","['hon', 'dur', 'as']","['h', 'ond', 'uras']",0.5,3.98e-06,"[22, 1, 27, 18, 14, 30, 3, 31]"
cambodia,"['K', 'AE', 'M', 'B', 'OW', 'D', 'IY', 'AH']","['cam', 'bod', 'ia']","['c', 'amb', 'odia']",0.5,5.13e-06,"[24, 2, 26, 16, 12, 18, 11, 3]"
surgical,"['S', 'ER', 'JH', 'IH', 'K', 'AH', 'L']","['sur', 'gic', 'al']","['s', 'urg', 'ical']",0.5,1.12e-05,"[31, 8, 23, 10, 24, 3, 25, 0]"
boston,"['B', 'AA', 'S', 'T', 'AH', 'N']","['bo', 'ston']","['b', 'ost', 'on']",0.5,4.68e-05,"[16, 1, 31, 33, 3, 27, 0, 0]"
hypothesis,"['HH', 'AY', 'P', 'AA', 'TH', 'AH', 'S', 'AH', 'S']","['hy', 'po', 'thes', 'is']","['h', 'ypoth', 'esis']",0.5,7.41e-06,"[22, 6, 29, 1, 34, 3, 31, 3]"
imperial,"['IH', 'M', 'P', 'IH', 'R', 'IY', 'AH', 'L']","['im', 'per', 'i', 'al']","['imp', 'erial']",0.5,1.62e-05,"[10, 26, 29, 10, 30, 11, 3, 25]"
pillow,"['P', 'IH', 'L', 'OW']","['pil', 'low']","['p', 'ill', 'ow']",0.5,9.12e-06,"[29, 10, 25, 12, 0, 0, 0, 0]"
easier,"['IY', 'Z', 'IY', 'ER']","['easi', 'er']","['e', 'as', 'ier']",0.5,5.75e-05,"[11, 38, 11, 8, 0, 0, 0, 0]"
dramatic,"['D', 'R', 'AH', 'M', 'AE', 'T', 'IH', 'K']","['dra', 'mat', 'ic']","['dr', 'am', 'atic']",0.5,2.57e-05,"[18, 30, 3, 26, 2, 33, 10, 24]"
bias,"['B', 'AY', 'AH', 'S']","['bi', 'as']","['b', 'ias']",0.5,1.51e-05,"[16, 6, 3, 31, 0, 0, 0, 0]"
focusing,"['F', 'OW', 'K', 'AH', 'S', 'IH', 'NG']","['fo', 'cus', 'ing']","['f', 'oc', 'using']",0.5,1.78e-05,"[20, 12, 24, 3, 31, 10, 28, 0]"
colonial,"['K', 'AH', 'L', 'OW', 'N', 'IY', 'AH', 'L']","['co', 'lo', 'ni', 'al']","['col', 'onial']",0.5,1.48e-05,"[24, 3, 25, 12, 27, 11, 3, 25]"
pursue,"['P', 'ER', 'S', 'UW']","['pur', 'sue']","['p', 'urs', 'ue']",0.5,1.82e-05,"[29, 8, 31, 15, 0, 0, 0, 0]"
eugene,"['Y', 'UW', 'JH', 'IY', 'N']","['eu', 'gene']","['e', 'ug', 'ene']",0.5,6.31e-06,"[37, 15, 23, 11, 27, 0, 0, 0]"
suzuki,"['S', 'AH', 'Z', 'UW', 'K', 'IY']","['su', 'zuki']","['s', 'uz', 'uki']",0.5,2.69e-06,"[31, 3, 38, 15, 24, 11, 0, 0]"
aboriginal,"['AE', 'B', 'ER', 'IH', 'JH', 'AH', 'N', 'AH', 'L']","['ab', 'ori', 'gin', 'al']","['abor', 'ig', 'inal']",0.5,6.03e-06,"[2, 16, 8, 10, 23, 3, 27, 3]"
dublin,"['D', 'AH', 'B', 'L', 'IH', 'N']","['dub', 'lin']","['d', 'ubl', 'in']",0.5,1.2e-05,"[18, 3, 16, 25, 10, 27, 0, 0]"
junior,"['JH', 'UW', 'N', 'Y', 'ER']","['ju', 'ni', 'or']","['jun', 'ior']",0.5,3.09e-05,"[23, 15, 27, 37, 8, 0, 0, 0]"
median,"['M', 'IY', 'D', 'IY', 'AH', 'N']","['me', 'di', 'an']","['med', 'ian']",0.5,1.12e-05,"[26, 11, 18, 11, 3, 27, 0, 0]"
championships,"['CH', 'AE', 'M', 'P', 'IY', 'AH', 'N', 'SH', 'IH', 'P', 'S']","['cham', 'pi', 'on', 'ships']","['champ', 'ions', 'hip', 's']",0.46153846153846156,1.07e-05,"[17, 2, 26, 29, 11, 3, 27, 32]"
architectural,"['AA', 'R', 'K', 'AH', 'T', 'EH', 'K', 'CH', 'ER', 'AH', 'L']","['ar', 'chi', 'tec', 'tur', 'al']","['arch', 'itect', 'ural']",0.46153846153846156,9.12e-06,"[1, 30, 24, 3, 33, 7, 24, 17]"
semiconductor,"['S', 'EH', 'M', 'IY', 'K', 'AH', 'N', 'D', 'AH', 'K', 'T', 'ER']","['semi', 'con', 'duct', 'or']","['sem', 'ic', 'ond', 'uctor']",0.46153846153846156,3.39e-06,"[31, 7, 26, 11, 24, 3, 27, 18]"
reliability,"['R', 'IY', 'L', 'AY', 'AH', 'B', 'IH', 'L', 'AH', 'T', 'IY']","['re', 'li', 'ab', 'il', 'ity']","['rel', 'iability']",0.45454545454545453,8.32e-06,"[30, 11, 25, 6, 3, 16, 10, 25]"
magnificent,"['M', 'AE', 'G', 'N', 'IH', 'F', 'AH', 'S', 'AH', 'N', 'T']","['mag', 'ni', 'fi', 'cent']","['magn', 'ific', 'ent']",0.45454545454545453,1.1e-05,"[26, 2, 21, 27, 10, 20, 3, 31]"
legislation,"['L', 'EH', 'JH', 'AH', 'S', 'L', 'EY', 'SH', 'AH', 'N']","['le', 'gis', 'la', 'tion']","['leg', 'isl', 'ation']",0.45454545454545453,3.55e-05,"[25, 7, 23, 3, 31, 25, 9, 32]"
individuals,"['IH', 'N', 'D', 'AH', 'V', 'IH', 'JH', 'AH', 'W', 'AH', 'L', 'Z']","['in', 'di', 'vidu', 'als']","['ind', 'ivid', 'uals']",0.45454545454545453,6.46e-05,"[10, 27, 18, 3, 35, 10, 23, 3]"
supervisors,"['S', 'UW', 'P', 'ER', 'V', 'AY', 'Z', 'ER', 'Z']","['su', 'per', 'visors']","['sup', 'erv', 'is', 'ors']",0.45454545454545453,3.72e-06,"[31, 15, 29, 8, 35, 6, 38, 8]"
celebration,"['S', 'EH', 'L', 'AH', 'B', 'R', 'EY', 'SH', 'AH', 'N']","['cel', 'eb', 'ra', 'tion']","['cele', 'br', 'ation']",0.45454545454545453,1.95e-05,"[31, 7, 25, 3, 16, 30, 9, 32]"
spectacular,"['S', 'P', 'EH', 'K', 'T', 'AE', 'K', 'Y', 'AH', 'L', 'ER']","['spec', 'tac', 'u', 'lar']","['sp', 'ect', 'acular']",0.45454545454545453,1.15e-05,"[31, 29, 7, 24, 33, 2, 24, 37]"
syndication,"['S', 'IH', 'N', 'D', 'IH', 'K', 'EY', 'SH', 'AH', 'N']","['syn', 'dic', 'a', 'tion']","['sy', 'nd', 'ication']",0.45454545454545453,6.31e-07,"[31, 10, 27, 18, 10, 24, 9, 32]"
challenging,"['CH', 'AE', 'L', 'AH', 'N', 'JH', 'IH', 'NG']","['chal', 'len', 'ging']","['ch', 'all', 'eng', 'ing']",0.45454545454545453,1.86e-05,"[17, 2, 25, 3, 27, 23, 10, 28]"
supervision,"['S', 'UW', 'P', 'ER', 'V', 'IH', 'ZH', 'AH', 'N']","['su', 'per', 'vi', 'sion']","['sup', 'erv', 'ision']",0.45454545454545453,8.71e-06,"[31, 15, 29, 8, 35, 10, 39, 3]"
legislative,"['L', 'EH', 'JH', 'AH', 'S', 'L', 'EY', 'T', 'IH', 'V']","['le', 'gis', 'lat', 'ive']","['leg', 'isl', 'ative']",0.45454545454545453,2.09e-05,"[25, 7, 23, 3, 31, 25, 9, 33]"
nutritional,"['N', 'UW', 'T', 'R', 'IH', 'SH', 'AH', 'N', 'AH', 'L']","['nu', 'tri', 'tion', 'al']","['nut', 'rit', 'ional']",0.45454545454545453,4.37e-06,"[27, 15, 33, 30, 10, 32, 3, 27]"
cholesterol,"['K', 'AH', 'L', 'EH', 'S', 'T', 'ER', 'AO', 'L']","['cho', 'les', 'ter', 'ol']","['ch', 'ol', 'esterol']",0.45454545454545453,5.25e-06,"[24, 3, 25, 7, 31, 33, 8, 4]"
inexpensive,"['IH', 'N', 'IH', 'K', 'S', 'P', 'EH', 'N', 'S', 'IH', 'V']","['in', 'ex', 'pens', 'ive']","['ine', 'xp', 'ensive']",0.45454545454545453,3.72e-06,"[10, 27, 10, 24, 31, 29, 7, 27]"
personnel,"['P', 'ER', 'S', 'AH', 'N', 'EH', 'L']","['per', 'son', 'nel']","['pers', 'onn', 'el']",0.4444444444444444,3.63e-05,"[29, 8, 31, 3, 27, 7, 25, 0]"
celebrate,"['S', 'EH', 'L', 'AH', 'B', 'R', 'EY', 'T']","['cel', 'eb', 'rate']","['cele', 'br', 'ate']",0.4444444444444444,3.09e-05,"[31, 7, 25, 3, 16, 30, 9, 33]"
materials,"['M', 'AH', 'T', 'IH', 'R', 'IY', 'AH', 'L', 'Z']","['ma', 'ter', 'i', 'als']","['m', 'aterials']",0.4444444444444444,6.03e-05,"[26, 3, 33, 10, 30, 11, 3, 25]"
fingering,"['F', 'IH', 'NG', 'G', 'ER', 'IH', 'NG']","['fin', 'ger', 'ing']","['f', 'ing', 'ering']",0.4444444444444444,1.07e-06,"[20, 10, 28, 21, 8, 10, 28, 0]"
syndicate,"['S', 'IH', 'N', 'D', 'IH', 'K', 'AH', 'T']","['syn', 'dic', 'ate']","['sy', 'nd', 'icate']",0.4444444444444444,3.24e-06,"[31, 10, 27, 18, 10, 24, 3, 33]"
satisfied,"['S', 'AE', 'T', 'AH', 'S', 'F', 'AY', 'D']","['sat', 'is', 'fied']","['s', 'atisf', 'ied']",0.4444444444444444,1.91e-05,"[31, 2, 33, 3, 31, 20, 6, 18]"
amplifier,"['AE', 'M', 'P', 'L', 'AH', 'F', 'AY', 'ER']","['amp', 'li', 'fi', 'er']","['ampl', 'ifier']",0.4444444444444444,2.82e-06,"[2, 26, 29, 25, 3, 20, 6, 8]"
fantastic,"['F', 'AE', 'N', 'T', 'AE', 'S', 'T', 'IH', 'K']","['fant', 'ast', 'ic']","['f', 'antas', 'tic']",0.4444444444444444,5.13e-05,"[20, 2, 27, 33, 2, 31, 33, 10]"
henderson,"['HH', 'EH', 'N', 'D', 'ER', 'S', 'AH', 'N']","['hende', 'r', 'son']","['h', 'end', 'erson']",0.4444444444444444,8.51e-06,"[22, 7, 27, 18, 8, 31, 3, 27]"
municipal,"['M', 'Y', 'UW', 'N', 'IH', 'S', 'AH', 'P', 'AH', 'L']","['mu', 'ni', 'cip', 'al']","['m', 'unicipal']",0.4444444444444444,1.74e-05,"[26, 37, 15, 27, 10, 31, 3, 29]"
numerical,"['N', 'UW', 'M', 'EH', 'R', 'AH', 'K', 'AH', 'L']","['nu', 'mer', 'ic', 'al']","['num', 'erical']",0.4444444444444444,4.47e-06,"[27, 15, 26, 7, 30, 3, 24, 3]"
attorneys,"['AH', 'T', 'ER', 'N', 'IY', 'Z']","['at', 'tor', 'neys']","['att', 'orne', 'ys']",0.4444444444444444,1.02e-05,"[3, 33, 8, 27, 11, 38, 0, 0]"
suffering,"['S', 'AH', 'F', 'ER', 'IH', 'NG']","['suf', 'fer', 'ing']","['s', 'uff', 'ering']",0.4444444444444444,3.39e-05,"[31, 3, 20, 8, 10, 28, 0, 0]"
suggested,"['S', 'AH', 'G', 'JH', 'EH', 'S', 'T', 'AH', 'D']","['sug', 'ges', 'ted']","['s', 'ugg', 'ested']",0.4444444444444444,4.79e-05,"[31, 3, 21, 23, 7, 31, 33, 3]"
jefferson,"['JH', 'EH', 'F', 'ER', 'S', 'AH', 'N']","['jef', 'fer', 'son']","['je', 'ff', 'erson']",0.4444444444444444,1e-05,"[23, 7, 20, 8, 31, 3, 27, 0]"
wondering,"['W', 'AH', 'N', 'D', 'ER', 'IH', 'NG']","['won', 'der', 'ing']","['w', 'ond', 'ering']",0.4444444444444444,3.39e-05,"[36, 3, 27, 18, 8, 10, 28, 0]"
bulgarian,"['B', 'AH', 'L', 'G', 'EH', 'R', 'IY', 'AH', 'N']","['bul', 'gari', 'an']","['b', 'ulg', 'arian']",0.4444444444444444,6.46e-06,"[16, 3, 25, 21, 7, 30, 11, 3]"
happening,"['HH', 'AE', 'P', 'AH', 'N', 'IH', 'NG']","['hap', 'pen', 'ing']","['h', 'app', 'ening']",0.4444444444444444,6.31e-05,"[22, 2, 29, 3, 27, 10, 28, 0]"
watershed,"['W', 'AO', 'T', 'ER', 'SH', 'EH', 'D']","['wa', 'ter', 'shed']","['wat', 'ersh', 'ed']",0.4444444444444444,3.39e-06,"[36, 4, 33, 8, 32, 7, 18, 0]"
volunteer,"['V', 'AA', 'L', 'AH', 'N', 'T', 'IH', 'R']","['vo', 'lun', 'teer']","['vol', 'unte', 'er']",0.4444444444444444,1.91e-05,"[35, 1, 25, 3, 27, 33, 10, 30]"
recycling,"['R', 'IY', 'S', 'AY', 'K', 'AH', 'L', 'IH', 'NG']","['re', 'cyc', 'ling']","['rec', 'ycl', 'ing']",0.4444444444444444,5.75e-06,"[30, 11, 31, 6, 24, 3, 25, 10]"
tutorials,"['T', 'UW', 'T', 'AO', 'R', 'IY', 'AH', 'L', 'Z']","['tu', 'tori', 'als']","['t', 'utorial', 's']",0.4444444444444444,2.88e-06,"[33, 15, 33, 4, 30, 11, 3, 25]"
elevation,"['EH', 'L', 'AH', 'V', 'EY', 'SH', 'AH', 'N']","['el', 'ev', 'a', 'tion']","['ele', 'vation']",0.4444444444444444,7.94e-06,"[7, 25, 3, 35, 9, 32, 3, 27]"
maternity,"['M', 'AH', 'T', 'ER', 'N', 'IH', 'T', 'IY']","['ma', 'ter', 'nity']","['mat', 'ern', 'ity']",0.4444444444444444,4.57e-06,"[26, 3, 33, 8, 27, 10, 33, 11]"
synthetic,"['S', 'IH', 'N', 'TH', 'EH', 'T', 'IH', 'K']","['syn', 'thet', 'ic']","['s', 'ynth', 'etic']",0.4444444444444444,8.91e-06,"[31, 10, 27, 34, 7, 33, 10, 24]"
liability,"['L', 'AY', 'AH', 'B', 'IH', 'L', 'IH', 'T', 'IY']","['li', 'ab', 'il', 'ity']","['l', 'iability']",0.4444444444444444,1.45e-05,"[25, 6, 3, 16, 10, 25, 10, 33]"
cognitive,"['K', 'AA', 'G', 'N', 'IH', 'T', 'IH', 'V']","['cog', 'nit', 'ive']","['c', 'ogn', 'itive']",0.4444444444444444,1.29e-05,"[24, 1, 21, 27, 10, 33, 10, 35]"
happiness,"['HH', 'AE', 'P', 'IY', 'N', 'AH', 'S']","['hap', 'pi', 'ness']","['h', 'app', 'iness']",0.4444444444444444,2.75e-05,"[22, 2, 29, 11, 27, 3, 31, 0]"
narrative,"['N', 'AE', 'R', 'AH', 'T', 'IH', 'V']","['nar', 'rat', 'ive']","['n', 'arr', 'ative']",0.4444444444444444,2.45e-05,"[27, 2, 30, 3, 33, 10, 35, 0]"
protocols,"['P', 'R', 'OW', 'T', 'AH', 'K', 'AO', 'L', 'Z']","['pro', 'to', 'cols']","['prot', 'oc', 'ols']",0.4444444444444444,5.75e-06,"[29, 30, 12, 33, 3, 24, 4, 25]"
cleveland,"['K', 'L', 'IY', 'V', 'L', 'AH', 'N', 'D']","['clev', 'e', 'land']","['cle', 'vel', 'and']",0.4444444444444444,1.86e-05,"[24, 25, 11, 35, 25, 3, 27, 18]"
sacrifice,"['S', 'AE', 'K', 'R', 'AH', 'F', 'AY', 'S']","['sac', 'ri', 'fice']","['s', 'acr', 'ifice']",0.4444444444444444,1.95e-05,"[31, 2, 24, 30, 3, 20, 6, 31]"
genetic,"['JH', 'AH', 'N', 'EH', 'T', 'IH', 'K']","['ge', 'net', 'ic']","['gen', 'etic']",0.42857142857142855,2.19e-05,"[23, 3, 27, 7, 33, 10, 24, 0]"
existed,"['IH', 'G', 'Z', 'IH', 'S', 'T', 'AH', 'D']","['ex', 'is', 'ted']","['exist', 'ed']",0.42857142857142855,1.95e-05,"[10, 21, 38, 10, 31, 33, 3, 18]"
hormone,"['HH', 'AO', 'R', 'M', 'OW', 'N']","['hor', 'mone']","['h', 'orm', 'one']",0.42857142857142855,6.61e-06,"[22, 4, 30, 26, 12, 27, 0, 0]"
bennett,"['B', 'EH', 'N', 'AH', 'T']","['ben', 'nett']","['b', 'enn', 'ett']",0.42857142857142855,1.07e-05,"[16, 7, 27, 3, 33, 0, 0, 0]"
belarus,"['B', 'EH', 'L', 'AA', 'R', 'AH', 'S']","['be', 'larus']","['b', 'elar', 'us']",0.42857142857142855,2.88e-06,"[16, 7, 25, 1, 30, 3, 31, 0]"
custody,"['K', 'AH', 'S', 'T', 'AH', 'D', 'IY']","['cus', 'tody']","['c', 'ust', 'ody']",0.42857142857142855,1.66e-05,"[24, 3, 31, 33, 3, 18, 11, 0]"
october,"['AA', 'K', 'T', 'OW', 'B', 'ER']","['oc', 'to', 'ber']","['oct', 'ober']",0.42857142857142855,0.000129,"[1, 24, 33, 12, 16, 8, 0, 0]"
cardiovascular,"['K', 'AA', 'R', 'D', 'IY', 'OW', 'V', 'AE', 'S', 'K', 'Y', 'AH', 'L', 'ER']","['car', 'di', 'ovas', 'cu', 'lar']","['card', 'io', 'vascular']",0.42857142857142855,4.79e-06,"[24, 1, 30, 18, 11, 12, 35, 2]"
happens,"['HH', 'AE', 'P', 'AH', 'N', 'Z']","['hap', 'pens']","['h', 'app', 'ens']",0.42857142857142855,9.12e-05,"[22, 2, 29, 3, 27, 38, 0, 0]"
baskets,"['B', 'AE', 'S', 'K', 'AH', 'T', 'S']","['bas', 'kets']","['b', 'ask', 'ets']",0.42857142857142855,2.82e-06,"[16, 2, 31, 24, 3, 33, 31, 0]"
warrior,"['W', 'AO', 'R', 'IY', 'ER']","['war', 'ri', 'or']","['w', 'arrior']",0.42857142857142855,1.45e-05,"[36, 4, 30, 11, 8, 0, 0, 0]"
russian,"['R', 'AH', 'SH', 'AH', 'N']","['rus', 'si', 'an']","['r', 'ussian']",0.42857142857142855,0.000102,"[30, 3, 32, 3, 27, 0, 0, 0]"
zealand,"['Z', 'IY', 'L', 'AH', 'N', 'D']","['zea', 'l', 'and']","['ze', 'aland']",0.42857142857142855,3.16e-05,"[38, 11, 25, 3, 27, 18, 0, 0]"
jeffrey,"['JH', 'EH', 'F', 'R', 'IY']","['jef', 'frey']","['je', 'ff', 'rey']",0.42857142857142855,7.94e-06,"[23, 7, 20, 30, 11, 0, 0, 0]"
triumph,"['T', 'R', 'AY', 'AH', 'M', 'F']","['tri', 'umph']","['tr', 'ium', 'ph']",0.42857142857142855,9.12e-06,"[33, 30, 6, 3, 26, 20, 0, 0]"
crucial,"['K', 'R', 'UW', 'SH', 'AH', 'L']","['cru', 'cial']","['cr', 'uc', 'ial']",0.42857142857142855,1.91e-05,"[24, 30, 15, 32, 3, 25, 0, 0]"
acrylic,"['AH', 'K', 'R', 'IH', 'L', 'IH', 'K']","['ac', 'ryl', 'ic']","['acry', 'lic']",0.42857142857142855,2.63e-06,"[3, 24, 30, 10, 25, 10, 24, 0]"
anaheim,"['AE', 'N', 'AH', 'HH', 'AY', 'M']","['ana', 'heim']","['an', 'ahe', 'im']",0.42857142857142855,2.88e-06,"[2, 27, 3, 22, 6, 26, 0, 0]"
vessels,"['V', 'EH', 'S', 'AH', 'L', 'Z']","['ves', 'sels']","['v', 'ess', 'els']",0.42857142857142855,1.58e-05,"[35, 7, 31, 3, 25, 38, 0, 0]"
expedia,"['EH', 'K', 'S', 'P', 'IY', 'D', 'IY', 'AH']","['ex', 'pe', 'dia']","['exp', 'edia']",0.42857142857142855,4.17e-07,"[7, 24, 31, 29, 11, 18, 11, 3]"
vampire,"['V', 'AE', 'M', 'P', 'AY', 'R']","['vam', 'pire']","['v', 'amp', 'ire']",0.42857142857142855,1.07e-05,"[35, 2, 26, 29, 6, 30, 0, 0]"
stadium,"['S', 'T', 'EY', 'D', 'IY', 'AH', 'M']","['sta', 'di', 'um']","['st', 'adium']",0.42857142857142855,4.27e-05,"[31, 33, 9, 18, 11, 3, 26, 0]"
mistake,"['M', 'IH', 'S', 'T', 'EY', 'K']","['mis', 'take']","['m', 'ist', 'ake']",0.42857142857142855,4.68e-05,"[26, 10, 31, 33, 9, 24, 0, 0]"
museums,"['M', 'Y', 'UW', 'Z', 'IY', 'AH', 'M', 'Z']","['mu', 'seums']","['m', 'use', 'ums']",0.42857142857142855,7.76e-06,"[26, 37, 15, 38, 11, 3, 26, 38]"
logical,"['L', 'AA', 'JH', 'IH', 'K', 'AH', 'L']","['lo', 'gic', 'al']","['log', 'ical']",0.42857142857142855,1.38e-05,"[25, 1, 23, 10, 24, 3, 25, 0]"
olympus,"['OW', 'L', 'IH', 'M', 'P', 'AH', 'S']","['olym', 'pus']","['oly', 'mp', 'us']",0.42857142857142855,1.78e-06,"[12, 25, 10, 26, 29, 3, 31, 0]"
luggage,"['L', 'AH', 'G', 'AH', 'JH']","['lug', 'gage']","['l', 'ugg', 'age']",0.42857142857142855,6.31e-06,"[25, 3, 21, 3, 23, 0, 0, 0]"
kenneth,"['K', 'EH', 'N', 'IH', 'TH']","['ken', 'neth']","['k', 'enn', 'eth']",0.42857142857142855,7.94e-06,"[24, 7, 27, 10, 34, 0, 0, 0]"
lawsuit,"['L', 'AO', 'S', 'UW', 'T']","['law', 'suit']","['la', 'ws', 'uit']",0.42857142857142855,1.23e-05,"[25, 4, 31, 15, 33, 0, 0, 0]"
anxiety,"['AE', 'NG', 'Z', 'AY', 'AH', 'T', 'IY']","['anxi', 'ety']","['an', 'x', 'iety']",0.42857142857142855,2.82e-05,"[2, 28, 38, 6, 3, 33, 11, 0]"
fingers,"['F', 'IH', 'NG', 'G', 'ER', 'Z']","['fin', 'gers']","['f', 'ing', 'ers']",0.42857142857142855,3.16e-05,"[20, 10, 28, 21, 8, 38, 0, 0]"
justify,"['JH', 'AH', 'S', 'T', 'AH', 'F', 'AY']","['jus', 'ti', 'fy']","['just', 'ify']",0.42857142857142855,1.38e-05,"[23, 3, 31, 33, 3, 20, 6, 0]"
tobacco,"['T', 'AH', 'B', 'AE', 'K', 'OW']","['to', 'bacco']","['t', 'ob', 'acco']",0.42857142857142855,1.55e-05,"[33, 3, 16, 2, 24, 12, 0, 0]"
pursuit,"['P', 'ER', 'S', 'UW', 'T']","['pur', 'suit']","['p', 'urs', 'uit']",0.42857142857142855,1.32e-05,"[29, 8, 31, 15, 33, 0, 0, 0]"
laundry,"['L', 'AO', 'N', 'D', 'R', 'IY']","['laun', 'dry']","['la', 'und', 'ry']",0.42857142857142855,1.15e-05,"[25, 4, 27, 18, 30, 11, 0, 0]"
revenue,"['R', 'EH', 'V', 'AH', 'N', 'UW']","['rev', 'en', 'ue']","['re', 'venue']",0.42857142857142855,4.37e-05,"[30, 7, 35, 3, 27, 15, 0, 0]"
antigua,"['AE', 'N', 'T', 'IY', 'G', 'W', 'AH']","['an', 'ti', 'gua']","['ant', 'igua']",0.42857142857142855,1.2e-06,"[2, 27, 33, 11, 21, 36, 3, 0]"
pentium,"['P', 'EH', 'N', 'T', 'IY', 'AH', 'M']","['pen', 'ti', 'um']","['pent', 'ium']",0.42857142857142855,5.75e-07,"[29, 7, 27, 33, 11, 3, 26, 0]"
jamaica,"['JH', 'AH', 'M', 'EY', 'K', 'AH']","['ja', 'maica']","['j', 'ama', 'ica']",0.42857142857142855,8.32e-06,"[23, 3, 26, 9, 24, 3, 0, 0]"
holland,"['HH', 'AA', 'L', 'AH', 'N', 'D']","['hol', 'land']","['h', 'oll', 'and']",0.42857142857142855,1.26e-05,"[22, 1, 25, 3, 27, 18, 0, 0]"
deliver,"['D', 'IH', 'L', 'IH', 'V', 'ER']","['de', 'liv', 'er']","['del', 'iver']",0.42857142857142855,3.55e-05,"[18, 10, 25, 10, 35, 8, 0, 0]"
indiana,"['IH', 'N', 'D', 'IY', 'AE', 'N', 'AH']","['in', 'di', 'ana']","['ind', 'iana']",0.42857142857142855,2.04e-05,"[10, 27, 18, 11, 2, 27, 3, 0]"
bahamas,"['B', 'AH', 'HH', 'AA', 'M', 'AH', 'Z']","['ba', 'hamas']","['b', 'aham', 'as']",0.42857142857142855,3.39e-06,"[16, 3, 22, 1, 26, 3, 38, 0]"
nuclear,"['N', 'UW', 'K', 'L', 'IY', 'ER']","['nuc', 'le', 'ar']","['n', 'uclear']",0.42857142857142855,5.37e-05,"[27, 15, 24, 25, 11, 8, 0, 0]"
focuses,"['F', 'OW', 'K', 'AH', 'S', 'IH', 'Z']","['fo', 'cuses']","['f', 'oc', 'uses']",0.42857142857142855,1.2e-05,"[20, 12, 24, 3, 31, 10, 38, 0]"
william,"['W', 'IH', 'L', 'Y', 'AH', 'M']","['wil', 'li', 'am']","['will', 'iam']",0.42857142857142855,7.59e-05,"[36, 10, 25, 37, 3, 26, 0, 0]"
musical,"['M', 'Y', 'UW', 'Z', 'IH', 'K', 'AH', 'L']","['mu', 'sic', 'al']","['mus', 'ical']",0.42857142857142855,3.24e-05,"[26, 37, 15, 38, 10, 24, 3, 25]"
disease,"['D', 'IH', 'Z', 'IY', 'Z']","['dis', 'ease']","['d', 'ise', 'ase']",0.42857142857142855,7.94e-05,"[18, 10, 38, 11, 38, 0, 0, 0]"
vaccine,"['V', 'AE', 'K', 'S', 'IY', 'N']","['vac', 'cine']","['v', 'acc', 'ine']",0.42857142857142855,1e-05,"[35, 2, 24, 31, 11, 27, 0, 0]"
magical,"['M', 'AE', 'JH', 'IH', 'K', 'AH', 'L']","['ma', 'gic', 'al']","['mag', 'ical']",0.42857142857142855,1.66e-05,"[26, 2, 23, 10, 24, 3, 25, 0]"
hamburg,"['HH', 'AE', 'M', 'B', 'ER', 'G']","['ham', 'burg']","['h', 'amb', 'urg']",0.42857142857142855,4.17e-06,"[22, 2, 26, 16, 8, 21, 0, 0]"
follows,"['F', 'AA', 'L', 'OW', 'Z']","['fol', 'lows']","['f', 'oll', 'ows']",0.42857142857142855,6.46e-05,"[20, 1, 25, 12, 38, 0, 0, 0]"
estonia,"['EH', 'S', 'T', 'OW', 'N', 'IY', 'AH']","['es', 'to', 'nia']","['est', 'onia']",0.42857142857142855,3.02e-06,"[7, 31, 33, 12, 27, 11, 3, 0]"
moldova,"['M', 'OW', 'L', 'D', 'OW', 'V', 'AH']","['mol', 'dova']","['m', 'old', 'ova']",0.42857142857142855,1.48e-06,"[26, 12, 25, 18, 12, 35, 3, 0]"
torture,"['T', 'AO', 'R', 'CH', 'ER']","['tor', 'ture']","['t', 'ort', 'ure']",0.42857142857142855,1.41e-05,"[33, 4, 30, 17, 8, 0, 0, 0]"
abraham,"['EY', 'B', 'R', 'AH', 'HH', 'AE', 'M']","['ab', 'ra', 'ham']","['abr', 'aham']",0.42857142857142855,9.55e-06,"[9, 16, 30, 3, 22, 2, 26, 0]"
antonio,"['AE', 'N', 'T', 'OW', 'N', 'IY', 'OW']","['ant', 'o', 'nio']","['anton', 'io']",0.42857142857142855,1.48e-05,"[2, 27, 33, 12, 27, 11, 12, 0]"
anatomy,"['AH', 'N', 'AE', 'T', 'AH', 'M', 'IY']","['ana', 'tomy']","['an', 'atom', 'y']",0.42857142857142855,8.71e-06,"[3, 27, 2, 33, 3, 26, 11, 0]"
adapted,"['AH', 'D', 'AE', 'P', 'T', 'AH', 'D']","['ad', 'ap', 'ted']","['adapt', 'ed']",0.42857142857142855,1.48e-05,"[3, 18, 2, 29, 33, 3, 18, 0]"
hottest,"['HH', 'AA', 'T', 'AH', 'S', 'T']","['hot', 'test']","['h', 'ott', 'est']",0.42857142857142855,7.94e-06,"[22, 1, 33, 3, 31, 33, 0, 0]"
elderly,"['EH', 'L', 'D', 'ER', 'L', 'IY']","['eld', 'erly']","['el', 'der', 'ly']",0.42857142857142855,1.41e-05,"[7, 25, 18, 8, 25, 11, 0, 0]"
illegal,"['IH', 'L', 'IY', 'G', 'AH', 'L']","['il', 'leg', 'al']","['ille', 'gal']",0.42857142857142855,4.79e-05,"[10, 25, 11, 21, 3, 25, 0, 0]"
guitars,"['G', 'IH', 'T', 'AA', 'R', 'Z']","['gui', 'tars']","['gu', 'itar', 's']",0.42857142857142855,4.47e-06,"[21, 10, 33, 1, 30, 38, 0, 0]"
diploma,"['D', 'IH', 'P', 'L', 'OW', 'M', 'AH']","['dip', 'loma']","['d', 'ipl', 'oma']",0.42857142857142855,5.75e-06,"[18, 10, 29, 25, 12, 26, 3, 0]"
funeral,"['F', 'Y', 'UW', 'N', 'ER', 'AH', 'L']","['fu', 'ner', 'al']","['fun', 'eral']",0.42857142857142855,2.34e-05,"[20, 37, 15, 27, 8, 3, 25, 0]"
cartoon,"['K', 'AA', 'R', 'T', 'UW', 'N']","['car', 'toon']","['c', 'arto', 'on']",0.42857142857142855,1.2e-05,"[24, 1, 30, 33, 15, 27, 0, 0]"
bargain,"['B', 'AA', 'R', 'G', 'AH', 'N']","['bar', 'gain']","['b', 'arg', 'ain']",0.42857142857142855,8.91e-06,"[16, 1, 30, 21, 3, 27, 0, 0]"
mystery,"['M', 'IH', 'S', 'T', 'ER', 'IY']","['mys', 'tery']","['m', 'yst', 'ery']",0.42857142857142855,2.82e-05,"[26, 10, 31, 33, 8, 11, 0, 0]"
russell,"['R', 'AH', 'S', 'AH', 'L']","['rus', 'sell']","['r', 'uss', 'ell']",0.42857142857142855,2.14e-05,"[30, 3, 31, 3, 25, 0, 0, 0]"
fabrics,"['F', 'AE', 'B', 'R', 'IH', 'K', 'S']","['fab', 'rics']","['f', 'abr', 'ics']",0.42857142857142855,3.8e-06,"[20, 2, 16, 30, 10, 24, 31, 0]"
trustee,"['T', 'R', 'AH', 'S', 'T', 'IY']","['trust', 'ee']","['tr', 'uste', 'e']",0.42857142857142855,4.79e-06,"[33, 30, 3, 31, 33, 11, 0, 0]"
elegant,"['EH', 'L', 'AH', 'G', 'AH', 'N', 'T']","['el', 'eg', 'ant']","['ele', 'gant']",0.42857142857142855,8.91e-06,"[7, 25, 3, 21, 3, 27, 33, 0]"
nigeria,"['N', 'AY', 'JH', 'IH', 'R', 'IY', 'AH']","['ni', 'ger', 'ia']","['nig', 'eria']",0.42857142857142855,2.14e-05,"[27, 6, 23, 10, 30, 11, 3, 0]"
removal,"['R', 'IH', 'M', 'UW', 'V', 'AH', 'L']","['re', 'mov', 'al']","['rem', 'oval']",0.42857142857142855,2.24e-05,"[30, 10, 26, 15, 35, 3, 25, 0]"
georgia,"['JH', 'AO', 'R', 'JH', 'AH']","['geor', 'gia']","['ge', 'org', 'ia']",0.42857142857142855,2.88e-05,"[23, 4, 30, 23, 3, 0, 0, 0]"
norfolk,"['N', 'AO', 'R', 'F', 'AH', 'K']","['nor', 'folk']","['n', 'orf', 'olk']",0.42857142857142855,6.92e-06,"[27, 4, 30, 20, 3, 24, 0, 0]"
belfast,"['B', 'EH', 'L', 'F', 'AE', 'S', 'T']","['bel', 'fast']","['b', 'elf', 'ast']",0.42857142857142855,7.59e-06,"[16, 7, 25, 20, 2, 31, 33, 0]"
jessica,"['JH', 'EH', 'S', 'IH', 'K', 'AH']","['jes', 'sica']","['j', 'ess', 'ica']",0.42857142857142855,1.48e-05,"[23, 7, 31, 10, 24, 3, 0, 0]"
individually,"['IH', 'N', 'D', 'IH', 'V', 'IH', 'JH', 'UW', 'AH', 'L', 'IY']","['in', 'di', 'vidu', 'ally']","['ind', 'ivid', 'ually']",0.4166666666666667,7.94e-06,"[10, 27, 18, 10, 35, 10, 23, 15]"
dramatically,"['D', 'R', 'AH', 'M', 'AE', 'T', 'IH', 'K', 'L', 'IY']","['dra', 'mat', 'ic', 'ally']","['dr', 'am', 'atically']",0.4166666666666667,8.91e-06,"[18, 30, 3, 26, 2, 33, 10, 24]"
occupational,"['AA', 'K', 'Y', 'AH', 'P', 'EY', 'SH', 'AH', 'N', 'AH', 'L']","['oc', 'cu', 'pa', 'tion', 'al']","['occup', 'ational']",0.4166666666666667,5.25e-06,"[1, 24, 37, 3, 29, 9, 32, 3]"
confidential,"['K', 'AA', 'N', 'F', 'AH', 'D', 'EH', 'N', 'SH', 'AH', 'L']","['con', 'fid', 'en', 'tial']","['conf', 'ident', 'ial']",0.4166666666666667,7.94e-06,"[24, 1, 27, 20, 3, 18, 7, 27]"
cancellation,"['K', 'AE', 'N', 'S', 'AH', 'L', 'EY', 'SH', 'AH', 'N']","['can', 'cel', 'la', 'tion']","['c', 'anc', 'ellation']",0.4166666666666667,5.75e-06,"[24, 2, 27, 31, 3, 25, 9, 32]"
reservations,"['R', 'EH', 'Z', 'ER', 'V', 'EY', 'SH', 'AH', 'N', 'Z']","['re', 'ser', 'va', 'tions']","['res', 'erv', 'ations']",0.4166666666666667,6.17e-06,"[30, 7, 38, 8, 35, 9, 32, 3]"
testimonials,"['T', 'EH', 'S', 'T', 'AH', 'M', 'OW', 'N', 'IY', 'AH', 'L', 'Z']","['testi', 'mo', 'ni', 'als']","['test', 'imon', 'ials']",0.4166666666666667,7.94e-07,"[33, 7, 31, 33, 3, 26, 12, 27]"
encyclopedia,"['IH', 'N', 'S', 'AY', 'K', 'L', 'AH', 'P', 'IY', 'D', 'IY', 'AH']","['en', 'cyc', 'lo', 'pe', 'dia']","['encycl', 'opedia']",0.4166666666666667,3.31e-06,"[10, 27, 31, 6, 24, 25, 3, 29]"
championship,"['CH', 'AE', 'M', 'P', 'IY', 'AH', 'N', 'SH', 'IH', 'P']","['cham', 'pi', 'on', 'ship']","['champ', 'ions', 'hip']",0.4166666666666667,3.47e-05,"[17, 2, 26, 29, 11, 3, 27, 32]"
intellectual,"['IH', 'N', 'T', 'AH', 'L', 'EH', 'K', 'CH', 'UW', 'AH', 'L']","['in', 'tel', 'lec', 'tu', 'al']","['int', 'ellectual']",0.4166666666666667,2e-05,"[10, 27, 33, 3, 25, 7, 24, 17]"
millennium,"['M', 'AH', 'L', 'EH', 'N', 'IY', 'AH', 'M']","['mil', 'len', 'ni', 'um']","['mill', 'ennium']",0.4,5.01e-06,"[26, 3, 25, 7, 27, 11, 3, 26]"
johns,"['JH', 'AA', 'N', 'Z']",['johns'],"['jo', 'h', 'ns']",0.4,6.92e-06,"[23, 1, 27, 38, 0, 0, 0, 0]"
casio,"['K', 'AE', 'S', 'IY', 'OW']","['ca', 'sio']","['cas', 'io']",0.4,5.37e-07,"[24, 2, 31, 11, 12, 0, 0, 0]"
volkswagen,"['V', 'OW', 'L', 'K', 'S', 'W', 'AE', 'G', 'AH', 'N']","['volk', 'swa', 'gen']","['vol', 'ks', 'wagen']",0.4,3.16e-06,"[35, 12, 25, 24, 31, 36, 2, 21]"
tiger,"['T', 'AY', 'G', 'ER']","['ti', 'ger']","['t', 'iger']",0.4,2e-05,"[33, 6, 21, 8, 0, 0, 0, 0]"
julia,"['JH', 'UW', 'L', 'Y', 'AH']","['ju', 'lia']","['j', 'ulia']",0.4,1.32e-05,"[23, 15, 25, 37, 3, 0, 0, 0]"
focal,"['F', 'OW', 'K', 'AH', 'L']","['fo', 'cal']","['f', 'ocal']",0.4,4.68e-06,"[20, 12, 24, 3, 25, 0, 0, 0]"
ultimately,"['AH', 'L', 'T', 'AH', 'M', 'AH', 'T', 'L', 'IY']","['ul', 'ti', 'mately']","['ult', 'imat', 'ely']",0.4,3.72e-05,"[3, 25, 33, 3, 26, 3, 33, 25]"
ambassador,"['AE', 'M', 'B', 'AE', 'S', 'AH', 'D', 'ER']","['am', 'bas', 'sad', 'or']","['amb', 'assador']",0.4,2.24e-05,"[2, 26, 16, 2, 31, 3, 18, 8]"
roman,"['R', 'OW', 'M', 'AH', 'N']","['ro', 'man']","['rom', 'an']",0.4,3.16e-05,"[30, 12, 26, 3, 27, 0, 0, 0]"
eddie,"['EH', 'D', 'IY']","['ed', 'die']","['edd', 'ie']",0.4,1.38e-05,"[7, 18, 11, 0, 0, 0, 0, 0]"
analytical,"['AE', 'N', 'AH', 'L', 'IH', 'T', 'IH', 'K', 'AH', 'L']","['ana', 'lyt', 'ic', 'al']","['analy', 'tical']",0.4,5.37e-06,"[2, 27, 3, 25, 10, 33, 10, 24]"
relax,"['R', 'IH', 'L', 'AE', 'K', 'S']","['re', 'lax']","['rela', 'x']",0.4,1.95e-05,"[30, 10, 25, 2, 24, 31, 0, 0]"
sparc,"['S', 'P', 'AA', 'R', 'K']",['sparc'],"['s', 'par', 'c']",0.4,1.95e-07,"[31, 29, 1, 30, 24, 0, 0, 0]"
mechanical,"['M', 'AH', 'K', 'AE', 'N', 'IH', 'K', 'AH', 'L']","['mech', 'an', 'ic', 'al']","['m', 'echanical']",0.4,2.14e-05,"[26, 3, 24, 2, 27, 10, 24, 3]"
lemon,"['L', 'EH', 'M', 'AH', 'N']","['lem', 'on']","['le', 'mon']",0.4,1.26e-05,"[25, 7, 26, 3, 27, 0, 0, 0]"
biological,"['B', 'AY', 'AH', 'L', 'AA', 'JH', 'IH', 'K', 'AH', 'L']","['bio', 'lo', 'gic', 'al']","['bi', 'ological']",0.4,2.04e-05,"[16, 6, 3, 25, 1, 23, 10, 24]"
lucia,"['L', 'UW', 'SH', 'AH']","['lu', 'cia']","['luc', 'ia']",0.4,2.82e-06,"[25, 15, 32, 3, 0, 0, 0, 0]"
dying,"['D', 'AY', 'IH', 'NG']","['dy', 'ing']","['d', 'ying']",0.4,4.27e-05,"[18, 6, 10, 28, 0, 0, 0, 0]"
encryption,"['EH', 'N', 'K', 'R', 'IH', 'P', 'SH', 'AH', 'N']","['en', 'cryp', 'tion']","['enc', 'ry', 'ption']",0.4,3.63e-06,"[7, 27, 24, 30, 10, 29, 32, 3]"
attempting,"['AH', 'T', 'EH', 'M', 'P', 'T', 'IH', 'NG']","['at', 'tempt', 'ing']","['att', 'emp', 'ting']",0.4,1.86e-05,"[3, 33, 7, 26, 29, 33, 10, 28]"
vocal,"['V', 'OW', 'K', 'AH', 'L']","['vo', 'cal']","['v', 'ocal']",0.4,1.45e-05,"[35, 12, 24, 3, 25, 0, 0, 0]"
provincial,"['P', 'R', 'AH', 'V', 'IH', 'N', 'SH', 'AH', 'L']","['pro', 'vin', 'cial']","['prov', 'inc', 'ial']",0.4,1.2e-05,"[29, 30, 3, 35, 10, 27, 32, 3]"
cartridges,"['K', 'AA', 'R', 'T', 'R', 'AH', 'JH', 'AH', 'Z']","['cart', 'ridges']","['car', 'tr', 'id', 'ges']",0.4,2.57e-06,"[24, 1, 30, 33, 30, 3, 23, 3]"
diane,"['D', 'AY', 'AE', 'N']","['di', 'ane']","['d', 'iane']",0.4,6.76e-06,"[18, 6, 2, 27, 0, 0, 0, 0]"
cedar,"['S', 'IY', 'D', 'ER']","['ce', 'dar']","['ced', 'ar']",0.4,5.75e-06,"[31, 11, 18, 8, 0, 0, 0, 0]"
davis,"['D', 'EY', 'V', 'AH', 'S']","['dav', 'is']","['d', 'avis']",0.4,3.09e-05,"[18, 9, 35, 3, 31, 0, 0, 0]"
lotus,"['L', 'OW', 'T', 'AH', 'S']","['lo', 'tus']","['lot', 'us']",0.4,4.17e-06,"[25, 12, 33, 3, 31, 0, 0, 0]"
toxic,"['T', 'AA', 'K', 'S', 'IH', 'K']","['tox', 'ic']","['to', 'xic']",0.4,1.74e-05,"[33, 1, 24, 31, 10, 24, 0, 0]"
indie,"['IH', 'N', 'D', 'IY']","['in', 'die']","['ind', 'ie']",0.4,1e-05,"[10, 27, 18, 11, 0, 0, 0, 0]"
milan,"['M', 'AH', 'L', 'AA', 'N']","['mil', 'an']","['m', 'ilan']",0.4,1.12e-05,"[26, 3, 25, 1, 27, 0, 0, 0]"
syria,"['S', 'IH', 'R', 'IY', 'AH']","['syr', 'ia']","['sy', 'ria']",0.4,2.51e-05,"[31, 10, 30, 11, 3, 0, 0, 0]"
seven,"['S', 'EH', 'V', 'AH', 'N']","['sev', 'en']","['se', 'ven']",0.4,0.00012,"[31, 7, 35, 3, 27, 0, 0, 0]"
mixer,"['M', 'IH', 'K', 'S', 'ER']","['mix', 'er']","['m', 'ixer']",0.4,3.16e-06,"[26, 10, 24, 31, 8, 0, 0, 0]"
buyer,"['B', 'AY', 'ER']","['buy', 'er']","['b', 'uyer']",0.4,1.07e-05,"[16, 6, 8, 0, 0, 0, 0, 0]"
meyer,"['M', 'AY', 'ER']","['mey', 'er']","['me', 'yer']",0.4,4.9e-06,"[26, 6, 8, 0, 0, 0, 0, 0]"
bacon,"['B', 'EY', 'K', 'AH', 'N']","['ba', 'con']","['b', 'acon']",0.4,1.41e-05,"[16, 9, 24, 3, 27, 0, 0, 0]"
dubai,"['D', 'UW', 'B', 'AY']",['dubai'],"['d', 'ub', 'ai']",0.4,1.2e-05,"[18, 15, 16, 6, 0, 0, 0, 0]"
allan,"['AE', 'L', 'AH', 'N']","['al', 'lan']","['all', 'an']",0.4,6.31e-06,"[2, 25, 3, 27, 0, 0, 0, 0]"
david,"['D', 'EY', 'V', 'IH', 'D']","['dav', 'id']","['d', 'avid']",0.4,0.000135,"[18, 9, 35, 10, 18, 0, 0, 0]"
scoop,"['S', 'K', 'UW', 'P']",['scoop'],"['s', 'co', 'op']",0.4,4.9e-06,"[31, 24, 15, 29, 0, 0, 0, 0]"
researcher,"['R', 'IY', 'S', 'ER', 'CH', 'ER']","['re', 'search', 'er']","['res', 'ear', 'cher']",0.4,8.32e-06,"[30, 11, 31, 8, 17, 8, 0, 0]"
yemen,"['Y', 'EH', 'M', 'AH', 'N']","['ye', 'men']","['y', 'emen']",0.4,7.59e-06,"[37, 7, 26, 3, 27, 0, 0, 0]"
bonus,"['B', 'OW', 'N', 'AH', 'S']","['bo', 'nus']","['bon', 'us']",0.4,2.82e-05,"[16, 12, 27, 3, 31, 0, 0, 0]"
satin,"['S', 'AE', 'T', 'AH', 'N']","['sat', 'in']","['s', 'atin']",0.4,2.45e-06,"[31, 2, 33, 3, 27, 0, 0, 0]"
newspapers,"['N', 'UW', 'Z', 'P', 'EY', 'P', 'ER', 'Z']","['news', 'pa', 'pers']","['new', 'sp', 'apers']",0.4,1.78e-05,"[27, 15, 38, 29, 9, 29, 8, 38]"
architects,"['AA', 'R', 'K', 'AH', 'T', 'EH', 'K', 'T', 'S']","['ar', 'chi', 'tects']","['arch', 'itect', 's']",0.4,8.13e-06,"[1, 30, 24, 3, 33, 7, 24, 33]"
invitation,"['IH', 'N', 'V', 'IH', 'T', 'EY', 'SH', 'AH', 'N']","['in', 'vit', 'a', 'tion']","['inv', 'itation']",0.4,1.38e-05,"[10, 27, 35, 10, 33, 9, 32, 3]"
lyric,"['L', 'IH', 'R', 'IH', 'K']","['lyr', 'ic']","['ly', 'ric']",0.4,4.27e-06,"[25, 10, 30, 10, 24, 0, 0, 0]"
liver,"['L', 'IH', 'V', 'ER']","['liv', 'er']","['l', 'iver']",0.4,1.51e-05,"[25, 10, 35, 8, 0, 0, 0, 0]"
supervisor,"['S', 'UW', 'P', 'ER', 'V', 'AY', 'Z', 'ER']","['su', 'per', 'visor']","['sup', 'erv', 'isor']",0.4,8.91e-06,"[31, 15, 29, 8, 35, 6, 38, 8]"
facilities,"['F', 'AH', 'S', 'IH', 'L', 'AH', 'T', 'IY', 'Z']","['fa', 'cil', 'it', 'ies']","['fac', 'ilities']",0.4,4.57e-05,"[20, 3, 31, 10, 25, 3, 33, 11]"
dicke,"['D', 'IH', 'K']",['dicke'],"['d', 'ick', 'e']",0.4,5.37e-08,"[18, 10, 24, 0, 0, 0, 0, 0]"
vital,"['V', 'AY', 'T', 'AH', 'L']","['vi', 'tal']","['v', 'ital']",0.4,2.4e-05,"[35, 6, 33, 3, 25, 0, 0, 0]"
mason,"['M', 'EY', 'S', 'AH', 'N']","['ma', 'son']","['mas', 'on']",0.4,1.38e-05,"[26, 9, 31, 3, 27, 0, 0, 0]"
occasional,"['AH', 'K', 'EY', 'ZH', 'AH', 'N', 'AH', 'L']","['oc', 'ca', 'sion', 'al']","['occ', 'asional']",0.4,1.32e-05,"[3, 24, 9, 39, 3, 27, 3, 25]"
oasis,"['OW', 'EY', 'S', 'IH', 'S']","['oas', 'is']","['o', 'asis']",0.4,3.63e-06,"[12, 9, 31, 10, 31, 0, 0, 0]"
julie,"['JH', 'UW', 'L', 'IY']","['ju', 'lie']","['jul', 'ie']",0.4,1.23e-05,"[23, 15, 25, 11, 0, 0, 0, 0]"
motivation,"['M', 'OW', 'T', 'AH', 'V', 'EY', 'SH', 'AH', 'N']","['mo', 'tiv', 'a', 'tion']","['mot', 'ivation']",0.4,1.66e-05,"[26, 12, 33, 3, 35, 9, 32, 3]"
elder,"['EH', 'L', 'D', 'ER']","['eld', 'er']","['el', 'der']",0.4,1.15e-05,"[7, 25, 18, 8, 0, 0, 0, 0]"
modem,"['M', 'OW', 'D', 'AH', 'M']","['mo', 'dem']","['mod', 'em']",0.4,2.51e-06,"[26, 12, 18, 3, 26, 0, 0, 0]"
securities,"['S', 'IH', 'K', 'Y', 'UH', 'R', 'AH', 'T', 'IY', 'Z']","['se', 'cur', 'it', 'ies']","['sec', 'urities']",0.4,1.74e-05,"[31, 10, 24, 37, 14, 30, 3, 33]"
sugar,"['SH', 'UH', 'G', 'ER']","['sug', 'ar']","['s', 'ugar']",0.4,4.79e-05,"[32, 14, 21, 8, 0, 0, 0, 0]"
pharmacies,"['F', 'AA', 'R', 'M', 'AH', 'S', 'IY', 'Z']","['phar', 'ma', 'cies']","['ph', 'arm', 'acies']",0.4,1.51e-06,"[20, 1, 30, 26, 3, 31, 11, 38]"
vocational,"['V', 'OW', 'K', 'EY', 'SH', 'AH', 'N', 'AH', 'L']","['vo', 'ca', 'tion', 'al']","['voc', 'ational']",0.4,4.47e-06,"[35, 12, 24, 9, 32, 3, 27, 3]"
conceptual,"['K', 'AH', 'N', 'S', 'EH', 'P', 'CH', 'UW', 'AH', 'L']","['con', 'cep', 'tu', 'al']","['concept', 'ual']",0.4,4.17e-06,"[24, 3, 27, 31, 7, 29, 17, 15]"
logan,"['L', 'OW', 'G', 'AH', 'N']","['lo', 'gan']","['log', 'an']",0.4,1.1e-05,"[25, 12, 21, 3, 27, 0, 0, 0]"
volunteers,"['V', 'AA', 'L', 'AH', 'N', 'T', 'IH', 'R', 'Z']","['vo', 'lun', 'teers']","['vol', 'unte', 'ers']",0.4,1.95e-05,"[35, 1, 25, 3, 27, 33, 10, 30]"
cabin,"['K', 'AE', 'B', 'AH', 'N']","['cab', 'in']","['c', 'abin']",0.4,1.35e-05,"[24, 2, 16, 3, 27, 0, 0, 0]"
wagon,"['W', 'AE', 'G', 'AH', 'N']","['wag', 'on']","['w', 'agon']",0.4,7.94e-06,"[36, 2, 21, 3, 27, 0, 0, 0]"
kevin,"['K', 'EH', 'V', 'IH', 'N']","['kev', 'in']","['ke', 'vin']",0.4,3.63e-05,"[24, 7, 35, 10, 27, 0, 0, 0]"
associated,"['AH', 'S', 'OW', 'S', 'IY', 'EY', 'T', 'AH', 'D']","['as', 'so', 'ci', 'ated']","['ass', 'ociated']",0.4,7.76e-05,"[3, 31, 12, 31, 11, 9, 33, 3]"
lucas,"['L', 'UW', 'K', 'AH', 'S']","['lu', 'cas']","['luc', 'as']",0.4,1.23e-05,"[25, 15, 24, 3, 31, 0, 0, 0]"
essex,"['EH', 'S', 'IH', 'K', 'S']","['es', 'sex']","['esse', 'x']",0.4,8.32e-06,"[7, 31, 10, 24, 31, 0, 0, 0]"
begun,"['B', 'IH', 'G', 'AH', 'N']","['be', 'gun']","['beg', 'un']",0.4,2.29e-05,"[16, 10, 21, 3, 27, 0, 0, 0]"
jesus,"['JH', 'IY', 'Z', 'AH', 'S']","['je', 'sus']","['jes', 'us']",0.4,9.77e-05,"[23, 11, 38, 3, 31, 0, 0, 0]"
xanax,"['Z', 'AE', 'N', 'AE', 'K', 'S']",['xanax'],"['x', 'ana', 'x']",0.4,1.51e-06,"[38, 2, 27, 2, 24, 31, 0, 0]"
diana,"['D', 'AY', 'AE', 'N', 'AH']","['di', 'ana']","['d', 'iana']",0.4,1.05e-05,"[18, 6, 2, 27, 3, 0, 0, 0]"
screw,"['S', 'K', 'R', 'UW']",['screw'],"['s', 'cre', 'w']",0.4,1.78e-05,"[31, 24, 30, 15, 0, 0, 0, 0]"
multimedia,"['M', 'AH', 'L', 'T', 'IY', 'M', 'IY', 'D', 'IY', 'AH']","['mul', 'ti', 'me', 'dia']","['mult', 'imedia']",0.4,3.63e-06,"[26, 3, 25, 33, 11, 26, 11, 18]"
niger,"['N', 'AY', 'JH', 'ER']","['ni', 'ger']","['n', 'iger']",0.4,2.82e-06,"[27, 6, 23, 8, 0, 0, 0, 0]"
tumor,"['T', 'UW', 'M', 'ER']","['tu', 'mor']","['t', 'umor']",0.4,9.33e-06,"[33, 15, 26, 8, 0, 0, 0, 0]"
challenged,"['CH', 'AE', 'L', 'AH', 'JH', 'D']","['chal', 'lenged']","['ch', 'all', 'eng', 'ed']",0.4,1.23e-05,"[17, 2, 25, 3, 23, 18, 0, 0]"
consortium,"['K', 'AH', 'N', 'S', 'AO', 'R', 'SH', 'IY', 'AH', 'M']","['con', 'sor', 'ti', 'um']","['cons', 'ortium']",0.4,4.79e-06,"[24, 3, 27, 31, 4, 30, 32, 11]"
bryan,"['B', 'R', 'AY', 'AH', 'N']","['bry', 'an']","['br', 'yan']",0.4,9.55e-06,"[16, 30, 6, 3, 27, 0, 0, 0]"
naked,"['N', 'EY', 'K', 'AH', 'D']","['na', 'ked']","['nak', 'ed']",0.4,2.69e-05,"[27, 9, 24, 3, 18, 0, 0, 0]"
sacramento,"['S', 'AE', 'K', 'R', 'AH', 'M', 'EH', 'N', 'T', 'OW']","['sac', 'ra', 'mento']","['s', 'acr', 'amento']",0.4,7.24e-06,"[31, 2, 24, 30, 3, 26, 7, 27]"
insulation,"['IH', 'N', 'S', 'AH', 'L', 'EY', 'SH', 'AH', 'N']","['in', 'su', 'la', 'tion']","['ins', 'ulation']",0.4,4.68e-06,"[10, 27, 31, 3, 25, 9, 32, 3]"
chancellor,"['CH', 'AE', 'N', 'S', 'AH', 'L', 'ER']","['chan', 'cel', 'lor']","['ch', 'anc', 'ellor']",0.4,1.35e-05,"[17, 2, 27, 31, 3, 25, 8, 0]"
armor,"['AA', 'R', 'M', 'ER']","['ar', 'mor']","['arm', 'or']",0.4,9.33e-06,"[1, 30, 26, 8, 0, 0, 0, 0]"
piano,"['P', 'IY', 'AE', 'N', 'OW']","['pi', 'ano']","['p', 'iano']",0.4,2.04e-05,"[29, 11, 2, 27, 12, 0, 0, 0]"
artificial,"['AA', 'R', 'T', 'AH', 'F', 'IH', 'SH', 'AH', 'L']","['ar', 'ti', 'fi', 'cial']","['art', 'ificial']",0.4,1.74e-05,"[1, 30, 33, 3, 20, 10, 32, 3]"
sudan,"['S', 'UW', 'D', 'AE', 'N']","['su', 'dan']","['s', 'udan']",0.4,7.94e-06,"[31, 15, 18, 2, 27, 0, 0, 0]"
geological,"['JH', 'IY', 'AH', 'L', 'AA', 'JH', 'IH', 'K', 'AH', 'L']","['geo', 'lo', 'gic', 'al']","['ge', 'ological']",0.4,6.61e-06,"[23, 11, 3, 25, 1, 23, 10, 24]"
depot,"['D', 'IY', 'P', 'OW']","['de', 'pot']","['dep', 'ot']",0.4,8.91e-06,"[18, 11, 29, 12, 0, 0, 0, 0]"
occur,"['AH', 'K', 'ER']","['oc', 'cur']","['occ', 'ur']",0.4,2.95e-05,"[3, 24, 8, 0, 0, 0, 0, 0]"
regulatory,"['R', 'EH', 'G', 'Y', 'AH', 'L', 'AH', 'T', 'AO', 'R', 'IY']","['reg', 'u', 'lat', 'ory']","['regul', 'atory']",0.4,1.7e-05,"[30, 7, 21, 37, 3, 25, 3, 33]"
brian,"['B', 'R', 'AY', 'AH', 'N']","['bri', 'an']","['b', 'rian']",0.4,2.95e-05,"[16, 30, 6, 3, 27, 0, 0, 0]"
psychiatry,"['S', 'AY', 'K', 'AY', 'AH', 'T', 'R', 'IY']","['psy', 'chi', 'atry']","['psych', 'iat', 'ry']",0.4,3.63e-06,"[31, 6, 24, 6, 3, 33, 30, 11]"
casey,"['K', 'EY', 'S', 'IY']","['ca', 'sey']","['case', 'y']",0.4,9.12e-06,"[24, 9, 31, 11, 0, 0, 0, 0]"
confidentiality,"['K', 'AA', 'N', 'F', 'AH', 'D', 'EH', 'N', 'SH', 'IY', 'AE', 'L', 'AH', 'T', 'IY']","['con', 'fid', 'en', 'ti', 'al', 'ity']","['conf', 'ident', 'ial', 'ity']",0.4,2.82e-06,"[24, 1, 27, 20, 3, 18, 7, 27]"
purchasing,"['P', 'ER', 'CH', 'AH', 'S', 'IH', 'NG']","['pur', 'chas', 'ing']","['p', 'urch', 'asing']",0.4,1.15e-05,"[29, 8, 17, 3, 31, 10, 28, 0]"
correction,"['K', 'ER', 'EH', 'K', 'SH', 'AH', 'N']","['cor', 'rec', 'tion']","['c', 'orre', 'ction']",0.4,8.91e-06,"[24, 8, 7, 24, 32, 3, 27, 0]"
simon,"['S', 'AY', 'M', 'AH', 'N']","['si', 'mon']","['sim', 'on']",0.4,3.02e-05,"[31, 6, 26, 3, 27, 0, 0, 0]"
karen,"['K', 'EH', 'R', 'AH', 'N']","['kar', 'en']","['k', 'aren']",0.4,1.23e-05,"[24, 7, 30, 3, 27, 0, 0, 0]"
argue,"['AA', 'R', 'G', 'Y', 'UW']","['ar', 'gue']","['arg', 'ue']",0.4,2.88e-05,"[1, 30, 21, 37, 15, 0, 0, 0]"
publishing,"['P', 'AH', 'B', 'L', 'IH', 'SH', 'IH', 'NG']","['pub', 'lish', 'ing']","['p', 'ubl', 'ishing']",0.4,2.34e-05,"[29, 3, 16, 25, 10, 32, 10, 28]"
alloy,"['AE', 'L', 'OY']","['al', 'loy']","['all', 'oy']",0.4,4.07e-06,"[2, 25, 13, 0, 0, 0, 0, 0]"
allen,"['AE', 'L', 'AH', 'N']","['al', 'len']","['all', 'en']",0.4,2.4e-05,"[2, 25, 3, 27, 0, 0, 0, 0]"
jimmy,"['JH', 'IH', 'M', 'IY']",['jimmy'],"['j', 'im', 'my']",0.4,2.75e-05,"[23, 10, 26, 11, 0, 0, 0, 0]"
fuzzy,"['F', 'AH', 'Z', 'IY']",['fuzzy'],"['f', 'uz', 'zy']",0.4,4.47e-06,"[20, 3, 38, 11, 0, 0, 0, 0]"
coral,"['K', 'AO', 'R', 'AH', 'L']","['cor', 'al']","['c', 'oral']",0.4,7.24e-06,"[24, 4, 30, 3, 25, 0, 0, 0]"
calculator,"['K', 'AE', 'L', 'K', 'Y', 'AH', 'L', 'EY', 'T', 'ER']","['cal', 'cu', 'lat', 'or']","['calcul', 'ator']",0.4,3.63e-06,"[24, 2, 25, 24, 37, 3, 25, 9]"
suggesting,"['S', 'AH', 'G', 'JH', 'EH', 'S', 'T', 'IH', 'NG']","['sug', 'gest', 'ing']","['s', 'ugg', 'esting']",0.4,1.78e-05,"[31, 3, 21, 23, 7, 31, 33, 10]"
solar,"['S', 'OW', 'L', 'ER']","['sol', 'ar']","['s', 'olar']",0.4,3.39e-05,"[31, 12, 25, 8, 0, 0, 0, 0]"
humor,"['HH', 'Y', 'UW', 'M', 'ER']","['hu', 'mor']","['hum', 'or']",0.4,1.55e-05,"[22, 37, 15, 26, 8, 0, 0, 0]"
iraqi,"['IH', 'R', 'AE', 'K', 'IY']","['ir', 'aqi']","['ira', 'qi']",0.4,8.91e-06,"[10, 30, 2, 24, 11, 0, 0, 0]"
kodak,"['K', 'OW', 'D', 'AE', 'K']",['kodak'],"['k', 'od', 'ak']",0.4,1.82e-06,"[24, 12, 18, 2, 24, 0, 0, 0]"
annie,"['AE', 'N', 'IY']","['an', 'nie']","['ann', 'ie']",0.4,8.71e-06,"[2, 27, 11, 0, 0, 0, 0, 0]"
intel,"['IH', 'N', 'T', 'EH', 'L']","['in', 'tel']","['int', 'el']",0.4,1.17e-05,"[10, 27, 33, 7, 25, 0, 0, 0]"
luxembourg,"['L', 'AH', 'K', 'S', 'AH', 'M', 'B', 'AO', 'R', 'G']","['lux', 'em', 'bourg']","['l', 'uxemb', 'ourg']",0.4,3.72e-06,"[25, 3, 24, 31, 3, 26, 16, 4]"
ecological,"['IY', 'K', 'AH', 'L', 'AA', 'JH', 'IH', 'K', 'AH', 'L']","['eco', 'lo', 'gic', 'al']","['ec', 'ological']",0.4,6.03e-06,"[11, 24, 3, 25, 1, 23, 10, 24]"
pilot,"['P', 'AY', 'L', 'AH', 'T']","['pi', 'lot']","['p', 'ilot']",0.4,3.31e-05,"[29, 6, 25, 3, 33, 0, 0, 0]"
initiative,"['IH', 'N', 'IH', 'SH', 'AH', 'T', 'IH', 'V']","['ini', 'ti', 'at', 'ive']","['in', 'itiative']",0.4,2.29e-05,"[10, 27, 10, 32, 3, 33, 10, 35]"
cubic,"['K', 'Y', 'UW', 'B', 'IH', 'K']","['cu', 'bic']","['c', 'ubic']",0.4,5.13e-06,"[24, 37, 15, 16, 10, 24, 0, 0]"
notifications,"['N', 'OW', 'T', 'AH', 'F', 'AH', 'K', 'EY', 'SH', 'AH', 'N', 'Z']","['no', 'ti', 'fic', 'a', 'tions']","['not', 'ifications']",0.38461538461538464,4.57e-06,"[27, 12, 33, 3, 20, 3, 24, 9]"
restructuring,"['R', 'IY', 'S', 'T', 'R', 'AH', 'K', 'CH', 'ER', 'IH', 'NG']","['re', 'struc', 'tur', 'ing']","['r', 'estruct', 'uring']",0.38461538461538464,4.17e-06,"[30, 11, 31, 33, 30, 3, 24, 17]"
psychological,"['S', 'AY', 'K', 'AH', 'L', 'AA', 'JH', 'IH', 'K', 'AH', 'L']","['psy', 'cho', 'lo', 'gic', 'al']","['psych', 'ological']",0.38461538461538464,1.86e-05,"[31, 6, 24, 3, 25, 1, 23, 10]"
determination,"['D', 'IH', 'T', 'ER', 'M', 'AH', 'N', 'EY', 'SH', 'AH', 'N']","['de', 'term', 'in', 'a', 'tion']","['d', 'etermination']",0.38461538461538464,1.45e-05,"[18, 10, 33, 8, 26, 3, 27, 9]"
computational,"['K', 'AA', 'M', 'P', 'Y', 'UW', 'T', 'EY', 'SH', 'AH', 'N', 'AH', 'L']","['com', 'pu', 'ta', 'tion', 'al']","['comput', 'ational']",0.38461538461538464,4.17e-06,"[24, 1, 26, 29, 37, 15, 33, 9]"
technological,"['T', 'EH', 'K', 'N', 'AH', 'L', 'AA', 'JH', 'IH', 'K', 'AH', 'L']","['tech', 'no', 'lo', 'gic', 'al']","['techn', 'ological']",0.38461538461538464,1.15e-05,"[33, 7, 24, 27, 3, 25, 1, 23]"
congressional,"['K', 'AH', 'N', 'G', 'R', 'EH', 'SH', 'AH', 'N', 'AH', 'L']","['con', 'gres', 'sion', 'al']","['cong', 'ress', 'ional']",0.38461538461538464,1.55e-05,"[24, 3, 27, 21, 30, 7, 32, 3]"
administrator,"['AH', 'D', 'M', 'IH', 'N', 'AH', 'S', 'T', 'R', 'EY', 'T', 'ER']","['ad', 'min', 'is', 'trat', 'or']","['administr', 'ator']",0.38461538461538464,1.17e-05,"[3, 18, 26, 10, 27, 3, 31, 33]"
contamination,"['K', 'AH', 'N', 'T', 'AE', 'M', 'AH', 'N', 'EY', 'SH', 'AH', 'N']","['con', 'tam', 'in', 'a', 'tion']","['cont', 'amination']",0.38461538461538464,5.01e-06,"[24, 3, 27, 33, 2, 26, 3, 27]"
controversial,"['K', 'AA', 'N', 'T', 'R', 'AH', 'V', 'ER', 'SH', 'AH', 'L']","['con', 'tro', 'ver', 'sial']","['cont', 'rovers', 'ial']",0.38461538461538464,1.7e-05,"[24, 1, 27, 33, 30, 3, 35, 8]"
certification,"['S', 'ER', 'T', 'AH', 'F', 'AH', 'K', 'EY', 'SH', 'AH', 'N']","['cer', 'ti', 'fic', 'a', 'tion']","['cert', 'ification']",0.38461538461538464,9.33e-06,"[31, 8, 33, 3, 20, 3, 24, 9]"
comprehensive,"['K', 'AA', 'M', 'P', 'R', 'IY', 'HH', 'EH', 'N', 'S', 'IH', 'V']","['com', 'pre', 'hens', 'ive']","['comp', 'reh', 'ensive']",0.38461538461538464,2.29e-05,"[24, 1, 26, 29, 30, 11, 22, 7]"
collaboration,"['K', 'AH', 'L', 'AE', 'B', 'ER', 'EY', 'SH', 'AH', 'N']","['col', 'lab', 'or', 'a', 'tion']","['coll', 'aboration']",0.38461538461538464,1.91e-05,"[24, 3, 25, 2, 16, 8, 9, 32]"
possibilities,"['P', 'AA', 'S', 'AH', 'B', 'IH', 'L', 'AH', 'T', 'IY', 'Z']","['pos', 'sib', 'il', 'it', 'ies']","['poss', 'ibilities']",0.38461538461538464,1.29e-05,"[29, 1, 31, 3, 16, 10, 25, 3]"
accident,"['AE', 'K', 'S', 'AH', 'D', 'AH', 'N', 'T']","['ac', 'ci', 'dent']","['acc', 'ident']",0.375,5.13e-05,"[2, 24, 31, 3, 18, 3, 27, 33]"
scottish,"['S', 'K', 'AA', 'T', 'IH', 'SH']","['scot', 'tish']","['sc', 'ott', 'ish']",0.375,3.98e-05,"[31, 24, 1, 33, 10, 32, 0, 0]"
symantec,"['S', 'IH', 'M', 'AE', 'N', 'T', 'EH', 'K']","['sy', 'mantec']","['sym', 'ant', 'ec']",0.375,4.37e-07,"[31, 10, 26, 2, 27, 33, 7, 24]"
incident,"['IH', 'N', 'S', 'AH', 'D', 'AH', 'N', 'T']","['in', 'cid', 'ent']","['inc', 'ident']",0.375,3.47e-05,"[10, 27, 31, 3, 18, 3, 27, 33]"
sympathy,"['S', 'IH', 'M', 'P', 'AH', 'TH', 'IY']","['sym', 'pathy']","['sy', 'mp', 'athy']",0.375,1.02e-05,"[31, 10, 26, 29, 3, 34, 11, 0]"
cartoons,"['K', 'AA', 'R', 'T', 'UW', 'N', 'Z']","['car', 'toons']","['c', 'arto', 'ons']",0.375,5.5e-06,"[24, 1, 30, 33, 15, 27, 38, 0]"
medicaid,"['M', 'EH', 'D', 'AH', 'K', 'EY', 'D']","['medi', 'caid']","['med', 'ica', 'id']",0.375,5.5e-06,"[26, 7, 18, 3, 24, 9, 18, 0]"
maldives,"['M', 'AO', 'L', 'D', 'AY', 'V', 'Z']","['mal', 'dives']","['m', 'ald', 'ives']",0.375,2.24e-06,"[26, 4, 25, 18, 6, 35, 38, 0]"
reliance,"['R', 'IH', 'L', 'AY', 'AH', 'N', 'S']","['re', 'li', 'ance']","['rel', 'iance']",0.375,6.46e-06,"[30, 10, 25, 6, 3, 27, 31, 0]"
develops,"['D', 'IH', 'V', 'EH', 'L', 'AH', 'P', 'S']","['de', 'vel', 'ops']","['develop', 's']",0.375,7.76e-06,"[18, 10, 35, 7, 25, 3, 29, 31]"
nitrogen,"['N', 'AY', 'T', 'R', 'AH', 'JH', 'AH', 'N']","['ni', 'tro', 'gen']","['nit', 'rogen']",0.375,5.75e-06,"[27, 6, 33, 30, 3, 23, 3, 27]"
berkeley,"['B', 'ER', 'K', 'L', 'IY']","['berke', 'ley']","['ber', 'k', 'eley']",0.375,8.51e-06,"[16, 8, 24, 25, 11, 0, 0, 0]"
temporal,"['T', 'EH', 'M', 'P', 'ER', 'AH', 'L']","['tem', 'por', 'al']","['temp', 'oral']",0.375,4.27e-06,"[33, 7, 26, 29, 8, 3, 25, 0]"
adjusted,"['AH', 'JH', 'AH', 'S', 'T', 'AH', 'D']","['ad', 'jus', 'ted']","['adj', 'usted']",0.375,1.29e-05,"[3, 23, 3, 31, 33, 3, 18, 0]"
resulted,"['R', 'IH', 'Z', 'AH', 'L', 'T', 'IH', 'D']","['res', 'ul', 'ted']","['result', 'ed']",0.375,2.34e-05,"[30, 10, 38, 3, 25, 33, 10, 18]"
prostate,"['P', 'R', 'AA', 'S', 'T', 'EY', 'T']","['pro', 'state']","['pr', 'ost', 'ate']",0.375,4.68e-06,"[29, 30, 1, 31, 33, 9, 33, 0]"
operator,"['AA', 'P', 'ER', 'EY', 'T', 'ER']","['op', 'er', 'at', 'or']",['operator'],0.375,2.09e-05,"[1, 29, 8, 9, 33, 8, 0, 0]"
retailer,"['R', 'IY', 'T', 'EY', 'L', 'ER']","['re', 'tail', 'er']","['reta', 'iler']",0.375,5.62e-06,"[30, 11, 33, 9, 25, 8, 0, 0]"
alliance,"['AH', 'L', 'AY', 'AH', 'N', 'S']","['al', 'li', 'ance']","['all', 'iance']",0.375,2.51e-05,"[3, 25, 6, 3, 27, 31, 0, 0]"
engineer,"['EH', 'N', 'JH', 'AH', 'N', 'IH', 'R']","['en', 'gin', 'eer']","['engine', 'er']",0.375,3.16e-05,"[7, 27, 23, 3, 27, 10, 30, 0]"
tomatoes,"['T', 'AH', 'M', 'EY', 'T', 'OW', 'Z']","['to', 'ma', 'toes']","['tom', 'atoes']",0.375,7.94e-06,"[33, 3, 26, 9, 33, 12, 38, 0]"
detector,"['D', 'IH', 'T', 'EH', 'K', 'T', 'ER']","['de', 'tect', 'or']","['det', 'ector']",0.375,5.13e-06,"[18, 10, 33, 7, 24, 33, 8, 0]"
analysts,"['AE', 'N', 'AH', 'L', 'AH', 'S', 'T', 'S']","['ana', 'lysts']","['anal', 'yst', 's']",0.375,6.92e-06,"[2, 27, 3, 25, 3, 31, 33, 31]"
vacation,"['V', 'EY', 'K', 'EY', 'SH', 'AH', 'N']","['va', 'ca', 'tion']","['vac', 'ation']",0.375,2.51e-05,"[35, 9, 24, 9, 32, 3, 27, 0]"
tropical,"['T', 'R', 'AA', 'P', 'IH', 'K', 'AH', 'L']","['trop', 'ic', 'al']","['t', 'ropical']",0.375,1.51e-05,"[33, 30, 1, 29, 10, 24, 3, 25]"
entirely,"['IH', 'N', 'T', 'AY', 'ER', 'L', 'IY']","['en', 'tirely']","['ent', 'ire', 'ly']",0.375,5.25e-05,"[10, 27, 33, 6, 8, 25, 11, 0]"
facility,"['F', 'AH', 'S', 'IH', 'L', 'IH', 'T', 'IY']","['fa', 'cil', 'ity']","['fac', 'ility']",0.375,3.98e-05,"[20, 3, 31, 10, 25, 10, 33, 11]"
rational,"['R', 'AE', 'SH', 'AH', 'N', 'AH', 'L']","['ra', 'tion', 'al']","['r', 'ational']",0.375,1.15e-05,"[30, 2, 32, 3, 27, 3, 25, 0]"
chambers,"['CH', 'EY', 'M', 'B', 'ER', 'Z']","['cham', 'bers']","['ch', 'amb', 'ers']",0.375,1.15e-05,"[17, 9, 26, 16, 8, 38, 0, 0]"
recorder,"['R', 'IH', 'K', 'AO', 'R', 'D', 'ER']","['re', 'cord', 'er']","['rec', 'order']",0.375,5.13e-06,"[30, 10, 24, 4, 30, 18, 8, 0]"
tomorrow,"['T', 'AH', 'M', 'AA', 'R', 'OW']","['to', 'mor', 'row']","['tom', 'orrow']",0.375,0.000105,"[33, 3, 26, 1, 30, 12, 0, 0]"
aquarium,"['AH', 'K', 'W', 'EH', 'R', 'IY', 'AH', 'M']","['aquar', 'i', 'um']","['aqu', 'arium']",0.375,3.63e-06,"[3, 24, 36, 7, 30, 11, 3, 26]"
mcdonald,"['M', 'AH', 'K', 'D', 'AA', 'N', 'AH', 'L', 'D']","['mc', 'don', 'ald']","['m', 'cd', 'on', 'ald']",0.375,5.89e-06,"[26, 3, 24, 18, 1, 27, 3, 25]"
dividend,"['D', 'IH', 'V', 'IH', 'D', 'EH', 'N', 'D']","['di', 'vidend']","['div', 'id', 'end']",0.375,6.61e-06,"[18, 10, 35, 10, 18, 7, 27, 18]"
diameter,"['D', 'AY', 'AE', 'M', 'AH', 'T', 'ER']","['dia', 'met', 'er']","['diam', 'eter']",0.375,1.2e-05,"[18, 6, 2, 26, 3, 33, 8, 0]"
petition,"['P', 'AH', 'T', 'IH', 'SH', 'AH', 'N']","['pe', 'ti', 'tion']","['pet', 'ition']",0.375,2e-05,"[29, 3, 33, 10, 32, 3, 27, 0]"
nebraska,"['N', 'AH', 'B', 'R', 'AE', 'S', 'K', 'AH']","['neb', 'raska']","['ne', 'bras', 'ka']",0.375,9.55e-06,"[27, 3, 16, 30, 2, 31, 24, 3]"
removing,"['R', 'IY', 'M', 'UW', 'V', 'IH', 'NG']","['re', 'mov', 'ing']","['rem', 'oving']",0.375,1.82e-05,"[30, 11, 26, 15, 35, 10, 28, 0]"
arrivals,"['ER', 'AY', 'V', 'AH', 'L', 'Z']","['ar', 'rivals']","['arr', 'iv', 'als']",0.375,3.02e-06,"[8, 6, 35, 3, 25, 38, 0, 0]"
injuries,"['IH', 'N', 'JH', 'ER', 'IY', 'Z']","['in', 'jur', 'ies']","['inj', 'uries']",0.375,2.75e-05,"[10, 27, 23, 8, 11, 38, 0, 0]"
behavior,"['B', 'IH', 'HH', 'EY', 'V', 'Y', 'ER']","['be', 'ha', 'vi', 'or']",['behavior'],0.375,4.9e-05,"[16, 10, 22, 9, 35, 37, 8, 0]"
festival,"['F', 'EH', 'S', 'T', 'AH', 'V', 'AH', 'L']","['fest', 'iv', 'al']","['f', 'estival']",0.375,5.25e-05,"[20, 7, 31, 33, 3, 35, 3, 25]"
yourself,"['Y', 'ER', 'S', 'EH', 'L', 'F']","['your', 'self']","['y', 'ours', 'elf']",0.375,0.000204,"[37, 8, 31, 7, 25, 20, 0, 0]"
sullivan,"['S', 'AH', 'L', 'AH', 'V', 'AH', 'N']","['sul', 'li', 'van']","['s', 'ullivan']",0.375,8.51e-06,"[31, 3, 25, 3, 35, 3, 27, 0]"
paradise,"['P', 'EH', 'R', 'AH', 'D', 'AY', 'S']","['para', 'dise']","['par', 'ad', 'ise']",0.375,1.45e-05,"[29, 7, 30, 3, 18, 6, 31, 0]"
integral,"['IH', 'N', 'T', 'AH', 'G', 'R', 'AH', 'L']","['in', 'teg', 'ral']","['integr', 'al']",0.375,9.12e-06,"[10, 27, 33, 3, 21, 30, 3, 25]"
domestic,"['D', 'AH', 'M', 'EH', 'S', 'T', 'IH', 'K']","['do', 'mest', 'ic']","['dom', 'estic']",0.375,4.9e-05,"[18, 3, 26, 7, 31, 33, 10, 24]"
bachelor,"['B', 'AE', 'CH', 'AH', 'L', 'ER']","['bach', 'el', 'or']","['b', 'achelor']",0.375,9.33e-06,"[16, 2, 17, 3, 25, 8, 0, 0]"
attitude,"['AE', 'T', 'AH', 'T', 'UW', 'D']","['at', 'ti', 'tude']","['att', 'itude']",0.375,3.8e-05,"[2, 33, 3, 33, 15, 18, 0, 0]"
genetics,"['JH', 'AH', 'N', 'EH', 'T', 'IH', 'K', 'S']","['ge', 'net', 'ics']","['gen', 'etics']",0.375,6.92e-06,"[23, 3, 27, 7, 33, 10, 24, 31]"
attended,"['AH', 'T', 'EH', 'N', 'D', 'AH', 'D']","['at', 'ten', 'ded']","['att', 'ended']",0.375,2.95e-05,"[3, 33, 7, 27, 18, 3, 18, 0]"
reminder,"['R', 'IY', 'M', 'AY', 'N', 'D', 'ER']","['re', 'mind', 'er']","['rem', 'inder']",0.375,1.32e-05,"[30, 11, 26, 6, 27, 18, 8, 0]"
arrested,"['ER', 'EH', 'S', 'T', 'AH', 'D']","['ar', 'res', 'ted']","['arr', 'ested']",0.375,4.37e-05,"[8, 7, 31, 33, 3, 18, 0, 0]"
savannah,"['S', 'AH', 'V', 'AE', 'N', 'AH']","['sa', 'van', 'nah']","['sav', 'annah']",0.375,4.17e-06,"[31, 3, 35, 2, 27, 3, 0, 0]"
gorgeous,"['G', 'AO', 'R', 'JH', 'AH', 'S']","['gor', 'geous']","['g', 'orge', 'ous']",0.375,2.24e-05,"[21, 4, 30, 23, 3, 31, 0, 0]"
hawaiian,"['HH', 'AH', 'W', 'AY', 'AH', 'N']","['hawaii', 'an']","['haw', 'ai', 'ian']",0.375,4.79e-06,"[22, 3, 36, 6, 3, 27, 0, 0]"
warranty,"['W', 'AO', 'R', 'AH', 'N', 'T', 'IY']","['war', 'ranty']","['w', 'arrant', 'y']",0.375,5.37e-06,"[36, 4, 30, 3, 27, 33, 11, 0]"
fabulous,"['F', 'AE', 'B', 'Y', 'AH', 'L', 'AH', 'S']","['fab', 'ulous']","['f', 'abul', 'ous']",0.375,1.2e-05,"[20, 2, 16, 37, 3, 25, 3, 31]"
occupied,"['AA', 'K', 'Y', 'AH', 'P', 'AY', 'D']","['oc', 'cu', 'pied']","['occup', 'ied']",0.375,2.09e-05,"[1, 24, 37, 3, 29, 6, 18, 0]"
attempts,"['AH', 'T', 'EH', 'M', 'P', 'T', 'S']","['at', 'tempts']","['att', 'emp', 'ts']",0.375,3.16e-05,"[3, 33, 7, 26, 29, 33, 31, 0]"
pharmacy,"['F', 'AA', 'R', 'M', 'AH', 'S', 'IY']","['phar', 'macy']","['ph', 'arm', 'acy']",0.375,7.41e-06,"[20, 1, 30, 26, 3, 31, 11, 0]"
ultimate,"['AH', 'L', 'T', 'AH', 'M', 'AH', 'T']","['ul', 'ti', 'mate']","['ult', 'imate']",0.375,3.39e-05,"[3, 25, 33, 3, 26, 3, 33, 0]"
indirect,"['IH', 'N', 'D', 'ER', 'EH', 'K', 'T']","['in', 'dir', 'ect']","['ind', 'irect']",0.375,1e-05,"[10, 27, 18, 8, 7, 24, 33, 0]"
becoming,"['B', 'IH', 'K', 'AH', 'M', 'IH', 'NG']","['be', 'com', 'ing']","['bec', 'oming']",0.375,6.46e-05,"[16, 10, 24, 3, 26, 10, 28, 0]"
titanium,"['T', 'AY', 'T', 'EY', 'N', 'IY', 'AH', 'M']","['ti', 'tani', 'um']","['tit', 'anium']",0.375,3.55e-06,"[33, 6, 33, 9, 27, 11, 3, 26]"
annually,"['AE', 'N', 'Y', 'UW', 'AH', 'L', 'IY']","['an', 'nu', 'ally']","['ann', 'ually']",0.375,1.45e-05,"[2, 27, 37, 15, 3, 25, 11, 0]"
frontier,"['F', 'R', 'AH', 'N', 'T', 'IH', 'R']","['fron', 'ti', 'er']","['front', 'ier']",0.375,9.33e-06,"[20, 30, 3, 27, 33, 10, 30, 0]"
botswana,"['B', 'AA', 'T', 'S', 'W', 'AA', 'N', 'AH']","['bot', 'swana']","['b', 'ots', 'wana']",0.375,1.74e-06,"[16, 1, 33, 31, 36, 1, 27, 3]"
position,"['P', 'AH', 'Z', 'IH', 'SH', 'AH', 'N']","['po', 's', 'i', 'tion']",['position'],0.375,0.000162,"[29, 3, 38, 10, 32, 3, 27, 0]"
delivers,"['D', 'IH', 'L', 'IH', 'V', 'ER', 'Z']","['de', 'liv', 'ers']","['del', 'ivers']",0.375,7.24e-06,"[18, 10, 25, 10, 35, 8, 38, 0]"
properly,"['P', 'R', 'AA', 'P', 'ER', 'L', 'IY']","['prop', 'erly']","['pro', 'per', 'ly']",0.375,4.37e-05,"[29, 30, 1, 29, 8, 25, 11, 0]"
judicial,"['JH', 'UW', 'D', 'IH', 'SH', 'AH', 'L']","['ju', 'di', 'cial']","['jud', 'icial']",0.375,1.38e-05,"[23, 15, 18, 10, 32, 3, 25, 0]"
roommate,"['R', 'UW', 'M', 'EY', 'T']","['room', 'mate']","['ro', 'omm', 'ate']",0.375,6.46e-06,"[30, 15, 26, 9, 33, 0, 0, 0]"
designer,"['D', 'IH', 'Z', 'AY', 'N', 'ER']","['de', 'sign', 'er']","['des', 'igner']",0.375,2.63e-05,"[18, 10, 38, 6, 27, 8, 0, 0]"
tutorial,"['T', 'UW', 'T', 'AO', 'R', 'IY', 'AH', 'L']","['tu', 'tori', 'al']","['t', 'utorial']",0.375,6.31e-06,"[33, 15, 33, 4, 30, 11, 3, 25]"
exercise,"['EH', 'K', 'S', 'ER', 'S', 'AY', 'Z']","['ex', 'er', 'cise']","['exerc', 'ise']",0.375,4.79e-05,"[7, 24, 31, 8, 31, 6, 38, 0]"
humidity,"['HH', 'Y', 'UW', 'M', 'IH', 'D', 'AH', 'T', 'IY']","['hu', 'mid', 'ity']","['hum', 'idity']",0.375,6.76e-06,"[22, 37, 15, 26, 10, 18, 3, 33]"
cellular,"['S', 'EH', 'L', 'Y', 'AH', 'L', 'ER']","['cel', 'lu', 'lar']","['cell', 'ular']",0.375,7.76e-06,"[31, 7, 25, 37, 3, 25, 8, 0]"
endorsed,"['EH', 'N', 'D', 'AO', 'R', 'S', 'T']","['en', 'dorsed']","['end', 'ors', 'ed']",0.375,7.41e-06,"[7, 27, 18, 4, 30, 31, 33, 0]"
mistakes,"['M', 'IH', 'S', 'T', 'EY', 'K', 'S']","['mis', 'takes']","['m', 'ist', 'akes']",0.375,2.82e-05,"[26, 10, 31, 33, 9, 24, 31, 0]"
suggests,"['S', 'AH', 'G', 'JH', 'EH', 'S', 'T', 'S']","['sug', 'gests']","['s', 'ugg', 'ests']",0.375,3.09e-05,"[31, 3, 21, 23, 7, 31, 33, 31]"
engaging,"['EH', 'N', 'G', 'EY', 'JH', 'IH', 'NG']","['en', 'ga', 'ging']","['eng', 'aging']",0.375,1.35e-05,"[7, 27, 21, 9, 23, 10, 28, 0]"
bulgaria,"['B', 'AH', 'L', 'G', 'EH', 'R', 'IY', 'AH']","['bul', 'garia']","['b', 'ulg', 'aria']",0.375,7.94e-06,"[16, 3, 25, 21, 7, 30, 11, 3]"
inserted,"['IH', 'N', 'S', 'ER', 'T', 'AH', 'D']","['in', 'ser', 'ted']","['insert', 'ed']",0.375,5.5e-06,"[10, 27, 31, 8, 33, 3, 18, 0]"
admitted,"['AH', 'D', 'M', 'IH', 'T', 'AH', 'D']","['ad', 'mit', 'ted']","['adm', 'itted']",0.375,3.09e-05,"[3, 18, 26, 10, 33, 3, 18, 0]"
enclosed,"['EH', 'N', 'K', 'L', 'OW', 'Z', 'D']","['en', 'closed']","['enc', 'los', 'ed']",0.375,5.5e-06,"[7, 27, 24, 25, 12, 38, 18, 0]"
applying,"['AH', 'P', 'L', 'AY', 'IH', 'NG']","['ap', 'ply', 'ing']","['appl', 'ying']",0.375,1.74e-05,"[3, 29, 25, 6, 10, 28, 0, 0]"
exciting,"['IH', 'K', 'S', 'AY', 'T', 'IH', 'NG']","['ex', 'cit', 'ing']","['exc', 'iting']",0.375,3.47e-05,"[10, 24, 31, 6, 33, 10, 28, 0]"
overseas,"['OW', 'V', 'ER', 'S', 'IY', 'Z']","['over', 'seas']","['ov', 'erse', 'as']",0.375,1.95e-05,"[12, 35, 8, 31, 11, 38, 0, 0]"
earrings,"['IH', 'R', 'IH', 'NG', 'Z']","['ear', 'rings']","['e', 'arr', 'ings']",0.375,4.17e-06,"[10, 30, 10, 28, 38, 0, 0, 0]"
reliable,"['R', 'IH', 'L', 'AY', 'AH', 'B', 'AH', 'L']","['re', 'li', 'able']","['rel', 'iable']",0.375,1.95e-05,"[30, 10, 25, 6, 3, 16, 3, 25]"
memorial,"['M', 'AH', 'M', 'AO', 'R', 'IY', 'AH', 'L']","['me', 'mori', 'al']","['mem', 'orial']",0.375,2.57e-05,"[26, 3, 26, 4, 30, 11, 3, 25]"
symptoms,"['S', 'IH', 'M', 'P', 'T', 'AH', 'M', 'Z']","['symp', 'toms']","['sym', 'pt', 'oms']",0.375,3.02e-05,"[31, 10, 26, 29, 33, 3, 26, 38]"
champion,"['CH', 'AE', 'M', 'P', 'IY', 'AH', 'N']","['cham', 'pi', 'on']","['ch', 'ampion']",0.375,4.17e-05,"[17, 2, 26, 29, 11, 3, 27, 0]"
relating,"['R', 'IH', 'L', 'EY', 'T', 'IH', 'NG']","['re', 'lat', 'ing']","['rel', 'ating']",0.375,1.62e-05,"[30, 10, 25, 9, 33, 10, 28, 0]"
phillips,"['F', 'IH', 'L', 'IH', 'P', 'S']","['phil', 'lips']","['ph', 'ill', 'ips']",0.375,1.07e-05,"[20, 10, 25, 10, 29, 31, 0, 0]"
together,"['T', 'AH', 'G', 'EH', 'DH', 'ER']","['to', 'geth', 'er']","['t', 'ogether']",0.375,0.000288,"[33, 3, 21, 7, 19, 8, 0, 0]"
majority,"['M', 'AH', 'JH', 'AO', 'R', 'AH', 'T', 'IY']","['ma', 'jor', 'ity']","['maj', 'ority']",0.375,8.71e-05,"[26, 3, 23, 4, 30, 3, 33, 11]"
adjacent,"['AH', 'JH', 'EY', 'S', 'AH', 'N', 'T']","['ad', 'ja', 'cent']","['adj', 'acent']",0.375,1.32e-05,"[3, 23, 9, 31, 3, 27, 33, 0]"
studying,"['S', 'T', 'AH', 'D', 'IY', 'IH', 'NG']","['study', 'ing']","['st', 'ud', 'ying']",0.375,2.63e-05,"[31, 33, 3, 18, 11, 10, 28, 0]"
warriors,"['W', 'AO', 'R', 'IY', 'ER', 'Z']","['war', 'ri', 'ors']","['w', 'arriors']",0.375,2e-05,"[36, 4, 30, 11, 8, 38, 0, 0]"
material,"['M', 'AH', 'T', 'IH', 'R', 'IY', 'AH', 'L']","['ma', 'ter', 'i', 'al']",['material'],0.375,8.91e-05,"[26, 3, 33, 10, 30, 11, 3, 25]"
metallic,"['M', 'AH', 'T', 'AE', 'L', 'IH', 'K']","['metal', 'lic']","['met', 'all', 'ic']",0.375,6.61e-06,"[26, 3, 33, 2, 25, 10, 24, 0]"
mongolia,"['M', 'AA', 'NG', 'G', 'OW', 'L', 'IY', 'AH']","['mon', 'go', 'lia']","['mong', 'olia']",0.375,2.19e-06,"[26, 1, 28, 21, 12, 25, 11, 3]"
intimate,"['IH', 'N', 'T', 'AH', 'M', 'AH', 'T']","['in', 'tim', 'ate']","['int', 'imate']",0.375,1.15e-05,"[10, 27, 33, 3, 26, 3, 33, 0]"
cassette,"['K', 'AH', 'S', 'EH', 'T']","['cas', 'sette']","['c', 'ass', 'ette']",0.375,2.51e-06,"[24, 3, 31, 7, 33, 0, 0, 0]"
detected,"['D', 'IH', 'T', 'EH', 'K', 'T', 'AH', 'D']","['de', 'tec', 'ted']","['det', 'ected']",0.375,1.15e-05,"[18, 10, 33, 7, 24, 33, 3, 18]"
ensuring,"['EH', 'N', 'SH', 'UH', 'R', 'IH', 'NG']","['en', 'sur', 'ing']","['ens', 'uring']",0.375,1e-05,"[7, 27, 32, 14, 30, 10, 28, 0]"
recorded,"['R', 'AH', 'K', 'AO', 'R', 'D', 'AH', 'D']","['re', 'cor', 'ded']","['record', 'ed']",0.375,4.57e-05,"[30, 3, 24, 4, 30, 18, 3, 18]"
columbus,"['K', 'AH', 'L', 'AH', 'M', 'B', 'AH', 'S']","['colum', 'bus']","['col', 'umb', 'us']",0.375,1.1e-05,"[24, 3, 25, 3, 26, 16, 3, 31]"
annoying,"['AH', 'N', 'OY', 'IH', 'NG']","['an', 'noy', 'ing']","['anno', 'ying']",0.375,2.51e-05,"[3, 27, 13, 10, 28, 0, 0, 0]"
historic,"['HH', 'IH', 'S', 'T', 'AO', 'R', 'IH', 'K']","['his', 'tor', 'ic']","['hist', 'oric']",0.375,3.09e-05,"[22, 10, 31, 33, 4, 30, 10, 24]"
diseases,"['D', 'IH', 'Z', 'IY', 'Z', 'AH', 'Z']","['dis', 'eases']","['d', 'ise', 'ases']",0.375,2.29e-05,"[18, 10, 38, 11, 38, 3, 38, 0]"
ericsson,"['EH', 'R', 'IH', 'K', 'S', 'AH', 'N']","['eric', 'sson']","['er', 'ics', 'son']",0.375,1.05e-06,"[7, 30, 10, 24, 31, 3, 27, 0]"
freeware,"['F', 'R', 'IY', 'W', 'EY', 'R']","['free', 'ware']","['fre', 'ew', 'are']",0.375,3.72e-07,"[20, 30, 11, 36, 9, 30, 0, 0]"
accepted,"['AE', 'K', 'S', 'EH', 'P', 'T', 'IH', 'D']","['ac', 'cep', 'ted']","['accept', 'ed']",0.375,4.68e-05,"[2, 24, 31, 7, 29, 33, 10, 18]"
offering,"['AO', 'F', 'ER', 'IH', 'NG']","['of', 'fer', 'ing']","['off', 'ering']",0.375,3.98e-05,"[4, 20, 8, 10, 28, 0, 0, 0]"
approval,"['AH', 'P', 'R', 'UW', 'V', 'AH', 'L']","['ap', 'prov', 'al']","['appro', 'val']",0.375,3.16e-05,"[3, 29, 30, 15, 35, 3, 25, 0]"
notified,"['N', 'OW', 'T', 'AH', 'F', 'AY', 'D']","['no', 'ti', 'fied']","['not', 'ified']",0.375,6.76e-06,"[27, 12, 33, 3, 20, 6, 18, 0]"
imported,"['IH', 'M', 'P', 'AO', 'R', 'T', 'IH', 'D']","['im', 'por', 'ted']","['import', 'ed']",0.375,8.91e-06,"[10, 26, 29, 4, 30, 33, 10, 18]"
religion,"['R', 'IH', 'L', 'IH', 'JH', 'AH', 'N']","['re', 'li', 'gion']","['relig', 'ion']",0.375,5.5e-05,"[30, 10, 25, 10, 23, 3, 27, 0]"
attorney,"['AH', 'T', 'ER', 'N', 'IY']","['at', 'tor', 'ney']","['att', 'orney']",0.375,4.9e-05,"[3, 33, 8, 27, 11, 0, 0, 0]"
intended,"['IH', 'N', 'T', 'EH', 'N', 'D', 'AH', 'D']","['in', 'ten', 'ded']","['int', 'ended']",0.375,5.01e-05,"[10, 27, 33, 7, 27, 18, 3, 18]"
brunette,"['B', 'R', 'UW', 'N', 'EH', 'T']","['bru', 'nette']","['br', 'un', 'ette']",0.375,2.51e-06,"[16, 30, 15, 27, 7, 33, 0, 0]"
bargains,"['B', 'AA', 'R', 'G', 'AH', 'N', 'Z']","['bar', 'gains']","['b', 'arg', 'ains']",0.375,1.95e-06,"[16, 1, 30, 21, 3, 27, 38, 0]"
kentucky,"['K', 'AH', 'N', 'T', 'AH', 'K', 'IY']","['ken', 'tucky']","['k', 'ent', 'ucky']",0.375,2e-05,"[24, 3, 27, 33, 3, 24, 11, 0]"
victoria,"['V', 'IH', 'K', 'T', 'AO', 'R', 'IY', 'AH']","['vic', 'tor', 'ia']","['vict', 'oria']",0.375,2.75e-05,"[35, 10, 24, 33, 4, 30, 11, 3]"
relative,"['R', 'EH', 'L', 'AH', 'T', 'IH', 'V']","['re', 'l', 'at', 'ive']",['relative'],0.375,3.02e-05,"[30, 7, 25, 3, 33, 10, 35, 0]"
capacity,"['K', 'AH', 'P', 'AE', 'S', 'AH', 'T', 'IY']","['ca', 'pa', 'city']","['cap', 'acity']",0.375,5.13e-05,"[24, 3, 29, 2, 31, 3, 33, 11]"
trustees,"['T', 'R', 'AH', 'S', 'T', 'IY', 'Z']","['trust', 'ees']","['tr', 'uste', 'es']",0.375,6.92e-06,"[33, 30, 3, 31, 33, 11, 38, 0]"
bacteria,"['B', 'AE', 'K', 'T', 'IH', 'R', 'IY', 'AH']","['bac', 'teria']","['b', 'acter', 'ia']",0.375,1.55e-05,"[16, 2, 24, 33, 10, 30, 11, 3]"
entering,"['EH', 'N', 'T', 'ER', 'IH', 'NG']","['en', 'ter', 'ing']","['ent', 'ering']",0.375,2.63e-05,"[7, 27, 33, 8, 10, 28, 0, 0]"
musician,"['M', 'Y', 'UW', 'Z', 'IH', 'SH', 'AH', 'N']","['mu', 'si', 'cian']","['mus', 'ician']",0.375,1.02e-05,"[26, 37, 15, 38, 10, 32, 3, 27]"
moisture,"['M', 'OY', 'S', 'CH', 'ER']","['mois', 'ture']","['mo', 'ist', 'ure']",0.375,7.94e-06,"[26, 13, 31, 17, 8, 0, 0, 0]"
carrying,"['K', 'AE', 'R', 'IY', 'IH', 'NG']","['car', 'ry', 'ing']","['carr', 'ying']",0.375,4.07e-05,"[24, 2, 30, 11, 10, 28, 0, 0]"
familiar,"['F', 'AH', 'M', 'IH', 'L', 'Y', 'ER']","['fa', 'mil', 'i', 'ar']",['familiar'],0.375,4.07e-05,"[20, 3, 26, 10, 25, 37, 8, 0]"
reported,"['R', 'IY', 'P', 'AO', 'R', 'T', 'AH', 'D']","['re', 'por', 'ted']","['report', 'ed']",0.375,0.0001,"[30, 11, 29, 4, 30, 33, 3, 18]"
anderson,"['AE', 'N', 'D', 'ER', 'S', 'AH', 'N']","['an', 'der', 'son']","['and', 'erson']",0.375,2.29e-05,"[2, 27, 18, 8, 31, 3, 27, 0]"
directed,"['D', 'ER', 'EH', 'K', 'T', 'AH', 'D']","['dir', 'ec', 'ted']","['direct', 'ed']",0.375,3.98e-05,"[18, 8, 7, 24, 33, 3, 18, 0]"
dynamics,"['D', 'AY', 'N', 'AE', 'M', 'IH', 'K', 'S']","['dy', 'nam', 'ics']","['d', 'ynamics']",0.375,1.2e-05,"[18, 6, 27, 2, 26, 10, 24, 31]"
decrease,"['D', 'IH', 'K', 'R', 'IY', 'S']","['de', 'crease']","['dec', 're', 'ase']",0.375,1.48e-05,"[18, 10, 24, 30, 11, 31, 0, 0]"
revenues,"['R', 'EH', 'V', 'AH', 'N', 'UW', 'Z']","['rev', 'en', 'ues']","['re', 'venues']",0.375,1.15e-05,"[30, 7, 35, 3, 27, 15, 38, 0]"
relevant,"['R', 'EH', 'L', 'AH', 'V', 'AH', 'N', 'T']","['rel', 'ev', 'ant']","['re', 'levant']",0.375,4.07e-05,"[30, 7, 25, 3, 35, 3, 27, 33]"
innocent,"['IH', 'N', 'AH', 'S', 'AH', 'N', 'T']","['in', 'no', 'cent']","['inn', 'ocent']",0.375,2.82e-05,"[10, 27, 3, 31, 3, 27, 33, 0]"
symphony,"['S', 'IH', 'M', 'F', 'AH', 'N', 'IY']","['sym', 'phony']","['s', 'ymph', 'ony']",0.375,5.89e-06,"[31, 10, 26, 20, 3, 27, 11, 0]"
canadian,"['K', 'AH', 'N', 'EY', 'D', 'IY', 'AH', 'N']","['ca', 'na', 'dian']","['can', 'adian']",0.375,5.01e-05,"[24, 3, 27, 9, 18, 11, 3, 27]"
patricia,"['P', 'AH', 'T', 'R', 'IH', 'SH', 'AH']","['pa', 'tri', 'cia']","['pat', 'ricia']",0.375,5.75e-06,"[29, 3, 33, 30, 10, 32, 3, 0]"
seminars,"['S', 'EH', 'M', 'AH', 'N', 'AA', 'R', 'Z']","['sem', 'inars']","['s', 'emin', 'ars']",0.375,3.16e-06,"[31, 7, 26, 3, 27, 1, 30, 38]"
educational,"['EH', 'JH', 'AH', 'K', 'EY', 'SH', 'AH', 'N', 'AH', 'L']","['edu', 'ca', 'tion', 'al']","['educ', 'ational']",0.36363636363636365,3.98e-05,"[7, 23, 3, 24, 9, 32, 3, 27]"
represented,"['R', 'EH', 'P', 'R', 'AH', 'Z', 'EH', 'N', 'T', 'AH', 'D']","['rep', 'res', 'en', 'ted']","['represent', 'ed']",0.36363636363636365,3.39e-05,"[30, 7, 29, 30, 3, 38, 7, 27]"
implemented,"['IH', 'M', 'P', 'L', 'AH', 'M', 'EH', 'N', 'T', 'AH', 'D']","['im', 'ple', 'men', 'ted']","['implement', 'ed']",0.36363636363636365,1.7e-05,"[10, 26, 29, 25, 3, 26, 7, 27]"
promotional,"['P', 'R', 'AH', 'M', 'OW', 'SH', 'AH', 'N', 'AH', 'L']","['pro', 'mo', 'tion', 'al']","['prom', 'otional']",0.36363636363636365,7.41e-06,"[29, 30, 3, 26, 12, 32, 3, 27]"
equilibrium,"['IY', 'K', 'W', 'AH', 'L', 'IH', 'B', 'R', 'IY', 'AH', 'M']","['equi', 'lib', 'ri', 'um']","['equ', 'ilibrium']",0.36363636363636365,3.98e-06,"[11, 24, 36, 3, 25, 10, 16, 30]"
elimination,"['IH', 'L', 'IH', 'M', 'AH', 'N', 'EY', 'SH', 'AH', 'N']","['elim', 'in', 'a', 'tion']","['el', 'imination']",0.36363636363636365,8.51e-06,"[10, 25, 10, 26, 3, 27, 9, 32]"
corrections,"['K', 'ER', 'EH', 'K', 'SH', 'AH', 'N', 'Z']","['cor', 'rec', 'tions']","['c', 'orre', 'ctions']",0.36363636363636365,4.9e-06,"[24, 8, 7, 24, 32, 3, 27, 38]"
initiatives,"['IH', 'N', 'IH', 'SH', 'AH', 'T', 'IH', 'V', 'Z']","['ini', 'ti', 'at', 'ives']","['in', 'itiatives']",0.36363636363636365,1.05e-05,"[10, 27, 10, 32, 3, 33, 10, 35]"
certificate,"['S', 'ER', 'T', 'IH', 'F', 'IH', 'K', 'AH', 'T']","['cer', 'ti', 'fic', 'ate']","['c', 'ertificate']",0.36363636363636365,1.95e-05,"[31, 8, 33, 10, 20, 10, 24, 3]"
immigration,"['IH', 'M', 'AH', 'G', 'R', 'EY', 'SH', 'AH', 'N']","['im', 'mig', 'ra', 'tion']","['imm', 'igration']",0.36363636363636365,2.95e-05,"[10, 26, 3, 21, 30, 9, 32, 3]"
necessarily,"['N', 'EH', 'S', 'AH', 'S', 'EH', 'R', 'AH', 'L', 'IY']","['ne', 'ces', 'sar', 'ily']","['necess', 'arily']",0.36363636363636365,3.02e-05,"[27, 7, 31, 3, 31, 7, 30, 3]"
significant,"['S', 'AH', 'G', 'N', 'IH', 'F', 'IH', 'K', 'AH', 'N', 'T']","['sig', 'ni', 'fic', 'ant']","['sign', 'ificant']",0.36363636363636365,9.55e-05,"[31, 3, 21, 27, 10, 20, 10, 24]"
designation,"['D', 'EH', 'Z', 'AH', 'G', 'N', 'EY', 'SH', 'AH', 'N']","['des', 'ig', 'na', 'tion']","['design', 'ation']",0.36363636363636365,5.75e-06,"[18, 7, 38, 3, 21, 27, 9, 32]"
dimensional,"['D', 'IH', 'M', 'EH', 'N', 'SH', 'AH', 'N', 'AH', 'L']","['di', 'men', 'sion', 'al']","['d', 'imensional']",0.36363636363636365,1.07e-05,"[18, 10, 26, 7, 27, 32, 3, 27]"
legislature,"['L', 'EH', 'JH', 'AH', 'S', 'L', 'EY', 'CH', 'ER']","['le', 'gis', 'lature']","['leg', 'isl', 'ature']",0.36363636363636365,1.45e-05,"[25, 7, 23, 3, 31, 25, 9, 17]"
connecticut,"['K', 'AH', 'N', 'EH', 'T', 'AH', 'K', 'AH', 'T']","['con', 'necti', 'c', 'ut']","['connect', 'icut']",0.36363636363636365,1.29e-05,"[24, 3, 27, 7, 33, 3, 24, 3]"
compilation,"['K', 'AA', 'M', 'P', 'AH', 'L', 'EY', 'SH', 'AH', 'N']","['com', 'pil', 'a', 'tion']","['comp', 'ilation']",0.36363636363636365,7.08e-06,"[24, 1, 26, 29, 3, 25, 9, 32]"
combination,"['K', 'AA', 'M', 'B', 'AH', 'N', 'EY', 'SH', 'AH', 'N']","['com', 'bin', 'a', 'tion']","['comb', 'ination']",0.36363636363636365,4.07e-05,"[24, 1, 26, 16, 3, 27, 9, 32]"
atmospheric,"['AE', 'T', 'M', 'AH', 'S', 'F', 'EH', 'R', 'IH', 'K']","['at', 'mo', 'spher', 'ic']","['atmos', 'pheric']",0.36363636363636365,6.92e-06,"[2, 33, 26, 3, 31, 20, 7, 30]"
reservation,"['R', 'EH', 'Z', 'ER', 'V', 'EY', 'SH', 'AH', 'N']","['re', 'ser', 'va', 'tion']","['res', 'ervation']",0.36363636363636365,8.91e-06,"[30, 7, 38, 8, 35, 9, 32, 3]"
residential,"['R', 'EH', 'Z', 'IH', 'D', 'EH', 'N', 'CH', 'AH', 'L']","['res', 'id', 'en', 'tial']","['resident', 'ial']",0.36363636363636365,2.14e-05,"[30, 7, 38, 10, 18, 7, 27, 17]"
exceptional,"['IH', 'K', 'S', 'EH', 'P', 'SH', 'AH', 'N', 'AH', 'L']","['ex', 'cep', 'tion', 'al']","['except', 'ional']",0.36363636363636365,1.12e-05,"[10, 24, 31, 7, 29, 32, 3, 27]"
engineering,"['EH', 'N', 'JH', 'AH', 'N', 'IH', 'R', 'IH', 'NG']","['en', 'gin', 'eer', 'ing']","['engine', 'ering']",0.36363636363636365,6.31e-05,"[7, 27, 23, 3, 27, 10, 30, 10]"
calculation,"['K', 'AE', 'L', 'K', 'Y', 'AH', 'L', 'EY', 'SH', 'AH', 'N']","['cal', 'cu', 'la', 'tion']","['calcul', 'ation']",0.36363636363636365,5.75e-06,"[24, 2, 25, 24, 37, 3, 25, 9]"
liabilities,"['L', 'AY', 'AH', 'B', 'IH', 'L', 'AH', 'T', 'IY', 'Z']","['li', 'ab', 'il', 'it', 'ies']","['lia', 'bil', 'ities']",0.36363636363636365,3.63e-06,"[25, 6, 3, 16, 10, 25, 3, 33]"
consecutive,"['K', 'AH', 'N', 'S', 'EH', 'K', 'Y', 'AH', 'T', 'IH', 'V']","['con', 'sec', 'ut', 'ive']","['cons', 'ecutive']",0.36363636363636365,1.51e-05,"[24, 3, 27, 31, 7, 24, 37, 3]"
sensitivity,"['S', 'EH', 'N', 'S', 'IH', 'T', 'IH', 'V', 'IH', 'T', 'IY']","['sens', 'it', 'iv', 'ity']","['s', 'ensitivity']",0.36363636363636365,8.91e-06,"[31, 7, 27, 31, 10, 33, 10, 35]"
intelligent,"['IH', 'N', 'T', 'EH', 'L', 'AH', 'JH', 'AH', 'N', 'T']","['in', 'tel', 'li', 'gent']","['int', 'elligent']",0.36363636363636365,1.95e-05,"[10, 27, 33, 7, 25, 3, 23, 3]"
restoration,"['R', 'EH', 'S', 'T', 'ER', 'EY', 'SH', 'AH', 'N']","['res', 'tor', 'a', 'tion']","['rest', 'oration']",0.36363636363636365,1.29e-05,"[30, 7, 31, 33, 8, 9, 32, 3]"
recognition,"['R', 'EH', 'K', 'AH', 'G', 'N', 'IH', 'SH', 'AH', 'N']","['re', 'cog', 'ni', 'tion']","['recogn', 'ition']",0.36363636363636365,2.95e-05,"[30, 7, 24, 3, 21, 27, 10, 32]"
endorsement,"['EH', 'N', 'D', 'AO', 'R', 'S', 'M', 'AH', 'N', 'T']","['en', 'dorse', 'ment']","['end', 'ors', 'ement']",0.36363636363636365,5.62e-06,"[7, 27, 18, 4, 30, 31, 26, 3]"
calculators,"['K', 'AE', 'L', 'K', 'Y', 'AH', 'L', 'EY', 'T', 'ER', 'Z']","['cal', 'cu', 'lat', 'ors']","['calcul', 'ators']",0.36363636363636365,9.55e-07,"[24, 2, 25, 24, 37, 3, 25, 9]"
accordingly,"['AH', 'K', 'AO', 'R', 'D', 'IH', 'NG', 'L', 'IY']","['ac', 'cord', 'ingly']","['acc', 'ording', 'ly']",0.36363636363636365,1.05e-05,"[3, 24, 4, 30, 18, 10, 28, 25]"
uncertainty,"['AH', 'N', 'S', 'ER', 'T', 'AH', 'N', 'T', 'IY']","['un', 'cer', 'tainty']","['unc', 'erta', 'inty']",0.36363636363636365,1.07e-05,"[3, 27, 31, 8, 33, 3, 27, 33]"
fascinating,"['F', 'AE', 'S', 'AH', 'N', 'EY', 'T', 'IH', 'NG']","['fas', 'cin', 'at', 'ing']","['f', 'asc', 'in', 'ating']",0.36363636363636365,1.35e-05,"[20, 2, 31, 3, 27, 9, 33, 10]"
invitations,"['IH', 'N', 'V', 'IH', 'T', 'EY', 'SH', 'AH', 'N', 'Z']","['in', 'vit', 'a', 'tions']","['inv', 'itations']",0.36363636363636365,2.57e-06,"[10, 27, 35, 10, 33, 9, 32, 3]"
possibility,"['P', 'AA', 'S', 'AH', 'B', 'IH', 'L', 'AH', 'T', 'IY']","['pos', 'sib', 'il', 'ity']","['poss', 'ibility']",0.36363636363636365,3.8e-05,"[29, 1, 31, 3, 16, 10, 25, 3]"
affiliation,"['AH', 'F', 'IH', 'L', 'IY', 'EY', 'SH', 'AH', 'N']","['af', 'fil', 'i', 'ation']","['aff', 'iliation']",0.36363636363636365,4.27e-06,"[3, 20, 10, 25, 11, 9, 32, 3]"
improvement,"['IH', 'M', 'P', 'R', 'UW', 'V', 'M', 'AH', 'N', 'T']","['im', 'prove', 'ment']","['imp', 'rov', 'ement']",0.36363636363636365,3.09e-05,"[10, 26, 29, 30, 15, 35, 26, 3]"
assumptions,"['AH', 'S', 'AH', 'M', 'P', 'SH', 'AH', 'N', 'Z']","['as', 'sump', 'tions']","['ass', 'um', 'ptions']",0.36363636363636365,8.91e-06,"[3, 31, 3, 26, 29, 32, 3, 27]"
traditional,"['T', 'R', 'AH', 'D', 'IH', 'SH', 'AH', 'N', 'AH', 'L']","['tra', 'di', 'tion', 'al']","['trad', 'itional']",0.36363636363636365,6.92e-05,"[33, 30, 3, 18, 10, 32, 3, 27]"
integrating,"['IH', 'N', 'T', 'AH', 'G', 'R', 'EY', 'T', 'IH', 'NG']","['in', 'teg', 'rat', 'ing']","['integr', 'ating']",0.36363636363636365,3.31e-06,"[10, 27, 33, 3, 21, 30, 9, 33]"
exploration,"['EH', 'K', 'S', 'P', 'L', 'ER', 'EY', 'SH', 'AH', 'N']","['ex', 'plor', 'a', 'tion']","['expl', 'oration']",0.36363636363636365,1.55e-05,"[7, 24, 31, 29, 25, 8, 9, 32]"
occupations,"['AA', 'K', 'Y', 'AH', 'P', 'EY', 'SH', 'AH', 'N', 'Z']","['oc', 'cu', 'pa', 'tions']","['occup', 'ations']",0.36363636363636365,2.75e-06,"[1, 24, 37, 3, 29, 9, 32, 3]"
replication,"['R', 'EH', 'P', 'L', 'AH', 'K', 'EY', 'SH', 'AH', 'N']","['rep', 'lic', 'a', 'tion']","['re', 'plication']",0.36363636363636365,2.63e-06,"[30, 7, 29, 25, 3, 24, 9, 32]"
eligibility,"['EH', 'L', 'IH', 'JH', 'AH', 'B', 'IH', 'L', 'IH', 'T', 'IY']","['eli', 'gib', 'il', 'ity']","['elig', 'ibility']",0.36363636363636365,5.62e-06,"[7, 25, 10, 23, 3, 16, 10, 25]"
refurbished,"['R', 'IY', 'F', 'ER', 'B', 'IH', 'SH', 'T']","['re', 'fur', 'bished']","['ref', 'urb', 'ished']",0.36363636363636365,2.45e-06,"[30, 11, 20, 8, 16, 10, 32, 33]"
controversy,"['K', 'AA', 'N', 'T', 'R', 'AH', 'V', 'ER', 'S', 'IY']","['con', 'tro', 'versy']","['cont', 'rovers', 'y']",0.36363636363636365,1.82e-05,"[24, 1, 27, 33, 30, 3, 35, 8]"
fundamental,"['F', 'AH', 'N', 'D', 'AH', 'M', 'EH', 'N', 'T', 'AH', 'L']","['fun', 'da', 'ment', 'al']","['fund', 'amental']",0.36363636363636365,2.14e-05,"[20, 3, 27, 18, 3, 26, 7, 27]"
beautifully,"['B', 'Y', 'UW', 'T', 'AH', 'F', 'L', 'IY']","['beau', 'ti', 'fully']","['be', 'autiful', 'ly']",0.36363636363636365,8.32e-06,"[16, 37, 15, 33, 3, 20, 25, 11]"
administrative,"['AH', 'D', 'M', 'IH', 'N', 'AH', 'S', 'T', 'R', 'EY', 'T', 'IH', 'V']","['ad', 'min', 'is', 'trat', 'ive']","['administr', 'ative']",0.35714285714285715,2.82e-05,"[3, 18, 26, 10, 27, 3, 31, 33]"
administrators,"['AE', 'D', 'M', 'IH', 'N', 'IH', 'S', 'T', 'R', 'EY', 'T', 'ER', 'Z']","['ad', 'min', 'is', 'trat', 'ors']","['administr', 'ators']",0.35714285714285715,7.08e-06,"[2, 18, 26, 10, 27, 10, 31, 33]"
classification,"['K', 'L', 'AE', 'S', 'AH', 'F', 'AH', 'K', 'EY', 'SH', 'AH', 'N']","['clas', 'si', 'fic', 'a', 'tion']","['class', 'ification']",0.35714285714285715,1.51e-05,"[24, 25, 2, 31, 3, 20, 3, 24]"
pharmaceutical,"['F', 'AA', 'R', 'M', 'AH', 'S', 'UW', 'T', 'IH', 'K', 'AH', 'L']","['phar', 'ma', 'ceut', 'ic', 'al']","['ph', 'arm', 'aceut', 'ical']",0.35714285714285715,7.94e-06,"[20, 1, 30, 26, 3, 31, 15, 33]"
nested,"['N', 'EH', 'S', 'T', 'AH', 'D']","['nes', 'ted']","['n', 'ested']",0.3333333333333333,1.07e-06,"[27, 7, 31, 33, 3, 18, 0, 0]"
coalition,"['K', 'OW', 'AH', 'L', 'IH', 'SH', 'AH', 'N']","['co', 'ali', 'tion']","['coal', 'ition']",0.3333333333333333,1.7e-05,"[24, 12, 3, 25, 10, 32, 3, 27]"
empirical,"['EH', 'M', 'P', 'IH', 'R', 'IH', 'K', 'AH', 'L']","['em', 'pir', 'ic', 'al']","['emp', 'ir', 'ical']",0.3333333333333333,4.17e-06,"[7, 26, 29, 10, 30, 10, 24, 3]"
dui,"['D', 'IY', 'Y', 'UW', 'AY']",['dui'],"['d', 'ui']",0.3333333333333333,2.24e-06,"[18, 11, 37, 15, 6, 0, 0, 0]"
remainder,"['R', 'IH', 'M', 'EY', 'N', 'D', 'ER']","['re', 'mainder']","['rem', 'ain', 'der']",0.3333333333333333,1.07e-05,"[30, 10, 26, 9, 27, 18, 8, 0]"
gossip,"['G', 'AA', 'S', 'AH', 'P']","['gos', 'sip']","['g', 'ossip']",0.3333333333333333,7.59e-06,"[21, 1, 31, 3, 29, 0, 0, 0]"
orgasm,"['AO', 'R', 'G', 'AE', 'Z', 'AH', 'M']","['or', 'gasm']","['org', 'asm']",0.3333333333333333,4.68e-06,"[4, 30, 21, 2, 38, 3, 26, 0]"
indoor,"['IH', 'N', 'D', 'AO', 'R']","['in', 'door']","['indo', 'or']",0.3333333333333333,1.23e-05,"[10, 27, 18, 4, 30, 0, 0, 0]"
fossil,"['F', 'AA', 'S', 'AH', 'L']",['fossil'],"['f', 'oss', 'il']",0.3333333333333333,9.77e-06,"[20, 1, 31, 3, 25, 0, 0, 0]"
parker,"['P', 'AA', 'R', 'K', 'ER']","['park', 'er']","['par', 'ker']",0.3333333333333333,1.7e-05,"[29, 1, 30, 24, 8, 0, 0, 0]"
gospel,"['G', 'AA', 'S', 'P', 'AH', 'L']","['gos', 'pel']","['g', 'ospel']",0.3333333333333333,1.51e-05,"[21, 1, 31, 29, 3, 25, 0, 0]"
assess,"['AH', 'S', 'EH', 'S']","['as', 'sess']","['ass', 'ess']",0.3333333333333333,1.17e-05,"[3, 31, 7, 31, 0, 0, 0, 0]"
recipient,"['R', 'AH', 'S', 'IH', 'P', 'IY', 'AH', 'N', 'T']","['re', 'cip', 'i', 'ent']",['recipient'],0.3333333333333333,8.71e-06,"[30, 3, 31, 10, 29, 11, 3, 27]"
necessity,"['N', 'AH', 'S', 'EH', 'S', 'AH', 'T', 'IY']","['ne', 'ces', 'sity']","['necess', 'ity']",0.3333333333333333,8.13e-06,"[27, 3, 31, 7, 31, 3, 33, 11]"
gay,"['G', 'EY']",['gay'],"['g', 'ay']",0.3333333333333333,7.94e-05,"[21, 9, 0, 0, 0, 0, 0, 0]"
estate,"['IH', 'S', 'T', 'EY', 'T']","['es', 'tate']","['est', 'ate']",0.3333333333333333,6.61e-05,"[10, 31, 33, 9, 33, 0, 0, 0]"
pollution,"['P', 'AH', 'L', 'UW', 'SH', 'AH', 'N']","['pol', 'lu', 'tion']","['poll', 'ution']",0.3333333333333333,1.58e-05,"[29, 3, 25, 15, 32, 3, 27, 0]"
tub,"['T', 'AH', 'B']",['tub'],"['t', 'ub']",0.3333333333333333,7.08e-06,"[33, 3, 16, 0, 0, 0, 0, 0]"
radius,"['R', 'EY', 'D', 'IY', 'AH', 'S']","['ra', 'di', 'us']",['radius'],0.3333333333333333,7.24e-06,"[30, 9, 18, 11, 3, 31, 0, 0]"
mortality,"['M', 'AO', 'R', 'T', 'AE', 'L', 'AH', 'T', 'IY']","['mor', 'tal', 'ity']","['mort', 'ality']",0.3333333333333333,7.94e-06,"[26, 4, 30, 33, 2, 25, 3, 33]"
architect,"['AA', 'R', 'K', 'AH', 'T', 'EH', 'K', 'T']","['ar', 'chi', 'tect']","['arch', 'itect']",0.3333333333333333,1.2e-05,"[1, 30, 24, 3, 33, 7, 24, 33]"
organization,"['AO', 'R', 'G', 'AH', 'N', 'AH', 'Z', 'EY', 'SH', 'AH', 'N']","['or', 'gan', 'iz', 'a', 'tion']",['organization'],0.3333333333333333,8.32e-05,"[4, 30, 21, 3, 27, 3, 38, 9]"
expanding,"['IH', 'K', 'S', 'P', 'AE', 'N', 'D', 'IH', 'NG']","['ex', 'pand', 'ing']","['exp', 'anding']",0.3333333333333333,1.48e-05,"[10, 24, 31, 29, 2, 27, 18, 10]"
hebrew,"['HH', 'IY', 'B', 'R', 'UW']",['hebrew'],"['he', 'bre', 'w']",0.3333333333333333,8.13e-06,"[22, 11, 16, 30, 15, 0, 0, 0]"
mature,"['M', 'AH', 'CH', 'UH', 'R']","['ma', 'ture']","['m', 'ature']",0.3333333333333333,1.91e-05,"[26, 3, 17, 14, 30, 0, 0, 0]"
divide,"['D', 'IH', 'V', 'AY', 'D']","['di', 'vide']","['div', 'ide']",0.3333333333333333,1.32e-05,"[18, 10, 35, 6, 18, 0, 0, 0]"
dangerous,"['D', 'EY', 'N', 'JH', 'ER', 'AH', 'S']","['dan', 'ger', 'ous']","['d', 'angerous']",0.3333333333333333,6.17e-05,"[18, 9, 27, 23, 8, 3, 31, 0]"
russia,"['R', 'AH', 'SH', 'AH']","['rus', 'sia']","['r', 'ussia']",0.3333333333333333,8.51e-05,"[30, 3, 32, 3, 0, 0, 0, 0]"
assistant,"['AH', 'S', 'IH', 'S', 'T', 'AH', 'N', 'T']","['as', 'sist', 'ant']","['ass', 'istant']",0.3333333333333333,5.25e-05,"[3, 31, 10, 31, 33, 3, 27, 33]"
yesterday,"['Y', 'EH', 'S', 'T', 'ER', 'D', 'EY']","['yes', 'ter', 'day']","['y', 'esterday']",0.3333333333333333,8.13e-05,"[37, 7, 31, 33, 8, 18, 9, 0]"
conservative,"['K', 'AH', 'N', 'S', 'ER', 'V', 'AH', 'T', 'IH', 'V']","['con', 'ser', 'vat', 'ive']","['conserv', 'ative']",0.3333333333333333,4.07e-05,"[24, 3, 27, 31, 8, 35, 3, 33]"
chemicals,"['K', 'EH', 'M', 'IH', 'K', 'AH', 'L', 'Z']","['chem', 'ic', 'als']","['chemical', 's']",0.3333333333333333,1.48e-05,"[24, 7, 26, 10, 24, 3, 25, 38]"
gordon,"['G', 'AO', 'R', 'D', 'AH', 'N']","['gor', 'don']","['g', 'ordon']",0.3333333333333333,2.34e-05,"[21, 4, 30, 18, 3, 27, 0, 0]"
purchases,"['P', 'ER', 'CH', 'AH', 'S', 'AH', 'Z']","['pur', 'chases']","['p', 'urch', 'ases']",0.3333333333333333,1.29e-05,"[29, 8, 17, 3, 31, 3, 38, 0]"
argentina,"['AA', 'R', 'JH', 'AH', 'N', 'T', 'IY', 'N', 'AH']","['ar', 'gen', 'tina']","['argent', 'ina']",0.3333333333333333,1.66e-05,"[1, 30, 23, 3, 27, 33, 11, 27]"
erotic,"['IH', 'R', 'AA', 'T', 'IH', 'K']","['erot', 'ic']","['er', 'otic']",0.3333333333333333,5.5e-06,"[10, 30, 1, 33, 10, 24, 0, 0]"
wholesale,"['HH', 'OW', 'L', 'S', 'EY', 'L']","['whole', 'sale']","['wh', 'oles', 'ale']",0.3333333333333333,9.33e-06,"[22, 12, 25, 31, 9, 25, 0, 0]"
silent,"['S', 'AY', 'L', 'AH', 'N', 'T']","['si', 'lent']","['sil', 'ent']",0.3333333333333333,2.82e-05,"[31, 6, 25, 3, 27, 33, 0, 0]"
humans,"['HH', 'Y', 'UW', 'M', 'AH', 'N', 'Z']","['hu', 'mans']","['hum', 'ans']",0.3333333333333333,4.07e-05,"[22, 37, 15, 26, 3, 27, 38, 0]"
pee,"['P', 'IY']",['pee'],"['pe', 'e']",0.3333333333333333,9.12e-06,"[29, 11, 0, 0, 0, 0, 0, 0]"
spy,"['S', 'P', 'AY']",['spy'],"['sp', 'y']",0.3333333333333333,1.74e-05,"[31, 29, 6, 0, 0, 0, 0, 0]"
jay,"['JH', 'EY']",['jay'],"['j', 'ay']",0.3333333333333333,2.4e-05,"[23, 9, 0, 0, 0, 0, 0, 0]"
rental,"['R', 'EH', 'N', 'T', 'AH', 'L']","['rent', 'al']","['r', 'ental']",0.3333333333333333,1.26e-05,"[30, 7, 27, 33, 3, 25, 0, 0]"
advice,"['AE', 'D', 'V', 'AY', 'S']","['ad', 'vice']","['adv', 'ice']",0.3333333333333333,7.59e-05,"[2, 18, 35, 6, 31, 0, 0, 0]"
career,"['K', 'ER', 'IH', 'R']","['ca', 'reer']","['care', 'er']",0.3333333333333333,0.000117,"[24, 8, 10, 30, 0, 0, 0, 0]"
vessel,"['V', 'EH', 'S', 'AH', 'L']","['ves', 'sel']","['v', 'essel']",0.3333333333333333,1.86e-05,"[35, 7, 31, 3, 25, 0, 0, 0]"
featuring,"['F', 'IY', 'CH', 'ER', 'IH', 'NG']","['fea', 'tur', 'ing']","['fe', 'aturing']",0.3333333333333333,2.82e-05,"[20, 11, 17, 8, 10, 28, 0, 0]"
facial,"['F', 'EY', 'SH', 'AH', 'L']","['fa', 'cial']","['fac', 'ial']",0.3333333333333333,1.26e-05,"[20, 9, 32, 3, 25, 0, 0, 0]"
brutal,"['B', 'R', 'UW', 'T', 'AH', 'L']","['bru', 'tal']","['br', 'utal']",0.3333333333333333,1.26e-05,"[16, 30, 15, 33, 3, 25, 0, 0]"
robots,"['R', 'OW', 'B', 'AA', 'T', 'S']","['ro', 'bots']","['rob', 'ots']",0.3333333333333333,9.77e-06,"[30, 12, 16, 1, 33, 31, 0, 0]"
librarian,"['L', 'AY', 'B', 'R', 'EH', 'R', 'IY', 'AH', 'N']","['lib', 'rar', 'i', 'an']","['lib', 'r', 'arian']",0.3333333333333333,3.89e-06,"[25, 6, 16, 30, 7, 30, 11, 3]"
subsidiaries,"['S', 'AH', 'B', 'S', 'IH', 'D', 'IY', 'EH', 'R', 'IY', 'Z']","['sub', 'si', 'di', 'ar', 'ies']","['subs', 'idi', 'aries']",0.3333333333333333,3.8e-06,"[31, 3, 16, 31, 10, 18, 11, 7]"
hunger,"['HH', 'AH', 'NG', 'G', 'ER']","['hun', 'ger']","['hung', 'er']",0.3333333333333333,1.26e-05,"[22, 3, 28, 21, 8, 0, 0, 0]"
mariah,"['M', 'ER', 'AY', 'AH']","['mari', 'ah']","['m', 'ariah']",0.3333333333333333,1.58e-06,"[26, 8, 6, 3, 0, 0, 0, 0]"
municipality,"['M', 'Y', 'UW', 'N', 'IH', 'S', 'AH', 'P', 'AE', 'L', 'AH', 'T', 'IY']","['mu', 'ni', 'cip', 'al', 'ity']","['m', 'unicip', 'ality']",0.3333333333333333,5.13e-06,"[26, 37, 15, 27, 10, 31, 3, 29]"
detective,"['D', 'IH', 'T', 'EH', 'K', 'T', 'IH', 'V']","['de', 'tect', 'ive']","['det', 'ective']",0.3333333333333333,1.62e-05,"[18, 10, 33, 7, 24, 33, 10, 35]"
satisfaction,"['S', 'AE', 'T', 'AH', 'S', 'F', 'AE', 'K', 'SH', 'AH', 'N']","['sat', 'is', 'fac', 'tion']","['s', 'atisfaction']",0.3333333333333333,1.45e-05,"[31, 2, 33, 3, 31, 20, 2, 24]"
animation,"['AE', 'N', 'AH', 'M', 'EY', 'SH', 'AH', 'N']","['an', 'im', 'a', 'tion']",['animation'],0.3333333333333333,1.51e-05,"[2, 27, 3, 26, 9, 32, 3, 27]"
labour,"['L', 'EY', 'B', 'AW', 'R']","['la', 'bour']","['lab', 'our']",0.3333333333333333,5.01e-05,"[25, 9, 16, 5, 30, 0, 0, 0]"
expansion,"['IH', 'K', 'S', 'P', 'AE', 'N', 'SH', 'AH', 'N']","['ex', 'pan', 'sion']","['exp', 'ansion']",0.3333333333333333,3.47e-05,"[10, 24, 31, 29, 2, 27, 32, 3]"
southeast,"['S', 'AW', 'TH', 'IY', 'S', 'T']","['south', 'east']","['s', 'out', 'heast']",0.3333333333333333,1.41e-05,"[31, 5, 34, 11, 31, 33, 0, 0]"
purchased,"['P', 'ER', 'CH', 'AH', 'S', 'T']","['pur', 'chased']","['p', 'urch', 'ased']",0.3333333333333333,2.95e-05,"[29, 8, 17, 3, 31, 33, 0, 0]"
decide,"['D', 'IH', 'S', 'AY', 'D']","['de', 'cide']","['dec', 'ide']",0.3333333333333333,6.03e-05,"[18, 10, 31, 6, 18, 0, 0, 0]"
increasingly,"['IH', 'N', 'K', 'R', 'IY', 'S', 'IH', 'NG', 'L', 'IY']","['in', 'creas', 'ingly']","['incre', 'asing', 'ly']",0.3333333333333333,2.4e-05,"[10, 27, 24, 30, 11, 31, 10, 28]"
migration,"['M', 'AY', 'G', 'R', 'EY', 'SH', 'AH', 'N']","['mi', 'gra', 'tion']","['m', 'igration']",0.3333333333333333,1.38e-05,"[26, 6, 21, 30, 9, 32, 3, 27]"
passenger,"['P', 'AE', 'S', 'AH', 'N', 'JH', 'ER']","['pas', 'sen', 'ger']","['pass', 'enger']",0.3333333333333333,2.4e-05,"[29, 2, 31, 3, 27, 23, 8, 0]"
dennis,"['D', 'EH', 'N', 'IH', 'S']","['den', 'nis']","['d', 'ennis']",0.3333333333333333,1.26e-05,"[18, 7, 27, 10, 31, 0, 0, 0]"
tomato,"['T', 'AH', 'M', 'EY', 'T', 'OW']","['to', 'mato']","['tom', 'ato']",0.3333333333333333,7.08e-06,"[33, 3, 26, 9, 33, 12, 0, 0]"
bacterial,"['B', 'AE', 'K', 'T', 'IH', 'R', 'IY', 'AH', 'L']","['bac', 'teri', 'al']","['b', 'acterial']",0.3333333333333333,5.37e-06,"[16, 2, 24, 33, 10, 30, 11, 3]"
undertake,"['AH', 'N', 'D', 'ER', 'T', 'EY', 'K']","['un', 'der', 'take']","['undert', 'ake']",0.3333333333333333,5.37e-06,"[3, 27, 18, 8, 33, 9, 24, 0]"
warren,"['W', 'AO', 'R', 'AH', 'N']","['war', 'ren']","['w', 'arren']",0.3333333333333333,1.82e-05,"[36, 4, 30, 3, 27, 0, 0, 0]"
intervals,"['IH', 'N', 'T', 'ER', 'V', 'AH', 'L', 'Z']","['in', 'ter', 'vals']","['interval', 's']",0.3333333333333333,4.9e-06,"[10, 27, 33, 8, 35, 3, 25, 38]"
cathedral,"['K', 'AH', 'TH', 'IY', 'D', 'R', 'AH', 'L']","['cathed', 'ral']","['c', 'ath', 'edral']",0.3333333333333333,9.77e-06,"[24, 3, 34, 11, 18, 30, 3, 25]"
suited,"['S', 'UW', 'T', 'AH', 'D']",['suited'],"['s', 'uit', 'ed']",0.3333333333333333,1.07e-05,"[31, 15, 33, 3, 18, 0, 0, 0]"
anthropology,"['AE', 'N', 'TH', 'R', 'AH', 'P', 'AA', 'L', 'AH', 'JH', 'IY']","['an', 'thro', 'po', 'logy']","['anthrop', 'ology']",0.3333333333333333,4.47e-06,"[2, 27, 34, 30, 3, 29, 1, 25]"
gibraltar,"['JH', 'IH', 'B', 'R', 'AO', 'L', 'T', 'ER']","['gibral', 'tar']","['g', 'ib', 'raltar']",0.3333333333333333,2.24e-06,"[23, 10, 16, 30, 4, 25, 33, 8]"
hepatitis,"['HH', 'EH', 'P', 'AH', 'T', 'AY', 'T', 'AH', 'S']","['hep', 'at', 'it', 'is']","['he', 'pat', 'itis']",0.3333333333333333,3.31e-06,"[22, 7, 29, 3, 33, 6, 33, 3]"
contacted,"['K', 'AA', 'N', 'T', 'AE', 'K', 'T', 'IH', 'D']","['con', 'tac', 'ted']","['contact', 'ed']",0.3333333333333333,1e-05,"[24, 1, 27, 33, 2, 24, 33, 10]"
sip,"['S', 'IH', 'P']",['sip'],"['s', 'ip']",0.3333333333333333,4.68e-06,"[31, 10, 29, 0, 0, 0, 0, 0]"
practitioner,"['P', 'R', 'AE', 'K', 'T', 'IH', 'SH', 'AH', 'N', 'ER']","['prac', 'ti', 'tion', 'er']","['pr', 'act', 'ition', 'er']",0.3333333333333333,4.27e-06,"[29, 30, 2, 24, 33, 10, 32, 3]"
hollow,"['HH', 'AA', 'L', 'OW']","['hol', 'low']","['h', 'ollow']",0.3333333333333333,8.91e-06,"[22, 1, 25, 12, 0, 0, 0, 0]"
sri,"['SH', 'R', 'IY']",['sri'],"['s', 'ri']",0.3333333333333333,1.32e-05,"[32, 30, 11, 0, 0, 0, 0, 0]"
desire,"['D', 'IH', 'Z', 'AY', 'ER']","['de', 'sire']","['des', 'ire']",0.3333333333333333,4.07e-05,"[18, 10, 38, 6, 8, 0, 0, 0]"
essays,"['EH', 'S', 'EY', 'Z']","['es', 'says']","['ess', 'ays']",0.3333333333333333,1.2e-05,"[7, 31, 9, 38, 0, 0, 0, 0]"
driven,"['D', 'R', 'IH', 'V', 'AH', 'N']","['driv', 'en']","['dr', 'iven']",0.3333333333333333,3.47e-05,"[18, 30, 10, 35, 3, 27, 0, 0]"
remain,"['R', 'IH', 'M', 'EY', 'N']","['re', 'main']","['rem', 'ain']",0.3333333333333333,6.76e-05,"[30, 10, 26, 9, 27, 0, 0, 0]"
appliance,"['AH', 'P', 'L', 'AY', 'AH', 'N', 'S']","['ap', 'pli', 'ance']","['appl', 'iance']",0.3333333333333333,2.24e-06,"[3, 29, 25, 6, 3, 27, 31, 0]"
institute,"['IH', 'N', 'S', 'T', 'AH', 'T', 'UW', 'T']","['in', 'sti', 'tute']","['instit', 'ute']",0.3333333333333333,6.31e-05,"[10, 27, 31, 33, 3, 33, 15, 33]"
sox,"['S', 'AA', 'K', 'S']",['sox'],"['so', 'x']",0.3333333333333333,6.92e-06,"[31, 1, 24, 31, 0, 0, 0, 0]"
hawaii,"['HH', 'AH', 'W', 'AY', 'IY']",['hawaii'],"['haw', 'ai', 'i']",0.3333333333333333,1.62e-05,"[22, 3, 36, 6, 11, 0, 0, 0]"
vienna,"['V', 'IY', 'EH', 'N', 'AH']","['vi', 'enna']","['v', 'ienna']",0.3333333333333333,9.55e-06,"[35, 11, 7, 27, 3, 0, 0, 0]"
issued,"['IH', 'SH', 'UW', 'D']","['is', 'sued']","['iss', 'ued']",0.3333333333333333,5.37e-05,"[10, 32, 15, 18, 0, 0, 0, 0]"
wisconsin,"['W', 'IH', 'S', 'K', 'AA', 'N', 'S', 'AH', 'N']","['wis', 'con', 'sin']","['w', 'isconsin']",0.3333333333333333,2.29e-05,"[36, 10, 31, 24, 1, 27, 31, 3]"
covers,"['K', 'AH', 'V', 'ER', 'Z']","['cov', 'ers']","['c', 'overs']",0.3333333333333333,3.24e-05,"[24, 3, 35, 8, 38, 0, 0, 0]"
itself,"['IH', 'T', 'S', 'EH', 'L', 'F']","['it', 'self']","['its', 'elf']",0.3333333333333333,0.000126,"[10, 33, 31, 7, 25, 20, 0, 0]"
specifics,"['S', 'P', 'IH', 'S', 'IH', 'F', 'IH', 'K', 'S']","['spe', 'cif', 'ics']","['specific', 's']",0.3333333333333333,3.31e-06,"[31, 29, 10, 31, 10, 20, 10, 24]"
vacancies,"['V', 'EY', 'K', 'AH', 'N', 'S', 'IY', 'Z']","['va', 'can', 'cies']","['vac', 'ancies']",0.3333333333333333,3.09e-06,"[35, 9, 24, 3, 27, 31, 11, 38]"
norwegian,"['N', 'AO', 'R', 'W', 'IY', 'JH', 'AH', 'N']","['nor', 'we', 'gi', 'an']","['nor', 'weg', 'ian']",0.3333333333333333,8.91e-06,"[27, 4, 30, 36, 11, 23, 3, 27]"
belong,"['B', 'IH', 'L', 'AO', 'NG']","['be', 'long']","['bel', 'ong']",0.3333333333333333,2.4e-05,"[16, 10, 25, 4, 28, 0, 0, 0]"
gaming,"['G', 'EY', 'M', 'IH', 'NG']","['gam', 'ing']","['g', 'aming']",0.3333333333333333,2.29e-05,"[21, 9, 26, 10, 28, 0, 0, 0]"
higher,"['HH', 'AY', 'ER']","['high', 'er']","['h', 'igher']",0.3333333333333333,0.000151,"[22, 6, 8, 0, 0, 0, 0, 0]"
wax,"['W', 'AE', 'K', 'S']",['wax'],"['wa', 'x']",0.3333333333333333,8.32e-06,"[36, 2, 24, 31, 0, 0, 0, 0]"
vernon,"['V', 'ER', 'N', 'AH', 'N']","['ver', 'non']","['vern', 'on']",0.3333333333333333,6.03e-06,"[35, 8, 27, 3, 27, 0, 0, 0]"
divine,"['D', 'IH', 'V', 'AY', 'N']","['di', 'vine']","['div', 'ine']",0.3333333333333333,1.74e-05,"[18, 10, 35, 6, 27, 0, 0, 0]"
nathan,"['N', 'EY', 'TH', 'AH', 'N']","['nath', 'an']","['n', 'athan']",0.3333333333333333,1.35e-05,"[27, 9, 34, 3, 27, 0, 0, 0]"
centuries,"['S', 'EH', 'N', 'CH', 'ER', 'IY', 'Z']","['cen', 'tur', 'ies']","['cent', 'uries']",0.3333333333333333,2.09e-05,"[31, 7, 27, 17, 8, 11, 38, 0]"
tackle,"['T', 'AE', 'K', 'AH', 'L']",['tackle'],"['t', 'ack', 'le']",0.3333333333333333,1.41e-05,"[33, 2, 24, 3, 25, 0, 0, 0]"
retention,"['R', 'IY', 'T', 'EH', 'N', 'SH', 'AH', 'N']","['re', 'ten', 'tion']","['ret', 'ention']",0.3333333333333333,6.46e-06,"[30, 11, 33, 7, 27, 32, 3, 27]"
cnn,"['S', 'IY', 'EH', 'N', 'EH', 'N']",['cnn'],"['cn', 'n']",0.3333333333333333,1.91e-05,"[31, 11, 7, 27, 7, 27, 0, 0]"
unions,"['Y', 'UW', 'N', 'Y', 'AH', 'N', 'Z']","['uni', 'ons']","['un', 'ions']",0.3333333333333333,1.74e-05,"[37, 15, 27, 37, 3, 27, 38, 0]"
intelligence,"['IH', 'N', 'T', 'EH', 'L', 'AH', 'JH', 'AH', 'N', 'S']","['in', 'tel', 'li', 'gence']","['int', 'elligence']",0.3333333333333333,5.01e-05,"[10, 27, 33, 7, 25, 3, 23, 3]"
dallas,"['D', 'AE', 'L', 'AH', 'S']","['dal', 'las']","['d', 'allas']",0.3333333333333333,2.63e-05,"[18, 2, 25, 3, 31, 0, 0, 0]"
addiction,"['AH', 'D', 'IH', 'K', 'SH', 'AH', 'N']","['ad', 'dic', 'tion']","['add', 'iction']",0.3333333333333333,1.38e-05,"[3, 18, 10, 24, 32, 3, 27, 0]"
brunswick,"['B', 'R', 'AH', 'N', 'Z', 'W', 'IH', 'K']","['brun', 'swick']","['br', 'uns', 'wick']",0.3333333333333333,4.07e-06,"[16, 30, 3, 27, 38, 36, 10, 24]"
victor,"['V', 'IH', 'K', 'T', 'ER']","['vic', 'tor']","['vict', 'or']",0.3333333333333333,1.51e-05,"[35, 10, 24, 33, 8, 0, 0, 0]"
intensity,"['IH', 'N', 'T', 'EH', 'N', 'S', 'AH', 'T', 'IY']","['in', 'tens', 'ity']","['int', 'ensity']",0.3333333333333333,1.38e-05,"[10, 27, 33, 7, 27, 31, 3, 33]"
escort,"['EH', 'S', 'K', 'AO', 'R', 'T']","['es', 'cort']","['esc', 'ort']",0.3333333333333333,1e-05,"[7, 31, 24, 4, 30, 33, 0, 0]"
lancaster,"['L', 'AE', 'N', 'K', 'AE', 'S', 'T', 'ER']","['lan', 'caster']","['l', 'anc', 'aster']",0.3333333333333333,6.03e-06,"[25, 2, 27, 24, 2, 31, 33, 8]"
larger,"['L', 'AA', 'R', 'JH', 'ER']","['lar', 'ger']","['l', 'arger']",0.3333333333333333,6.61e-05,"[25, 1, 30, 23, 8, 0, 0, 0]"
calculations,"['K', 'AE', 'L', 'K', 'Y', 'AH', 'L', 'EY', 'SH', 'AH', 'N', 'Z']","['cal', 'cu', 'la', 'tions']","['calcul', 'ations']",0.3333333333333333,7.41e-06,"[24, 2, 25, 24, 37, 3, 25, 9]"
doe,"['D', 'OW']",['doe'],"['do', 'e']",0.3333333333333333,6.92e-06,"[18, 12, 0, 0, 0, 0, 0, 0]"
prospects,"['P', 'R', 'AA', 'S', 'P', 'EH', 'K', 'T', 'S']","['pro', 'spects']","['pros', 'pect', 's']",0.3333333333333333,1.17e-05,"[29, 30, 1, 31, 29, 7, 24, 33]"
publisher,"['P', 'AH', 'B', 'L', 'IH', 'SH', 'ER']","['pub', 'lish', 'er']","['p', 'ublisher']",0.3333333333333333,1.35e-05,"[29, 3, 16, 25, 10, 32, 8, 0]"
according,"['AH', 'K', 'AO', 'R', 'D', 'IH', 'NG']","['ac', 'cord', 'ing']","['acc', 'ording']",0.3333333333333333,0.000191,"[3, 24, 4, 30, 18, 10, 28, 0]"
observations,"['AA', 'B', 'Z', 'ER', 'V', 'EY', 'SH', 'AH', 'N', 'Z']","['ob', 'ser', 'va', 'tions']","['observ', 'ations']",0.3333333333333333,1.05e-05,"[1, 16, 38, 8, 35, 9, 32, 3]"
jacket,"['JH', 'AE', 'K', 'AH', 'T']","['jack', 'et']","['j', 'acket']",0.3333333333333333,2.09e-05,"[23, 2, 24, 3, 33, 0, 0, 0]"
trying,"['T', 'R', 'AY', 'IH', 'NG']","['try', 'ing']","['tr', 'ying']",0.3333333333333333,0.000295,"[33, 30, 6, 10, 28, 0, 0, 0]"
pharmaceuticals,"['F', 'AA', 'R', 'M', 'AH', 'S', 'UW', 'T', 'IH', 'K', 'AH', 'L', 'Z']","['phar', 'ma', 'ceut', 'ic', 'als']","['ph', 'arm', 'aceut', 'icals']",0.3333333333333333,3.02e-06,"[20, 1, 30, 26, 3, 31, 15, 33]"
cooler,"['K', 'UW', 'L', 'ER']","['cool', 'er']","['co', 'oler']",0.3333333333333333,9.12e-06,"[24, 15, 25, 8, 0, 0, 0, 0]"
cities,"['S', 'IH', 'T', 'IY', 'Z']","['cit', 'ies']","['c', 'ities']",0.3333333333333333,6.92e-05,"[31, 10, 33, 11, 38, 0, 0, 0]"
kay,"['K', 'EY']",['kay'],"['k', 'ay']",0.3333333333333333,8.51e-06,"[24, 9, 0, 0, 0, 0, 0, 0]"
galleries,"['G', 'AE', 'L', 'ER', 'IY', 'Z']","['gal', 'ler', 'ies']","['g', 'alleries']",0.3333333333333333,7.08e-06,"[21, 2, 25, 8, 11, 38, 0, 0]"
refuse,"['R', 'AH', 'F', 'Y', 'UW', 'Z']","['re', 'fuse']","['ref', 'use']",0.3333333333333333,2.45e-05,"[30, 3, 20, 37, 15, 38, 0, 0]"
fragrance,"['F', 'R', 'EY', 'G', 'R', 'AH', 'N', 'S']","['fra', 'grance']","['fr', 'agr', 'ance']",0.3333333333333333,3.39e-06,"[20, 30, 9, 21, 30, 3, 27, 31]"
accidents,"['AE', 'K', 'S', 'AH', 'D', 'AH', 'N', 'T', 'S']","['ac', 'ci', 'dents']","['acc', 'idents']",0.3333333333333333,1.45e-05,"[2, 24, 31, 3, 18, 3, 27, 33]"
stuart,"['S', 'T', 'UW', 'ER', 'T']","['stu', 'art']","['st', 'uart']",0.3333333333333333,1.35e-05,"[31, 33, 15, 8, 33, 0, 0, 0]"
classical,"['K', 'L', 'AE', 'S', 'IH', 'K', 'AH', 'L']","['clas', 'sic', 'al']","['class', 'ical']",0.3333333333333333,1.82e-05,"[24, 25, 2, 31, 10, 24, 3, 25]"
candidate,"['K', 'AE', 'N', 'D', 'AH', 'D', 'EY', 'T']","['can', 'did', 'ate']","['c', 'andidate']",0.3333333333333333,4.57e-05,"[24, 2, 27, 18, 3, 18, 9, 33]"
messenger,"['M', 'EH', 'S', 'AH', 'N', 'JH', 'ER']","['mes', 'sen', 'ger']","['mess', 'enger']",0.3333333333333333,8.91e-06,"[26, 7, 31, 3, 27, 23, 8, 0]"
eating,"['IY', 'T', 'IH', 'NG']","['eat', 'ing']","['e', 'ating']",0.3333333333333333,7.08e-05,"[11, 33, 10, 28, 0, 0, 0, 0]"
producers,"['P', 'R', 'AH', 'D', 'UW', 'S', 'ER', 'Z']","['pro', 'du', 'cers']","['produc', 'ers']",0.3333333333333333,2.19e-05,"[29, 30, 3, 18, 15, 31, 8, 38]"
titans,"['T', 'AY', 'T', 'AH', 'N', 'Z']","['ti', 'tans']","['tit', 'ans']",0.3333333333333333,7.94e-06,"[33, 6, 33, 3, 27, 38, 0, 0]"
attitudes,"['AE', 'T', 'AH', 'T', 'UW', 'D', 'Z']","['at', 'ti', 'tudes']","['att', 'itudes']",0.3333333333333333,1.02e-05,"[2, 33, 3, 33, 15, 18, 38, 0]"
disturbed,"['D', 'IH', 'S', 'T', 'ER', 'B', 'D']","['dis', 'turbed']","['dist', 'urb', 'ed']",0.3333333333333333,6.31e-06,"[18, 10, 31, 33, 8, 16, 18, 0]"
riverside,"['R', 'IH', 'V', 'ER', 'S', 'AY', 'D']","['river', 'side']","['r', 'ivers', 'ide']",0.3333333333333333,4.68e-06,"[30, 10, 35, 8, 31, 6, 18, 0]"
medium,"['M', 'IY', 'D', 'IY', 'AH', 'M']","['me', 'di', 'um']",['medium'],0.3333333333333333,4.07e-05,"[26, 11, 18, 11, 3, 26, 0, 0]"
angels,"['EY', 'N', 'JH', 'AH', 'L', 'Z']","['an', 'gels']","['ang', 'els']",0.3333333333333333,1.82e-05,"[9, 27, 23, 3, 25, 38, 0, 0]"
racial,"['R', 'EY', 'SH', 'AH', 'L']","['ra', 'cial']","['r', 'acial']",0.3333333333333333,2e-05,"[30, 9, 32, 3, 25, 0, 0, 0]"
integrate,"['IH', 'N', 'T', 'AH', 'G', 'R', 'EY', 'T']","['in', 'teg', 'rate']","['integr', 'ate']",0.3333333333333333,5.25e-06,"[10, 27, 33, 3, 21, 30, 9, 33]"
amanda,"['AH', 'M', 'AE', 'N', 'D', 'AH']","['aman', 'da']","['am', 'anda']",0.3333333333333333,1e-05,"[3, 26, 2, 27, 18, 3, 0, 0]"
preceding,"['P', 'R', 'IY', 'S', 'IY', 'D', 'IH', 'NG']","['pre', 'ced', 'ing']","['prec', 'eding']",0.3333333333333333,5.5e-06,"[29, 30, 11, 31, 11, 18, 10, 28]"
enzyme,"['EH', 'N', 'Z', 'AY', 'M']","['en', 'zyme']","['enz', 'yme']",0.3333333333333333,6.61e-06,"[7, 27, 38, 6, 26, 0, 0, 0]"
impressed,"['IH', 'M', 'P', 'R', 'EH', 'S', 'T']","['im', 'pressed']","['imp', 'ress', 'ed']",0.3333333333333333,2.19e-05,"[10, 26, 29, 30, 7, 31, 33, 0]"
synthesis,"['S', 'IH', 'N', 'TH', 'AH', 'S', 'AH', 'S']","['syn', 'thes', 'is']","['s', 'ynthesis']",0.3333333333333333,6.92e-06,"[31, 10, 27, 34, 3, 31, 3, 31]"
competing,"['K', 'AH', 'M', 'P', 'IY', 'T', 'IH', 'NG']","['com', 'pet', 'ing']","['comp', 'eting']",0.3333333333333333,1.66e-05,"[24, 3, 26, 29, 11, 33, 10, 28]"
regularly,"['R', 'EH', 'G', 'Y', 'AH', 'L', 'ER', 'L', 'IY']","['reg', 'u', 'larly']","['regular', 'ly']",0.3333333333333333,3.31e-05,"[30, 7, 21, 37, 3, 25, 8, 25]"
incest,"['IH', 'N', 'S', 'EH', 'S', 'T']","['in', 'cest']","['inc', 'est']",0.3333333333333333,2.29e-06,"[10, 27, 31, 7, 31, 33, 0, 0]"
licensing,"['L', 'AY', 'S', 'AH', 'N', 'S', 'IH', 'NG']","['li', 'cens', 'ing']","['lic', 'ensing']",0.3333333333333333,8.91e-06,"[25, 6, 31, 3, 27, 31, 10, 28]"
sensitive,"['S', 'EH', 'N', 'S', 'AH', 'T', 'IH', 'V']","['sens', 'it', 'ive']","['s', 'ensitive']",0.3333333333333333,2.88e-05,"[31, 7, 27, 31, 3, 33, 10, 35]"
delicious,"['D', 'IH', 'L', 'IH', 'SH', 'AH', 'S']","['de', 'li', 'cious']","['del', 'icious']",0.3333333333333333,2.19e-05,"[18, 10, 25, 10, 32, 3, 31, 0]"
impose,"['IH', 'M', 'P', 'OW', 'Z']","['im', 'pose']","['imp', 'ose']",0.3333333333333333,8.32e-06,"[10, 26, 29, 12, 38, 0, 0, 0]"
willow,"['W', 'IH', 'L', 'OW']","['wil', 'low']","['will', 'ow']",0.3333333333333333,4.9e-06,"[36, 10, 25, 12, 0, 0, 0, 0]"
senior,"['S', 'IY', 'N', 'Y', 'ER']","['seni', 'or']","['sen', 'ior']",0.3333333333333333,8.32e-05,"[31, 11, 27, 37, 8, 0, 0, 0]"
furnished,"['F', 'ER', 'N', 'IH', 'SH', 'T']","['fur', 'nished']","['f', 'urn', 'ished']",0.3333333333333333,4.47e-06,"[20, 8, 27, 10, 32, 33, 0, 0]"
plasma,"['P', 'L', 'AE', 'Z', 'M', 'AH']",['plasma'],"['pl', 'as', 'ma']",0.3333333333333333,8.91e-06,"[29, 25, 2, 38, 26, 3, 0, 0]"
marcus,"['M', 'AA', 'R', 'K', 'AH', 'S']","['mar', 'cus']","['marc', 'us']",0.3333333333333333,1.23e-05,"[26, 1, 30, 24, 3, 31, 0, 0]"
integrity,"['IH', 'N', 'T', 'EH', 'G', 'R', 'AH', 'T', 'IY']","['in', 'teg', 'rity']","['integr', 'ity']",0.3333333333333333,1.66e-05,"[10, 27, 33, 7, 21, 30, 3, 33]"
cyprus,"['S', 'AY', 'P', 'R', 'AH', 'S']",['cyprus'],"['cy', 'pr', 'us']",0.3333333333333333,5.13e-06,"[31, 6, 29, 30, 3, 31, 0, 0]"
animal,"['AE', 'N', 'AH', 'M', 'AH', 'L']","['an', 'im', 'al']",['animal'],0.3333333333333333,6.46e-05,"[2, 27, 3, 26, 3, 25, 0, 0]"
demand,"['D', 'IH', 'M', 'AE', 'N', 'D']","['de', 'mand']","['dem', 'and']",0.3333333333333333,6.92e-05,"[18, 10, 26, 2, 27, 18, 0, 0]"
mexico,"['M', 'EH', 'K', 'S', 'AH', 'K', 'OW']","['mex', 'ico']","['me', 'xico']",0.3333333333333333,5.62e-05,"[26, 7, 24, 31, 3, 24, 12, 0]"
argued,"['AA', 'R', 'G', 'Y', 'UW', 'D']","['ar', 'gued']","['arg', 'ued']",0.3333333333333333,2.29e-05,"[1, 30, 21, 37, 15, 18, 0, 0]"
christian,"['K', 'R', 'IH', 'S', 'CH', 'AH', 'N']","['chris', 'ti', 'an']","['christ', 'ian']",0.3333333333333333,7.59e-05,"[24, 30, 10, 31, 17, 3, 27, 0]"
sculpture,"['S', 'K', 'AH', 'L', 'P', 'CH', 'ER']","['sculp', 'ture']","['s', 'culpt', 'ure']",0.3333333333333333,8.32e-06,"[31, 24, 3, 25, 29, 17, 8, 0]"
defend,"['D', 'IH', 'F', 'EH', 'N', 'D']","['de', 'fend']","['def', 'end']",0.3333333333333333,2.95e-05,"[18, 10, 20, 7, 27, 18, 0, 0]"
appearing,"['AH', 'P', 'IH', 'R', 'IH', 'NG']","['ap', 'pear', 'ing']","['appe', 'aring']",0.3333333333333333,1.41e-05,"[3, 29, 10, 30, 10, 28, 0, 0]"
ratios,"['R', 'EY', 'SH', 'IY', 'OW', 'Z']","['ra', 'tios']","['rat', 'ios']",0.3333333333333333,4.27e-06,"[30, 9, 32, 11, 12, 38, 0, 0]"
spiritual,"['S', 'P', 'IH', 'R', 'IH', 'CH', 'AH', 'W', 'AH', 'L']","['spir', 'itu', 'al']","['sp', 'iritual']",0.3333333333333333,2.51e-05,"[31, 29, 10, 30, 10, 17, 3, 36]"
generator,"['JH', 'EH', 'N', 'ER', 'EY', 'T', 'ER']","['gen', 'er', 'at', 'or']",['generator'],0.3333333333333333,8.71e-06,"[23, 7, 27, 8, 9, 33, 8, 0]"
graham,"['G', 'R', 'EY', 'AH', 'M']","['gra', 'ham']","['gr', 'aham']",0.3333333333333333,2e-05,"[21, 30, 9, 3, 26, 0, 0, 0]"
promoting,"['P', 'R', 'AH', 'M', 'OW', 'T', 'IH', 'NG']","['pro', 'mot', 'ing']","['prom', 'oting']",0.3333333333333333,1.91e-05,"[29, 30, 3, 26, 12, 33, 10, 28]"
sad,"['S', 'AE', 'D']",['sad'],"['s', 'ad']",0.3333333333333333,6.92e-05,"[31, 2, 18, 0, 0, 0, 0, 0]"
heaven,"['HH', 'EH', 'V', 'AH', 'N']","['heav', 'en']","['he', 'aven']",0.3333333333333333,3.8e-05,"[22, 7, 35, 3, 27, 0, 0, 0]"
intake,"['IH', 'N', 'T', 'EY', 'K']","['in', 'take']","['int', 'ake']",0.3333333333333333,9.55e-06,"[10, 27, 33, 9, 24, 0, 0, 0]"
vocals,"['V', 'OW', 'K', 'AH', 'L', 'Z']","['vo', 'cals']","['voc', 'als']",0.3333333333333333,8.13e-06,"[35, 12, 24, 3, 25, 38, 0, 0]"
notification,"['N', 'OW', 'T', 'AH', 'F', 'AH', 'K', 'EY', 'SH', 'AH', 'N']","['no', 'ti', 'fic', 'a', 'tion']",['notification'],0.3333333333333333,8.32e-06,"[27, 12, 33, 3, 20, 3, 24, 9]"
ruling,"['R', 'UW', 'L', 'IH', 'NG']","['rul', 'ing']","['r', 'uling']",0.3333333333333333,1.95e-05,"[30, 15, 25, 10, 28, 0, 0, 0]"
exploring,"['IH', 'K', 'S', 'P', 'L', 'AO', 'R', 'IH', 'NG']","['ex', 'plor', 'ing']","['expl', 'oring']",0.3333333333333333,1.15e-05,"[10, 24, 31, 29, 25, 4, 30, 10]"
respected,"['R', 'IH', 'S', 'P', 'EH', 'K', 'T', 'IH', 'D']","['re', 'spec', 'ted']","['res', 'pected']",0.3333333333333333,1.29e-05,"[30, 10, 31, 29, 7, 24, 33, 10]"
during,"['D', 'UH', 'R', 'IH', 'NG']","['dur', 'ing']","['d', 'uring']",0.3333333333333333,0.000525,"[18, 14, 30, 10, 28, 0, 0, 0]"
pencil,"['P', 'EH', 'N', 'S', 'AH', 'L']","['pen', 'cil']","['p', 'encil']",0.3333333333333333,8.91e-06,"[29, 7, 27, 31, 3, 25, 0, 0]"
banana,"['B', 'AH', 'N', 'AE', 'N', 'AH']","['ba', 'nana']","['ban', 'ana']",0.3333333333333333,1e-05,"[16, 3, 27, 2, 27, 3, 0, 0]"
franchise,"['F', 'R', 'AE', 'N', 'CH', 'AY', 'Z']","['fran', 'chise']","['fr', 'anch', 'ise']",0.3333333333333333,1.95e-05,"[20, 30, 2, 27, 17, 6, 38, 0]"
facing,"['F', 'EY', 'S', 'IH', 'NG']","['fa', 'cing']","['f', 'acing']",0.3333333333333333,3.16e-05,"[20, 9, 31, 10, 28, 0, 0, 0]"
refund,"['R', 'IH', 'F', 'AH', 'N', 'D']","['re', 'fund']","['ref', 'und']",0.3333333333333333,8.71e-06,"[30, 10, 20, 3, 27, 18, 0, 0]"
registrar,"['R', 'EH', 'JH', 'IH', 'S', 'T', 'R', 'AA', 'R']","['re', 'gis', 'trar']","['registr', 'ar']",0.3333333333333333,2.34e-06,"[30, 7, 23, 10, 31, 33, 30, 1]"
tigers,"['T', 'AY', 'G', 'ER', 'Z']","['ti', 'gers']","['tig', 'ers']",0.3333333333333333,1.41e-05,"[33, 6, 21, 8, 38, 0, 0, 0]"
allows,"['AH', 'L', 'AW', 'Z']","['al', 'lows']","['all', 'ows']",0.3333333333333333,4.68e-05,"[3, 25, 5, 38, 0, 0, 0, 0]"
trials,"['T', 'R', 'AY', 'AH', 'L', 'Z']","['tri', 'als']","['tr', 'ials']",0.3333333333333333,2.09e-05,"[33, 30, 6, 3, 25, 38, 0, 0]"
tissue,"['T', 'IH', 'S', 'Y', 'UW']","['tis', 'sue']","['t', 'issue']",0.3333333333333333,2.09e-05,"[33, 10, 31, 37, 15, 0, 0, 0]"
notebooks,"['N', 'OW', 'T', 'B', 'UH', 'K', 'S']","['note', 'books']","['not', 'ebook', 's']",0.3333333333333333,1.7e-06,"[27, 12, 33, 16, 14, 24, 31, 0]"
fellow,"['F', 'EH', 'L', 'OW']","['fel', 'low']","['f', 'ellow']",0.3333333333333333,5.75e-05,"[20, 7, 25, 12, 0, 0, 0, 0]"
rescue,"['R', 'EH', 'S', 'K', 'Y', 'UW']","['res', 'cue']","['resc', 'ue']",0.3333333333333333,3.02e-05,"[30, 7, 31, 24, 37, 15, 0, 0]"
morgan,"['M', 'AO', 'R', 'G', 'AH', 'N']","['mor', 'gan']","['m', 'organ']",0.3333333333333333,2.63e-05,"[26, 4, 30, 21, 3, 27, 0, 0]"
funded,"['F', 'AH', 'N', 'D', 'AH', 'D']","['fun', 'ded']","['fund', 'ed']",0.3333333333333333,1.95e-05,"[20, 3, 27, 18, 3, 18, 0, 0]"
savage,"['S', 'AE', 'V', 'AH', 'JH']","['sav', 'age']","['s', 'avage']",0.3333333333333333,1.12e-05,"[31, 2, 35, 3, 23, 0, 0, 0]"
roland,"['R', 'OW', 'L', 'AH', 'N', 'D']","['ro', 'land']","['rol', 'and']",0.3333333333333333,4.57e-06,"[30, 12, 25, 3, 27, 18, 0, 0]"
aluminium,"['AH', 'L', 'UW', 'M', 'IH', 'N', 'AH', 'M']","['alu', 'mini', 'um']","['alum', 'inium']",0.3333333333333333,5.37e-06,"[3, 25, 15, 26, 10, 27, 3, 26]"
wheels,"['W', 'IY', 'L', 'Z']",['wheels'],"['w', 'he', 'els']",0.3333333333333333,1.78e-05,"[36, 11, 25, 38, 0, 0, 0, 0]"
beside,"['B', 'IH', 'S', 'AY', 'D']","['be', 'side']","['bes', 'ide']",0.3333333333333333,1.55e-05,"[16, 10, 31, 6, 18, 0, 0, 0]"
entire,"['IH', 'N', 'T', 'AY', 'ER']","['en', 'tire']","['ent', 'ire']",0.3333333333333333,0.000123,"[10, 27, 33, 6, 8, 0, 0, 0]"
confident,"['K', 'AA', 'N', 'F', 'AH', 'D', 'AH', 'N', 'T']","['con', 'fid', 'ent']","['conf', 'ident']",0.3333333333333333,2.69e-05,"[24, 1, 27, 20, 3, 18, 3, 27]"
prayer,"['P', 'R', 'EH', 'R']","['pray', 'er']","['pr', 'ayer']",0.3333333333333333,2.63e-05,"[29, 30, 7, 30, 0, 0, 0, 0]"
hurricane,"['HH', 'ER', 'AH', 'K', 'EY', 'N']","['hur', 'ricane']","['h', 'urr', 'icane']",0.3333333333333333,1.26e-05,"[22, 8, 3, 24, 9, 27, 0, 0]"
neural,"['N', 'UH', 'R', 'AH', 'L']","['neur', 'al']","['ne', 'ural']",0.3333333333333333,5.75e-06,"[27, 14, 30, 3, 25, 0, 0, 0]"
nelson,"['N', 'EH', 'L', 'S', 'AH', 'N']","['nel', 'son']","['nels', 'on']",0.3333333333333333,1.74e-05,"[27, 7, 25, 31, 3, 27, 0, 0]"
reveal,"['R', 'IH', 'V', 'IY', 'L']","['re', 'veal']","['reve', 'al']",0.3333333333333333,2.69e-05,"[30, 10, 35, 11, 25, 0, 0, 0]"
watson,"['W', 'AA', 'T', 'S', 'AH', 'N']","['wat', 'son']","['w', 'atson']",0.3333333333333333,1.51e-05,"[36, 1, 33, 31, 3, 27, 0, 0]"
saddam,"['S', 'AA', 'D', 'AH', 'M']","['sad', 'dam']","['s', 'addam']",0.3333333333333333,2.75e-06,"[31, 1, 18, 3, 26, 0, 0, 0]"
basket,"['B', 'AE', 'S', 'K', 'AH', 'T']","['bas', 'ket']","['b', 'asket']",0.3333333333333333,1.17e-05,"[16, 2, 31, 24, 3, 33, 0, 0]"
andrea,"['AE', 'N', 'D', 'R', 'IY', 'AH']","['an', 'drea']","['and', 'rea']",0.3333333333333333,7.59e-06,"[2, 27, 18, 30, 11, 3, 0, 0]"
adidas,"['AH', 'D', 'IY', 'D', 'AH', 'S']","['adi', 'das']","['ad', 'idas']",0.3333333333333333,3.72e-06,"[3, 18, 11, 18, 3, 31, 0, 0]"
intention,"['IH', 'N', 'T', 'EH', 'N', 'CH', 'AH', 'N']","['in', 'ten', 'tion']","['int', 'ention']",0.3333333333333333,2.14e-05,"[10, 27, 33, 7, 27, 17, 3, 27]"
mug,"['M', 'AH', 'G']",['mug'],"['m', 'ug']",0.3333333333333333,5.13e-06,"[26, 3, 21, 0, 0, 0, 0, 0]"
masturbating,"['M', 'AE', 'S', 'T', 'ER', 'B', 'EY', 'T', 'IH', 'NG']","['mas', 'turb', 'at', 'ing']","['m', 'ast', 'urb', 'ating']",0.3333333333333333,2e-06,"[26, 2, 31, 33, 8, 16, 9, 33]"
rhythm,"['R', 'IH', 'DH', 'AH', 'M']",['rhythm'],"['r', 'hy', 'thm']",0.3333333333333333,1.12e-05,"[30, 10, 19, 3, 26, 0, 0, 0]"
lbs,"['P', 'AW', 'N', 'D', 'Z']",['lbs'],"['l', 'bs']",0.3333333333333333,1.15e-05,"[29, 5, 27, 18, 38, 0, 0, 0]"
gentleman,"['JH', 'EH', 'N', 'T', 'AH', 'L', 'M', 'AH', 'N']","['gen', 'tle', 'man']","['gent', 'leman']",0.3333333333333333,1.45e-05,"[23, 7, 27, 33, 3, 25, 26, 3]"
virtue,"['V', 'ER', 'CH', 'UW']","['vir', 'tue']","['virt', 'ue']",0.3333333333333333,8.71e-06,"[35, 8, 17, 15, 0, 0, 0, 0]"
arcade,"['AA', 'R', 'K', 'EY', 'D']","['ar', 'cade']","['arc', 'ade']",0.3333333333333333,5.37e-06,"[1, 30, 24, 9, 18, 0, 0, 0]"
roommates,"['R', 'UW', 'M', 'EY', 'T', 'S']","['room', 'mates']","['ro', 'omm', 'ates']",0.3333333333333333,2.45e-06,"[30, 15, 26, 9, 33, 31, 0, 0]"
mating,"['M', 'EY', 'T', 'IH', 'NG']","['mat', 'ing']","['m', 'ating']",0.3333333333333333,3.16e-06,"[26, 9, 33, 10, 28, 0, 0, 0]"
varied,"['V', 'EH', 'R', 'IY', 'D']","['var', 'ied']","['vari', 'ed']",0.3333333333333333,1.07e-05,"[35, 7, 30, 11, 18, 0, 0, 0]"
compliant,"['K', 'AH', 'M', 'P', 'L', 'AY', 'AH', 'N', 'T']","['com', 'pli', 'ant']","['compl', 'iant']",0.3333333333333333,2.63e-06,"[24, 3, 26, 29, 25, 6, 3, 27]"
tue,"['T', 'UW']",['tue'],"['t', 'ue']",0.3333333333333333,1.74e-06,"[33, 15, 0, 0, 0, 0, 0, 0]"
cradle,"['K', 'R', 'EY', 'D', 'AH', 'L']",['cradle'],"['cr', 'ad', 'le']",0.3333333333333333,3.16e-06,"[24, 30, 9, 18, 3, 25, 0, 0]"
divisions,"['D', 'IH', 'V', 'IH', 'ZH', 'AH', 'N', 'Z']","['di', 'vi', 'sions']","['div', 'isions']",0.3333333333333333,1.29e-05,"[18, 10, 35, 10, 39, 3, 27, 38]"
guitar,"['G', 'IH', 'T', 'AA', 'R']","['gui', 'tar']","['gu', 'itar']",0.3333333333333333,3.02e-05,"[21, 10, 33, 1, 30, 0, 0, 0]"
spirit,"['S', 'P', 'IH', 'R', 'AH', 'T']","['spir', 'it']","['sp', 'irit']",0.3333333333333333,6.17e-05,"[31, 29, 10, 30, 3, 33, 0, 0]"
receivers,"['R', 'AH', 'S', 'IY', 'V', 'ER', 'Z']","['re', 'ceiv', 'ers']","['rece', 'ivers']",0.3333333333333333,4.68e-06,"[30, 3, 31, 11, 35, 8, 38, 0]"
baking,"['B', 'EY', 'K', 'IH', 'NG']","['bak', 'ing']","['b', 'aking']",0.3333333333333333,8.32e-06,"[16, 9, 24, 10, 28, 0, 0, 0]"
photographic,"['F', 'OW', 'T', 'AH', 'G', 'R', 'AE', 'F', 'IH', 'K']","['pho', 'to', 'graph', 'ic']","['phot', 'ographic']",0.3333333333333333,5.75e-06,"[20, 12, 33, 3, 21, 30, 2, 20]"
hoping,"['HH', 'OW', 'P', 'IH', 'NG']","['hop', 'ing']","['h', 'oping']",0.3333333333333333,4.68e-05,"[22, 12, 29, 10, 28, 0, 0, 0]"
dollar,"['D', 'AA', 'L', 'ER']","['dol', 'lar']","['d', 'ollar']",0.3333333333333333,3.89e-05,"[18, 1, 25, 8, 0, 0, 0, 0]"
cancelled,"['K', 'AE', 'N', 'S', 'AH', 'L', 'D']","['can', 'celled']","['c', 'anc', 'elled']",0.3333333333333333,1.66e-05,"[24, 2, 27, 31, 3, 25, 18, 0]"
universal,"['Y', 'UW', 'N', 'AH', 'V', 'ER', 'S', 'AH', 'L']","['uni', 'ver', 'sal']","['univers', 'al']",0.3333333333333333,3.09e-05,"[37, 15, 27, 3, 35, 8, 31, 3]"
lithuania,"['L', 'IH', 'TH', 'AH', 'W', 'EY', 'N', 'IY', 'AH']",['lithuania'],"['l', 'ith', 'uan', 'ia']",0.3333333333333333,3.16e-06,"[25, 10, 34, 3, 36, 9, 27, 11]"
conflicts,"['K', 'AH', 'N', 'F', 'L', 'IH', 'K', 'T', 'S']","['con', 'flicts']","['conf', 'lic', 'ts']",0.3333333333333333,1.26e-05,"[24, 3, 27, 20, 25, 10, 24, 33]"
kansas,"['K', 'AE', 'N', 'Z', 'AH', 'S']","['kan', 'sas']","['k', 'ansas']",0.3333333333333333,2.34e-05,"[24, 2, 27, 38, 3, 31, 0, 0]"
yea,"['Y', 'EY']",['yea'],"['ye', 'a']",0.3333333333333333,1.82e-05,"[37, 9, 0, 0, 0, 0, 0, 0]"
furniture,"['F', 'ER', 'N', 'IH', 'CH', 'ER']","['fur', 'niture']","['f', 'urn', 'iture']",0.3333333333333333,1.95e-05,"[20, 8, 27, 10, 17, 8, 0, 0]"
rebate,"['R', 'IY', 'B', 'EY', 'T']","['re', 'bate']","['reb', 'ate']",0.3333333333333333,2.04e-06,"[30, 11, 16, 9, 33, 0, 0, 0]"
tribal,"['T', 'R', 'AY', 'B', 'AH', 'L']","['tri', 'bal']","['trib', 'al']",0.3333333333333333,1.07e-05,"[33, 30, 6, 16, 3, 25, 0, 0]"
determine,"['D', 'AH', 'T', 'ER', 'M', 'AH', 'N']","['de', 'term', 'ine']","['d', 'etermine']",0.3333333333333333,4.27e-05,"[18, 3, 33, 8, 26, 3, 27, 0]"
easter,"['IY', 'S', 'T', 'ER']","['east', 'er']","['e', 'aster']",0.3333333333333333,1.32e-05,"[11, 31, 33, 8, 0, 0, 0, 0]"
harper,"['HH', 'AA', 'R', 'P', 'ER']","['harp', 'er']","['har', 'per']",0.3333333333333333,1.1e-05,"[22, 1, 30, 29, 8, 0, 0, 0]"
brazilian,"['B', 'R', 'AH', 'Z', 'IH', 'L', 'Y', 'AH', 'N']","['brazili', 'an']","['b', 'razil', 'ian']",0.3333333333333333,1.7e-05,"[16, 30, 3, 38, 10, 25, 37, 3]"
myself,"['M', 'AY', 'S', 'EH', 'L', 'F']","['my', 'self']","['mys', 'elf']",0.3333333333333333,0.000204,"[26, 6, 31, 7, 25, 20, 0, 0]"
affiliate,"['AH', 'F', 'IH', 'L', 'IY', 'EY', 'T']","['af', 'fil', 'i', 'ate']","['aff', 'ili', 'ate']",0.3333333333333333,9.77e-06,"[3, 20, 10, 25, 11, 9, 33, 0]"
essential,"['IH', 'S', 'EH', 'N', 'SH', 'AH', 'L']","['es', 'sen', 'tial']","['ess', 'ential']",0.3333333333333333,4.07e-05,"[10, 31, 7, 27, 32, 3, 25, 0]"
squirting,"['S', 'K', 'W', 'ER', 'T', 'IH', 'NG']","['squirt', 'ing']","['s', 'quir', 'ting']",0.3333333333333333,5.89e-07,"[31, 24, 36, 8, 33, 10, 28, 0]"
illustration,"['IH', 'L', 'AH', 'S', 'T', 'R', 'EY', 'SH', 'AH', 'N']","['il', 'lus', 'tra', 'tion']","['illustr', 'ation']",0.3333333333333333,8.32e-06,"[10, 25, 3, 31, 33, 30, 9, 32]"
sie,"['S', 'IY']",['sie'],"['s', 'ie']",0.3333333333333333,1.15e-06,"[31, 11, 0, 0, 0, 0, 0, 0]"
urgent,"['ER', 'JH', 'AH', 'N', 'T']","['ur', 'gent']","['urg', 'ent']",0.3333333333333333,1.41e-05,"[8, 23, 3, 27, 33, 0, 0, 0]"
relate,"['R', 'IH', 'L', 'EY', 'T']","['re', 'late']","['rel', 'ate']",0.3333333333333333,1.74e-05,"[30, 10, 25, 9, 33, 0, 0, 0]"
racing,"['R', 'EY', 'S', 'IH', 'NG']","['ra', 'cing']","['r', 'acing']",0.3333333333333333,3.16e-05,"[30, 9, 31, 10, 28, 0, 0, 0]"
religious,"['R', 'IH', 'L', 'IH', 'JH', 'AH', 'S']","['re', 'li', 'gious']","['relig', 'ious']",0.3333333333333333,7.08e-05,"[30, 10, 25, 10, 23, 3, 31, 0]"
jim,"['JH', 'IH', 'M']",['jim'],"['j', 'im']",0.3333333333333333,4.17e-05,"[23, 10, 26, 0, 0, 0, 0, 0]"
pocket,"['P', 'AA', 'K', 'AH', 'T']","['pock', 'et']","['p', 'ocket']",0.3333333333333333,3.02e-05,"[29, 1, 24, 3, 33, 0, 0, 0]"
affecting,"['AH', 'F', 'EH', 'K', 'T', 'IH', 'NG']","['af', 'fect', 'ing']","['aff', 'ecting']",0.3333333333333333,1.17e-05,"[3, 20, 7, 24, 33, 10, 28, 0]"
campaigns,"['K', 'AE', 'M', 'P', 'EY', 'N', 'Z']","['cam', 'paigns']","['c', 'ampaign', 's']",0.3333333333333333,1.62e-05,"[24, 2, 26, 29, 9, 27, 38, 0]"
additionally,"['AH', 'D', 'IH', 'SH', 'AH', 'N', 'AH', 'L', 'IY']","['ad', 'di', 'tion', 'ally']","['add', 'itionally']",0.3333333333333333,1.58e-05,"[3, 18, 10, 32, 3, 27, 3, 25]"
suffer,"['S', 'AH', 'F', 'ER']","['suf', 'fer']","['s', 'uffer']",0.3333333333333333,2.82e-05,"[31, 3, 20, 8, 0, 0, 0, 0]"
victorian,"['V', 'IH', 'K', 'T', 'AO', 'R', 'IY', 'AH', 'N']","['vic', 'tori', 'an']","['vict', 'orian']",0.3333333333333333,1.32e-05,"[35, 10, 24, 33, 4, 30, 11, 3]"
certified,"['S', 'ER', 'T', 'AH', 'F', 'AY', 'D']","['cer', 'ti', 'fied']","['cert', 'ified']",0.3333333333333333,1.7e-05,"[31, 8, 33, 3, 20, 6, 18, 0]"
inflation,"['IH', 'N', 'F', 'L', 'EY', 'SH', 'AH', 'N']","['in', 'fla', 'tion']","['infl', 'ation']",0.3333333333333333,1.38e-05,"[10, 27, 20, 25, 9, 32, 3, 27]"
stylus,"['S', 'T', 'AY', 'L', 'AH', 'S']",['stylus'],"['st', 'yl', 'us']",0.3333333333333333,1.05e-06,"[31, 33, 6, 25, 3, 31, 0, 0]"
cds,"['S', 'IY', 'D', 'IY', 'Z']",['cds'],"['cd', 's']",0.3333333333333333,4.27e-06,"[31, 11, 18, 11, 38, 0, 0, 0]"
became,"['B', 'IH', 'K', 'EY', 'M']","['be', 'came']","['bec', 'ame']",0.3333333333333333,0.000141,"[16, 10, 24, 9, 26, 0, 0, 0]"
remind,"['R', 'IY', 'M', 'AY', 'N', 'D']","['re', 'mind']","['rem', 'ind']",0.3333333333333333,2.34e-05,"[30, 11, 26, 6, 27, 18, 0, 0]"
affair,"['AH', 'F', 'EH', 'R']","['af', 'fair']","['aff', 'air']",0.3333333333333333,2e-05,"[3, 20, 7, 30, 0, 0, 0, 0]"
washer,"['W', 'AA', 'SH', 'ER']","['wash', 'er']","['was', 'her']",0.3333333333333333,2.19e-06,"[36, 1, 32, 8, 0, 0, 0, 0]"
insurance,"['IH', 'N', 'SH', 'UH', 'R', 'AH', 'N', 'S']","['in', 'sur', 'ance']","['ins', 'urance']",0.3333333333333333,8.71e-05,"[10, 27, 32, 14, 30, 3, 27, 31]"
threesome,"['TH', 'R', 'IY', 'S', 'AH', 'M']","['three', 'some']","['th', 'rees', 'ome']",0.3333333333333333,2.14e-06,"[34, 30, 11, 31, 3, 26, 0, 0]"
actual,"['AE', 'K', 'CH', 'AH', 'W', 'AH', 'L']","['ac', 'tu', 'al']",['actual'],0.3333333333333333,7.08e-05,"[2, 24, 17, 3, 36, 3, 25, 0]"
coffee,"['K', 'AA', 'F', 'IY']","['cof', 'fee']","['co', 'ffee']",0.3333333333333333,7.24e-05,"[24, 1, 20, 11, 0, 0, 0, 0]"
effort,"['EH', 'F', 'ER', 'T']","['ef', 'fort']","['eff', 'ort']",0.3333333333333333,8.32e-05,"[7, 20, 8, 33, 0, 0, 0, 0]"
babies,"['B', 'EY', 'B', 'IY', 'Z']","['ba', 'bies']","['bab', 'ies']",0.3333333333333333,2.82e-05,"[16, 9, 16, 11, 38, 0, 0, 0]"
bodies,"['B', 'AA', 'D', 'IY', 'Z']","['bod', 'ies']","['b', 'odies']",0.3333333333333333,4.9e-05,"[16, 1, 18, 11, 38, 0, 0, 0]"
wow,"['W', 'AW']",['wow'],"['w', 'ow']",0.3333333333333333,9.12e-05,"[36, 5, 0, 0, 0, 0, 0, 0]"
emotional,"['IH', 'M', 'OW', 'SH', 'AH', 'N', 'AH', 'L']","['emo', 'tion', 'al']","['em', 'otional']",0.3333333333333333,4.57e-05,"[10, 26, 12, 32, 3, 27, 3, 25]"
bigger,"['B', 'IH', 'G', 'ER']","['big', 'ger']","['b', 'igger']",0.3333333333333333,5.5e-05,"[16, 10, 21, 8, 0, 0, 0, 0]"
districts,"['D', 'IH', 'S', 'T', 'R', 'IH', 'K', 'T', 'S']","['dis', 'tricts']","['d', 'istr', 'icts']",0.3333333333333333,2.04e-05,"[18, 10, 31, 33, 30, 10, 24, 33]"
diesel,"['D', 'IY', 'S', 'AH', 'L']","['dies', 'el']","['d', 'iesel']",0.3333333333333333,1.12e-05,"[18, 11, 31, 3, 25, 0, 0, 0]"
particularly,"['P', 'AA', 'R', 'T', 'IH', 'K', 'Y', 'AH', 'L', 'ER', 'L', 'IY']","['par', 'tic', 'u', 'larly']","['particular', 'ly']",0.3333333333333333,9.12e-05,"[29, 1, 30, 33, 10, 24, 37, 3]"
advise,"['AE', 'D', 'V', 'AY', 'Z']","['ad', 'vise']","['adv', 'ise']",0.3333333333333333,1.23e-05,"[2, 18, 35, 6, 38, 0, 0, 0]"
duo,"['D', 'UW', 'OW']",['duo'],"['du', 'o']",0.3333333333333333,1.2e-05,"[18, 15, 12, 0, 0, 0, 0, 0]"
metallica,"['M', 'AH', 'T', 'AE', 'L', 'IH', 'K', 'AH']","['metal', 'lica']","['met', 'all', 'ica']",0.3333333333333333,1.66e-06,"[26, 3, 33, 2, 25, 10, 24, 3]"
forecasts,"['F', 'AO', 'R', 'K', 'AE', 'S', 'T', 'S']","['fore', 'casts']","['for', 'ec', 'asts']",0.3333333333333333,3.8e-06,"[20, 4, 30, 24, 2, 31, 33, 31]"
detect,"['D', 'IH', 'T', 'EH', 'K', 'T']","['de', 'tect']","['det', 'ect']",0.3333333333333333,1.12e-05,"[18, 10, 33, 7, 24, 33, 0, 0]"
guarantee,"['G', 'EH', 'R', 'AH', 'N', 'T', 'IY']","['guar', 'an', 'tee']","['gu', 'ar', 'ante', 'e']",0.3333333333333333,2.75e-05,"[21, 7, 30, 3, 27, 33, 11, 0]"
professor,"['P', 'R', 'AH', 'F', 'EH', 'S', 'ER']","['pro', 'fess', 'or']","['prof', 'essor']",0.3333333333333333,7.94e-05,"[29, 30, 3, 20, 7, 31, 8, 0]"
incorrect,"['IH', 'N', 'K', 'ER', 'EH', 'K', 'T']","['in', 'cor', 'rect']","['inc', 'orrect']",0.3333333333333333,8.71e-06,"[10, 27, 24, 8, 7, 24, 33, 0]"
genius,"['JH', 'IY', 'N', 'Y', 'AH', 'S']","['geni', 'us']","['gen', 'ius']",0.3333333333333333,2.14e-05,"[23, 11, 27, 37, 3, 31, 0, 0]"
surely,"['SH', 'UH', 'R', 'L', 'IY']",['surely'],"['s', 'ure', 'ly']",0.3333333333333333,3.55e-05,"[32, 14, 30, 25, 11, 0, 0, 0]"
potential,"['P', 'AH', 'T', 'EH', 'N', 'SH', 'AH', 'L']","['po', 'ten', 'tial']","['pot', 'ential']",0.3333333333333333,0.000102,"[29, 3, 33, 7, 27, 32, 3, 25]"
ltd,"['L', 'IH', 'M', 'IH', 'T', 'IH', 'D']",['ltd'],"['l', 'td']",0.3333333333333333,2.95e-05,"[25, 10, 26, 10, 33, 10, 18, 0]"
distribution,"['D', 'IH', 'S', 'T', 'R', 'AH', 'B', 'Y', 'UW', 'SH', 'AH', 'N']","['dis', 'tri', 'bu', 'tion']","['d', 'istribution']",0.3333333333333333,4.37e-05,"[18, 10, 31, 33, 30, 3, 16, 37]"
editor,"['EH', 'D', 'AH', 'T', 'ER']","['ed', 'it', 'or']",['editor'],0.3333333333333333,4.17e-05,"[7, 18, 3, 33, 8, 0, 0, 0]"
celtic,"['S', 'EH', 'L', 'T', 'IH', 'K']","['celt', 'ic']","['cel', 'tic']",0.3333333333333333,1e-05,"[31, 7, 25, 33, 10, 24, 0, 0]"
hughes,"['HH', 'Y', 'UW', 'Z']",['hughes'],"['h', 'ugh', 'es']",0.3333333333333333,1.2e-05,"[22, 37, 15, 38, 0, 0, 0, 0]"
extending,"['IH', 'K', 'S', 'T', 'EH', 'N', 'D', 'IH', 'NG']","['ex', 'tend', 'ing']","['ext', 'ending']",0.3333333333333333,1.1e-05,"[10, 24, 31, 33, 7, 27, 18, 10]"
taking,"['T', 'EY', 'K', 'IH', 'NG']","['tak', 'ing']","['t', 'aking']",0.3333333333333333,0.000245,"[33, 9, 24, 10, 28, 0, 0, 0]"
macedonia,"['M', 'AE', 'S', 'AH', 'D', 'OW', 'N', 'IY', 'AH']","['mace', 'do', 'nia']","['mac', 'edonia']",0.3333333333333333,2.34e-06,"[26, 2, 31, 3, 18, 12, 27, 11]"
fog,"['F', 'AA', 'G']",['fog'],"['f', 'og']",0.3333333333333333,7.94e-06,"[20, 1, 21, 0, 0, 0, 0, 0]"
newspaper,"['N', 'UW', 'Z', 'P', 'EY', 'P', 'ER']","['news', 'pa', 'per']","['new', 'spaper']",0.3333333333333333,3.98e-05,"[27, 15, 38, 29, 9, 29, 8, 0]"
zoo,"['Z', 'UW']",['zoo'],"['zo', 'o']",0.3333333333333333,1.38e-05,"[38, 15, 0, 0, 0, 0, 0, 0]"
photographer,"['F', 'AH', 'T', 'AA', 'G', 'R', 'AH', 'F', 'ER']","['pho', 'to', 'graph', 'er']","['phot', 'ographer']",0.3333333333333333,1.91e-05,"[20, 3, 33, 1, 21, 30, 3, 20]"
dental,"['D', 'EH', 'N', 'T', 'AH', 'L']","['dent', 'al']","['d', 'ental']",0.3333333333333333,1.29e-05,"[18, 7, 27, 33, 3, 25, 0, 0]"
debate,"['D', 'AH', 'B', 'EY', 'T']","['de', 'bate']","['deb', 'ate']",0.3333333333333333,4.37e-05,"[18, 3, 16, 9, 33, 0, 0, 0]"
sleeve,"['S', 'L', 'IY', 'V']",['sleeve'],"['s', 'lee', 've']",0.3333333333333333,8.51e-06,"[31, 25, 11, 35, 0, 0, 0, 0]"
agricultural,"['AE', 'G', 'R', 'AH', 'K', 'AH', 'L', 'CH', 'ER', 'AH', 'L']","['ag', 'ri', 'cul', 'tur', 'al']","['ag', 'ric', 'ultural']",0.3333333333333333,2.19e-05,"[2, 21, 30, 3, 24, 3, 25, 17]"
requested,"['R', 'IH', 'K', 'W', 'EH', 'S', 'T', 'IH', 'D']","['re', 'ques', 'ted']","['request', 'ed']",0.3333333333333333,2.14e-05,"[30, 10, 24, 36, 7, 31, 33, 10]"
spa,"['S', 'P', 'AA']",['spa'],"['sp', 'a']",0.3333333333333333,9.12e-06,"[31, 29, 1, 0, 0, 0, 0, 0]"
hosted,"['HH', 'OW', 'S', 'T', 'IH', 'D']","['hos', 'ted']","['host', 'ed']",0.3333333333333333,1.78e-05,"[22, 12, 31, 33, 10, 18, 0, 0]"
canyon,"['K', 'AE', 'N', 'Y', 'AH', 'N']",['canyon'],"['c', 'any', 'on']",0.3333333333333333,9.12e-06,"[24, 2, 27, 37, 3, 27, 0, 0]"
notify,"['N', 'OW', 'T', 'AH', 'F', 'AY']","['no', 'ti', 'fy']",['notify'],0.3333333333333333,5.37e-06,"[27, 12, 33, 3, 20, 6, 0, 0]"
fiscal,"['F', 'IH', 'S', 'K', 'AH', 'L']","['fisc', 'al']","['f', 'iscal']",0.3333333333333333,1.82e-05,"[20, 10, 31, 24, 3, 25, 0, 0]"
sharon,"['SH', 'AE', 'R', 'AH', 'N']","['shar', 'on']","['sh', 'aron']",0.3333333333333333,8.32e-06,"[32, 2, 30, 3, 27, 0, 0, 0]"
murray,"['M', 'ER', 'IY']","['mur', 'ray']","['m', 'urray']",0.3333333333333333,1.86e-05,"[26, 8, 11, 0, 0, 0, 0, 0]"
campus,"['K', 'AE', 'M', 'P', 'AH', 'S']","['cam', 'pus']","['camp', 'us']",0.3333333333333333,3.24e-05,"[24, 2, 26, 29, 3, 31, 0, 0]"
museum,"['M', 'Y', 'UW', 'Z', 'IY', 'AH', 'M']","['mu', 'seum']","['m', 'useum']",0.3333333333333333,5.13e-05,"[26, 37, 15, 38, 11, 3, 26, 0]"
fitted,"['F', 'IH', 'T', 'AH', 'D']","['fit', 'ted']","['f', 'itted']",0.3333333333333333,1.35e-05,"[20, 10, 33, 3, 18, 0, 0, 0]"
nissan,"['N', 'IY', 'S', 'AA', 'N']","['nis', 'san']","['n', 'issan']",0.3333333333333333,4.9e-06,"[27, 11, 31, 1, 27, 0, 0, 0]"
angela,"['AE', 'N', 'JH', 'AH', 'L', 'AH']","['an', 'gela']","['ang', 'ela']",0.3333333333333333,1.05e-05,"[2, 27, 23, 3, 25, 3, 0, 0]"
remark,"['R', 'IH', 'M', 'AA', 'R', 'K']","['re', 'mark']","['rem', 'ark']",0.3333333333333333,4.57e-06,"[30, 10, 26, 1, 30, 24, 0, 0]"
commented,"['K', 'AA', 'M', 'EH', 'N', 'T', 'AH', 'D']","['com', 'men', 'ted']","['comment', 'ed']",0.3333333333333333,1.17e-05,"[24, 1, 26, 7, 27, 33, 3, 18]"
living,"['L', 'IH', 'V', 'IH', 'NG']","['liv', 'ing']","['l', 'iving']",0.3333333333333333,0.0002,"[25, 10, 35, 10, 28, 0, 0, 0]"
intend,"['IH', 'N', 'T', 'EH', 'N', 'D']","['in', 'tend']","['int', 'end']",0.3333333333333333,1.23e-05,"[10, 27, 33, 7, 27, 18, 0, 0]"
extent,"['IH', 'K', 'S', 'T', 'EH', 'N', 'T']","['ex', 'tent']","['ext', 'ent']",0.3333333333333333,2.95e-05,"[10, 24, 31, 33, 7, 27, 33, 0]"
gig,"['G', 'IH', 'G']",['gig'],"['g', 'ig']",0.3333333333333333,9.55e-06,"[21, 10, 21, 0, 0, 0, 0, 0]"
accent,"['AH', 'K', 'S', 'EH', 'N', 'T']","['ac', 'cent']","['acc', 'ent']",0.3333333333333333,1.38e-05,"[3, 24, 31, 7, 27, 33, 0, 0]"
norton,"['N', 'AO', 'R', 'T', 'AH', 'N']",['norton'],"['n', 'ort', 'on']",0.3333333333333333,5.62e-06,"[27, 4, 30, 33, 3, 27, 0, 0]"
superb,"['S', 'UH', 'P', 'ER', 'B']","['su', 'perb']","['super', 'b']",0.3333333333333333,9.12e-06,"[31, 14, 29, 8, 16, 0, 0, 0]"
establish,"['IH', 'S', 'T', 'AE', 'B', 'L', 'IH', 'SH']","['es', 'tab', 'lish']","['establ', 'ish']",0.3333333333333333,2.88e-05,"[10, 31, 33, 2, 16, 25, 10, 32]"
sister,"['S', 'IH', 'S', 'T', 'ER']","['sis', 'ter']","['s', 'ister']",0.3333333333333333,8.91e-05,"[31, 10, 31, 33, 8, 0, 0, 0]"
varies,"['V', 'EH', 'R', 'IY', 'Z']","['var', 'ies']","['v', 'aries']",0.3333333333333333,8.71e-06,"[35, 7, 30, 11, 38, 0, 0, 0]"
northeast,"['N', 'AO', 'R', 'TH', 'IY', 'S', 'T']","['north', 'east']","['n', 'ort', 'heast']",0.3333333333333333,1.15e-05,"[27, 4, 30, 34, 11, 31, 33, 0]"
conducted,"['K', 'AH', 'N', 'D', 'AH', 'K', 'T', 'AH', 'D']","['con', 'duc', 'ted']","['conduct', 'ed']",0.3333333333333333,3.8e-05,"[24, 3, 27, 18, 3, 24, 33, 3]"
asthma,"['AE', 'Z', 'M', 'AH']",['asthma'],"['as', 'th', 'ma']",0.3333333333333333,5.37e-06,"[2, 38, 26, 3, 0, 0, 0, 0]"
projected,"['P', 'R', 'AH', 'JH', 'EH', 'K', 'T', 'AH', 'D']","['pro', 'jec', 'ted']","['project', 'ed']",0.3333333333333333,9.77e-06,"[29, 30, 3, 23, 7, 24, 33, 3]"
geographical,"['JH', 'IY', 'AH', 'G', 'R', 'AE', 'F', 'IH', 'K', 'AH', 'L']","['geo', 'graph', 'ic', 'al']","['ge', 'ographical']",0.3333333333333333,7.08e-06,"[23, 11, 3, 21, 30, 2, 20, 10]"
champions,"['CH', 'AE', 'M', 'P', 'IY', 'AH', 'N', 'Z']","['cham', 'pi', 'ons']","['champ', 'ions']",0.3333333333333333,3.16e-05,"[17, 2, 26, 29, 11, 3, 27, 38]"
astronomy,"['AH', 'S', 'T', 'R', 'AA', 'N', 'AH', 'M', 'IY']","['as', 'tro', 'nomy']","['astr', 'onomy']",0.3333333333333333,4.27e-06,"[3, 31, 33, 30, 1, 27, 3, 26]"
relief,"['R', 'IH', 'L', 'IY', 'F']","['re', 'lief']","['rel', 'ief']",0.3333333333333333,3.55e-05,"[30, 10, 25, 11, 20, 0, 0, 0]"
moscow,"['M', 'AA', 'S', 'K', 'OW']","['mo', 'scow']","['mos', 'cow']",0.3333333333333333,2.63e-05,"[26, 1, 31, 24, 12, 0, 0, 0]"
thesis,"['TH', 'IY', 'S', 'AH', 'S']","['thes', 'is']","['th', 'esis']",0.3333333333333333,1.12e-05,"[34, 11, 31, 3, 31, 0, 0, 0]"
bureau,"['B', 'Y', 'UH', 'R', 'OW']","['bur', 'eau']","['b', 'ureau']",0.3333333333333333,2.57e-05,"[16, 37, 14, 30, 12, 0, 0, 0]"
conservation,"['K', 'AA', 'N', 'S', 'ER', 'V', 'EY', 'SH', 'AH', 'N']","['con', 'ser', 'va', 'tion']","['cons', 'ervation']",0.3333333333333333,2.14e-05,"[24, 1, 27, 31, 8, 35, 9, 32]"
louisiana,"['L', 'UW', 'IY', 'Z', 'IY', 'AE', 'N', 'AH']","['louisi', 'ana']","['l', 'ouis', 'iana']",0.3333333333333333,1.55e-05,"[25, 15, 11, 38, 11, 2, 27, 3]"
presidential,"['P', 'R', 'EH', 'Z', 'AH', 'D', 'EH', 'N', 'CH', 'AH', 'L']","['pres', 'id', 'en', 'tial']","['president', 'ial']",0.3333333333333333,3.31e-05,"[29, 30, 7, 38, 3, 18, 7, 27]"
liverpool,"['L', 'IH', 'V', 'ER', 'P', 'UW', 'L']","['liv', 'er', 'pool']","['l', 'iverpool']",0.3333333333333333,2.69e-05,"[25, 10, 35, 8, 29, 15, 25, 0]"
toy,"['T', 'OY']",['toy'],"['to', 'y']",0.3333333333333333,2e-05,"[33, 13, 0, 0, 0, 0, 0, 0]"
albany,"['AO', 'L', 'B', 'AH', 'N', 'IY']","['al', 'bany']","['alb', 'any']",0.3333333333333333,6.46e-06,"[4, 25, 16, 3, 27, 11, 0, 0]"
promotion,"['P', 'R', 'AH', 'M', 'OW', 'SH', 'AH', 'N']","['pro', 'mo', 'tion']","['prom', 'otion']",0.3333333333333333,2.57e-05,"[29, 30, 3, 26, 12, 32, 3, 27]"
taylor,"['T', 'EY', 'L', 'ER']",['taylor'],"['ta', 'yl', 'or']",0.3333333333333333,4.47e-05,"[33, 9, 25, 8, 0, 0, 0, 0]"
brilliant,"['B', 'R', 'IH', 'L', 'Y', 'AH', 'N', 'T']","['bril', 'liant']","['br', 'ill', 'iant']",0.3333333333333333,3.55e-05,"[16, 30, 10, 25, 37, 3, 27, 33]"
trademark,"['T', 'R', 'EY', 'D', 'M', 'AA', 'R', 'K']","['trade', 'mark']","['tr', 'adem', 'ark']",0.3333333333333333,7.76e-06,"[33, 30, 9, 18, 26, 1, 30, 24]"
recipe,"['R', 'EH', 'S', 'AH', 'P', 'IY']","['re', 'cipe']","['rec', 'ipe']",0.3333333333333333,1.7e-05,"[30, 7, 31, 3, 29, 11, 0, 0]"
dna,"['D', 'IY', 'EH', 'N', 'EY']",['dna'],"['d', 'na']",0.3333333333333333,3.09e-05,"[18, 11, 7, 27, 9, 0, 0, 0]"
wonder,"['W', 'AH', 'N', 'D', 'ER']","['won', 'der']","['w', 'onder']",0.3333333333333333,8.51e-05,"[36, 3, 27, 18, 8, 0, 0, 0]"
assume,"['AH', 'S', 'UW', 'M']","['as', 'sume']","['ass', 'ume']",0.3333333333333333,3.72e-05,"[3, 31, 15, 26, 0, 0, 0, 0]"
orchestra,"['AO', 'R', 'K', 'AH', 'S', 'T', 'R', 'AH']","['or', 'ches', 'tra']","['orch', 'estra']",0.3333333333333333,1.02e-05,"[4, 30, 24, 3, 31, 33, 30, 3]"
exercises,"['EH', 'K', 'S', 'ER', 'S', 'AY', 'Z', 'AH', 'Z']","['ex', 'er', 'cises']","['exerc', 'ises']",0.3333333333333333,1.32e-05,"[7, 24, 31, 8, 31, 6, 38, 3]"
become,"['B', 'IH', 'K', 'AH', 'M']","['be', 'come']","['bec', 'ome']",0.3333333333333333,0.000251,"[16, 10, 24, 3, 26, 0, 0, 0]"
london,"['L', 'AH', 'N', 'D', 'AH', 'N']","['lon', 'don']","['l', 'ondon']",0.3333333333333333,0.000186,"[25, 3, 27, 18, 3, 27, 0, 0]"
convinced,"['K', 'AH', 'N', 'V', 'IH', 'N', 'S', 'T']","['con', 'vinced']","['conv', 'inc', 'ed']",0.3333333333333333,2.51e-05,"[24, 3, 27, 35, 10, 27, 31, 33]"
fucked,"['F', 'AH', 'K', 'T']",['fucked'],"['f', 'uck', 'ed']",0.3333333333333333,3.89e-05,"[20, 3, 24, 33, 0, 0, 0, 0]"
voyeur,"['V', 'OY', 'Y', 'UW', 'R']",['voyeur'],"['vo', 'ye', 'ur']",0.3333333333333333,4.79e-07,"[35, 13, 37, 15, 30, 0, 0, 0]"
ballot,"['B', 'AE', 'L', 'AH', 'T']","['bal', 'lot']","['ball', 'ot']",0.3333333333333333,1.15e-05,"[16, 2, 25, 3, 33, 0, 0, 0]"
technical,"['T', 'EH', 'K', 'N', 'IH', 'K', 'AH', 'L']","['tech', 'nic', 'al']","['techn', 'ical']",0.3333333333333333,5.62e-05,"[33, 7, 24, 27, 10, 24, 3, 25]"
rogers,"['R', 'AA', 'JH', 'ER', 'Z']","['ro', 'gers']","['rog', 'ers']",0.3333333333333333,1.23e-05,"[30, 1, 23, 8, 38, 0, 0, 0]"
authentic,"['AH', 'TH', 'EH', 'N', 'T', 'IH', 'K']","['au', 'then', 't', 'ic']",['authentic'],0.3333333333333333,1.1e-05,"[3, 34, 7, 27, 33, 10, 24, 0]"
herbal,"['ER', 'B', 'AH', 'L']","['herb', 'al']","['her', 'bal']",0.3333333333333333,2.29e-06,"[8, 16, 3, 25, 0, 0, 0, 0]"
regime,"['R', 'AH', 'ZH', 'IY', 'M']","['re', 'gime']","['reg', 'ime']",0.3333333333333333,2e-05,"[30, 3, 39, 11, 26, 0, 0, 0]"
signature,"['S', 'IH', 'G', 'N', 'AH', 'CH', 'ER']","['sig', 'na', 'ture']","['sign', 'ature']",0.3333333333333333,1.78e-05,"[31, 10, 21, 27, 3, 17, 8, 0]"
appeal,"['AH', 'P', 'IY', 'L']","['ap', 'peal']","['appe', 'al']",0.3333333333333333,4.68e-05,"[3, 29, 11, 25, 0, 0, 0, 0]"
cruise,"['K', 'R', 'UW', 'Z']",['cruise'],"['cr', 'u', 'ise']",0.3333333333333333,1.66e-05,"[24, 30, 15, 38, 0, 0, 0, 0]"
hacker,"['HH', 'AE', 'K', 'ER']","['hack', 'er']","['h', 'acker']",0.3333333333333333,4.68e-06,"[22, 2, 24, 8, 0, 0, 0, 0]"
madrid,"['M', 'AH', 'D', 'R', 'IH', 'D']","['mad', 'rid']","['m', 'adrid']",0.3333333333333333,2e-05,"[26, 3, 18, 30, 10, 18, 0, 0]"
similarly,"['S', 'IH', 'M', 'AH', 'L', 'ER', 'L', 'IY']","['sim', 'il', 'arly']","['similar', 'ly']",0.3333333333333333,2e-05,"[31, 10, 26, 3, 25, 8, 25, 11]"
contemporary,"['K', 'AH', 'N', 'T', 'EH', 'M', 'P', 'ER', 'EH', 'R', 'IY']","['con', 'tem', 'por', 'ary']","['cont', 'emporary']",0.3333333333333333,3.09e-05,"[24, 3, 27, 33, 7, 26, 29, 8]"
positions,"['P', 'AH', 'Z', 'IH', 'SH', 'AH', 'N', 'Z']","['po', 's', 'i', 'tions']",['positions'],0.3333333333333333,4.27e-05,"[29, 3, 38, 10, 32, 3, 27, 38]"
differ,"['D', 'IH', 'F', 'ER']","['dif', 'fer']","['d', 'iffer']",0.3333333333333333,1.07e-05,"[18, 10, 20, 8, 0, 0, 0, 0]"
buy,"['B', 'AY']",['buy'],"['b', 'uy']",0.3333333333333333,0.000209,"[16, 6, 0, 0, 0, 0, 0, 0]"
behind,"['B', 'IH', 'HH', 'AY', 'N', 'D']","['be', 'hind']","['beh', 'ind']",0.3333333333333333,0.000195,"[16, 10, 22, 6, 27, 18, 0, 0]"
arctic,"['AA', 'R', 'K', 'T', 'IH', 'K']","['arc', 'tic']","['ar', 'ctic']",0.3333333333333333,1.07e-05,"[1, 30, 24, 33, 10, 24, 0, 0]"
allied,"['AH', 'L', 'AY', 'D']","['al', 'lied']","['all', 'ied']",0.3333333333333333,1.17e-05,"[3, 25, 6, 18, 0, 0, 0, 0]"
tuning,"['T', 'UW', 'N', 'IH', 'NG']","['tun', 'ing']","['t', 'uning']",0.3333333333333333,4.68e-06,"[33, 15, 27, 10, 28, 0, 0, 0]"
rocket,"['R', 'AA', 'K', 'AH', 'T']","['rock', 'et']","['roc', 'ket']",0.3333333333333333,2.04e-05,"[30, 1, 24, 3, 33, 0, 0, 0]"
collar,"['K', 'AA', 'L', 'ER']","['col', 'lar']","['coll', 'ar']",0.3333333333333333,1.1e-05,"[24, 1, 25, 8, 0, 0, 0, 0]"
hungarian,"['HH', 'AH', 'NG', 'G', 'EH', 'R', 'IY', 'AH', 'N']","['hun', 'gari', 'an']","['hung', 'arian']",0.3333333333333333,6.17e-06,"[22, 3, 28, 21, 7, 30, 11, 3]"
nextel,"['N', 'EH', 'K', 'S', 'T', 'EH', 'L']","['nex', 'tel']","['next', 'el']",0.3333333333333333,2.09e-07,"[27, 7, 24, 31, 33, 7, 25, 0]"
universities,"['Y', 'UW', 'N', 'AH', 'V', 'ER', 'S', 'AH', 'T', 'IY', 'Z']","['uni', 'ver', 'sit', 'ies']","['univers', 'ities']",0.3333333333333333,2.29e-05,"[37, 15, 27, 3, 35, 8, 31, 3]"
criticism,"['K', 'R', 'IH', 'T', 'IH', 'S', 'IH', 'Z', 'AH', 'M']","['cri', 'ti', 'cism']","['crit', 'icism']",0.3333333333333333,3.09e-05,"[24, 30, 10, 33, 10, 31, 10, 38]"
democrats,"['D', 'EH', 'M', 'AH', 'K', 'R', 'AE', 'T', 'S']","['demo', 'crats']","['dem', 'ocr', 'ats']",0.3333333333333333,3.47e-05,"[18, 7, 26, 3, 24, 30, 2, 33]"
albums,"['AE', 'L', 'B', 'AH', 'M', 'Z']","['al', 'bums']","['album', 's']",0.3333333333333333,1.55e-05,"[2, 25, 16, 3, 26, 38, 0, 0]"
coding,"['K', 'OW', 'D', 'IH', 'NG']","['cod', 'ing']","['c', 'oding']",0.3333333333333333,6.46e-06,"[24, 12, 18, 10, 28, 0, 0, 0]"
aol,"['EY', 'OW', 'EH', 'L']",['aol'],"['a', 'ol']",0.3333333333333333,1.74e-06,"[9, 12, 7, 25, 0, 0, 0, 0]"
bother,"['B', 'AA', 'DH', 'ER']","['both', 'er']","['b', 'other']",0.3333333333333333,2.45e-05,"[16, 1, 19, 8, 0, 0, 0, 0]"
voting,"['V', 'OW', 'T', 'IH', 'NG']","['vot', 'ing']","['v', 'oting']",0.3333333333333333,4.17e-05,"[35, 12, 33, 10, 28, 0, 0, 0]"
converted,"['K', 'AH', 'N', 'V', 'ER', 'T', 'IH', 'D']","['con', 'ver', 'ted']","['convert', 'ed']",0.3333333333333333,1.62e-05,"[24, 3, 27, 35, 8, 33, 10, 18]"
narrow,"['N', 'EH', 'R', 'OW']","['nar', 'row']","['n', 'arrow']",0.3333333333333333,2.45e-05,"[27, 7, 30, 12, 0, 0, 0, 0]"
swaziland,"['S', 'W', 'AA', 'Z', 'IH', 'L', 'AH', 'N', 'D']","['swazi', 'l', 'and']","['sw', 'aziland']",0.3333333333333333,6.61e-07,"[31, 36, 1, 38, 10, 25, 3, 27]"
poison,"['P', 'OY', 'Z', 'AH', 'N']","['pois', 'on']","['po', 'ison']",0.3333333333333333,1.2e-05,"[29, 13, 38, 3, 27, 0, 0, 0]"
sierra,"['S', 'IY', 'EH', 'R', 'AH']","['si', 'erra']","['s', 'ierra']",0.3333333333333333,1.15e-05,"[31, 11, 7, 30, 3, 0, 0, 0]"
syntax,"['S', 'IH', 'N', 'T', 'AE', 'K', 'S']","['syn', 'tax']","['s', 'yntax']",0.3333333333333333,3.39e-06,"[31, 10, 27, 33, 2, 24, 31, 0]"
notion,"['N', 'OW', 'SH', 'AH', 'N']","['no', 'tion']","['not', 'ion']",0.3333333333333333,1.48e-05,"[27, 12, 32, 3, 27, 0, 0, 0]"
princeton,"['P', 'R', 'IH', 'N', 'S', 'T', 'AH', 'N']","['prin', 'ceton']","['pr', 'inc', 'eton']",0.3333333333333333,7.08e-06,"[29, 30, 10, 27, 31, 33, 3, 27]"
decent,"['D', 'IY', 'S', 'AH', 'N', 'T']","['de', 'cent']","['dec', 'ent']",0.3333333333333333,2.51e-05,"[18, 11, 31, 3, 27, 33, 0, 0]"
assure,"['AH', 'SH', 'UH', 'R']","['as', 'sure']","['ass', 'ure']",0.3333333333333333,1.15e-05,"[3, 32, 14, 30, 0, 0, 0, 0]"
aurora,"['ER', 'AO', 'R', 'AH']","['au', 'rora']","['aur', 'ora']",0.3333333333333333,5.37e-06,"[8, 4, 30, 3, 0, 0, 0, 0]"
infection,"['IH', 'N', 'F', 'EH', 'K', 'SH', 'AH', 'N']","['in', 'fec', 'tion']","['inf', 'ection']",0.3333333333333333,2.14e-05,"[10, 27, 20, 7, 24, 32, 3, 27]"
motion,"['M', 'OW', 'SH', 'AH', 'N']","['mo', 'tion']","['m', 'otion']",0.3333333333333333,3.89e-05,"[26, 12, 32, 3, 27, 0, 0, 0]"
resort,"['R', 'IH', 'Z', 'AO', 'R', 'T']","['re', 'sort']","['res', 'ort']",0.3333333333333333,2.34e-05,"[30, 10, 38, 4, 30, 33, 0, 0]"
cancer,"['K', 'AE', 'N', 'S', 'ER']","['can', 'cer']","['c', 'ancer']",0.3333333333333333,8.51e-05,"[24, 2, 27, 31, 8, 0, 0, 0]"
chubby,"['CH', 'AH', 'B', 'IY']",['chubby'],"['ch', 'ub', 'by']",0.3333333333333333,2.69e-06,"[17, 3, 16, 11, 0, 0, 0, 0]"
maiden,"['M', 'EY', 'D', 'AH', 'N']","['maid', 'en']","['ma', 'iden']",0.3333333333333333,6.61e-06,"[26, 9, 18, 3, 27, 0, 0, 0]"
guy,"['G', 'AY']",['guy'],"['g', 'uy']",0.3333333333333333,0.000251,"[21, 6, 0, 0, 0, 0, 0, 0]"
compensation,"['K', 'AA', 'M', 'P', 'AH', 'N', 'S', 'EY', 'SH', 'AH', 'N']","['com', 'pens', 'a', 'tion']","['comp', 'ensation']",0.3333333333333333,2.14e-05,"[24, 1, 26, 29, 3, 27, 31, 9]"
vacations,"['V', 'EY', 'K', 'EY', 'SH', 'AH', 'N', 'Z']","['va', 'ca', 'tions']","['vac', 'ations']",0.3333333333333333,3.24e-06,"[35, 9, 24, 9, 32, 3, 27, 38]"
dreams,"['D', 'R', 'IY', 'M', 'Z']",['dreams'],"['d', 'ream', 's']",0.3333333333333333,3.89e-05,"[18, 30, 11, 26, 38, 0, 0, 0]"
deeper,"['D', 'IY', 'P', 'ER']","['deep', 'er']","['de', 'eper']",0.3333333333333333,2e-05,"[18, 11, 29, 8, 0, 0, 0, 0]"
educators,"['EH', 'JH', 'AH', 'K', 'EY', 'T', 'ER', 'Z']","['edu', 'cat', 'ors']","['educ', 'ators']",0.3333333333333333,6.61e-06,"[7, 23, 3, 24, 9, 33, 8, 38]"
farmer,"['F', 'AA', 'R', 'M', 'ER']","['farm', 'er']","['far', 'mer']",0.3333333333333333,1.41e-05,"[20, 1, 30, 26, 8, 0, 0, 0]"
receiving,"['R', 'AH', 'S', 'IY', 'V', 'IH', 'NG']","['re', 'ceiv', 'ing']","['rece', 'iving']",0.3333333333333333,3.89e-05,"[30, 3, 31, 11, 35, 10, 28, 0]"
confusion,"['K', 'AH', 'N', 'F', 'Y', 'UW', 'ZH', 'AH', 'N']","['con', 'fu', 'sion']","['conf', 'usion']",0.3333333333333333,1.55e-05,"[24, 3, 27, 20, 37, 15, 39, 3]"
zambia,"['Z', 'AE', 'M', 'B', 'IY', 'AH']","['zam', 'bia']","['z', 'ambia']",0.3333333333333333,2.69e-06,"[38, 2, 26, 16, 11, 3, 0, 0]"
beautiful,"['B', 'Y', 'UW', 'T', 'AH', 'F', 'AH', 'L']","['beau', 'ti', 'ful']","['be', 'autiful']",0.3333333333333333,0.000166,"[16, 37, 15, 33, 3, 20, 3, 25]"
operation,"['AA', 'P', 'ER', 'EY', 'SH', 'AH', 'N']","['op', 'er', 'a', 'tion']",['operation'],0.3333333333333333,8.32e-05,"[1, 29, 8, 9, 32, 3, 27, 0]"
robust,"['R', 'OW', 'B', 'AH', 'S', 'T']","['ro', 'bust']","['rob', 'ust']",0.3333333333333333,8.71e-06,"[30, 12, 16, 3, 31, 33, 0, 0]"
jersey,"['JH', 'ER', 'Z', 'IY']","['jer', 'sey']","['j', 'ersey']",0.3333333333333333,4.57e-05,"[23, 8, 38, 11, 0, 0, 0, 0]"
poland,"['P', 'OW', 'L', 'AH', 'N', 'D']","['po', 'land']","['pol', 'and']",0.3333333333333333,1.74e-05,"[29, 12, 25, 3, 27, 18, 0, 0]"
evolution,"['EH', 'V', 'AH', 'L', 'UW', 'SH', 'AH', 'N']","['evol', 'u', 'tion']","['e', 'volution']",0.3333333333333333,2.57e-05,"[7, 35, 3, 25, 15, 32, 3, 27]"
fisher,"['F', 'IH', 'SH', 'ER']","['fish', 'er']","['f', 'isher']",0.3333333333333333,1.05e-05,"[20, 10, 32, 8, 0, 0, 0, 0]"
concerned,"['K', 'AH', 'N', 'S', 'ER', 'N', 'D']","['con', 'cerned']","['conc', 'ern', 'ed']",0.3333333333333333,5.62e-05,"[24, 3, 27, 31, 8, 27, 18, 0]"
heroes,"['HH', 'IH', 'R', 'OW', 'Z']","['her', 'oes']","['hero', 'es']",0.3333333333333333,2.24e-05,"[22, 10, 30, 12, 38, 0, 0, 0]"
floral,"['F', 'L', 'AO', 'R', 'AH', 'L']","['flor', 'al']","['fl', 'oral']",0.3333333333333333,5.89e-06,"[20, 25, 4, 30, 3, 25, 0, 0]"
marketing,"['M', 'AA', 'R', 'K', 'AH', 'T', 'IH', 'NG']","['mar', 'ket', 'ing']","['mark', 'eting']",0.3333333333333333,6.03e-05,"[26, 1, 30, 24, 3, 33, 10, 28]"
establishing,"['IH', 'S', 'T', 'AE', 'B', 'L', 'IH', 'SH', 'IH', 'NG']","['es', 'tab', 'lish', 'ing']","['establ', 'ishing']",0.3333333333333333,1.29e-05,"[10, 31, 33, 2, 16, 25, 10, 32]"
liz,"['L', 'IH', 'Z']",['liz'],"['l', 'iz']",0.3333333333333333,6.76e-06,"[25, 10, 38, 0, 0, 0, 0, 0]"
merger,"['M', 'ER', 'JH', 'ER']","['mer', 'ger']","['m', 'erger']",0.3333333333333333,9.33e-06,"[26, 8, 23, 8, 0, 0, 0, 0]"
tablet,"['T', 'AE', 'B', 'L', 'AH', 'T']","['tab', 'let']","['table', 't']",0.3333333333333333,1.12e-05,"[33, 2, 16, 25, 3, 33, 0, 0]"
improvements,"['IH', 'M', 'P', 'R', 'UW', 'V', 'M', 'AH', 'N', 'T', 'S']","['im', 'prove', 'ments']","['imp', 'rov', 'ements']",0.3333333333333333,1.86e-05,"[10, 26, 29, 30, 15, 35, 26, 3]"
