word,arpabet,syllables,tokenized_word,hamming_distance,word_frequency,phon_vec
wagner,"['W', 'AE', 'G', 'N', 'ER']","['wag', 'n', 'er']","['w', 'agner']",0.5,5.13e-06,"[36, 2, 21, 27, 8, 0, 0, 0]"
hypothetical,"['HH', 'AY', 'P', 'AH', 'TH', 'EH', 'T', 'AH', 'K', 'AH', 'L']","['hy', 'po', 'thet', 'ic', 'al']","['hyp', 'othe', 'tical']",0.5,4.07e-06,"[22, 6, 29, 3, 34, 7, 33, 3]"
cambodia,"['K', 'AE', 'M', 'B', 'OW', 'D', 'IY', 'AH']","['cam', 'bod', 'ia']","['ca', 'mbo', 'dia']",0.5,5.13e-06,"[24, 2, 26, 16, 12, 18, 11, 3]"
saddam,"['S', 'AA', 'D', 'AH', 'M']","['sad', 'dam']","['s', 'add', 'am']",0.5,2.75e-06,"[31, 1, 18, 3, 26, 0, 0, 0]"
iraq,"['IH', 'R', 'AA', 'K']","['ir', 'aq']","['ira', 'q']",0.5,2.69e-05,"[10, 30, 1, 24, 0, 0, 0, 0]"
securities,"['S', 'IH', 'K', 'Y', 'UH', 'R', 'AH', 'T', 'IY', 'Z']","['se', 'cur', 'it', 'ies']","['secu', 'ri', 'ties']",0.5,1.74e-05,"[31, 10, 24, 37, 14, 30, 3, 33]"
radios,"['R', 'EY', 'D', 'IY', 'OW', 'Z']","['ra', 'di', 'os']","['rad', 'ios']",0.5,2.57e-06,"[30, 9, 18, 11, 12, 38, 0, 0]"
arabia,"['ER', 'EY', 'B', 'IY', 'AH']","['ar', 'a', 'bia']","['arab', 'ia']",0.5,1.32e-05,"[8, 9, 16, 11, 3, 0, 0, 0]"
computational,"['K', 'AA', 'M', 'P', 'Y', 'UW', 'T', 'EY', 'SH', 'AH', 'N', 'AH', 'L']","['com', 'pu', 'ta', 'tion', 'al']","['comp', 'ut', 'ational']",0.46153846153846156,4.17e-06,"[24, 1, 26, 29, 37, 15, 33, 9]"
editorial,"['EH', 'D', 'AH', 'T', 'AO', 'R', 'IY', 'AH', 'L']","['ed', 'it', 'or', 'i', 'al']",['editorial'],0.4444444444444444,1.29e-05,"[7, 18, 3, 33, 4, 30, 11, 3]"
empirical,"['EH', 'M', 'P', 'IH', 'R', 'IH', 'K', 'AH', 'L']","['em', 'pir', 'ic', 'al']","['empi', 'rical']",0.4444444444444444,4.17e-06,"[7, 26, 29, 10, 30, 10, 24, 3]"
macedonia,"['M', 'AE', 'S', 'AH', 'D', 'OW', 'N', 'IY', 'AH']","['mace', 'do', 'nia']","['ma', 'ced', 'onia']",0.4444444444444444,2.34e-06,"[26, 2, 31, 3, 18, 12, 27, 11]"
societies,"['S', 'AH', 'S', 'AY', 'AH', 'T', 'IY', 'Z']","['so', 'ci', 'et', 'ies']","['soc', 'ieties']",0.4444444444444444,1.2e-05,"[31, 3, 31, 6, 3, 33, 11, 38]"
librarian,"['L', 'AY', 'B', 'R', 'EH', 'R', 'IY', 'AH', 'N']","['lib', 'rar', 'i', 'an']","['libr', 'arian']",0.4444444444444444,3.89e-06,"[25, 6, 16, 30, 7, 30, 11, 3]"
pediatric,"['P', 'IY', 'D', 'IY', 'AE', 'T', 'R', 'IH', 'K']","['pe', 'di', 'at', 'ric']","['ped', 'iatric']",0.4444444444444444,3.39e-06,"[29, 11, 18, 11, 2, 33, 30, 10]"
apparatus,"['AE', 'P', 'ER', 'AE', 'T', 'AH', 'S']","['ap', 'par', 'at', 'us']","['app', 'aratus']",0.4444444444444444,6.03e-06,"[2, 29, 8, 2, 33, 3, 31, 0]"
apparel,"['AH', 'P', 'AE', 'R', 'AH', 'L']","['ap', 'par', 'el']","['appare', 'l']",0.42857142857142855,5.25e-06,"[3, 29, 2, 30, 3, 25, 0, 0]"
estonia,"['EH', 'S', 'T', 'OW', 'N', 'IY', 'AH']","['es', 'to', 'nia']","['est', 'onia']",0.42857142857142855,3.02e-06,"[7, 31, 33, 12, 27, 11, 3, 0]"
lawyers,"['L', 'AO', 'Y', 'ER', 'Z']","['law', 'yers']","['la', 'wy', 'ers']",0.42857142857142855,2.45e-05,"[25, 4, 37, 8, 38, 0, 0, 0]"
pentium,"['P', 'EH', 'N', 'T', 'IY', 'AH', 'M']","['pen', 'ti', 'um']","['p', 'entium']",0.42857142857142855,5.75e-07,"[29, 7, 27, 33, 11, 3, 26, 0]"
zealand,"['Z', 'IY', 'L', 'AH', 'N', 'D']","['zea', 'l', 'and']","['ze', 'aland']",0.42857142857142855,3.16e-05,"[38, 11, 25, 3, 27, 18, 0, 0]"
luggage,"['L', 'AH', 'G', 'AH', 'JH']","['lug', 'gage']","['lu', 'gg', 'age']",0.42857142857142855,6.31e-06,"[25, 3, 21, 3, 23, 0, 0, 0]"
expedia,"['EH', 'K', 'S', 'P', 'IY', 'D', 'IY', 'AH']","['ex', 'pe', 'dia']","['exp', 'edia']",0.42857142857142855,4.17e-07,"[7, 24, 31, 29, 11, 18, 11, 3]"
memphis,"['M', 'EH', 'M', 'F', 'AH', 'S']","['mem', 'ph', 'is']","['memp', 'his']",0.42857142857142855,7.76e-06,"[26, 7, 26, 20, 3, 31, 0, 0]"
indianapolis,"['IH', 'N', 'D', 'IY', 'AH', 'N', 'AE', 'P', 'AH', 'L', 'IH', 'S']","['in', 'di', 'ana', 'pol', 'is']","['indian', 'apolis']",0.4166666666666667,6.61e-06,"[10, 27, 18, 11, 3, 27, 2, 29]"
occupational,"['AA', 'K', 'Y', 'AH', 'P', 'EY', 'SH', 'AH', 'N', 'AH', 'L']","['oc', 'cu', 'pa', 'tion', 'al']","['occup', 'ational']",0.4166666666666667,5.25e-06,"[1, 24, 37, 3, 29, 9, 32, 3]"
bryan,"['B', 'R', 'AY', 'AH', 'N']","['bry', 'an']","['b', 'ryan']",0.4,9.55e-06,"[16, 30, 6, 3, 27, 0, 0, 0]"
casey,"['K', 'EY', 'S', 'IY']","['ca', 'sey']","['case', 'y']",0.4,9.12e-06,"[24, 9, 31, 11, 0, 0, 0, 0]"
syria,"['S', 'IH', 'R', 'IY', 'AH']","['syr', 'ia']","['sy', 'ria']",0.4,2.51e-05,"[31, 10, 30, 11, 3, 0, 0, 0]"
mysterious,"['M', 'IH', 'S', 'T', 'IH', 'R', 'IY', 'AH', 'S']","['mys', 'ter', 'i', 'ous']","['my', 'sterious']",0.4,1.48e-05,"[26, 10, 31, 33, 10, 30, 11, 3]"
insulation,"['IH', 'N', 'S', 'AH', 'L', 'EY', 'SH', 'AH', 'N']","['in', 'su', 'la', 'tion']","['ins', 'ulation']",0.4,4.68e-06,"[10, 27, 31, 3, 25, 9, 32, 3]"
millennium,"['M', 'AH', 'L', 'EH', 'N', 'IY', 'AH', 'M']","['mil', 'len', 'ni', 'um']","['mill', 'ennium']",0.4,5.01e-06,"[26, 3, 25, 7, 27, 11, 3, 26]"
vocational,"['V', 'OW', 'K', 'EY', 'SH', 'AH', 'N', 'AH', 'L']","['vo', 'ca', 'tion', 'al']","['voc', 'ational']",0.4,4.47e-06,"[35, 12, 24, 9, 32, 3, 27, 3]"
annex,"['AE', 'N', 'EH', 'K', 'S']","['an', 'nex']","['anne', 'x']",0.4,3.16e-06,"[2, 27, 7, 24, 31, 0, 0, 0]"
samoa,"['S', 'AH', 'M', 'OW', 'AH']","['sam', 'oa']","['samo', 'a']",0.4,2.45e-06,"[31, 3, 26, 12, 3, 0, 0, 0]"
sudan,"['S', 'UW', 'D', 'AE', 'N']","['su', 'dan']","['sud', 'an']",0.4,7.94e-06,"[31, 15, 18, 2, 27, 0, 0, 0]"
consortium,"['K', 'AH', 'N', 'S', 'AO', 'R', 'SH', 'IY', 'AH', 'M']","['con', 'sor', 'ti', 'um']","['cons', 'ortium']",0.4,4.79e-06,"[24, 3, 27, 31, 4, 30, 32, 11]"
occasional,"['AH', 'K', 'EY', 'ZH', 'AH', 'N', 'AH', 'L']","['oc', 'ca', 'sion', 'al']","['occas', 'ional']",0.4,1.32e-05,"[3, 24, 9, 39, 3, 27, 3, 25]"
facilitate,"['F', 'AH', 'S', 'IH', 'L', 'AH', 'T', 'EY', 'T']","['fa', 'cil', 'it', 'ate']","['fac', 'ilitate']",0.4,9.77e-06,"[20, 3, 31, 10, 25, 3, 33, 9]"
confidentiality,"['K', 'AA', 'N', 'F', 'AH', 'D', 'EH', 'N', 'SH', 'IY', 'AE', 'L', 'AH', 'T', 'IY']","['con', 'fid', 'en', 'ti', 'al', 'ity']","['conf', 'identiality']",0.4,2.82e-06,"[24, 1, 27, 20, 3, 18, 7, 27]"
appreciate,"['AH', 'P', 'R', 'IY', 'SH', 'IY', 'EY', 'T']","['ap', 'pre', 'ci', 'ate']","['app', 'reciate']",0.4,5.5e-05,"[3, 29, 30, 11, 32, 11, 9, 33]"
iraqi,"['IH', 'R', 'AE', 'K', 'IY']","['ir', 'aqi']","['ira', 'qi']",0.4,8.91e-06,"[10, 30, 2, 24, 11, 0, 0, 0]"
beneficial,"['B', 'EH', 'N', 'AH', 'F', 'IH', 'SH', 'AH', 'L']","['be', 'ne', 'fi', 'cial']","['benef', 'icial']",0.4,1.2e-05,"[16, 7, 27, 3, 20, 10, 32, 3]"
behavioral,"['B', 'IH', 'HH', 'EY', 'V', 'Y', 'ER', 'AH', 'L']","['be', 'ha', 'vi', 'or', 'al']",['behavioral'],0.4,7.24e-06,"[16, 10, 22, 9, 35, 37, 8, 3]"
newer,"['N', 'UW', 'ER']","['new', 'er']","['ne', 'wer']",0.4,8.71e-06,"[27, 15, 8, 0, 0, 0, 0, 0]"
fewer,"['F', 'Y', 'UW', 'ER']","['few', 'er']","['fe', 'wer']",0.4,2.04e-05,"[20, 37, 15, 8, 0, 0, 0, 0]"
subsidiary,"['S', 'AH', 'B', 'S', 'IH', 'D', 'IY', 'EH', 'R', 'IY']","['sub', 'si', 'di', 'ary']","['subs', 'idiary']",0.4,8.32e-06,"[31, 3, 16, 31, 10, 18, 11, 7]"
nomination,"['N', 'AA', 'M', 'AH', 'N', 'EY', 'SH', 'AH', 'N']","['nom', 'in', 'a', 'tion']","['n', 'omination']",0.4,1.17e-05,"[27, 1, 26, 3, 27, 9, 32, 3]"
legitimate,"['L', 'AH', 'JH', 'IH', 'T', 'AH', 'M', 'AH', 'T']","['le', 'git', 'im', 'ate']","['leg', 'itimate']",0.4,1.66e-05,"[25, 3, 23, 10, 33, 3, 26, 3]"
geological,"['JH', 'IY', 'AH', 'L', 'AA', 'JH', 'IH', 'K', 'AH', 'L']","['geo', 'lo', 'gic', 'al']","['ge', 'ological']",0.4,6.61e-06,"[23, 11, 3, 25, 1, 23, 10, 24]"
yemen,"['Y', 'EH', 'M', 'AH', 'N']","['ye', 'men']","['y', 'emen']",0.4,7.59e-06,"[37, 7, 26, 3, 27, 0, 0, 0]"
ambassador,"['AE', 'M', 'B', 'AE', 'S', 'AH', 'D', 'ER']","['am', 'bas', 'sad', 'or']","['amb', 'assador']",0.4,2.24e-05,"[2, 26, 16, 2, 31, 3, 18, 8]"
manufacturers,"['M', 'AE', 'N', 'Y', 'AH', 'F', 'AE', 'K', 'CH', 'ER', 'ER', 'Z']","['man', 'u', 'fac', 'tur', 'ers']","['manufact', 'urers']",0.38461538461538464,2.24e-05,"[26, 2, 27, 37, 3, 20, 2, 24]"
consolidation,"['K', 'AH', 'N', 'S', 'AA', 'L', 'AH', 'D', 'EY', 'SH', 'AH', 'N']","['con', 'sol', 'id', 'a', 'tion']","['cons', 'olidation']",0.38461538461538464,5.13e-06,"[24, 3, 27, 31, 1, 25, 3, 18]"
accreditation,"['AH', 'K', 'R', 'EH', 'D', 'AH', 'T', 'EY', 'SH', 'AH', 'N']","['ac', 'cred', 'it', 'a', 'tion']","['acc', 'reditation']",0.38461538461538464,3.47e-06,"[3, 24, 30, 7, 18, 3, 33, 9]"
hometown,"['HH', 'OW', 'M', 'T', 'AW', 'N']","['ho', 'met', 'own']","['home', 'town']",0.375,8.13e-06,"[22, 12, 26, 33, 5, 27, 0, 0]"
zimbabwe,"['Z', 'IH', 'M', 'B', 'AA', 'B', 'W', 'EY']","['zi', 'm', 'b', 'ab', 'we']","['zim', 'babwe']",0.375,5.37e-06,"[38, 10, 26, 16, 1, 16, 36, 9]"
vibrator,"['V', 'AY', 'B', 'R', 'EY', 'T', 'ER']","['vi', 'brat', 'or']","['vibr', 'ator']",0.375,1.29e-06,"[35, 6, 16, 30, 9, 33, 8, 0]"
develops,"['D', 'IH', 'V', 'EH', 'L', 'AH', 'P', 'S']","['de', 'vel', 'ops']","['develop', 's']",0.375,7.76e-06,"[18, 10, 35, 7, 25, 3, 29, 31]"
tanzania,"['T', 'AE', 'N', 'Z', 'EY', 'N', 'IY', 'AH']","['tan', 'zania']","['t', 'anz', 'ania']",0.375,3.72e-06,"[33, 2, 27, 38, 9, 27, 11, 3]"
mcdonald,"['M', 'AH', 'K', 'D', 'AA', 'N', 'AH', 'L', 'D']","['mc', 'don', 'ald']","['m', 'cdonald']",0.375,5.89e-06,"[26, 3, 24, 18, 1, 27, 3, 25]"
remedies,"['R', 'EH', 'M', 'AH', 'D', 'IY', 'Z']","['rem', 'ed', 'ies']","['reme', 'dies']",0.375,6.76e-06,"[30, 7, 26, 3, 18, 11, 38, 0]"
imperial,"['IH', 'M', 'P', 'IH', 'R', 'IY', 'AH', 'L']","['im', 'per', 'i', 'al']",['imperial'],0.375,1.62e-05,"[10, 26, 29, 10, 30, 11, 3, 25]"
ceremony,"['S', 'EH', 'R', 'AH', 'M', 'OW', 'N', 'IY']","['ce', 're', 'mony']","['cer', 'emony']",0.375,2.63e-05,"[31, 7, 30, 3, 26, 12, 27, 11]"
slovenia,"['S', 'L', 'OW', 'V', 'IY', 'N', 'IY', 'AH']","['slov', 'e', 'nia']","['slo', 'venia']",0.375,2.57e-06,"[31, 25, 12, 35, 11, 27, 11, 3]"
annoying,"['AH', 'N', 'OY', 'IH', 'NG']","['an', 'noy', 'ing']","['anno', 'ying']",0.375,2.51e-05,"[3, 27, 13, 10, 28, 0, 0, 0]"
engaging,"['EH', 'N', 'G', 'EY', 'JH', 'IH', 'NG']","['en', 'ga', 'ging']","['eng', 'aging']",0.375,1.35e-05,"[7, 27, 21, 9, 23, 10, 28, 0]"
barbados,"['B', 'AA', 'R', 'B', 'EY', 'D', 'OW', 'S']","['bar', 'ba', 'dos']","['barb', 'ados']",0.375,3.16e-06,"[16, 1, 30, 16, 9, 18, 12, 31]"
relating,"['R', 'IH', 'L', 'EY', 'T', 'IH', 'NG']","['re', 'lat', 'ing']","['rel', 'ating']",0.375,1.62e-05,"[30, 10, 25, 9, 33, 10, 28, 0]"
attorney,"['AH', 'T', 'ER', 'N', 'IY']","['at', 'tor', 'ney']","['att', 'orney']",0.375,4.9e-05,"[3, 33, 8, 27, 11, 0, 0, 0]"
delivers,"['D', 'IH', 'L', 'IH', 'V', 'ER', 'Z']","['de', 'liv', 'ers']","['deli', 'vers']",0.375,7.24e-06,"[18, 10, 25, 10, 35, 8, 38, 0]"
annually,"['AE', 'N', 'Y', 'UW', 'AH', 'L', 'IY']","['an', 'nu', 'ally']","['ann', 'ually']",0.375,1.45e-05,"[2, 27, 37, 15, 3, 25, 11, 0]"
responsibilities,"['R', 'IY', 'S', 'P', 'AA', 'N', 'S', 'AH', 'B', 'IH', 'L', 'AH', 'T', 'IY', 'Z']","['re', 'spons', 'ib', 'il', 'it', 'ies']","['respon', 'sibilities']",0.375,1.41e-05,"[30, 11, 31, 29, 1, 27, 31, 3]"
familiar,"['F', 'AH', 'M', 'IH', 'L', 'Y', 'ER']","['fa', 'mil', 'i', 'ar']",['familiar'],0.375,4.07e-05,"[20, 3, 26, 10, 25, 37, 8, 0]"
exciting,"['IH', 'K', 'S', 'AY', 'T', 'IH', 'NG']","['ex', 'cit', 'ing']","['exc', 'iting']",0.375,3.47e-05,"[10, 24, 31, 6, 33, 10, 28, 0]"
dentists,"['D', 'EH', 'N', 'T', 'AH', 'S', 'T', 'S']","['dent', 'ists']","['d', 'enti', 'sts']",0.375,2.09e-06,"[18, 7, 27, 33, 3, 31, 33, 31]"
exterior,"['IH', 'K', 'S', 'T', 'IH', 'R', 'IY', 'ER']","['ex', 'ter', 'i', 'or']",['exterior'],0.375,8.13e-06,"[10, 24, 31, 33, 10, 30, 11, 8]"
material,"['M', 'AH', 'T', 'IH', 'R', 'IY', 'AH', 'L']","['ma', 'ter', 'i', 'al']",['material'],0.375,8.91e-05,"[26, 3, 33, 10, 30, 11, 3, 25]"
colonial,"['K', 'AH', 'L', 'OW', 'N', 'IY', 'AH', 'L']","['co', 'lo', 'ni', 'al']",['colonial'],0.375,1.48e-05,"[24, 3, 25, 12, 27, 11, 3, 25]"
survivor,"['S', 'ER', 'V', 'AY', 'V', 'ER']","['sur', 'viv', 'or']","['survi', 'vor']",0.375,1e-05,"[31, 8, 35, 6, 35, 8, 0, 0]"
superior,"['S', 'UW', 'P', 'IH', 'R', 'IY', 'ER']","['su', 'per', 'i', 'or']",['superior'],0.375,2.88e-05,"[31, 15, 29, 10, 30, 11, 8, 0]"
bachelor,"['B', 'AE', 'CH', 'AH', 'L', 'ER']","['bach', 'el', 'or']","['b', 'achelor']",0.375,9.33e-06,"[16, 2, 17, 3, 25, 8, 0, 0]"
focusing,"['F', 'OW', 'K', 'AH', 'S', 'IH', 'NG']","['fo', 'cus', 'ing']","['f', 'ocusing']",0.375,1.78e-05,"[20, 12, 24, 3, 31, 10, 28, 0]"
relative,"['R', 'EH', 'L', 'AH', 'T', 'IH', 'V']","['re', 'l', 'at', 'ive']",['relative'],0.375,3.02e-05,"[30, 7, 25, 3, 33, 10, 35, 0]"
operator,"['AA', 'P', 'ER', 'EY', 'T', 'ER']","['op', 'er', 'at', 'or']",['operator'],0.375,2.09e-05,"[1, 29, 8, 9, 33, 8, 0, 0]"
position,"['P', 'AH', 'Z', 'IH', 'SH', 'AH', 'N']","['po', 's', 'i', 'tion']",['position'],0.375,0.000162,"[29, 3, 38, 10, 32, 3, 27, 0]"
behavior,"['B', 'IH', 'HH', 'EY', 'V', 'Y', 'ER']","['be', 'ha', 'vi', 'or']",['behavior'],0.375,4.9e-05,"[16, 10, 22, 9, 35, 37, 8, 0]"
ensuring,"['EH', 'N', 'SH', 'UH', 'R', 'IH', 'NG']","['en', 'sur', 'ing']","['ens', 'uring']",0.375,1e-05,"[7, 27, 32, 14, 30, 10, 28, 0]"
savannah,"['S', 'AH', 'V', 'AE', 'N', 'AH']","['sa', 'van', 'nah']","['s', 'avannah']",0.375,4.17e-06,"[31, 3, 35, 2, 27, 3, 0, 0]"
hawaiian,"['HH', 'AH', 'W', 'AY', 'AH', 'N']","['hawaii', 'an']","['haw', 'ai', 'ian']",0.375,4.79e-06,"[22, 3, 36, 6, 3, 27, 0, 0]"
civilian,"['S', 'AH', 'V', 'IH', 'L', 'Y', 'AH', 'N']","['ci', 'vil', 'ian']","['civi', 'lian']",0.375,1.7e-05,"[31, 3, 35, 10, 25, 37, 3, 27]"
medieval,"['M', 'IH', 'D', 'IY', 'V', 'AH', 'L']","['me', 'di', 'ev', 'al']",['medieval'],0.375,1.12e-05,"[26, 10, 18, 11, 35, 3, 25, 0]"
tomatoes,"['T', 'AH', 'M', 'EY', 'T', 'OW', 'Z']","['to', 'ma', 'toes']","['tomato', 'es']",0.375,7.94e-06,"[33, 3, 26, 9, 33, 12, 38, 0]"
legislature,"['L', 'EH', 'JH', 'AH', 'S', 'L', 'EY', 'CH', 'ER']","['le', 'gis', 'lature']","['leg', 'isl', 'ature']",0.36363636363636365,1.45e-05,"[25, 7, 23, 3, 31, 25, 9, 17]"
atmospheric,"['AE', 'T', 'M', 'AH', 'S', 'F', 'EH', 'R', 'IH', 'K']","['at', 'mo', 'spher', 'ic']","['atmos', 'pheric']",0.36363636363636365,6.92e-06,"[2, 33, 26, 3, 31, 20, 7, 30]"
operational,"['AA', 'P', 'ER', 'EY', 'SH', 'AH', 'N', 'AH', 'L']","['op', 'er', 'a', 'tion', 'al']",['operational'],0.36363636363636365,1.62e-05,"[1, 29, 8, 9, 32, 3, 27, 3]"
calculators,"['K', 'AE', 'L', 'K', 'Y', 'AH', 'L', 'EY', 'T', 'ER', 'Z']","['cal', 'cu', 'lat', 'ors']","['calcul', 'ators']",0.36363636363636365,9.55e-07,"[24, 2, 25, 24, 37, 3, 25, 9]"
positioning,"['P', 'AH', 'Z', 'IH', 'SH', 'AH', 'N', 'IH', 'NG']","['po', 's', 'i', 'tion', 'ing']",['positioning'],0.36363636363636365,5.37e-06,"[29, 3, 38, 10, 32, 3, 27, 10]"
legislative,"['L', 'EH', 'JH', 'AH', 'S', 'L', 'EY', 'T', 'IH', 'V']","['le', 'gis', 'lat', 'ive']","['leg', 'islative']",0.36363636363636365,2.09e-05,"[25, 7, 23, 3, 31, 25, 9, 33]"
manufacture,"['M', 'AE', 'N', 'Y', 'AH', 'F', 'AE', 'K', 'CH', 'ER']","['man', 'u', 'fac', 'ture']","['manufact', 'ure']",0.36363636363636365,9.55e-06,"[26, 2, 27, 37, 3, 20, 2, 24]"
refurbished,"['R', 'IY', 'F', 'ER', 'B', 'IH', 'SH', 'T']","['re', 'fur', 'bished']","['ref', 'urb', 'ished']",0.36363636363636365,2.45e-06,"[30, 11, 20, 8, 16, 10, 32, 33]"
celebration,"['S', 'EH', 'L', 'AH', 'B', 'R', 'EY', 'SH', 'AH', 'N']","['cel', 'eb', 'ra', 'tion']","['celebr', 'ation']",0.36363636363636365,1.95e-05,"[31, 7, 25, 3, 16, 30, 9, 32]"
utilization,"['Y', 'UW', 'T', 'AH', 'L', 'AH', 'Z', 'EY', 'SH', 'AH', 'N']","['util', 'iz', 'a', 'tion']","['uti', 'lization']",0.36363636363636365,3.16e-06,"[37, 15, 33, 3, 25, 3, 38, 9]"
restoration,"['R', 'EH', 'S', 'T', 'ER', 'EY', 'SH', 'AH', 'N']","['res', 'tor', 'a', 'tion']","['rest', 'oration']",0.36363636363636365,1.29e-05,"[30, 7, 31, 33, 8, 9, 32, 3]"
syndication,"['S', 'IH', 'N', 'D', 'IH', 'K', 'EY', 'SH', 'AH', 'N']","['syn', 'dic', 'a', 'tion']","['synd', 'ication']",0.36363636363636365,6.31e-07,"[31, 10, 27, 18, 10, 24, 9, 32]"
competitors,"['K', 'AH', 'M', 'P', 'EH', 'T', 'AH', 'T', 'ER', 'Z']","['com', 'pet', 'it', 'ors']","['competi', 'tors']",0.36363636363636365,1.29e-05,"[24, 3, 26, 29, 7, 33, 3, 33]"
eligibility,"['EH', 'L', 'IH', 'JH', 'AH', 'B', 'IH', 'L', 'IH', 'T', 'IY']","['eli', 'gib', 'il', 'ity']","['e', 'ligibility']",0.36363636363636365,5.62e-06,"[7, 25, 10, 23, 3, 16, 10, 25]"
theoretical,"['TH', 'IY', 'ER', 'EH', 'T', 'IH', 'K', 'AH', 'L']","['the', 'or', 'et', 'ic', 'al']",['theoretical'],0.36363636363636365,1.02e-05,"[34, 11, 8, 7, 33, 10, 24, 3]"
occupations,"['AA', 'K', 'Y', 'AH', 'P', 'EY', 'SH', 'AH', 'N', 'Z']","['oc', 'cu', 'pa', 'tions']","['occup', 'ations']",0.36363636363636365,2.75e-06,"[1, 24, 37, 3, 29, 9, 32, 3]"
sponsorship,"['S', 'P', 'AA', 'N', 'S', 'ER', 'SH', 'IH', 'P']","['spon', 'sor', 'ship']","['sp', 'ons', 'orship']",0.36363636363636365,5.25e-06,"[31, 29, 1, 27, 31, 8, 32, 10]"
examination,"['IH', 'G', 'Z', 'AE', 'M', 'AH', 'N', 'EY', 'SH', 'AH', 'N']","['ex', 'am', 'in', 'a', 'tion']",['examination'],0.36363636363636365,1.82e-05,"[10, 21, 38, 2, 26, 3, 27, 9]"
magnificent,"['M', 'AE', 'G', 'N', 'IH', 'F', 'AH', 'S', 'AH', 'N', 'T']","['mag', 'ni', 'fi', 'cent']","['magn', 'ificent']",0.36363636363636365,1.1e-05,"[26, 2, 21, 27, 10, 20, 3, 31]"
cholesterol,"['K', 'AH', 'L', 'EH', 'S', 'T', 'ER', 'AO', 'L']","['cho', 'les', 'ter', 'ol']","['ch', 'olesterol']",0.36363636363636365,5.25e-06,"[24, 3, 25, 7, 31, 33, 8, 4]"
connecticut,"['K', 'AH', 'N', 'EH', 'T', 'AH', 'K', 'AH', 'T']","['con', 'necti', 'c', 'ut']","['conne', 'cticut']",0.36363636363636365,1.29e-05,"[24, 3, 27, 7, 33, 3, 24, 3]"
organizational,"['AO', 'R', 'G', 'AH', 'N', 'AH', 'Z', 'EY', 'SH', 'AH', 'N', 'AH', 'L']","['or', 'gan', 'iz', 'a', 'tion', 'al']",['organizational'],0.35714285714285715,6.76e-06,"[4, 30, 21, 3, 27, 3, 38, 9]"
administrators,"['AE', 'D', 'M', 'IH', 'N', 'IH', 'S', 'T', 'R', 'EY', 'T', 'ER', 'Z']","['ad', 'min', 'is', 'trat', 'ors']","['administ', 'rators']",0.35714285714285715,7.08e-06,"[2, 18, 26, 10, 27, 10, 31, 33]"
cardiovascular,"['K', 'AA', 'R', 'D', 'IY', 'OW', 'V', 'AE', 'S', 'K', 'Y', 'AH', 'L', 'ER']","['car', 'di', 'ovas', 'cu', 'lar']","['cardio', 'vascular']",0.35714285714285715,4.79e-06,"[24, 1, 30, 18, 11, 12, 35, 2]"
constitutional,"['K', 'AA', 'N', 'S', 'T', 'AH', 'T', 'UW', 'SH', 'AH', 'N', 'AH', 'L']","['con', 'sti', 'tu', 'tion', 'al']","['cons', 'titutional']",0.35714285714285715,2.14e-05,"[24, 1, 27, 31, 33, 3, 33, 15]"
rebate,"['R', 'IY', 'B', 'EY', 'T']","['re', 'bate']","['reb', 'ate']",0.3333333333333333,2.04e-06,"[30, 11, 16, 9, 33, 0, 0, 0]"
modems,"['M', 'OW', 'D', 'AH', 'M', 'Z']","['mo', 'dems']","['mode', 'ms']",0.3333333333333333,5.13e-07,"[26, 12, 18, 3, 26, 38, 0, 0]"
bother,"['B', 'AA', 'DH', 'ER']","['both', 'er']","['bo', 'ther']",0.3333333333333333,2.45e-05,"[16, 1, 19, 8, 0, 0, 0, 0]"
newark,"['N', 'UW', 'ER', 'K']","['ne', 'wark']","['new', 'ark']",0.3333333333333333,5.5e-06,"[27, 15, 8, 24, 0, 0, 0, 0]"
robbie,"['R', 'AA', 'B', 'IY']","['rob', 'bie']","['ro', 'bbie']",0.3333333333333333,6.92e-06,"[30, 1, 16, 11, 0, 0, 0, 0]"
implications,"['IH', 'M', 'P', 'L', 'AH', 'K', 'EY', 'SH', 'AH', 'N', 'Z']","['im', 'plic', 'a', 'tions']","['imp', 'lications']",0.3333333333333333,1.26e-05,"[10, 26, 29, 25, 3, 24, 9, 32]"
deputy,"['D', 'EH', 'P', 'Y', 'AH', 'T', 'IY']",['deputy'],"['de', 'put', 'y']",0.3333333333333333,3.55e-05,"[18, 7, 29, 37, 3, 33, 11, 0]"
essays,"['EH', 'S', 'EY', 'Z']","['es', 'says']","['ess', 'ays']",0.3333333333333333,1.2e-05,"[7, 31, 9, 38, 0, 0, 0, 0]"
gordon,"['G', 'AO', 'R', 'D', 'AH', 'N']","['gor', 'don']","['g', 'ordon']",0.3333333333333333,2.34e-05,"[21, 4, 30, 18, 3, 27, 0, 0]"
viagra,"['V', 'IY', 'AE', 'G', 'R', 'AH']","['via', 'gra']","['vi', 'agra']",0.3333333333333333,1.74e-06,"[35, 11, 2, 21, 30, 3, 0, 0]"
positions,"['P', 'AH', 'Z', 'IH', 'SH', 'AH', 'N', 'Z']","['po', 's', 'i', 'tions']",['positions'],0.3333333333333333,4.27e-05,"[29, 3, 38, 10, 32, 3, 27, 38]"
acquisitions,"['AE', 'K', 'W', 'AH', 'Z', 'IH', 'SH', 'AH', 'N', 'Z']","['ac', 'quis', 'i', 'tions']","['acqu', 'isitions']",0.3333333333333333,4.9e-06,"[2, 24, 36, 3, 38, 10, 32, 3]"
subsidiaries,"['S', 'AH', 'B', 'S', 'IH', 'D', 'IY', 'EH', 'R', 'IY', 'Z']","['sub', 'si', 'di', 'ar', 'ies']","['subs', 'idi', 'aries']",0.3333333333333333,3.8e-06,"[31, 3, 16, 31, 10, 18, 11, 7]"
jefferson,"['JH', 'EH', 'F', 'ER', 'S', 'AH', 'N']","['jef', 'fer', 'son']","['jeff', 'erson']",0.3333333333333333,1e-05,"[23, 7, 20, 8, 31, 3, 27, 0]"
remedy,"['R', 'EH', 'M', 'AH', 'D', 'IY']","['rem', 'edy']","['re', 'medy']",0.3333333333333333,6.61e-06,"[30, 7, 26, 3, 18, 11, 0, 0]"
satisfactory,"['S', 'AE', 'T', 'AH', 'S', 'F', 'AE', 'K', 'T', 'R', 'IY']","['sat', 'is', 'fact', 'ory']","['s', 'atisfactory']",0.3333333333333333,3.72e-06,"[31, 2, 33, 3, 31, 20, 2, 24]"
voluntary,"['V', 'AA', 'L', 'AH', 'N', 'T', 'EH', 'R', 'IY']","['vol', 'un', 'tary']","['v', 'oluntary']",0.3333333333333333,1.02e-05,"[35, 1, 25, 3, 27, 33, 7, 30]"
requiring,"['R', 'IY', 'K', 'W', 'AY', 'ER', 'IH', 'NG']","['re', 'quir', 'ing']","['requ', 'iring']",0.3333333333333333,1.38e-05,"[30, 11, 24, 36, 6, 8, 10, 28]"
aerial,"['EH', 'R', 'IY', 'AH', 'L']","['aer', 'i', 'al']",['aerial'],0.3333333333333333,8.13e-06,"[7, 30, 11, 3, 25, 0, 0, 0]"
calendars,"['K', 'AE', 'L', 'AH', 'N', 'D', 'ER', 'Z']","['cal', 'en', 'dars']","['calend', 'ars']",0.3333333333333333,2e-06,"[24, 2, 25, 3, 27, 18, 8, 38]"
valium,"['V', 'EY', 'L', 'IY', 'AH', 'M']","['vali', 'um']","['val', 'ium']",0.3333333333333333,8.91e-07,"[35, 9, 25, 11, 3, 26, 0, 0]"
numerical,"['N', 'UW', 'M', 'EH', 'R', 'AH', 'K', 'AH', 'L']","['nu', 'mer', 'ic', 'al']",['numerical'],0.3333333333333333,4.47e-06,"[27, 15, 26, 7, 30, 3, 24, 3]"
swaziland,"['S', 'W', 'AA', 'Z', 'IH', 'L', 'AH', 'N', 'D']","['swazi', 'l', 'and']","['sw', 'aziland']",0.3333333333333333,6.61e-07,"[31, 36, 1, 38, 10, 25, 3, 27]"
varieties,"['V', 'ER', 'AY', 'AH', 'T', 'IY', 'Z']","['vari', 'et', 'ies']","['var', 'ieties']",0.3333333333333333,8.91e-06,"[35, 8, 6, 3, 33, 11, 38, 0]"
contributing,"['K', 'AH', 'N', 'T', 'R', 'IH', 'B', 'Y', 'UW', 'T', 'IH', 'NG']","['con', 'trib', 'ut', 'ing']","['cont', 'ributing']",0.3333333333333333,1.2e-05,"[24, 3, 27, 33, 30, 10, 16, 37]"
agricultural,"['AE', 'G', 'R', 'AH', 'K', 'AH', 'L', 'CH', 'ER', 'AH', 'L']","['ag', 'ri', 'cul', 'tur', 'al']",['agricultural'],0.3333333333333333,2.19e-05,"[2, 21, 30, 3, 24, 3, 25, 17]"
liability,"['L', 'AY', 'AH', 'B', 'IH', 'L', 'IH', 'T', 'IY']","['li', 'ab', 'il', 'ity']",['liability'],0.3333333333333333,1.45e-05,"[25, 6, 3, 16, 10, 25, 10, 33]"
superb,"['S', 'UH', 'P', 'ER', 'B']","['su', 'perb']","['super', 'b']",0.3333333333333333,9.12e-06,"[31, 14, 29, 8, 16, 0, 0, 0]"
refuse,"['R', 'AH', 'F', 'Y', 'UW', 'Z']","['re', 'fuse']","['ref', 'use']",0.3333333333333333,2.45e-05,"[30, 3, 20, 37, 15, 38, 0, 0]"
immediate,"['IH', 'M', 'IY', 'D', 'IY', 'AH', 'T']","['im', 'me', 'di', 'ate']",['immediate'],0.3333333333333333,3.31e-05,"[10, 26, 11, 18, 11, 3, 33, 0]"
scientist,"['S', 'AY', 'AH', 'N', 'T', 'IH', 'S', 'T']","['sci', 'ent', 'ist']","['scienti', 'st']",0.3333333333333333,1.62e-05,"[31, 6, 3, 27, 33, 10, 31, 33]"
hiring,"['HH', 'AY', 'R', 'IH', 'NG']","['hir', 'ing']","['hi', 'ring']",0.3333333333333333,1.7e-05,"[22, 6, 30, 10, 28, 0, 0, 0]"
distributors,"['D', 'IH', 'S', 'T', 'R', 'IH', 'B', 'Y', 'AH', 'T', 'ER', 'Z']","['dis', 'trib', 'ut', 'ors']","['dist', 'ributors']",0.3333333333333333,3.98e-06,"[18, 10, 31, 33, 30, 10, 16, 37]"
dallas,"['D', 'AE', 'L', 'AH', 'S']","['dal', 'las']","['d', 'allas']",0.3333333333333333,2.63e-05,"[18, 2, 25, 3, 31, 0, 0, 0]"
officials,"['AH', 'F', 'IH', 'SH', 'AH', 'L', 'Z']","['of', 'fi', 'cials']","['offic', 'ials']",0.3333333333333333,4.79e-05,"[3, 20, 10, 32, 3, 25, 38, 0]"
hospitals,"['HH', 'AA', 'S', 'P', 'IH', 'T', 'AH', 'L', 'Z']","['hos', 'pit', 'als']","['hosp', 'itals']",0.3333333333333333,2.14e-05,"[22, 1, 31, 29, 10, 33, 3, 25]"
educators,"['EH', 'JH', 'AH', 'K', 'EY', 'T', 'ER', 'Z']","['edu', 'cat', 'ors']","['educ', 'ators']",0.3333333333333333,6.61e-06,"[7, 23, 3, 24, 9, 33, 8, 38]"
hungarian,"['HH', 'AH', 'NG', 'G', 'EH', 'R', 'IY', 'AH', 'N']","['hun', 'gari', 'an']","['hung', 'arian']",0.3333333333333333,6.17e-06,"[22, 3, 28, 21, 7, 30, 11, 3]"
henderson,"['HH', 'EH', 'N', 'D', 'ER', 'S', 'AH', 'N']","['hende', 'r', 'son']","['hend', 'erson']",0.3333333333333333,8.51e-06,"[22, 7, 27, 18, 8, 31, 3, 27]"
unemployment,"['AH', 'N', 'IH', 'M', 'P', 'L', 'OY', 'M', 'AH', 'N', 'T']","['un', 'em', 'ploy', 'ment']","['une', 'mployment']",0.3333333333333333,1.66e-05,"[3, 27, 10, 26, 29, 25, 13, 26]"
escort,"['EH', 'S', 'K', 'AO', 'R', 'T']","['es', 'cort']","['esc', 'ort']",0.3333333333333333,1e-05,"[7, 31, 24, 4, 30, 33, 0, 0]"
novels,"['N', 'AA', 'V', 'AH', 'L', 'Z']","['nov', 'els']","['novel', 's']",0.3333333333333333,1.26e-05,"[27, 1, 35, 3, 25, 38, 0, 0]"
maternity,"['M', 'AH', 'T', 'ER', 'N', 'IH', 'T', 'IY']","['ma', 'ter', 'nity']","['matern', 'ity']",0.3333333333333333,4.57e-06,"[26, 3, 33, 8, 27, 10, 33, 11]"
motels,"['M', 'OW', 'T', 'EH', 'L', 'Z']","['mo', 'tels']","['m', 'otels']",0.3333333333333333,7.94e-07,"[26, 12, 33, 7, 25, 38, 0, 0]"
unions,"['Y', 'UW', 'N', 'Y', 'AH', 'N', 'Z']","['uni', 'ons']","['un', 'ions']",0.3333333333333333,1.74e-05,"[37, 15, 27, 37, 3, 27, 38, 0]"
wednesday,"['W', 'EH', 'N', 'Z', 'D', 'IY']","['wed', 'nes', 'day']","['w', 'ednesday']",0.3333333333333333,3.89e-05,"[36, 7, 27, 38, 18, 11, 0, 0]"
kansas,"['K', 'AE', 'N', 'Z', 'AH', 'S']","['kan', 'sas']","['k', 'ansas']",0.3333333333333333,2.34e-05,"[24, 2, 27, 38, 3, 31, 0, 0]"
fetish,"['F', 'EH', 'T', 'IH', 'SH']","['fet', 'ish']","['fe', 'tish']",0.3333333333333333,3.89e-06,"[20, 7, 33, 10, 32, 0, 0, 0]"
occasions,"['AH', 'K', 'EY', 'ZH', 'AH', 'N', 'Z']","['oc', 'ca', 'sions']","['occas', 'ions']",0.3333333333333333,1.82e-05,"[3, 24, 9, 39, 3, 27, 38, 0]"
operating,"['AA', 'P', 'ER', 'EY', 'T', 'IH', 'NG']","['op', 'er', 'at', 'ing']",['operating'],0.3333333333333333,5.62e-05,"[1, 29, 8, 9, 33, 10, 28, 0]"
appreciation,"['AH', 'P', 'R', 'IY', 'SH', 'IY', 'EY', 'SH', 'AH', 'N']","['ap', 'pre', 'ci', 'ation']","['app', 'reciation']",0.3333333333333333,1.32e-05,"[3, 29, 30, 11, 32, 11, 9, 32]"
addiction,"['AH', 'D', 'IH', 'K', 'SH', 'AH', 'N']","['ad', 'dic', 'tion']","['add', 'iction']",0.3333333333333333,1.38e-05,"[3, 18, 10, 24, 32, 3, 27, 0]"
musicians,"['M', 'Y', 'UW', 'Z', 'IH', 'SH', 'AH', 'N', 'Z']","['mu', 'si', 'cians']","['mus', 'icians']",0.3333333333333333,1.23e-05,"[26, 37, 15, 38, 10, 32, 3, 27]"
syndicate,"['S', 'IH', 'N', 'D', 'IH', 'K', 'AH', 'T']","['syn', 'dic', 'ate']","['synd', 'icate']",0.3333333333333333,3.24e-06,"[31, 10, 27, 18, 10, 24, 3, 33]"
fingering,"['F', 'IH', 'NG', 'G', 'ER', 'IH', 'NG']","['fin', 'ger', 'ing']","['fing', 'ering']",0.3333333333333333,1.07e-06,"[20, 10, 28, 21, 8, 10, 28, 0]"
editor,"['EH', 'D', 'AH', 'T', 'ER']","['ed', 'it', 'or']",['editor'],0.3333333333333333,4.17e-05,"[7, 18, 3, 33, 8, 0, 0, 0]"
titans,"['T', 'AY', 'T', 'AH', 'N', 'Z']","['ti', 'tans']","['tit', 'ans']",0.3333333333333333,7.94e-06,"[33, 6, 33, 3, 27, 38, 0, 0]"
centuries,"['S', 'EH', 'N', 'CH', 'ER', 'IY', 'Z']","['cen', 'tur', 'ies']","['cent', 'uries']",0.3333333333333333,2.09e-05,"[31, 7, 27, 17, 8, 11, 38, 0]"
gospel,"['G', 'AA', 'S', 'P', 'AH', 'L']","['gos', 'pel']","['g', 'ospel']",0.3333333333333333,1.51e-05,"[21, 1, 31, 29, 3, 25, 0, 0]"
nudist,"['N', 'UW', 'D', 'IH', 'S', 'T']","['nud', 'ist']","['nu', 'dist']",0.3333333333333333,6.46e-07,"[27, 15, 18, 10, 31, 33, 0, 0]"
median,"['M', 'IY', 'D', 'IY', 'AH', 'N']","['me', 'di', 'an']",['median'],0.3333333333333333,1.12e-05,"[26, 11, 18, 11, 3, 27, 0, 0]"
incest,"['IH', 'N', 'S', 'EH', 'S', 'T']","['in', 'cest']","['inc', 'est']",0.3333333333333333,2.29e-06,"[10, 27, 31, 7, 31, 33, 0, 0]"
medium,"['M', 'IY', 'D', 'IY', 'AH', 'M']","['me', 'di', 'um']",['medium'],0.3333333333333333,4.07e-05,"[26, 11, 18, 11, 3, 26, 0, 0]"
combining,"['K', 'AH', 'M', 'B', 'AY', 'N', 'IH', 'NG']","['com', 'bin', 'ing']","['comb', 'ining']",0.3333333333333333,7.94e-06,"[24, 3, 26, 16, 6, 27, 10, 28]"
extending,"['IH', 'K', 'S', 'T', 'EH', 'N', 'D', 'IH', 'NG']","['ex', 'tend', 'ing']","['ext', 'ending']",0.3333333333333333,1.1e-05,"[10, 24, 31, 33, 7, 27, 18, 10]"
giants,"['JH', 'AY', 'AH', 'N', 'T', 'S']","['gi', 'ants']","['gian', 'ts']",0.3333333333333333,2.04e-05,"[23, 6, 3, 27, 33, 31, 0, 0]"
harper,"['HH', 'AA', 'R', 'P', 'ER']","['harp', 'er']","['har', 'per']",0.3333333333333333,1.1e-05,"[22, 1, 30, 29, 8, 0, 0, 0]"
academics,"['AE', 'K', 'AH', 'D', 'EH', 'M', 'IH', 'K', 'S']","['aca', 'dem', 'ics']","['acade', 'mics']",0.3333333333333333,6.03e-06,"[2, 24, 3, 18, 7, 26, 10, 24]"
albany,"['AO', 'L', 'B', 'AH', 'N', 'IY']","['al', 'bany']","['alb', 'any']",0.3333333333333333,6.46e-06,"[4, 25, 16, 3, 27, 11, 0, 0]"
sharon,"['SH', 'AE', 'R', 'AH', 'N']","['shar', 'on']","['sh', 'aron']",0.3333333333333333,8.32e-06,"[32, 2, 30, 3, 27, 0, 0, 0]"
capabilities,"['K', 'EY', 'P', 'AH', 'B', 'IH', 'L', 'AH', 'T', 'IY', 'Z']","['cap', 'ab', 'il', 'it', 'ies']",['capabilities'],0.3333333333333333,1.29e-05,"[24, 9, 29, 3, 16, 10, 25, 3]"
brutal,"['B', 'R', 'UW', 'T', 'AH', 'L']","['bru', 'tal']","['br', 'utal']",0.3333333333333333,1.26e-05,"[16, 30, 15, 33, 3, 25, 0, 0]"
attorneys,"['AH', 'T', 'ER', 'N', 'IY', 'Z']","['at', 'tor', 'neys']","['att', 'orneys']",0.3333333333333333,1.02e-05,"[3, 33, 8, 27, 11, 38, 0, 0]"
operators,"['AA', 'P', 'ER', 'EY', 'T', 'ER', 'Z']","['op', 'er', 'at', 'ors']",['operators'],0.3333333333333333,1.55e-05,"[1, 29, 8, 9, 33, 8, 38, 0]"
navigator,"['N', 'AE', 'V', 'AH', 'G', 'EY', 'T', 'ER']","['nav', 'ig', 'at', 'or']",['navigator'],0.3333333333333333,1.95e-06,"[27, 2, 35, 3, 21, 9, 33, 8]"
engineers,"['EH', 'N', 'JH', 'AH', 'N', 'IH', 'R', 'Z']","['en', 'gin', 'eers']","['engine', 'ers']",0.3333333333333333,2.57e-05,"[7, 27, 23, 3, 27, 10, 30, 38]"
moderator,"['M', 'AA', 'D', 'ER', 'EY', 'T', 'ER']","['mod', 'er', 'at', 'or']",['moderator'],0.3333333333333333,2.57e-06,"[26, 1, 18, 8, 9, 33, 8, 0]"
vagina,"['V', 'AH', 'JH', 'AY', 'N', 'AH']","['va', 'gina']","['vag', 'ina']",0.3333333333333333,6.61e-06,"[35, 3, 23, 6, 27, 3, 0, 0]"
lafayette,"['L', 'AA', 'F', 'IY', 'EH', 'T']","['la', 'fay', 'ette']","['laf', 'ayette']",0.3333333333333333,3.31e-06,"[25, 1, 20, 11, 7, 33, 0, 0]"
receivers,"['R', 'AH', 'S', 'IY', 'V', 'ER', 'Z']","['re', 'ceiv', 'ers']","['rece', 'ivers']",0.3333333333333333,4.68e-06,"[30, 3, 31, 11, 35, 8, 38, 0]"
confidential,"['K', 'AA', 'N', 'F', 'AH', 'D', 'EH', 'N', 'SH', 'AH', 'L']","['con', 'fid', 'en', 'tial']","['conf', 'idential']",0.3333333333333333,7.94e-06,"[24, 1, 27, 20, 3, 18, 7, 27]"
indicator,"['IH', 'N', 'D', 'AH', 'K', 'EY', 'T', 'ER']","['in', 'dic', 'at', 'or']",['indicator'],0.3333333333333333,8.32e-06,"[10, 27, 18, 3, 24, 9, 33, 8]"
indian,"['IH', 'N', 'D', 'IY', 'AH', 'N']","['in', 'di', 'an']",['indian'],0.3333333333333333,8.13e-05,"[10, 27, 18, 11, 3, 27, 0, 0]"
mathematical,"['M', 'AE', 'TH', 'AH', 'M', 'AE', 'T', 'IH', 'K', 'AH', 'L']","['math', 'em', 'at', 'ic', 'al']",['mathematical'],0.3333333333333333,1.1e-05,"[26, 2, 34, 3, 26, 2, 33, 10]"
recorders,"['R', 'IH', 'K', 'AO', 'R', 'D', 'ER', 'Z']","['re', 'cord', 'ers']","['rec', 'orders']",0.3333333333333333,1.55e-06,"[30, 10, 24, 4, 30, 18, 8, 38]"
vernon,"['V', 'ER', 'N', 'AH', 'N']","['ver', 'non']","['vern', 'on']",0.3333333333333333,6.03e-06,"[35, 8, 27, 3, 27, 0, 0, 0]"
italic,"['AY', 'T', 'AE', 'L', 'IH', 'K']","['it', 'al', 'ic']",['italic'],0.3333333333333333,5.37e-07,"[6, 33, 2, 25, 10, 24, 0, 0]"
astronomy,"['AH', 'S', 'T', 'R', 'AA', 'N', 'AH', 'M', 'IY']","['as', 'tro', 'nomy']","['ast', 'ronomy']",0.3333333333333333,4.27e-06,"[3, 31, 33, 30, 1, 27, 3, 26]"
tobago,"['T', 'AH', 'B', 'EY', 'G', 'OW']","['to', 'bago']","['tob', 'ago']",0.3333333333333333,2.57e-06,"[33, 3, 16, 9, 21, 12, 0, 0]"
generator,"['JH', 'EH', 'N', 'ER', 'EY', 'T', 'ER']","['gen', 'er', 'at', 'or']",['generator'],0.3333333333333333,8.71e-06,"[23, 7, 27, 8, 9, 33, 8, 0]"
comply,"['K', 'AH', 'M', 'P', 'L', 'AY']","['com', 'ply']","['comp', 'ly']",0.3333333333333333,1.1e-05,"[24, 3, 26, 29, 25, 6, 0, 0]"
favors,"['F', 'EY', 'V', 'ER', 'Z']","['fa', 'vors']","['fav', 'ors']",0.3333333333333333,5.5e-06,"[20, 9, 35, 8, 38, 0, 0, 0]"
elevation,"['EH', 'L', 'AH', 'V', 'EY', 'SH', 'AH', 'N']","['el', 'ev', 'a', 'tion']",['elevation'],0.3333333333333333,7.94e-06,"[7, 25, 3, 35, 9, 32, 3, 27]"
contacted,"['K', 'AA', 'N', 'T', 'AE', 'K', 'T', 'IH', 'D']","['con', 'tac', 'ted']","['conta', 'cted']",0.3333333333333333,1e-05,"[24, 1, 27, 33, 2, 24, 33, 10]"
operation,"['AA', 'P', 'ER', 'EY', 'SH', 'AH', 'N']","['op', 'er', 'a', 'tion']",['operation'],0.3333333333333333,8.32e-05,"[1, 29, 8, 9, 32, 3, 27, 0]"
vocals,"['V', 'OW', 'K', 'AH', 'L', 'Z']","['vo', 'cals']","['voc', 'als']",0.3333333333333333,8.13e-06,"[35, 12, 24, 3, 25, 38, 0, 0]"
deeper,"['D', 'IY', 'P', 'ER']","['deep', 'er']","['dee', 'per']",0.3333333333333333,2e-05,"[18, 11, 29, 8, 0, 0, 0, 0]"
vacations,"['V', 'EY', 'K', 'EY', 'SH', 'AH', 'N', 'Z']","['va', 'ca', 'tions']","['vac', 'ations']",0.3333333333333333,3.24e-06,"[35, 9, 24, 9, 32, 3, 27, 38]"
consolidated,"['K', 'AH', 'N', 'S', 'AA', 'L', 'AH', 'D', 'EY', 'T', 'AH', 'D']","['con', 'sol', 'id', 'ated']","['cons', 'olidated']",0.3333333333333333,6.61e-06,"[24, 3, 27, 31, 1, 25, 3, 18]"
catherine,"['K', 'AE', 'TH', 'ER', 'AH', 'N']","['cath', 'er', 'ine']","['c', 'atherine']",0.3333333333333333,1.29e-05,"[24, 2, 34, 8, 3, 27, 0, 0]"
optimization,"['AA', 'P', 'T', 'AH', 'M', 'AH', 'Z', 'EY', 'SH', 'AH', 'N']","['op', 'tim', 'iz', 'a', 'tion']",['optimization'],0.3333333333333333,4.57e-06,"[1, 29, 33, 3, 26, 3, 38, 9]"
religions,"['R', 'IY', 'L', 'IH', 'JH', 'AH', 'N', 'Z']","['re', 'li', 'gions']","['relig', 'ions']",0.3333333333333333,8.13e-06,"[30, 11, 25, 10, 23, 3, 27, 38]"
desirable,"['D', 'IH', 'Z', 'AY', 'R', 'AH', 'B', 'AH', 'L']","['de', 'sir', 'able']","['des', 'irable']",0.3333333333333333,7.08e-06,"[18, 10, 38, 6, 30, 3, 16, 3]"
sexuality,"['S', 'EH', 'K', 'SH', 'UW', 'AE', 'L', 'AH', 'T', 'IY']","['sexu', 'al', 'ity']","['sex', 'uality']",0.3333333333333333,9.33e-06,"[31, 7, 24, 32, 15, 2, 25, 3]"
mutual,"['M', 'Y', 'UW', 'CH', 'AH', 'W', 'AH', 'L']","['mu', 'tu', 'al']",['mutual'],0.3333333333333333,1.82e-05,"[26, 37, 15, 17, 3, 36, 3, 25]"
championship,"['CH', 'AE', 'M', 'P', 'IY', 'AH', 'N', 'SH', 'IH', 'P']","['cham', 'pi', 'on', 'ship']","['champions', 'hip']",0.3333333333333333,3.47e-05,"[17, 2, 26, 29, 11, 3, 27, 32]"
municipal,"['M', 'Y', 'UW', 'N', 'IH', 'S', 'AH', 'P', 'AH', 'L']","['mu', 'ni', 'cip', 'al']",['municipal'],0.3333333333333333,1.74e-05,"[26, 37, 15, 27, 10, 31, 3, 29]"
erotic,"['IH', 'R', 'AA', 'T', 'IH', 'K']","['erot', 'ic']","['ero', 'tic']",0.3333333333333333,5.5e-06,"[10, 30, 1, 33, 10, 24, 0, 0]"
animation,"['AE', 'N', 'AH', 'M', 'EY', 'SH', 'AH', 'N']","['an', 'im', 'a', 'tion']",['animation'],0.3333333333333333,1.51e-05,"[2, 27, 3, 26, 9, 32, 3, 27]"
retrieval,"['R', 'IH', 'T', 'R', 'IY', 'V', 'AH', 'L']","['re', 'triev', 'al']","['retrie', 'val']",0.3333333333333333,2.14e-06,"[30, 10, 33, 30, 11, 35, 3, 25]"
civilization,"['S', 'IH', 'V', 'AH', 'L', 'IH', 'Z', 'EY', 'SH', 'AH', 'N']","['civil', 'iz', 'a', 'tion']","['civi', 'lization']",0.3333333333333333,1.02e-05,"[31, 10, 35, 3, 25, 10, 38, 9]"
actual,"['AE', 'K', 'CH', 'AH', 'W', 'AH', 'L']","['ac', 'tu', 'al']",['actual'],0.3333333333333333,7.08e-05,"[2, 24, 17, 3, 36, 3, 25, 0]"
watershed,"['W', 'AO', 'T', 'ER', 'SH', 'EH', 'D']","['wa', 'ter', 'shed']","['waters', 'hed']",0.3333333333333333,3.39e-06,"[36, 4, 33, 8, 32, 7, 18, 0]"
auburn,"['AA', 'B', 'ER', 'N']","['au', 'burn']","['aub', 'urn']",0.3333333333333333,5.25e-06,"[1, 16, 8, 27, 0, 0, 0, 0]"
animal,"['AE', 'N', 'AH', 'M', 'AH', 'L']","['an', 'im', 'al']",['animal'],0.3333333333333333,6.46e-05,"[2, 27, 3, 26, 3, 25, 0, 0]"
specifics,"['S', 'P', 'IH', 'S', 'IH', 'F', 'IH', 'K', 'S']","['spe', 'cif', 'ics']","['specific', 's']",0.3333333333333333,3.31e-06,"[31, 29, 10, 31, 10, 20, 10, 24]"
testament,"['T', 'EH', 'S', 'T', 'AH', 'M', 'AH', 'N', 'T']","['test', 'a', 'ment']","['tes', 'tament']",0.3333333333333333,1.17e-05,"[33, 7, 31, 33, 3, 26, 3, 27]"
publicity,"['P', 'AH', 'B', 'L', 'IH', 'S', 'AH', 'T', 'IY']","['pub', 'li', 'city']","['public', 'ity']",0.3333333333333333,1e-05,"[29, 3, 16, 25, 10, 31, 3, 33]"
removable,"['R', 'IH', 'M', 'UW', 'V', 'AH', 'B', 'AH', 'L']","['re', 'mov', 'able']","['remo', 'vable']",0.3333333333333333,1.95e-06,"[30, 10, 26, 15, 35, 3, 16, 3]"
constitution,"['K', 'AA', 'N', 'S', 'T', 'AH', 'T', 'UW', 'SH', 'AH', 'N']","['con', 'sti', 'tu', 'tion']","['cons', 'titution']",0.3333333333333333,3.63e-05,"[24, 1, 27, 31, 33, 3, 33, 15]"
execution,"['EH', 'K', 'S', 'AH', 'K', 'Y', 'UW', 'SH', 'AH', 'N']","['ex', 'e', 'cu', 'tion']",['execution'],0.3333333333333333,1.95e-05,"[7, 24, 31, 3, 24, 37, 15, 32]"
defensive,"['D', 'IH', 'F', 'EH', 'N', 'S', 'IH', 'V']","['de', 'fens', 'ive']","['def', 'ensive']",0.3333333333333333,2.4e-05,"[18, 10, 20, 7, 27, 31, 10, 35]"
notify,"['N', 'OW', 'T', 'AH', 'F', 'AY']","['no', 'ti', 'fy']",['notify'],0.3333333333333333,5.37e-06,"[27, 12, 33, 3, 20, 6, 0, 0]"
intellectual,"['IH', 'N', 'T', 'AH', 'L', 'EH', 'K', 'CH', 'UW', 'AH', 'L']","['in', 'tel', 'lec', 'tu', 'al']",['intellectual'],0.3333333333333333,2e-05,"[10, 27, 33, 3, 25, 7, 24, 17]"
cleveland,"['K', 'L', 'IY', 'V', 'L', 'AH', 'N', 'D']","['clev', 'e', 'land']","['cle', 'veland']",0.3333333333333333,1.86e-05,"[24, 25, 11, 35, 25, 3, 27, 18]"
necessity,"['N', 'AH', 'S', 'EH', 'S', 'AH', 'T', 'IY']","['ne', 'ces', 'sity']","['necess', 'ity']",0.3333333333333333,8.13e-06,"[27, 3, 31, 7, 31, 3, 33, 11]"
experimental,"['IH', 'K', 'S', 'P', 'EH', 'R', 'IH', 'M', 'EH', 'N', 'T', 'AH', 'L']","['ex', 'per', 'i', 'ment', 'al']",['experimental'],0.3333333333333333,1.91e-05,"[10, 24, 31, 29, 7, 30, 10, 26]"
affiliate,"['AH', 'F', 'IH', 'L', 'IY', 'EY', 'T']","['af', 'fil', 'i', 'ate']",['affiliate'],0.3333333333333333,9.77e-06,"[3, 20, 10, 25, 11, 9, 33, 0]"
notification,"['N', 'OW', 'T', 'AH', 'F', 'AH', 'K', 'EY', 'SH', 'AH', 'N']","['no', 'ti', 'fic', 'a', 'tion']",['notification'],0.3333333333333333,8.32e-06,"[27, 12, 33, 3, 20, 3, 24, 9]"
licensing,"['L', 'AY', 'S', 'AH', 'N', 'S', 'IH', 'NG']","['li', 'cens', 'ing']","['lic', 'ensing']",0.3333333333333333,8.91e-06,"[25, 6, 31, 3, 27, 31, 10, 28]"
alexander,"['AE', 'L', 'AH', 'G', 'Z', 'AE', 'N', 'D', 'ER']","['al', 'ex', 'an', 'der']",['alexander'],0.3333333333333333,2.51e-05,"[2, 25, 3, 21, 38, 2, 27, 18]"
poland,"['P', 'OW', 'L', 'AH', 'N', 'D']","['po', 'land']","['pol', 'and']",0.3333333333333333,1.74e-05,"[29, 12, 25, 3, 27, 18, 0, 0]"
sox,"['S', 'AA', 'K', 'S']",['sox'],"['so', 'x']",0.3333333333333333,6.92e-06,"[31, 1, 24, 31, 0, 0, 0, 0]"
mortality,"['M', 'AO', 'R', 'T', 'AE', 'L', 'AH', 'T', 'IY']","['mor', 'tal', 'ity']","['mort', 'ality']",0.3333333333333333,7.94e-06,"[26, 4, 30, 33, 2, 25, 3, 33]"
appliance,"['AH', 'P', 'L', 'AY', 'AH', 'N', 'S']","['ap', 'pli', 'ance']","['app', 'liance']",0.3333333333333333,2.24e-06,"[3, 29, 25, 6, 3, 27, 31, 0]"
pursue,"['P', 'ER', 'S', 'UW']","['pur', 'sue']","['p', 'ursue']",0.3333333333333333,1.82e-05,"[29, 8, 31, 15, 0, 0, 0, 0]"
powell,"['P', 'AW', 'AH', 'L']","['pow', 'ell']","['po', 'well']",0.3333333333333333,7.76e-06,"[29, 5, 3, 25, 0, 0, 0, 0]"
radius,"['R', 'EY', 'D', 'IY', 'AH', 'S']","['ra', 'di', 'us']",['radius'],0.3333333333333333,7.24e-06,"[30, 9, 18, 11, 3, 31, 0, 0]"
sociology,"['S', 'OW', 'S', 'IY', 'AA', 'L', 'AH', 'JH', 'IY']","['so', 'ci', 'ology']","['soc', 'iology']",0.3333333333333333,6.03e-06,"[31, 12, 31, 11, 1, 25, 3, 23]"
recipient,"['R', 'AH', 'S', 'IH', 'P', 'IY', 'AH', 'N', 'T']","['re', 'cip', 'i', 'ent']",['recipient'],0.3333333333333333,8.71e-06,"[30, 3, 31, 10, 29, 11, 3, 27]"
individually,"['IH', 'N', 'D', 'IH', 'V', 'IH', 'JH', 'UW', 'AH', 'L', 'IY']","['in', 'di', 'vidu', 'ally']","['individ', 'ually']",0.3333333333333333,7.94e-06,"[10, 27, 18, 10, 35, 10, 23, 15]"
belize,"['B', 'EH', 'L', 'IY', 'Z']","['bel', 'ize']","['be', 'lize']",0.3333333333333333,1.74e-06,"[16, 7, 25, 11, 38, 0, 0, 0]"
defend,"['D', 'IH', 'F', 'EH', 'N', 'D']","['de', 'fend']","['def', 'end']",0.3333333333333333,2.95e-05,"[18, 10, 20, 7, 27, 18, 0, 0]"
governing,"['G', 'AH', 'V', 'ER', 'N', 'IH', 'NG']","['gov', 'ern', 'ing']","['gover', 'ning']",0.3333333333333333,1.32e-05,"[21, 3, 35, 8, 27, 10, 28, 0]"
attending,"['AH', 'T', 'EH', 'N', 'D', 'IH', 'NG']","['at', 'tend', 'ing']","['att', 'ending']",0.3333333333333333,2.04e-05,"[3, 33, 7, 27, 18, 10, 28, 0]"
realty,"['R', 'IY', 'AH', 'L', 'T', 'IY']","['re', 'alty']","['real', 'ty']",0.3333333333333333,2.29e-06,"[30, 11, 3, 25, 33, 11, 0, 0]"
villas,"['V', 'IH', 'L', 'AH', 'Z']","['vil', 'las']","['vi', 'llas']",0.3333333333333333,2.75e-06,"[35, 10, 25, 3, 38, 0, 0, 0]"
pupils,"['P', 'Y', 'UW', 'P', 'AH', 'L', 'Z']","['pu', 'pils']","['pup', 'ils']",0.3333333333333333,1.51e-05,"[29, 37, 15, 29, 3, 25, 38, 0]"
galleries,"['G', 'AE', 'L', 'ER', 'IY', 'Z']","['gal', 'ler', 'ies']","['g', 'alleries']",0.3333333333333333,7.08e-06,"[21, 2, 25, 8, 11, 38, 0, 0]"
violation,"['V', 'AY', 'AH', 'L', 'EY', 'SH', 'AH', 'N']","['vi', 'ol', 'a', 'tion']",['violation'],0.3333333333333333,1.41e-05,"[35, 6, 3, 25, 9, 32, 3, 27]"
vacuum,"['V', 'AE', 'K', 'Y', 'UW', 'M']","['va', 'cu', 'um']",['vacuum'],0.3333333333333333,1.23e-05,"[35, 2, 24, 37, 15, 26, 0, 0]"
rogers,"['R', 'AA', 'JH', 'ER', 'Z']","['ro', 'gers']","['rog', 'ers']",0.3333333333333333,1.23e-05,"[30, 1, 23, 8, 38, 0, 0, 0]"
authentic,"['AH', 'TH', 'EH', 'N', 'T', 'IH', 'K']","['au', 'then', 't', 'ic']",['authentic'],0.3333333333333333,1.1e-05,"[3, 34, 7, 27, 33, 10, 24, 0]"
geographical,"['JH', 'IY', 'AH', 'G', 'R', 'AE', 'F', 'IH', 'K', 'AH', 'L']","['geo', 'graph', 'ic', 'al']","['ge', 'ographical']",0.3333333333333333,7.08e-06,"[23, 11, 3, 21, 30, 2, 20, 10]"
similarly,"['S', 'IH', 'M', 'AH', 'L', 'ER', 'L', 'IY']","['sim', 'il', 'arly']","['similar', 'ly']",0.3333333333333333,2e-05,"[31, 10, 26, 3, 25, 8, 25, 11]"
tigers,"['T', 'AY', 'G', 'ER', 'Z']","['ti', 'gers']","['tig', 'ers']",0.3333333333333333,1.41e-05,"[33, 6, 21, 8, 38, 0, 0, 0]"
varied,"['V', 'EH', 'R', 'IY', 'D']","['var', 'ied']","['vari', 'ed']",0.3333333333333333,1.07e-05,"[35, 7, 30, 11, 18, 0, 0, 0]"
redeem,"['R', 'IH', 'D', 'IY', 'M']","['re', 'deem']","['rede', 'em']",0.3333333333333333,3.39e-06,"[30, 10, 18, 11, 26, 0, 0, 0]"
eleven,"['IH', 'L', 'EH', 'V', 'AH', 'N']","['el', 'ev', 'en']",['eleven'],0.3333333333333333,1.32e-05,"[10, 25, 7, 35, 3, 27, 0, 0]"
revisions,"['R', 'IY', 'V', 'IH', 'ZH', 'AH', 'N', 'Z']","['re', 'vi', 'sions']","['revision', 's']",0.3333333333333333,2.82e-06,"[30, 11, 35, 10, 39, 3, 27, 38]"
significance,"['S', 'AH', 'G', 'N', 'IH', 'F', 'IH', 'K', 'AH', 'N', 'S']","['sig', 'ni', 'fic', 'ance']","['sign', 'ificance']",0.3333333333333333,1.51e-05,"[31, 3, 21, 27, 10, 20, 10, 24]"
arabic,"['AE', 'R', 'AH', 'B', 'IH', 'K']","['ar', 'ab', 'ic']",['arabic'],0.3333333333333333,1.07e-05,"[2, 30, 3, 16, 10, 24, 0, 0]"
incidents,"['IH', 'N', 'S', 'AH', 'D', 'AH', 'N', 'T', 'S']","['in', 'cid', 'ents']","['inc', 'idents']",0.3333333333333333,1.41e-05,"[10, 27, 31, 3, 18, 3, 27, 33]"
slovak,"['S', 'L', 'OW', 'V', 'AE', 'K']","['slov', 'ak']","['s', 'lovak']",0.3333333333333333,1.48e-06,"[31, 25, 12, 35, 2, 24, 0, 0]"
examining,"['IH', 'G', 'Z', 'AE', 'M', 'IH', 'N', 'IH', 'NG']","['ex', 'amin', 'ing']","['exam', 'ining']",0.3333333333333333,7.41e-06,"[10, 21, 38, 2, 26, 10, 27, 10]"
orgasm,"['AO', 'R', 'G', 'AE', 'Z', 'AH', 'M']","['or', 'gasm']","['org', 'asm']",0.3333333333333333,4.68e-06,"[4, 30, 21, 2, 38, 3, 26, 0]"
opponents,"['AH', 'P', 'OW', 'N', 'AH', 'N', 'T', 'S']","['op', 'pon', 'ents']","['opp', 'onents']",0.3333333333333333,1.7e-05,"[3, 29, 12, 27, 3, 27, 33, 31]"
zambia,"['Z', 'AE', 'M', 'B', 'IY', 'AH']","['zam', 'bia']","['z', 'ambia']",0.3333333333333333,2.69e-06,"[38, 2, 26, 16, 11, 3, 0, 0]"
executive,"['IH', 'G', 'Z', 'EH', 'K', 'Y', 'AH', 'T', 'IH', 'V']","['ex', 'ec', 'ut', 'ive']",['executive'],0.3333333333333333,7.41e-05,"[10, 21, 38, 7, 24, 37, 3, 33]"
affair,"['AH', 'F', 'EH', 'R']","['af', 'fair']","['aff', 'air']",0.3333333333333333,2e-05,"[3, 20, 7, 30, 0, 0, 0, 0]"
reflected,"['R', 'AH', 'F', 'L', 'EH', 'K', 'T', 'AH', 'D']","['re', 'flec', 'ted']","['ref', 'lected']",0.3333333333333333,1.32e-05,"[30, 3, 20, 25, 7, 24, 33, 3]"
victorian,"['V', 'IH', 'K', 'T', 'AO', 'R', 'IY', 'AH', 'N']","['vic', 'tori', 'an']","['vict', 'orian']",0.3333333333333333,1.32e-05,"[35, 10, 24, 33, 4, 30, 11, 3]"
suffer,"['S', 'AH', 'F', 'ER']","['suf', 'fer']","['su', 'ffer']",0.3333333333333333,2.82e-05,"[31, 3, 20, 8, 0, 0, 0, 0]"
prozac,"['P', 'R', 'OW', 'Z', 'AE', 'K']","['proz', 'ac']","['pro', 'zac']",0.3333333333333333,5.25e-07,"[29, 30, 12, 38, 2, 24, 0, 0]"
violin,"['V', 'AY', 'AH', 'L', 'IH', 'N']","['vi', 'ol', 'in']",['violin'],0.3333333333333333,5.5e-06,"[35, 6, 3, 25, 10, 27, 0, 0]"
organization,"['AO', 'R', 'G', 'AH', 'N', 'AH', 'Z', 'EY', 'SH', 'AH', 'N']","['or', 'gan', 'iz', 'a', 'tion']",['organization'],0.3333333333333333,8.32e-05,"[4, 30, 21, 3, 27, 3, 38, 9]"
accidents,"['AE', 'K', 'S', 'AH', 'D', 'AH', 'N', 'T', 'S']","['ac', 'ci', 'dents']","['acc', 'idents']",0.3333333333333333,1.45e-05,"[2, 24, 31, 3, 18, 3, 27, 33]"
avenue,"['AE', 'V', 'AH', 'N', 'UW']","['av', 'en', 'ue']",['avenue'],0.3333333333333333,2.69e-05,"[2, 35, 3, 27, 15, 0, 0, 0]"
beside,"['B', 'IH', 'S', 'AY', 'D']","['be', 'side']","['bes', 'ide']",0.3333333333333333,1.55e-05,"[16, 10, 31, 6, 18, 0, 0, 0]"
fundamentals,"['F', 'AH', 'N', 'D', 'AH', 'M', 'EH', 'N', 'T', 'AH', 'L', 'Z']","['fun', 'da', 'ment', 'als']","['fund', 'amentals']",0.3333333333333333,3.89e-06,"[20, 3, 27, 18, 3, 26, 7, 27]"
masturbation,"['M', 'AE', 'S', 'T', 'ER', 'B', 'EY', 'SH', 'AH', 'N']","['mas', 'turb', 'a', 'tion']","['mast', 'urbation']",0.3333333333333333,2.88e-06,"[26, 2, 31, 33, 8, 16, 9, 32]"
appraisal,"['AH', 'P', 'R', 'EY', 'Z', 'AH', 'L']","['ap', 'prais', 'al']","['app', 'raisal']",0.3333333333333333,2.69e-06,"[3, 29, 30, 9, 38, 3, 25, 0]"
moscow,"['M', 'AA', 'S', 'K', 'OW']","['mo', 'scow']","['mos', 'cow']",0.3333333333333333,2.63e-05,"[26, 1, 31, 24, 12, 0, 0, 0]"
regularly,"['R', 'EH', 'G', 'Y', 'AH', 'L', 'ER', 'L', 'IY']","['reg', 'u', 'larly']","['regular', 'ly']",0.3333333333333333,3.31e-05,"[30, 7, 21, 37, 3, 25, 8, 25]"
casual,"['K', 'AE', 'ZH', 'AH', 'W', 'AH', 'L']","['cas', 'u', 'al']",['casual'],0.3333333333333333,1.7e-05,"[24, 2, 39, 3, 36, 3, 25, 0]"
luther,"['L', 'UW', 'TH', 'ER']","['luth', 'er']","['lu', 'ther']",0.3333333333333333,7.59e-06,"[25, 15, 34, 8, 0, 0, 0, 0]"
munich,"['M', 'Y', 'UW', 'N', 'IH', 'K']","['mu', 'nich']","['mun', 'ich']",0.3333333333333333,8.91e-06,"[26, 37, 15, 27, 10, 24, 0, 0]"
angola,"['AE', 'NG', 'G', 'OW', 'L', 'AH']","['an', 'gola']","['ang', 'ola']",0.3333333333333333,2.19e-06,"[2, 28, 21, 12, 25, 3, 0, 0]"
intermediate,"['IH', 'N', 'T', 'ER', 'M', 'IY', 'D', 'IY', 'IH', 'T']","['in', 'ter', 'me', 'di', 'ate']",['intermediate'],0.3333333333333333,1.1e-05,"[10, 27, 33, 8, 26, 11, 18, 11]"
spirituality,"['S', 'P', 'IH', 'R', 'IH', 'CH', 'AH', 'W', 'AE', 'L', 'AH', 'T', 'IY']","['spir', 'itu', 'al', 'ity']","['spirit', 'uality']",0.3333333333333333,3.55e-06,"[31, 29, 10, 30, 10, 17, 3, 36]"
associate,"['AH', 'S', 'OW', 'S', 'IY', 'AH', 'T']","['as', 'so', 'ci', 'ate']",['associate'],0.3333333333333333,2.45e-05,"[3, 31, 12, 31, 11, 3, 33, 0]"
survivors,"['S', 'ER', 'V', 'AY', 'V', 'ER', 'Z']","['sur', 'viv', 'ors']","['survi', 'vors']",0.3333333333333333,1.26e-05,"[31, 8, 35, 6, 35, 8, 38, 0]"
mariah,"['M', 'ER', 'AY', 'AH']","['mari', 'ah']","['mar', 'iah']",0.3333333333333333,1.58e-06,"[26, 8, 6, 3, 0, 0, 0, 0]"
sodium,"['S', 'OW', 'D', 'IY', 'AH', 'M']","['so', 'di', 'um']",['sodium'],0.3333333333333333,7.41e-06,"[31, 12, 18, 11, 3, 26, 0, 0]"
squirting,"['S', 'K', 'W', 'ER', 'T', 'IH', 'NG']","['squirt', 'ing']","['s', 'quir', 'ting']",0.3333333333333333,5.89e-07,"[31, 24, 36, 8, 33, 10, 28, 0]"
advertise,"['AE', 'D', 'V', 'ER', 'T', 'AY', 'Z']","['ad', 'vert', 'ise']","['adverti', 'se']",0.3333333333333333,4.57e-06,"[2, 18, 35, 8, 33, 6, 38, 0]"
junior,"['JH', 'UW', 'N', 'Y', 'ER']","['ju', 'ni', 'or']",['junior'],0.3333333333333333,3.09e-05,"[23, 15, 27, 37, 8, 0, 0, 0]"
competing,"['K', 'AH', 'M', 'P', 'IY', 'T', 'IH', 'NG']","['com', 'pet', 'ing']","['comp', 'eting']",0.3333333333333333,1.66e-05,"[24, 3, 26, 29, 11, 33, 10, 28]"
vacancies,"['V', 'EY', 'K', 'AH', 'N', 'S', 'IY', 'Z']","['va', 'can', 'cies']","['vac', 'ancies']",0.3333333333333333,3.09e-06,"[35, 9, 24, 3, 27, 31, 11, 38]"
exploring,"['IH', 'K', 'S', 'P', 'L', 'AO', 'R', 'IH', 'NG']","['ex', 'plor', 'ing']","['expl', 'oring']",0.3333333333333333,1.15e-05,"[10, 24, 31, 29, 25, 4, 30, 10]"
incentive,"['IH', 'N', 'S', 'EH', 'N', 'T', 'IH', 'V']","['in', 'cent', 'ive']","['incenti', 've']",0.3333333333333333,9.33e-06,"[10, 27, 31, 7, 27, 33, 10, 35]"
ministers,"['M', 'IH', 'N', 'AH', 'S', 'T', 'ER', 'Z']","['min', 'is', 'ters']","['minist', 'ers']",0.3333333333333333,2.19e-05,"[26, 10, 27, 3, 31, 33, 8, 38]"
materials,"['M', 'AH', 'T', 'IH', 'R', 'IY', 'AH', 'L', 'Z']","['ma', 'ter', 'i', 'als']",['materials'],0.3333333333333333,6.03e-05,"[26, 3, 33, 10, 30, 11, 3, 25]"
annual,"['AE', 'N', 'Y', 'UW', 'AH', 'L']","['an', 'nu', 'al']",['annual'],0.3333333333333333,8.71e-05,"[2, 27, 37, 15, 3, 25, 0, 0]"
happening,"['HH', 'AE', 'P', 'AH', 'N', 'IH', 'NG']","['hap', 'pen', 'ing']","['happ', 'ening']",0.3333333333333333,6.31e-05,"[22, 2, 29, 3, 27, 10, 28, 0]"
developmental,"['D', 'IH', 'V', 'EH', 'L', 'AH', 'P', 'M', 'EH', 'N', 'T', 'AH', 'L']","['de', 'vel', 'op', 'ment', 'al']",['developmental'],0.3076923076923077,6.03e-06,"[18, 10, 35, 7, 25, 3, 29, 26]"
congressional,"['K', 'AH', 'N', 'G', 'R', 'EH', 'SH', 'AH', 'N', 'AH', 'L']","['con', 'gres', 'sion', 'al']","['cong', 'ressional']",0.3076923076923077,1.55e-05,"[24, 3, 27, 21, 30, 7, 32, 3]"
international,"['IH', 'N', 'T', 'ER', 'N', 'AE', 'SH', 'AH', 'N', 'AH', 'L']","['in', 'ter', 'na', 'tion', 'al']",['international'],0.3076923076923077,0.000229,"[10, 27, 33, 8, 27, 2, 32, 3]"
qualification,"['K', 'W', 'AA', 'L', 'AH', 'F', 'AH', 'K', 'EY', 'SH', 'AH', 'N']","['qual', 'i', 'fic', 'a', 'tion']",['qualification'],0.3076923076923077,7.59e-06,"[24, 36, 1, 25, 3, 20, 3, 24]"
organizations,"['AO', 'R', 'G', 'AH', 'N', 'AH', 'Z', 'EY', 'SH', 'AH', 'N', 'Z']","['or', 'gan', 'iz', 'a', 'tions']",['organizations'],0.3076923076923077,4.68e-05,"[4, 30, 21, 3, 27, 3, 38, 9]"
environmental,"['IH', 'N', 'V', 'AY', 'R', 'AH', 'N', 'M', 'EH', 'N', 'T', 'AH', 'L']","['en', 'vir', 'on', 'ment', 'al']",['environmental'],0.3076923076923077,5.01e-05,"[10, 27, 35, 6, 30, 3, 27, 26]"
participation,"['P', 'AA', 'R', 'T', 'IH', 'S', 'AH', 'P', 'EY', 'SH', 'AH', 'N']","['par', 'ti', 'cip', 'a', 'tion']",['participation'],0.3076923076923077,2.14e-05,"[29, 1, 30, 33, 10, 31, 3, 29]"
certification,"['S', 'ER', 'T', 'AH', 'F', 'AH', 'K', 'EY', 'SH', 'AH', 'N']","['cer', 'ti', 'fic', 'a', 'tion']",['certification'],0.3076923076923077,9.33e-06,"[31, 8, 33, 3, 20, 3, 24, 9]"
contamination,"['K', 'AH', 'N', 'T', 'AE', 'M', 'AH', 'N', 'EY', 'SH', 'AH', 'N']","['con', 'tam', 'in', 'a', 'tion']",['contamination'],0.3076923076923077,5.01e-06,"[24, 3, 27, 33, 2, 26, 3, 27]"
institutional,"['IH', 'N', 'S', 'T', 'IH', 'T', 'UW', 'SH', 'AH', 'N', 'AH', 'L']","['in', 'sti', 'tu', 'tion', 'al']",['institutional'],0.3076923076923077,1e-05,"[10, 27, 31, 33, 10, 33, 15, 32]"
notifications,"['N', 'OW', 'T', 'AH', 'F', 'AH', 'K', 'EY', 'SH', 'AH', 'N', 'Z']","['no', 'ti', 'fic', 'a', 'tions']",['notifications'],0.3076923076923077,4.57e-06,"[27, 12, 33, 3, 20, 3, 24, 9]"
configuration,"['K', 'AH', 'N', 'F', 'IH', 'G', 'Y', 'ER', 'EY', 'SH', 'AH', 'N']","['con', 'fig', 'ur', 'a', 'tion']",['configuration'],0.3076923076923077,9.33e-06,"[24, 3, 27, 20, 10, 21, 37, 8]"
accessibility,"['AE', 'K', 'S', 'EH', 'S', 'AH', 'B', 'IH', 'L', 'IH', 'T', 'IY']","['ac', 'cess', 'ib', 'il', 'ity']",['accessibility'],0.3076923076923077,3.24e-06,"[2, 24, 31, 7, 31, 3, 16, 10]"
opportunities,"['AA', 'P', 'ER', 'T', 'UW', 'N', 'AH', 'T', 'IY', 'Z']","['op', 'por', 'tun', 'it', 'ies']",['opportunities'],0.3076923076923077,4.07e-05,"[1, 29, 8, 33, 15, 27, 3, 33]"
collaboration,"['K', 'AH', 'L', 'AE', 'B', 'ER', 'EY', 'SH', 'AH', 'N']","['col', 'lab', 'or', 'a', 'tion']",['collaboration'],0.3076923076923077,1.91e-05,"[24, 3, 25, 2, 16, 8, 9, 32]"
determination,"['D', 'IH', 'T', 'ER', 'M', 'AH', 'N', 'EY', 'SH', 'AH', 'N']","['de', 'term', 'in', 'a', 'tion']",['determination'],0.3076923076923077,1.45e-05,"[18, 10, 33, 8, 26, 3, 27, 9]"
manufacturing,"['M', 'AE', 'N', 'Y', 'AH', 'F', 'AE', 'K', 'CH', 'ER', 'IH', 'NG']","['man', 'u', 'fac', 'tur', 'ing']",['manufacturing'],0.3076923076923077,3.63e-05,"[26, 2, 27, 37, 3, 20, 2, 24]"
psychological,"['S', 'AY', 'K', 'AH', 'L', 'AA', 'JH', 'IH', 'K', 'AH', 'L']","['psy', 'cho', 'lo', 'gic', 'al']",['psychological'],0.3076923076923077,1.86e-05,"[31, 6, 24, 3, 25, 1, 23, 10]"
complications,"['K', 'AA', 'M', 'P', 'L', 'AH', 'K', 'EY', 'SH', 'AH', 'N', 'Z']","['com', 'plic', 'a', 'tions']","['comp', 'lications']",0.3076923076923077,9.55e-06,"[24, 1, 26, 29, 25, 3, 24, 9]"
documentation,"['D', 'AA', 'K', 'Y', 'AH', 'M', 'EH', 'N', 'T', 'EY', 'SH', 'AH', 'N']","['doc', 'u', 'ment', 'a', 'tion']",['documentation'],0.3076923076923077,8.91e-06,"[18, 1, 24, 37, 3, 26, 7, 27]"
authorization,"['AO', 'TH', 'ER', 'AH', 'Z', 'EY', 'SH', 'AH', 'N']","['au', 'thor', 'iz', 'a', 'tion']",['authorization'],0.3076923076923077,5.5e-06,"[4, 34, 8, 3, 38, 9, 32, 3]"
architectural,"['AA', 'R', 'K', 'AH', 'T', 'EH', 'K', 'CH', 'ER', 'AH', 'L']","['ar', 'chi', 'tec', 'tur', 'al']",['architectural'],0.3076923076923077,9.12e-06,"[1, 30, 24, 3, 33, 7, 24, 17]"
championships,"['CH', 'AE', 'M', 'P', 'IY', 'AH', 'N', 'SH', 'IH', 'P', 'S']","['cham', 'pi', 'on', 'ships']","['champions', 'hips']",0.3076923076923077,1.07e-05,"[17, 2, 26, 29, 11, 3, 27, 32]"
communication,"['K', 'AH', 'M', 'Y', 'UW', 'N', 'AH', 'K', 'EY', 'SH', 'AH', 'N']","['com', 'mu', 'nic', 'a', 'tion']",['communication'],0.3076923076923077,4.79e-05,"[24, 3, 26, 37, 15, 27, 3, 24]"
compatibility,"['K', 'AH', 'M', 'P', 'AE', 'T', 'AH', 'B', 'IH', 'L', 'AH', 'T', 'IY']","['com', 'pat', 'ib', 'il', 'ity']",['compatibility'],0.3076923076923077,3.89e-06,"[24, 3, 26, 29, 2, 33, 3, 16]"
administrator,"['AH', 'D', 'M', 'IH', 'N', 'AH', 'S', 'T', 'R', 'EY', 'T', 'ER']","['ad', 'min', 'is', 'trat', 'or']",['administrator'],0.3076923076923077,1.17e-05,"[3, 18, 26, 10, 27, 3, 31, 33]"
investigation,"['IH', 'N', 'V', 'EH', 'S', 'T', 'AH', 'G', 'EY', 'SH', 'AH', 'N']","['in', 'vest', 'ig', 'a', 'tion']",['investigation'],0.3076923076923077,5.62e-05,"[10, 27, 35, 7, 31, 33, 3, 21]"
conceptual,"['K', 'AH', 'N', 'S', 'EH', 'P', 'CH', 'UW', 'AH', 'L']","['con', 'cep', 'tu', 'al']",['conceptual'],0.3,4.17e-06,"[24, 3, 27, 31, 7, 29, 17, 15]"
adaptation,"['AE', 'D', 'AH', 'P', 'T', 'EY', 'SH', 'AH', 'N']","['ad', 'apt', 'a', 'tion']",['adaptation'],0.3,1.02e-05,"[2, 18, 3, 29, 33, 9, 32, 3]"
validation,"['V', 'AE', 'L', 'AH', 'D', 'EY', 'SH', 'AH', 'N']","['val', 'id', 'a', 'tion']",['validation'],0.3,4.79e-06,"[35, 2, 25, 3, 18, 9, 32, 3]"
incentives,"['IH', 'N', 'S', 'EH', 'N', 'T', 'IH', 'V', 'Z']","['in', 'cent', 'ives']","['incenti', 'ves']",0.3,7.59e-06,"[10, 27, 31, 7, 27, 33, 10, 35]"
completing,"['K', 'AH', 'M', 'P', 'L', 'IY', 'T', 'IH', 'NG']","['com', 'plet', 'ing']","['comp', 'leting']",0.3,1.15e-05,"[24, 3, 26, 29, 25, 11, 33, 10]"
supporters,"['S', 'AH', 'P', 'AO', 'R', 'T', 'ER', 'Z']","['sup', 'port', 'ers']","['supp', 'orters']",0.3,2.88e-05,"[31, 3, 29, 4, 30, 33, 8, 38]"
infections,"['IH', 'N', 'F', 'EH', 'K', 'SH', 'AH', 'N', 'Z']","['in', 'fec', 'tions']","['inf', 'ections']",0.3,9.33e-06,"[10, 27, 20, 7, 24, 32, 3, 27]"
invitation,"['IH', 'N', 'V', 'IH', 'T', 'EY', 'SH', 'AH', 'N']","['in', 'vit', 'a', 'tion']",['invitation'],0.3,1.38e-05,"[10, 27, 35, 10, 33, 9, 32, 3]"
reductions,"['R', 'IY', 'D', 'AH', 'K', 'SH', 'AH', 'N', 'Z']","['re', 'duc', 'tions']","['redu', 'ctions']",0.3,4.27e-06,"[30, 11, 18, 3, 24, 32, 3, 27]"
kazakhstan,"['K', 'AA', 'Z', 'AA', 'K', 'S', 'T', 'AA', 'N']","['kaza', 'kh', 'stan']","['kaz', 'akhstan']",0.3,3.72e-06,"[24, 1, 38, 1, 24, 31, 33, 1]"
indication,"['IH', 'N', 'D', 'AH', 'K', 'EY', 'SH', 'AH', 'N']","['in', 'dic', 'a', 'tion']",['indication'],0.3,1.15e-05,"[10, 27, 18, 3, 24, 9, 32, 3]"
ministries,"['M', 'IH', 'N', 'IH', 'S', 'T', 'R', 'IY', 'Z']","['min', 'is', 'tries']","['minist', 'ries']",0.3,3.98e-06,"[26, 10, 27, 10, 31, 33, 30, 11]"
generators,"['JH', 'EH', 'N', 'ER', 'EY', 'T', 'ER', 'Z']","['gen', 'er', 'at', 'ors']",['generators'],0.3,4.37e-06,"[23, 7, 27, 8, 9, 33, 8, 38]"
ecological,"['IY', 'K', 'AH', 'L', 'AA', 'JH', 'IH', 'K', 'AH', 'L']","['eco', 'lo', 'gic', 'al']",['ecological'],0.3,6.03e-06,"[11, 24, 3, 25, 1, 23, 10, 24]"
wellington,"['W', 'EH', 'L', 'IH', 'NG', 'T', 'AH', 'N']","['wel', 'ling', 'ton']","['well', 'ington']",0.3,6.61e-06,"[36, 7, 25, 10, 28, 33, 3, 27]"
metabolism,"['M', 'AH', 'T', 'AE', 'B', 'AH', 'L', 'IH', 'Z', 'AH', 'M']","['meta', 'bol', 'ism']","['me', 'tabolism']",0.3,6.03e-06,"[26, 3, 33, 2, 16, 3, 25, 10]"
australian,"['AO', 'S', 'T', 'R', 'EY', 'L', 'Y', 'AH', 'N']","['aus', 'trali', 'an']","['austral', 'ian']",0.3,8.51e-05,"[4, 31, 33, 30, 9, 25, 37, 3]"
wilderness,"['W', 'IH', 'L', 'D', 'ER', 'N', 'AH', 'S']","['wil', 'der', 'ness']","['w', 'ilderness']",0.3,8.91e-06,"[36, 10, 25, 18, 8, 27, 3, 31]"
operations,"['AA', 'P', 'ER', 'EY', 'SH', 'AH', 'N', 'Z']","['op', 'er', 'a', 'tions']",['operations'],0.3,7.41e-05,"[1, 29, 8, 9, 32, 3, 27, 38]"
population,"['P', 'AA', 'P', 'Y', 'AH', 'L', 'EY', 'SH', 'AH', 'N']","['pop', 'u', 'la', 'tion']",['population'],0.3,0.000102,"[29, 1, 29, 37, 3, 25, 9, 32]"
historical,"['HH', 'IH', 'S', 'T', 'AO', 'R', 'IH', 'K', 'AH', 'L']","['his', 'tor', 'ic', 'al']",['historical'],0.3,4.9e-05,"[22, 10, 31, 33, 4, 30, 10, 24]"
developing,"['D', 'IH', 'V', 'EH', 'L', 'AH', 'P', 'IH', 'NG']","['de', 'vel', 'op', 'ing']",['developing'],0.3,4.57e-05,"[18, 10, 35, 7, 25, 3, 29, 10]"
purchasing,"['P', 'ER', 'CH', 'AH', 'S', 'IH', 'NG']","['pur', 'chas', 'ing']","['purch', 'asing']",0.3,1.15e-05,"[29, 8, 17, 3, 31, 10, 28, 0]"
indicators,"['IH', 'N', 'D', 'AH', 'K', 'EY', 'T', 'ER', 'Z']","['in', 'dic', 'at', 'ors']",['indicators'],0.3,6.76e-06,"[10, 27, 18, 3, 24, 9, 33, 8]"
hypothesis,"['HH', 'AY', 'P', 'AA', 'TH', 'AH', 'S', 'AH', 'S']","['hy', 'po', 'thes', 'is']",['hypothesis'],0.3,7.41e-06,"[22, 6, 29, 1, 34, 3, 31, 3]"
mozambique,"['M', 'OW', 'Z', 'AE', 'M', 'B', 'IY', 'K']","['mozam', 'bi', 'que']","['moz', 'ambique']",0.3,1.95e-06,"[26, 12, 38, 2, 26, 16, 11, 24]"
infectious,"['IH', 'N', 'F', 'EH', 'K', 'SH', 'AH', 'S']","['in', 'fec', 'tious']","['inf', 'ectious']",0.3,6.46e-06,"[10, 27, 20, 7, 24, 32, 3, 31]"
protecting,"['P', 'R', 'AH', 'T', 'EH', 'K', 'T', 'IH', 'NG']","['pro', 'tect', 'ing']","['prote', 'cting']",0.3,2e-05,"[29, 30, 3, 33, 7, 24, 33, 10]"
separation,"['S', 'EH', 'P', 'ER', 'EY', 'SH', 'AH', 'N']","['sep', 'ar', 'a', 'tion']",['separation'],0.3,1.35e-05,"[31, 7, 29, 8, 9, 32, 3, 27]"
navigation,"['N', 'AE', 'V', 'AH', 'G', 'EY', 'SH', 'AH', 'N']","['nav', 'ig', 'a', 'tion']",['navigation'],0.3,1.07e-05,"[27, 2, 35, 3, 21, 9, 32, 3]"
bestiality,"['B', 'EH', 'S', 'CH', 'AE', 'L', 'IH', 'T', 'IY']","['bes', 'ti', 'al', 'ity']","['b', 'esti', 'ality']",0.3,4.17e-07,"[16, 7, 31, 17, 2, 25, 10, 33]"
conviction,"['K', 'AH', 'N', 'V', 'IH', 'K', 'SH', 'AH', 'N']","['con', 'vic', 'tion']","['conv', 'iction']",0.3,1.38e-05,"[24, 3, 27, 35, 10, 24, 32, 3]"
explaining,"['IH', 'K', 'S', 'P', 'L', 'EY', 'N', 'IH', 'NG']","['ex', 'plain', 'ing']","['exp', 'laining']",0.3,1.7e-05,"[10, 24, 31, 29, 25, 9, 27, 10]"
exhibition,"['EH', 'K', 'S', 'AH', 'B', 'IH', 'SH', 'AH', 'N']","['ex', 'hib', 'i', 'tion']",['exhibition'],0.3,2.34e-05,"[7, 24, 31, 3, 16, 10, 32, 3]"
institutes,"['IH', 'N', 'S', 'T', 'AH', 'T', 'UW', 'T', 'S']","['in', 'sti', 'tutes']","['ins', 'titutes']",0.3,5.25e-06,"[10, 27, 31, 33, 3, 33, 15, 33]"
simulation,"['S', 'IH', 'M', 'Y', 'AH', 'L', 'EY', 'SH', 'AH', 'N']","['sim', 'u', 'la', 'tion']",['simulation'],0.3,8.71e-06,"[31, 10, 26, 37, 3, 25, 9, 32]"
monitoring,"['M', 'AA', 'N', 'AH', 'T', 'ER', 'IH', 'NG']","['mon', 'it', 'or', 'ing']",['monitoring'],0.3,2.19e-05,"[26, 1, 27, 3, 33, 8, 10, 28]"
estimation,"['EH', 'S', 'T', 'AH', 'M', 'EY', 'SH', 'AH', 'N']","['es', 'tim', 'a', 'tion']",['estimation'],0.3,2.88e-06,"[7, 31, 33, 3, 26, 9, 32, 3]"
artificial,"['AA', 'R', 'T', 'AH', 'F', 'IH', 'SH', 'AH', 'L']","['ar', 'ti', 'fi', 'cial']",['artificial'],0.3,1.74e-05,"[1, 30, 33, 3, 20, 10, 32, 3]"
horizontal,"['HH', 'AO', 'R', 'AH', 'Z', 'AA', 'N', 'T', 'AH', 'L']","['ho', 'ri', 'zont', 'al']",['horizontal'],0.3,7.94e-06,"[22, 4, 30, 3, 38, 1, 27, 33]"
litigation,"['L', 'IH', 'T', 'AH', 'G', 'EY', 'SH', 'AH', 'N']","['lit', 'ig', 'a', 'tion']","['li', 'tig', 'ation']",0.3,8.51e-06,"[25, 10, 33, 3, 21, 9, 32, 3]"
activation,"['AE', 'K', 'T', 'AH', 'V', 'EY', 'SH', 'AH', 'N']","['ac', 'tiv', 'a', 'tion']",['activation'],0.3,6.76e-06,"[2, 24, 33, 3, 35, 9, 32, 3]"
explicitly,"['IH', 'K', 'S', 'P', 'L', 'IH', 'S', 'AH', 'T', 'L', 'IY']","['ex', 'pli', 'citly']","['explicit', 'ly']",0.3,9.12e-06,"[10, 24, 31, 29, 25, 10, 31, 3]"
cumulative,"['K', 'Y', 'UW', 'M', 'Y', 'AH', 'L', 'AH', 'T', 'IH', 'V']","['cu', 'mu', 'lat', 'ive']",['cumulative'],0.3,3.55e-06,"[24, 37, 15, 26, 37, 3, 25, 3]"
reputation,"['R', 'EH', 'P', 'Y', 'AH', 'T', 'EY', 'SH', 'AH', 'N']","['repu', 'ta', 'tion']","['re', 'putation']",0.3,2.95e-05,"[30, 7, 29, 37, 3, 33, 9, 32]"
underlying,"['AH', 'N', 'D', 'ER', 'L', 'AY', 'IH', 'NG']","['un', 'der', 'ly', 'ing']",['underlying'],0.3,1.48e-05,"[3, 27, 18, 8, 25, 6, 10, 28]"
discounted,"['D', 'IH', 'S', 'K', 'AW', 'N', 'T', 'IH', 'D']","['dis', 'coun', 'ted']","['disc', 'ounted']",0.3,3.8e-06,"[18, 10, 31, 24, 5, 27, 33, 10]"
constitute,"['K', 'AA', 'N', 'S', 'T', 'AH', 'T', 'UW', 'T']","['con', 'sti', 'tute']","['cons', 'titute']",0.3,7.08e-06,"[24, 1, 27, 31, 33, 3, 33, 15]"
associated,"['AH', 'S', 'OW', 'S', 'IY', 'EY', 'T', 'AH', 'D']","['as', 'so', 'ci', 'ated']",['associated'],0.3,7.76e-05,"[3, 31, 12, 31, 11, 9, 33, 3]"
industrial,"['IH', 'N', 'D', 'AH', 'S', 'T', 'R', 'IY', 'AH', 'L']","['in', 'dus', 'tri', 'al']",['industrial'],0.3,5.13e-05,"[10, 27, 18, 3, 31, 33, 30, 11]"
quantities,"['K', 'W', 'AA', 'N', 'T', 'AH', 'T', 'IY', 'Z']","['quant', 'it', 'ies']","['quanti', 'ties']",0.3,7.24e-06,"[24, 36, 1, 27, 33, 3, 33, 11]"
motivation,"['M', 'OW', 'T', 'AH', 'V', 'EY', 'SH', 'AH', 'N']","['mo', 'tiv', 'a', 'tion']",['motivation'],0.3,1.66e-05,"[26, 12, 33, 3, 35, 9, 32, 3]"
determines,"['D', 'AH', 'T', 'ER', 'M', 'AH', 'N', 'Z']","['de', 'term', 'ines']","['determin', 'es']",0.3,5.89e-06,"[18, 3, 33, 8, 26, 3, 27, 38]"
obituaries,"['OW', 'B', 'IH', 'CH', 'UW', 'EH', 'R', 'IY', 'Z']","['ob', 'it', 'u', 'ar', 'ies']","['ob', 'ituaries']",0.3,6.76e-07,"[12, 16, 10, 17, 15, 7, 30, 11]"
volunteers,"['V', 'AA', 'L', 'AH', 'N', 'T', 'IH', 'R', 'Z']","['vo', 'lun', 'teers']","['vol', 'unteers']",0.3,1.95e-05,"[35, 1, 25, 3, 27, 33, 10, 30]"
generation,"['JH', 'EH', 'N', 'ER', 'EY', 'SH', 'AH', 'N']","['gen', 'er', 'a', 'tion']",['generation'],0.3,6.61e-05,"[23, 7, 27, 8, 9, 32, 3, 27]"
scientists,"['S', 'AY', 'AH', 'N', 'T', 'IH', 'S', 'T', 'S']","['sci', 'ent', 'ists']","['scienti', 'sts']",0.3,3.16e-05,"[31, 6, 3, 27, 33, 10, 31, 33]"
visibility,"['V', 'IH', 'Z', 'AH', 'B', 'IH', 'L', 'IH', 'T', 'IY']","['vis', 'ib', 'il', 'ity']",['visibility'],0.3,6.03e-06,"[35, 10, 38, 3, 16, 10, 25, 10]"
recipients,"['R', 'IH', 'S', 'IH', 'P', 'IY', 'AH', 'N', 'T', 'S']","['re', 'cip', 'i', 'ents']",['recipients'],0.3,6.61e-06,"[30, 10, 31, 10, 29, 11, 3, 27]"
innovative,"['IH', 'N', 'AH', 'V', 'EY', 'T', 'IH', 'V']","['in', 'nov', 'at', 'ive']",['innovative'],0.3,1.26e-05,"[10, 27, 3, 35, 9, 33, 10, 35]"
editorials,"['EH', 'D', 'AH', 'T', 'AO', 'R', 'IY', 'AH', 'L', 'Z']","['ed', 'it', 'or', 'i', 'als']","['editor', 'ials']",0.3,1.05e-06,"[7, 18, 3, 33, 4, 30, 11, 3]"
innovation,"['IH', 'N', 'AH', 'V', 'EY', 'SH', 'AH', 'N']","['in', 'nov', 'a', 'tion']",['innovation'],0.3,2.09e-05,"[10, 27, 3, 35, 9, 32, 3, 27]"
unexpected,"['AH', 'N', 'IH', 'K', 'S', 'P', 'EH', 'K', 'T', 'IH', 'D']","['un', 'ex', 'pec', 'ted']",['unexpected'],0.3,1.7e-05,"[3, 27, 10, 24, 31, 29, 7, 24]"
resolution,"['R', 'EH', 'Z', 'AH', 'L', 'UW', 'SH', 'AH', 'N']","['res', 'ol', 'u', 'tion']",['resolution'],0.3,3.89e-05,"[30, 7, 38, 3, 25, 15, 32, 3]"
architects,"['AA', 'R', 'K', 'AH', 'T', 'EH', 'K', 'T', 'S']","['ar', 'chi', 'tects']","['arch', 'itects']",0.3,8.13e-06,"[1, 30, 24, 3, 33, 7, 24, 33]"
meditation,"['M', 'EH', 'D', 'AH', 'T', 'EY', 'SH', 'AH', 'N']","['med', 'it', 'a', 'tion']",['meditation'],0.3,8.91e-06,"[26, 7, 18, 3, 33, 9, 32, 3]"
additional,"['AH', 'D', 'IH', 'SH', 'AH', 'N', 'AH', 'L']","['ad', 'di', 'tion', 'al']",['additional'],0.3,9.55e-05,"[3, 18, 10, 32, 3, 27, 3, 25]"
discussing,"['D', 'IH', 'S', 'K', 'AH', 'S', 'IH', 'NG']","['dis', 'cuss', 'ing']","['discus', 'sing']",0.3,1.7e-05,"[18, 10, 31, 24, 3, 31, 10, 28]"
kilometers,"['K', 'AH', 'L', 'AA', 'M', 'AH', 'T', 'ER', 'Z']","['kilo', 'met', 'ers']","['kil', 'ometers']",0.3,6.61e-06,"[24, 3, 25, 1, 26, 3, 33, 8]"
applicants,"['AE', 'P', 'L', 'IH', 'K', 'AH', 'N', 'T', 'S']","['ap', 'plic', 'ants']","['app', 'licants']",0.3,8.71e-06,"[2, 29, 25, 10, 24, 3, 27, 33]"
experience,"['IH', 'K', 'S', 'P', 'IH', 'R', 'IY', 'AH', 'N', 'S']","['ex', 'per', 'i', 'ence']",['experience'],0.3,0.000186,"[10, 24, 31, 29, 10, 30, 11, 3]"
generating,"['JH', 'EH', 'N', 'ER', 'EY', 'T', 'IH', 'NG']","['gen', 'er', 'at', 'ing']",['generating'],0.3,9.77e-06,"[23, 7, 27, 8, 9, 33, 10, 28]"
impressive,"['IH', 'M', 'P', 'R', 'EH', 'S', 'IH', 'V']","['im', 'press', 'ive']","['imp', 'ressive']",0.3,2.95e-05,"[10, 26, 29, 30, 7, 31, 10, 35]"
facilities,"['F', 'AH', 'S', 'IH', 'L', 'AH', 'T', 'IY', 'Z']","['fa', 'cil', 'it', 'ies']",['facilities'],0.3,4.57e-05,"[20, 3, 31, 10, 25, 3, 33, 11]"
quotations,"['K', 'W', 'OW', 'T', 'EY', 'SH', 'AH', 'N', 'Z']","['quo', 'ta', 'tions']","['quot', 'ations']",0.3,1.95e-06,"[24, 36, 12, 33, 9, 32, 3, 27]"
birmingham,"['B', 'ER', 'M', 'IH', 'NG', 'HH', 'AE', 'M']","['birm', 'ing', 'ham']","['b', 'irmingham']",0.3,1.51e-05,"[16, 8, 26, 10, 28, 22, 2, 26]"
mechanical,"['M', 'AH', 'K', 'AE', 'N', 'IH', 'K', 'AH', 'L']","['mech', 'an', 'ic', 'al']",['mechanical'],0.3,2.14e-05,"[26, 3, 24, 2, 27, 10, 24, 3]"
advertiser,"['AE', 'D', 'V', 'ER', 'T', 'AY', 'Z', 'ER']","['ad', 'vert', 'iser']","['adverti', 'ser']",0.3,2.4e-06,"[2, 18, 35, 8, 33, 6, 38, 8]"
appliances,"['AH', 'P', 'L', 'AY', 'AH', 'N', 'S', 'AH', 'Z']","['ap', 'pli', 'ances']","['app', 'liances']",0.3,5.13e-06,"[3, 29, 25, 6, 3, 27, 31, 3]"
obligation,"['AA', 'B', 'L', 'AH', 'G', 'EY', 'SH', 'AH', 'N']","['ob', 'lig', 'a', 'tion']",['obligation'],0.3,1.17e-05,"[1, 16, 25, 3, 21, 9, 32, 3]"
occupation,"['AA', 'K', 'Y', 'AH', 'P', 'EY', 'SH', 'AH', 'N']","['oc', 'cu', 'pa', 'tion']",['occupation'],0.3,1.58e-05,"[1, 24, 37, 3, 29, 9, 32, 3]"
experiment,"['IH', 'K', 'S', 'P', 'EH', 'R', 'AH', 'M', 'AH', 'N', 'T']","['ex', 'per', 'i', 'ment']",['experiment'],0.3,2.4e-05,"[10, 24, 31, 29, 7, 30, 3, 26]"
medication,"['M', 'EH', 'D', 'AH', 'K', 'EY', 'SH', 'AH', 'N']","['med', 'ic', 'a', 'tion']",['medication'],0.3,1.41e-05,"[26, 7, 18, 3, 24, 9, 32, 3]"
vegetarian,"['V', 'EH', 'JH', 'AH', 'T', 'EH', 'R', 'IY', 'AH', 'N']","['ve', 'get', 'ari', 'an']",['vegetarian'],0.3,6.03e-06,"[35, 7, 23, 3, 33, 7, 30, 11]"
capability,"['K', 'EY', 'P', 'AH', 'B', 'IH', 'L', 'AH', 'T', 'IY']","['cap', 'ab', 'il', 'ity']",['capability'],0.3,1.17e-05,"[24, 9, 29, 3, 16, 10, 25, 3]"
literature,"['L', 'IH', 'T', 'ER', 'AH', 'CH', 'ER']","['lit', 'er', 'at', 'ure']",['literature'],0.3,4.17e-05,"[25, 10, 33, 8, 3, 17, 8, 0]"
expiration,"['EH', 'K', 'S', 'P', 'ER', 'EY', 'SH', 'AH', 'N']","['ex', 'pir', 'a', 'tion']",['expiration'],0.3,3.02e-06,"[7, 24, 31, 29, 8, 9, 32, 3]"
relatively,"['R', 'EH', 'L', 'AH', 'T', 'IH', 'V', 'L', 'IY']","['re', 'l', 'at', 'ively']",['relatively'],0.3,4.57e-05,"[30, 7, 25, 3, 33, 10, 35, 25]"
pittsburgh,"['P', 'IH', 'T', 'S', 'B', 'ER', 'G']","['pitt', 's', 'burgh']","['pit', 'tsburgh']",0.3,1.35e-05,"[29, 10, 33, 31, 16, 8, 21, 0]"
calculator,"['K', 'AE', 'L', 'K', 'Y', 'AH', 'L', 'EY', 'T', 'ER']","['cal', 'cu', 'lat', 'or']",['calculator'],0.3,3.63e-06,"[24, 2, 25, 24, 37, 3, 25, 9]"
biological,"['B', 'AY', 'AH', 'L', 'AA', 'JH', 'IH', 'K', 'AH', 'L']","['bio', 'lo', 'gic', 'al']",['biological'],0.3,2.04e-05,"[16, 6, 3, 25, 1, 23, 10, 24]"
initiative,"['IH', 'N', 'IH', 'SH', 'AH', 'T', 'IH', 'V']","['ini', 'ti', 'at', 'ive']",['initiative'],0.3,2.29e-05,"[10, 27, 10, 32, 3, 33, 10, 35]"
comparison,"['K', 'AH', 'M', 'P', 'EH', 'R', 'AH', 'S', 'AH', 'N']","['com', 'par', 'is', 'on']",['comparison'],0.3,3.24e-05,"[24, 3, 26, 29, 7, 30, 3, 31]"
contribute,"['K', 'AH', 'N', 'T', 'R', 'IH', 'B', 'Y', 'UW', 'T']","['con', 'trib', 'ute']","['cont', 'ribute']",0.3,2.19e-05,"[24, 3, 27, 33, 30, 10, 16, 37]"
regulatory,"['R', 'EH', 'G', 'Y', 'AH', 'L', 'AH', 'T', 'AO', 'R', 'IY']","['reg', 'u', 'lat', 'ory']",['regulatory'],0.3,1.7e-05,"[30, 7, 21, 37, 3, 25, 3, 33]"
particular,"['P', 'ER', 'T', 'IH', 'K', 'Y', 'AH', 'L', 'ER']","['par', 'tic', 'u', 'lar']",['particular'],0.3,0.0001,"[29, 8, 33, 10, 24, 37, 3, 25]"
repository,"['R', 'IY', 'P', 'AA', 'Z', 'AH', 'T', 'AO', 'R', 'IY']","['re', 'pos', 'it', 'ory']",['repository'],0.3,2.69e-06,"[30, 11, 29, 1, 38, 3, 33, 4]"
indonesian,"['IH', 'N', 'D', 'OW', 'N', 'IY', 'ZH', 'AH', 'N']","['in', 'done', 'sian']","['ind', 'onesian']",0.3,7.76e-06,"[10, 27, 18, 12, 27, 11, 39, 3]"
individual,"['IH', 'N', 'D', 'AH', 'V', 'IH', 'JH', 'AH', 'W', 'AH', 'L']","['in', 'di', 'vidu', 'al']",['individual'],0.3,0.0001,"[10, 27, 18, 3, 35, 10, 23, 3]"
decorative,"['D', 'EH', 'K', 'R', 'AH', 'T', 'IH', 'V']","['dec', 'or', 'at', 'ive']",['decorative'],0.3,6.31e-06,"[18, 7, 24, 30, 3, 33, 10, 35]"
introduces,"['IH', 'N', 'T', 'R', 'AH', 'D', 'UW', 'S', 'IH', 'Z']","['in', 'tro', 'duces']","['introdu', 'ces']",0.3,6.31e-06,"[10, 27, 33, 30, 3, 18, 15, 31]"
regulation,"['R', 'EH', 'G', 'Y', 'AH', 'L', 'EY', 'SH', 'AH', 'N']","['reg', 'u', 'la', 'tion']",['regulation'],0.3,2.4e-05,"[30, 7, 21, 37, 3, 25, 9, 32]"
antarctica,"['AE', 'N', 'T', 'AA', 'R', 'K', 'T', 'IH', 'K', 'AH']","['ant', 'arc', 'tica']","['antar', 'ctica']",0.3,3.39e-06,"[2, 27, 33, 1, 30, 24, 33, 10]"
internship,"['IH', 'N', 'T', 'ER', 'N', 'SH', 'IH', 'P']","['in', 'tern', 'ship']","['inter', 'nship']",0.3,4.07e-06,"[10, 27, 33, 8, 27, 32, 10, 29]"
provisions,"['P', 'R', 'AH', 'V', 'IH', 'ZH', 'AH', 'N', 'Z']","['pro', 'vi', 'sions']","['provision', 's']",0.3,1.32e-05,"[29, 30, 3, 35, 10, 39, 3, 27]"
connectors,"['K', 'AH', 'N', 'EH', 'K', 'T', 'ER', 'Z']","['con', 'nect', 'ors']","['conne', 'ctors']",0.3,1.48e-06,"[24, 3, 27, 7, 24, 33, 8, 38]"
identifier,"['AY', 'D', 'EH', 'N', 'T', 'AH', 'F', 'AY', 'ER']","['iden', 'ti', 'fi', 'er']",['identifier'],0.3,1.32e-06,"[6, 18, 7, 27, 33, 3, 20, 6]"
concerning,"['K', 'AH', 'N', 'S', 'ER', 'N', 'IH', 'NG']","['con', 'cern', 'ing']","['concer', 'ning']",0.3,2.04e-05,"[24, 3, 27, 31, 8, 27, 10, 28]"
psychiatry,"['S', 'AY', 'K', 'AY', 'AH', 'T', 'R', 'IY']","['psy', 'chi', 'atry']","['psychiat', 'ry']",0.3,3.63e-06,"[31, 6, 24, 6, 3, 33, 30, 11]"
analytical,"['AE', 'N', 'AH', 'L', 'IH', 'T', 'IH', 'K', 'AH', 'L']","['ana', 'lyt', 'ic', 'al']",['analytical'],0.3,5.37e-06,"[2, 27, 3, 25, 10, 33, 10, 24]"
technician,"['T', 'EH', 'K', 'N', 'IH', 'SH', 'AH', 'N']","['tech', 'ni', 'cian']","['technic', 'ian']",0.3,5.01e-06,"[33, 7, 24, 27, 10, 32, 3, 27]"
allocation,"['AE', 'L', 'AH', 'K', 'EY', 'SH', 'AH', 'N']","['al', 'loc', 'a', 'tion']",['allocation'],0.3,5.5e-06,"[2, 25, 3, 24, 9, 32, 3, 27]"
opposition,"['AA', 'P', 'AH', 'Z', 'IH', 'SH', 'AH', 'N']","['op', 'pos', 'i', 'tion']",['opposition'],0.3,3.72e-05,"[1, 29, 3, 38, 10, 32, 3, 27]"
holiday,"['HH', 'AA', 'L', 'AH', 'D', 'EY']","['hol', 'i', 'day']",['holiday'],0.2857142857142857,4.57e-05,"[22, 1, 25, 3, 18, 9, 0, 0]"
offense,"['AH', 'F', 'EH', 'N', 'S']","['of', 'fense']","['off', 'ense']",0.2857142857142857,1.82e-05,"[3, 20, 7, 27, 31, 0, 0, 0]"
dynamic,"['D', 'AY', 'N', 'AE', 'M', 'IH', 'K']","['dy', 'nam', 'ic']",['dynamic'],0.2857142857142857,2.04e-05,"[18, 6, 27, 2, 26, 10, 24, 0]"
warrior,"['W', 'AO', 'R', 'IY', 'ER']","['war', 'ri', 'or']",['warrior'],0.2857142857142857,1.45e-05,"[36, 4, 30, 11, 8, 0, 0, 0]"
novelty,"['N', 'AA', 'V', 'AH', 'L', 'T', 'IY']","['nov', 'elty']","['novel', 'ty']",0.2857142857142857,4.57e-06,"[27, 1, 35, 3, 25, 33, 11, 0]"
grenada,"['G', 'R', 'IH', 'N', 'EY', 'D', 'AH']","['gren', 'ada']","['gre', 'nada']",0.2857142857142857,1.05e-06,"[21, 30, 10, 27, 9, 18, 3, 0]"
andreas,"['AA', 'N', 'D', 'R', 'EY', 'AH', 'S']","['an', 'dreas']","['and', 'reas']",0.2857142857142857,3.02e-06,"[1, 27, 18, 30, 9, 3, 31, 0]"
erotica,"['IH', 'R', 'AA', 'T', 'IH', 'K', 'AH']","['erot', 'ica']","['ero', 'tica']",0.2857142857142857,1.05e-06,"[10, 30, 1, 33, 10, 24, 3, 0]"
affects,"['AH', 'F', 'EH', 'K', 'T', 'S']","['af', 'fects']","['aff', 'ects']",0.2857142857142857,1.45e-05,"[3, 20, 7, 24, 33, 31, 0, 0]"
tribute,"['T', 'R', 'IH', 'B', 'Y', 'UW', 'T']","['trib', 'ute']","['t', 'ribute']",0.2857142857142857,1.78e-05,"[33, 30, 10, 16, 37, 15, 33, 0]"
courier,"['K', 'ER', 'IY', 'ER']","['cour', 'i', 'er']",['courier'],0.2857142857142857,4.79e-06,"[24, 8, 11, 8, 0, 0, 0, 0]"
genesis,"['JH', 'EH', 'N', 'AH', 'S', 'AH', 'S']","['gen', 'es', 'is']",['genesis'],0.2857142857142857,7.08e-06,"[23, 7, 27, 3, 31, 3, 31, 0]"
representative,"['R', 'EH', 'P', 'R', 'AH', 'Z', 'EH', 'N', 'T', 'AH', 'T', 'IH', 'V']","['rep', 'res', 'ent', 'at', 'ive']",['representative'],0.2857142857142857,3.72e-05,"[30, 7, 29, 30, 3, 38, 7, 27]"
alleged,"['AH', 'L', 'EH', 'JH', 'D']","['al', 'leged']","['alleg', 'ed']",0.2857142857142857,2.34e-05,"[3, 25, 7, 23, 18, 0, 0, 0]"
radical,"['R', 'AE', 'D', 'AH', 'K', 'AH', 'L']","['rad', 'ic', 'al']",['radical'],0.2857142857142857,2.14e-05,"[30, 2, 18, 3, 24, 3, 25, 0]"
arrives,"['ER', 'AY', 'V', 'Z']","['ar', 'rives']","['arri', 'ves']",0.2857142857142857,1.29e-05,"[8, 6, 35, 38, 0, 0, 0, 0]"
mandate,"['M', 'AE', 'N', 'D', 'EY', 'T']","['man', 'date']","['mand', 'ate']",0.2857142857142857,9.33e-06,"[26, 2, 27, 18, 9, 33, 0, 0]"
wishing,"['W', 'IH', 'SH', 'IH', 'NG']","['wish', 'ing']","['w', 'ishing']",0.2857142857142857,8.71e-06,"[36, 10, 32, 10, 28, 0, 0, 0]"
jeffrey,"['JH', 'EH', 'F', 'R', 'IY']","['jef', 'frey']","['jeff', 'rey']",0.2857142857142857,7.94e-06,"[23, 7, 20, 30, 11, 0, 0, 0]"
barrier,"['B', 'AE', 'R', 'IY', 'ER']","['bar', 'ri', 'er']",['barrier'],0.2857142857142857,1.41e-05,"[16, 2, 30, 11, 8, 0, 0, 0]"
bahamas,"['B', 'AH', 'HH', 'AA', 'M', 'AH', 'Z']","['ba', 'hamas']","['baha', 'mas']",0.2857142857142857,3.39e-06,"[16, 3, 22, 1, 26, 3, 38, 0]"
nursery,"['N', 'ER', 'S', 'ER', 'IY']","['nurs', 'ery']","['nur', 'sery']",0.2857142857142857,7.76e-06,"[27, 8, 31, 8, 11, 0, 0, 0]"
editors,"['EH', 'D', 'IH', 'T', 'ER', 'Z']","['ed', 'it', 'ors']",['editors'],0.2857142857142857,1.1e-05,"[7, 18, 10, 33, 8, 38, 0, 0]"
poultry,"['P', 'OW', 'L', 'T', 'R', 'IY']",['poultry'],"['p', 'oul', 'try']",0.2857142857142857,3.47e-06,"[29, 12, 25, 33, 30, 11, 0, 0]"
configurations,"['K', 'AH', 'N', 'F', 'IH', 'G', 'Y', 'ER', 'EY', 'SH', 'AH', 'N', 'Z']","['con', 'fig', 'ur', 'a', 'tions']",['configurations'],0.2857142857142857,2.82e-06,"[24, 3, 27, 20, 10, 21, 37, 8]"
responsibility,"['R', 'IY', 'S', 'P', 'AA', 'N', 'S', 'AH', 'B', 'IH', 'L', 'AH', 'T', 'IY']","['re', 'spons', 'ib', 'il', 'ity']",['responsibility'],0.2857142857142857,5.62e-05,"[30, 11, 31, 29, 1, 27, 31, 3]"
dispute,"['D', 'IH', 'S', 'P', 'Y', 'UW', 'T']","['dis', 'pute']","['disp', 'ute']",0.2857142857142857,1.86e-05,"[18, 10, 31, 29, 37, 15, 33, 0]"
characteristic,"['K', 'EH', 'R', 'AH', 'K', 'T', 'ER', 'IH', 'S', 'T', 'IH', 'K']","['char', 'ac', 'ter', 'ist', 'ic']",['characteristic'],0.2857142857142857,9.33e-06,"[24, 7, 30, 3, 24, 33, 8, 10]"
footage,"['F', 'UH', 'T', 'IH', 'JH']","['foot', 'age']","['foo', 'tage']",0.2857142857142857,2.04e-05,"[20, 14, 33, 10, 23, 0, 0, 0]"
andrews,"['AE', 'N', 'D', 'R', 'UW', 'Z']","['an', 'drews']","['andre', 'ws']",0.2857142857142857,8.51e-06,"[2, 27, 18, 30, 15, 38, 0, 0]"
retreat,"['R', 'IY', 'T', 'R', 'IY', 'T']","['re', 'treat']","['ret', 'reat']",0.2857142857142857,1.35e-05,"[30, 11, 33, 30, 11, 33, 0, 0]"
ensures,"['EH', 'N', 'SH', 'UH', 'R', 'Z']","['en', 'sures']","['ens', 'ures']",0.2857142857142857,3.98e-06,"[7, 27, 32, 14, 30, 38, 0, 0]"
museums,"['M', 'Y', 'UW', 'Z', 'IY', 'AH', 'M', 'Z']","['mu', 'seums']","['muse', 'ums']",0.2857142857142857,7.76e-06,"[26, 37, 15, 38, 11, 3, 26, 38]"
creator,"['K', 'R', 'IY', 'EY', 'T', 'ER']","['cre', 'at', 'or']",['creator'],0.2857142857142857,1.62e-05,"[24, 30, 11, 9, 33, 8, 0, 0]"
logical,"['L', 'AA', 'JH', 'IH', 'K', 'AH', 'L']","['lo', 'gic', 'al']",['logical'],0.2857142857142857,1.38e-05,"[25, 1, 23, 10, 24, 3, 25, 0]"
customs,"['K', 'AH', 'S', 'T', 'AH', 'M', 'Z']","['cus', 'toms']","['custom', 's']",0.2857142857142857,1.55e-05,"[24, 3, 31, 33, 3, 26, 38, 0]"
pharmaceutical,"['F', 'AA', 'R', 'M', 'AH', 'S', 'UW', 'T', 'IH', 'K', 'AH', 'L']","['phar', 'ma', 'ceut', 'ic', 'al']",['pharmaceutical'],0.2857142857142857,7.94e-06,"[20, 1, 30, 26, 3, 31, 15, 33]"
develop,"['D', 'IH', 'V', 'EH', 'L', 'AH', 'P']","['de', 'vel', 'op']",['develop'],0.2857142857142857,5.62e-05,"[18, 10, 35, 7, 25, 3, 29, 0]"
mistake,"['M', 'IH', 'S', 'T', 'EY', 'K']","['mis', 'take']","['mist', 'ake']",0.2857142857142857,4.68e-05,"[26, 10, 31, 33, 9, 24, 0, 0]"
stadium,"['S', 'T', 'EY', 'D', 'IY', 'AH', 'M']","['sta', 'di', 'um']",['stadium'],0.2857142857142857,4.27e-05,"[31, 33, 9, 18, 11, 3, 26, 0]"
reveals,"['R', 'IH', 'V', 'IY', 'L', 'Z']","['re', 'veals']","['reve', 'als']",0.2857142857142857,2.19e-05,"[30, 10, 35, 11, 25, 38, 0, 0]"
sustainability,"['S', 'AH', 'S', 'T', 'EY', 'N', 'AH', 'B', 'IH', 'L', 'IH', 'T', 'IY']","['sus', 'tain', 'ab', 'il', 'ity']",['sustainability'],0.2857142857142857,5.89e-06,"[31, 3, 31, 33, 9, 27, 3, 16]"
concentrations,"['K', 'AA', 'N', 'S', 'AH', 'N', 'T', 'R', 'EY', 'SH', 'AH', 'N', 'Z']","['con', 'cen', 'tra', 'tions']","['concentr', 'ations']",0.2857142857142857,5.75e-06,"[24, 1, 27, 31, 3, 27, 33, 30]"
cheaper,"['CH', 'IY', 'P', 'ER']","['cheap', 'er']","['che', 'aper']",0.2857142857142857,1.66e-05,"[17, 11, 29, 8, 0, 0, 0, 0]"
decades,"['D', 'EH', 'K', 'EY', 'D', 'Z']","['dec', 'ades']","['de', 'cades']",0.2857142857142857,3.8e-05,"[18, 7, 24, 9, 18, 38, 0, 0]"
examine,"['IH', 'G', 'Z', 'AE', 'M', 'IH', 'N']","['ex', 'am', 'ine']",['examine'],0.2857142857142857,1.51e-05,"[10, 21, 38, 2, 26, 10, 27, 0]"
bristol,"['B', 'R', 'IH', 'S', 'T', 'AH', 'L']","['bris', 'tol']","['b', 'ristol']",0.2857142857142857,1.07e-05,"[16, 30, 10, 31, 33, 3, 25, 0]"
georgia,"['JH', 'AO', 'R', 'JH', 'AH']","['geor', 'gia']","['georg', 'ia']",0.2857142857142857,2.88e-05,"[23, 4, 30, 23, 3, 0, 0, 0]"
funeral,"['F', 'Y', 'UW', 'N', 'ER', 'AH', 'L']","['fu', 'ner', 'al']",['funeral'],0.2857142857142857,2.34e-05,"[20, 37, 15, 27, 8, 3, 25, 0]"
croatia,"['K', 'R', 'OW', 'EY', 'SH', 'AH']","['croa', 'tia']","['cro', 'atia']",0.2857142857142857,5.5e-06,"[24, 30, 12, 9, 32, 3, 0, 0]"
mineral,"['M', 'IH', 'N', 'ER', 'AH', 'L']","['min', 'er', 'al']",['mineral'],0.2857142857142857,1.07e-05,"[26, 10, 27, 8, 3, 25, 0, 0]"
discrimination,"['D', 'IH', 'S', 'K', 'R', 'IH', 'M', 'AH', 'N', 'EY', 'SH', 'AH', 'N']","['dis', 'crim', 'in', 'a', 'tion']",['discrimination'],0.2857142857142857,2.04e-05,"[18, 10, 31, 24, 30, 10, 26, 3]"
minimum,"['M', 'IH', 'N', 'AH', 'M', 'AH', 'M']","['min', 'im', 'um']",['minimum'],0.2857142857142857,4.9e-05,"[26, 10, 27, 3, 26, 3, 26, 0]"
similar,"['S', 'IH', 'M', 'AH', 'L', 'ER']","['sim', 'il', 'ar']",['similar'],0.2857142857142857,0.000162,"[31, 10, 26, 3, 25, 8, 0, 0]"
ethical,"['EH', 'TH', 'AH', 'K', 'AH', 'L']","['eth', 'ic', 'al']",['ethical'],0.2857142857142857,1.17e-05,"[7, 34, 3, 24, 3, 25, 0, 0]"
medical,"['M', 'EH', 'D', 'AH', 'K', 'AH', 'L']","['med', 'ic', 'al']",['medical'],0.2857142857142857,0.000145,"[26, 7, 18, 3, 24, 3, 25, 0]"
authentication,"['AO', 'TH', 'EH', 'N', 'T', 'AH', 'K', 'EY', 'SH', 'AH', 'N']","['au', 'then', 'tic', 'a', 'tion']",['authentication'],0.2857142857142857,2.24e-06,"[4, 34, 7, 27, 33, 3, 24, 9]"
animals,"['AE', 'N', 'AH', 'M', 'AH', 'L', 'Z']","['an', 'im', 'als']",['animals'],0.2857142857142857,6.92e-05,"[2, 27, 3, 26, 3, 25, 38, 0]"
locator,"['L', 'OW', 'K', 'EY', 'T', 'ER']","['loc', 'at', 'or']",['locator'],0.2857142857142857,1.07e-06,"[25, 12, 24, 9, 33, 8, 0, 0]"
enjoyed,"['EH', 'N', 'JH', 'OY', 'D']","['en', 'joyed']","['enjoy', 'ed']",0.2857142857142857,3.89e-05,"[7, 27, 23, 13, 18, 0, 0, 0]"
adapted,"['AH', 'D', 'AE', 'P', 'T', 'AH', 'D']","['ad', 'ap', 'ted']",['adapted'],0.2857142857142857,1.48e-05,"[3, 18, 2, 29, 33, 3, 18, 0]"
estates,"['IH', 'S', 'T', 'EY', 'T', 'S']","['es', 'tates']","['est', 'ates']",0.2857142857142857,7.59e-06,"[10, 31, 33, 9, 33, 31, 0, 0]"
modular,"['M', 'AA', 'JH', 'AH', 'L', 'ER']","['mod', 'u', 'lar']",['modular'],0.2857142857142857,3.24e-06,"[26, 1, 23, 3, 25, 8, 0, 0]"
jamaica,"['JH', 'AH', 'M', 'EY', 'K', 'AH']","['ja', 'maica']","['jama', 'ica']",0.2857142857142857,8.32e-06,"[23, 3, 26, 9, 24, 3, 0, 0]"
maximum,"['M', 'AE', 'K', 'S', 'AH', 'M', 'AH', 'M']","['max', 'im', 'um']",['maximum'],0.2857142857142857,3.98e-05,"[26, 2, 24, 31, 3, 26, 3, 26]"
violent,"['V', 'AY', 'AH', 'L', 'AH', 'N', 'T']","['vi', 'ol', 'ent']",['violent'],0.2857142857142857,2.88e-05,"[35, 6, 3, 25, 3, 27, 33, 0]"
seniors,"['S', 'IY', 'N', 'Y', 'ER', 'Z']","['seni', 'ors']","['sen', 'iors']",0.2857142857142857,7.59e-06,"[31, 11, 27, 37, 8, 38, 0, 0]"
typical,"['T', 'IH', 'P', 'AH', 'K', 'AH', 'L']","['typ', 'ic', 'al']",['typical'],0.2857142857142857,3.89e-05,"[33, 10, 29, 3, 24, 3, 25, 0]"
illegal,"['IH', 'L', 'IY', 'G', 'AH', 'L']","['il', 'leg', 'al']",['illegal'],0.2857142857142857,4.79e-05,"[10, 25, 11, 21, 3, 25, 0, 0]"
tonight,"['T', 'AH', 'N', 'AY', 'T']","['to', 'night']","['ton', 'ight']",0.2857142857142857,0.000107,"[33, 3, 27, 6, 33, 0, 0, 0]"
resorts,"['R', 'IH', 'Z', 'AO', 'R', 'T', 'S']","['re', 'sorts']","['res', 'orts']",0.2857142857142857,5.62e-06,"[30, 10, 38, 4, 30, 33, 31, 0]"
lending,"['L', 'EH', 'N', 'D', 'IH', 'NG']","['lend', 'ing']","['l', 'ending']",0.2857142857142857,7.41e-06,"[25, 7, 27, 18, 10, 28, 0, 0]"
federal,"['F', 'EH', 'D', 'ER', 'AH', 'L']","['fed', 'er', 'al']",['federal'],0.2857142857142857,0.000135,"[20, 7, 18, 8, 3, 25, 0, 0]"
implied,"['IH', 'M', 'P', 'L', 'AY', 'D']","['im', 'plied']","['imp', 'lied']",0.2857142857142857,8.51e-06,"[10, 26, 29, 25, 6, 18, 0, 0]"
identification,"['AY', 'D', 'EH', 'N', 'T', 'AH', 'F', 'AH', 'K', 'EY', 'SH', 'AH', 'N']","['iden', 'ti', 'fic', 'a', 'tion']",['identification'],0.2857142857142857,1.51e-05,"[6, 18, 7, 27, 33, 3, 20, 3]"
stating,"['S', 'T', 'EY', 'T', 'IH', 'NG']","['stat', 'ing']","['st', 'ating']",0.2857142857142857,1.41e-05,"[31, 33, 9, 33, 10, 28, 0, 0]"
welding,"['W', 'EH', 'L', 'D', 'IH', 'NG']","['weld', 'ing']","['wel', 'ding']",0.2857142857142857,3.47e-06,"[36, 7, 25, 18, 10, 28, 0, 0]"
possess,"['P', 'AH', 'Z', 'EH', 'S']","['pos', 'sess']","['poss', 'ess']",0.2857142857142857,1.05e-05,"[29, 3, 38, 7, 31, 0, 0, 0]"
antonio,"['AE', 'N', 'T', 'OW', 'N', 'IY', 'OW']","['ant', 'o', 'nio']",['antonio'],0.2857142857142857,1.48e-05,"[2, 27, 33, 12, 27, 11, 12, 0]"
nuclear,"['N', 'UW', 'K', 'L', 'IY', 'ER']","['nuc', 'le', 'ar']",['nuclear'],0.2857142857142857,5.37e-05,"[27, 15, 24, 25, 11, 8, 0, 0]"
britain,"['B', 'R', 'IH', 'T', 'AH', 'N']","['bri', 'tain']","['brit', 'ain']",0.2857142857142857,5.25e-05,"[16, 30, 10, 33, 3, 27, 0, 0]"
deliver,"['D', 'IH', 'L', 'IH', 'V', 'ER']","['de', 'liv', 'er']",['deliver'],0.2857142857142857,3.55e-05,"[18, 10, 25, 10, 35, 8, 0, 0]"
carrier,"['K', 'AE', 'R', 'IY', 'ER']","['car', 'ri', 'er']",['carrier'],0.2857142857142857,1.95e-05,"[24, 2, 30, 11, 8, 0, 0, 0]"
visitor,"['V', 'IH', 'Z', 'AH', 'T', 'ER']","['vis', 'it', 'or']",['visitor'],0.2857142857142857,1.02e-05,"[35, 10, 38, 3, 33, 8, 0, 0]"
classification,"['K', 'L', 'AE', 'S', 'AH', 'F', 'AH', 'K', 'EY', 'SH', 'AH', 'N']","['clas', 'si', 'fic', 'a', 'tion']",['classification'],0.2857142857142857,1.51e-05,"[24, 25, 2, 31, 3, 20, 3, 24]"
tablets,"['T', 'AE', 'B', 'L', 'AH', 'T', 'S']","['tab', 'lets']","['table', 'ts']",0.2857142857142857,8.13e-06,"[33, 2, 16, 25, 3, 33, 31, 0]"
spencer,"['S', 'P', 'EH', 'N', 'S', 'ER']","['spen', 'cer']","['sp', 'encer']",0.2857142857142857,1.17e-05,"[31, 29, 7, 27, 31, 8, 0, 0]"
royalty,"['R', 'OY', 'AH', 'L', 'T', 'IY']","['roy', 'alty']","['royal', 'ty']",0.2857142857142857,6.31e-06,"[30, 13, 3, 25, 33, 11, 0, 0]"
heather,"['HH', 'EH', 'DH', 'ER']","['heath', 'er']","['he', 'ather']",0.2857142857142857,7.41e-06,"[22, 7, 19, 8, 0, 0, 0, 0]"
focuses,"['F', 'OW', 'K', 'AH', 'S', 'IH', 'Z']","['fo', 'cuses']","['focus', 'es']",0.2857142857142857,1.2e-05,"[20, 12, 24, 3, 31, 10, 38, 0]"
justify,"['JH', 'AH', 'S', 'T', 'AH', 'F', 'AY']","['jus', 'ti', 'fy']",['justify'],0.2857142857142857,1.38e-05,"[23, 3, 31, 33, 3, 20, 6, 0]"
general,"['JH', 'EH', 'N', 'ER', 'AH', 'L']","['gen', 'er', 'al']",['general'],0.2857142857142857,0.000295,"[23, 7, 27, 8, 3, 25, 0, 0]"
musical,"['M', 'Y', 'UW', 'Z', 'IH', 'K', 'AH', 'L']","['mu', 'sic', 'al']",['musical'],0.2857142857142857,3.24e-05,"[26, 37, 15, 38, 10, 24, 3, 25]"
shopper,"['SH', 'AA', 'P', 'ER']","['shop', 'per']","['sho', 'pper']",0.2857142857142857,1.55e-06,"[32, 1, 29, 8, 0, 0, 0, 0]"
divorce,"['D', 'IH', 'V', 'AO', 'R', 'S']","['di', 'vorce']","['div', 'orce']",0.2857142857142857,2.29e-05,"[18, 10, 35, 4, 30, 31, 0, 0]"
sucking,"['S', 'AH', 'K', 'IH', 'NG']","['suck', 'ing']","['su', 'cking']",0.2857142857142857,7.59e-06,"[31, 3, 24, 10, 28, 0, 0, 0]"
optimal,"['AA', 'P', 'T', 'AH', 'M', 'AH', 'L']","['op', 'tim', 'al']",['optimal'],0.2857142857142857,8.71e-06,"[1, 29, 33, 3, 26, 3, 25, 0]"
implementation,"['IH', 'M', 'P', 'L', 'AH', 'M', 'EH', 'N', 'T', 'EY', 'SH', 'AH', 'N']","['im', 'ple', 'ment', 'a', 'tion']",['implementation'],0.2857142857142857,2.04e-05,"[10, 26, 29, 25, 3, 26, 7, 27]"
benefit,"['B', 'EH', 'N', 'AH', 'F', 'IH', 'T']","['be', 'ne', 'fit']",['benefit'],0.2857142857142857,6.61e-05,"[16, 7, 27, 3, 20, 10, 33, 0]"
damages,"['D', 'AE', 'M', 'AH', 'JH', 'AH', 'Z']","['dam', 'ages']","['da', 'mages']",0.2857142857142857,1.35e-05,"[18, 2, 26, 3, 23, 3, 38, 0]"
rehabilitation,"['R', 'IY', 'HH', 'AH', 'B', 'IH', 'L', 'AH', 'T', 'EY', 'SH', 'AH', 'N']","['re', 'hab', 'il', 'it', 'a', 'tion']","['re', 'habilitation']",0.2857142857142857,9.77e-06,"[30, 11, 22, 3, 16, 10, 25, 3]"
acrylic,"['AH', 'K', 'R', 'IH', 'L', 'IH', 'K']","['ac', 'ryl', 'ic']",['acrylic'],0.2857142857142857,2.63e-06,"[3, 24, 30, 10, 25, 10, 24, 0]"
october,"['AA', 'K', 'T', 'OW', 'B', 'ER']","['oc', 'to', 'ber']",['october'],0.2857142857142857,0.000129,"[1, 24, 33, 12, 16, 8, 0, 0]"
shannon,"['SH', 'AE', 'N', 'AH', 'N']","['shan', 'non']","['sh', 'annon']",0.2857142857142857,5.75e-06,"[32, 2, 27, 3, 27, 0, 0, 0]"
broader,"['B', 'R', 'AO', 'D', 'ER']","['broad', 'er']","['bro', 'ader']",0.2857142857142857,1.02e-05,"[16, 30, 4, 18, 8, 0, 0, 0]"
monitor,"['M', 'AA', 'N', 'AH', 'T', 'ER']","['mon', 'it', 'or']",['monitor'],0.2857142857142857,2.34e-05,"[26, 1, 27, 3, 33, 8, 0, 0]"
russian,"['R', 'AH', 'SH', 'AH', 'N']","['rus', 'si', 'an']",['russian'],0.2857142857142857,0.000102,"[30, 3, 32, 3, 27, 0, 0, 0]"
tobacco,"['T', 'AH', 'B', 'AE', 'K', 'OW']","['to', 'bacco']","['tob', 'acco']",0.2857142857142857,1.55e-05,"[33, 3, 16, 2, 24, 12, 0, 0]"
hitachi,"['HH', 'IH', 'T', 'AA', 'CH', 'IY']","['hita', 'chi']","['hit', 'achi']",0.2857142857142857,1e-06,"[22, 10, 33, 1, 17, 11, 0, 0]"
vitamin,"['V', 'AY', 'T', 'AH', 'M', 'AH', 'N']","['vit', 'am', 'in']",['vitamin'],0.2857142857142857,1.02e-05,"[35, 6, 33, 3, 26, 3, 27, 0]"
boating,"['B', 'OW', 'T', 'IH', 'NG']","['boat', 'ing']","['bo', 'ating']",0.2857142857142857,2.14e-06,"[16, 12, 33, 10, 28, 0, 0, 0]"
elegant,"['EH', 'L', 'AH', 'G', 'AH', 'N', 'T']","['el', 'eg', 'ant']",['elegant'],0.2857142857142857,8.91e-06,"[7, 25, 3, 21, 3, 27, 33, 0]"
renewal,"['R', 'IH', 'N', 'UW', 'AH', 'L']","['re', 'new', 'al']",['renewal'],0.2857142857142857,6.92e-06,"[30, 10, 27, 15, 3, 25, 0, 0]"
assault,"['AH', 'S', 'AO', 'L', 'T']","['as', 'sault']","['ass', 'ault']",0.2857142857142857,2.75e-05,"[3, 31, 4, 25, 33, 0, 0, 0]"
regular,"['R', 'EH', 'G', 'Y', 'AH', 'L', 'ER']","['reg', 'u', 'lar']",['regular'],0.2857142857142857,8.91e-05,"[30, 7, 21, 37, 3, 25, 8, 0]"
pioneer,"['P', 'AY', 'AH', 'N', 'IH', 'R']","['pi', 'on', 'eer']",['pioneer'],0.2857142857142857,8.13e-06,"[29, 6, 3, 27, 10, 30, 0, 0]"
hungary,"['HH', 'AH', 'NG', 'G', 'ER', 'IY']","['hun', 'gary']","['hung', 'ary']",0.2857142857142857,8.13e-06,"[22, 3, 28, 21, 8, 11, 0, 0]"
ambient,"['AE', 'M', 'B', 'IY', 'AH', 'N', 'T']","['am', 'bi', 'ent']",['ambient'],0.2857142857142857,4.17e-06,"[2, 26, 16, 11, 3, 27, 33, 0]"
utilize,"['Y', 'UW', 'T', 'AH', 'L', 'AY', 'Z']","['util', 'ize']","['uti', 'lize']",0.2857142857142857,5.62e-06,"[37, 15, 33, 3, 25, 6, 38, 0]"
pockets,"['P', 'AA', 'K', 'AH', 'T', 'S']","['pock', 'ets']","['po', 'ckets']",0.2857142857142857,1.2e-05,"[29, 1, 24, 3, 33, 31, 0, 0]"
another,"['AH', 'N', 'AH', 'DH', 'ER']","['an', 'oth', 'er']",['another'],0.2857142857142857,0.00055,"[3, 27, 3, 19, 8, 0, 0, 0]"
popular,"['P', 'AA', 'P', 'Y', 'AH', 'L', 'ER']","['pop', 'u', 'lar']",['popular'],0.2857142857142857,0.000117,"[29, 1, 29, 37, 3, 25, 8, 0]"
william,"['W', 'IH', 'L', 'Y', 'AH', 'M']","['wil', 'li', 'am']",['william'],0.2857142857142857,7.59e-05,"[36, 10, 25, 37, 3, 26, 0, 0]"
critics,"['K', 'R', 'IH', 'T', 'IH', 'K', 'S']","['crit', 'ics']","['cri', 'tics']",0.2857142857142857,2.45e-05,"[24, 30, 10, 33, 10, 24, 31, 0]"
mexican,"['M', 'EH', 'K', 'S', 'AH', 'K', 'AH', 'N']","['mex', 'ic', 'an']",['mexican'],0.2857142857142857,2.57e-05,"[26, 7, 24, 31, 3, 24, 3, 27]"
clinton,"['K', 'L', 'IH', 'N', 'T', 'AH', 'N']","['clin', 'ton']","['cl', 'inton']",0.2857142857142857,3.72e-05,"[24, 25, 10, 27, 33, 3, 27, 0]"
studios,"['S', 'T', 'UW', 'D', 'IY', 'OW', 'Z']","['stu', 'di', 'os']",['studios'],0.2857142857142857,1.26e-05,"[31, 33, 15, 18, 11, 12, 38, 0]"
assumes,"['AH', 'S', 'UW', 'M', 'Z']","['as', 'sumes']","['ass', 'umes']",0.2857142857142857,6.03e-06,"[3, 31, 15, 26, 38, 0, 0, 0]"
aquatic,"['AH', 'K', 'W', 'AA', 'T', 'IH', 'K']","['aquat', 'ic']","['aqu', 'atic']",0.2857142857142857,4.17e-06,"[3, 24, 36, 1, 33, 10, 24, 0]"
manuals,"['M', 'AE', 'N', 'Y', 'UW', 'AH', 'L', 'Z']","['manu', 'als']","['manual', 's']",0.2857142857142857,2.4e-06,"[26, 2, 27, 37, 15, 3, 25, 38]"
reuters,"['R', 'OY', 'T', 'ER', 'Z']","['re', 'u', 'ters']",['reuters'],0.2857142857142857,7.41e-06,"[30, 13, 33, 8, 38, 0, 0, 0]"
shorter,"['SH', 'AO', 'R', 'T', 'ER']","['short', 'er']","['sh', 'orter']",0.2857142857142857,1.66e-05,"[32, 4, 30, 33, 8, 0, 0, 0]"
tactics,"['T', 'AE', 'K', 'T', 'IH', 'K', 'S']","['tac', 'tics']","['ta', 'ctics']",0.2857142857142857,1.48e-05,"[33, 2, 24, 33, 10, 24, 31, 0]"
awarded,"['AH', 'W', 'AO', 'R', 'D', 'AH', 'D']","['awar', 'ded']","['aw', 'arded']",0.2857142857142857,2.24e-05,"[3, 36, 4, 30, 18, 3, 18, 0]"
rebates,"['R', 'IY', 'B', 'EY', 'T', 'S']","['re', 'bates']","['reb', 'ates']",0.2857142857142857,1.51e-06,"[30, 11, 16, 9, 33, 31, 0, 0]"
numeric,"['N', 'UW', 'M', 'EH', 'R', 'IH', 'K']","['nu', 'mer', 'ic']",['numeric'],0.2857142857142857,1.02e-06,"[27, 15, 26, 7, 30, 10, 24, 0]"
skating,"['S', 'K', 'EY', 'T', 'IH', 'NG']","['skat', 'ing']","['sk', 'ating']",0.2857142857142857,6.92e-06,"[31, 24, 9, 33, 10, 28, 0, 0]"
andorra,"['AE', 'N', 'D', 'AO', 'R', 'AH']","['an', 'dorra']","['and', 'orra']",0.2857142857142857,4.9e-07,"[2, 27, 18, 4, 30, 3, 0, 0]"
tragedy,"['T', 'R', 'AE', 'JH', 'AH', 'D', 'IY']",['tragedy'],"['tra', 'ged', 'y']",0.2857142857142857,1.38e-05,"[33, 30, 2, 23, 3, 18, 11, 0]"
seating,"['S', 'IY', 'T', 'IH', 'NG']","['seat', 'ing']","['se', 'ating']",0.2857142857142857,5.89e-06,"[31, 11, 33, 10, 28, 0, 0, 0]"
simultaneously,"['S', 'AY', 'M', 'AH', 'L', 'T', 'EY', 'N', 'IY', 'AH', 'S', 'L', 'IY']","['sim', 'ul', 'tan', 'eously']","['simult', 'aneously']",0.2857142857142857,1.48e-05,"[31, 6, 26, 3, 25, 33, 9, 27]"
custody,"['K', 'AH', 'S', 'T', 'AH', 'D', 'IY']","['cus', 'tody']","['cust', 'ody']",0.2857142857142857,1.66e-05,"[24, 3, 31, 33, 3, 18, 11, 0]"
deposit,"['D', 'AH', 'P', 'AA', 'Z', 'IH', 'T']","['de', 'pos', 'it']",['deposit'],0.2857142857142857,1.74e-05,"[18, 3, 29, 1, 38, 10, 33, 0]"
seminar,"['S', 'EH', 'M', 'AH', 'N', 'AA', 'R']","['sem', 'in', 'ar']",['seminar'],0.2857142857142857,5.89e-06,"[31, 7, 26, 3, 27, 1, 30, 0]"
solomon,"['S', 'AA', 'L', 'AH', 'M', 'AH', 'N']","['so', 'lomon']","['sol', 'omon']",0.2857142857142857,6.46e-06,"[31, 1, 25, 3, 26, 3, 27, 0]"
capital,"['K', 'AE', 'P', 'AH', 'T', 'AH', 'L']","['cap', 'it', 'al']",['capital'],0.2857142857142857,0.000102,"[24, 2, 29, 3, 33, 3, 25, 0]"
administrative,"['AH', 'D', 'M', 'IH', 'N', 'AH', 'S', 'T', 'R', 'EY', 'T', 'IH', 'V']","['ad', 'min', 'is', 'trat', 'ive']",['administrative'],0.2857142857142857,2.82e-05,"[3, 18, 26, 10, 27, 3, 31, 33]"
embassy,"['EH', 'M', 'B', 'AH', 'S', 'IY']","['em', 'bassy']","['emb', 'assy']",0.2857142857142857,1.35e-05,"[7, 26, 16, 3, 31, 11, 0, 0]"
horizon,"['HH', 'ER', 'AY', 'Z', 'AH', 'N']","['ho', 'ri', 'zon']",['horizon'],0.2857142857142857,1.17e-05,"[22, 8, 6, 38, 3, 27, 0, 0]"
leonard,"['L', 'EH', 'N', 'ER', 'D']","['le', 'onard']","['leon', 'ard']",0.2857142857142857,1.02e-05,"[25, 7, 27, 8, 18, 0, 0, 0]"
affairs,"['AH', 'F', 'EH', 'R', 'Z']","['af', 'fairs']","['aff', 'airs']",0.2857142857142857,4.68e-05,"[3, 20, 7, 30, 38, 0, 0, 0]"
applies,"['AH', 'P', 'L', 'AY', 'Z']","['ap', 'plies']","['app', 'lies']",0.2857142857142857,1.7e-05,"[3, 29, 25, 6, 38, 0, 0, 0]"
average,"['AE', 'V', 'ER', 'IH', 'JH']","['av', 'er', 'age']",['average'],0.2857142857142857,0.000145,"[2, 35, 8, 10, 23, 0, 0, 0]"
advertisements,"['AE', 'D', 'V', 'ER', 'T', 'AY', 'Z', 'M', 'AH', 'N', 'T', 'S']","['ad', 'vert', 'ise', 'ments']","['adverti', 'sements']",0.2857142857142857,5.62e-06,"[2, 18, 35, 8, 33, 6, 38, 26]"
beneath,"['B', 'IH', 'N', 'IY', 'TH']","['be', 'neath']","['bene', 'ath']",0.2857142857142857,1.74e-05,"[16, 10, 27, 11, 34, 0, 0, 0]"
representation,"['R', 'EH', 'P', 'R', 'AH', 'Z', 'EH', 'N', 'T', 'EY', 'SH', 'AH', 'N']","['rep', 'res', 'ent', 'a', 'tion']",['representation'],0.2857142857142857,2.19e-05,"[30, 7, 29, 30, 3, 38, 7, 27]"
serious,"['S', 'IH', 'R', 'IY', 'AH', 'S']","['ser', 'i', 'ous']",['serious'],0.2857142857142857,0.000126,"[31, 10, 30, 11, 3, 31, 0, 0]"
casinos,"['K', 'AH', 'S', 'IY', 'N', 'OW', 'Z']","['casi', 'nos']","['cas', 'inos']",0.2857142857142857,2.95e-06,"[24, 3, 31, 11, 27, 12, 38, 0]"
emerald,"['EH', 'M', 'R', 'AH', 'L', 'D']","['em', 'er', 'ald']",['emerald'],0.2857142857142857,3.98e-06,"[7, 26, 30, 3, 25, 18, 0, 0]"
digital,"['D', 'IH', 'JH', 'AH', 'T', 'AH', 'L']","['di', 'git', 'al']",['digital'],0.2857142857142857,6.76e-05,"[18, 10, 23, 3, 33, 3, 25, 0]"
trustee,"['T', 'R', 'AH', 'S', 'T', 'IY']","['trust', 'ee']","['trus', 'tee']",0.2857142857142857,4.79e-06,"[33, 30, 3, 31, 33, 11, 0, 0]"
stomach,"['S', 'T', 'AH', 'M', 'AH', 'K']","['stom', 'ach']","['sto', 'mach']",0.2857142857142857,2.63e-05,"[31, 33, 3, 26, 3, 24, 0, 0]"
interpretation,"['IH', 'N', 'T', 'ER', 'P', 'R', 'IH', 'T', 'EY', 'SH', 'AH', 'N']","['in', 'ter', 'pret', 'a', 'tion']",['interpretation'],0.2857142857142857,1.66e-05,"[10, 27, 33, 8, 29, 30, 10, 33]"
amateur,"['AE', 'M', 'AH', 'T', 'ER']","['am', 'a', 'teur']",['amateur'],0.2857142857142857,1.66e-05,"[2, 26, 3, 33, 8, 0, 0, 0]"
cameras,"['K', 'AE', 'M', 'ER', 'AH', 'Z']","['cam', 'er', 'as']",['cameras'],0.2857142857142857,2.19e-05,"[24, 2, 26, 8, 3, 38, 0, 0]"
liberal,"['L', 'IH', 'B', 'ER', 'AH', 'L']","['lib', 'er', 'al']",['liberal'],0.2857142857142857,4.57e-05,"[25, 10, 16, 8, 3, 25, 0, 0]"
arizona,"['EH', 'R', 'IH', 'Z', 'OW', 'N', 'AH']","['ari', 'zona']","['ariz', 'ona']",0.2857142857142857,2.4e-05,"[7, 30, 10, 38, 12, 27, 3, 0]"
hobbies,"['HH', 'AA', 'B', 'IY', 'Z']","['hob', 'bies']","['ho', 'bbies']",0.2857142857142857,3.72e-06,"[22, 1, 16, 11, 38, 0, 0, 0]"
wyoming,"['W', 'AY', 'OW', 'M', 'IH', 'NG']","['wyom', 'ing']","['wy', 'oming']",0.2857142857142857,6.03e-06,"[36, 6, 12, 26, 10, 28, 0, 0]"
cabinet,"['K', 'AE', 'B', 'AH', 'N', 'AH', 'T']","['cab', 'in', 'et']",['cabinet'],0.2857142857142857,3.09e-05,"[24, 2, 16, 3, 27, 3, 33, 0]"
genetic,"['JH', 'AH', 'N', 'EH', 'T', 'IH', 'K']","['ge', 'net', 'ic']",['genetic'],0.2857142857142857,2.19e-05,"[23, 3, 27, 7, 33, 10, 24, 0]"
stewart,"['S', 'T', 'UW', 'ER', 'T']","['stew', 'art']","['ste', 'wart']",0.2857142857142857,1.78e-05,"[31, 33, 15, 8, 33, 0, 0, 0]"
several,"['S', 'EH', 'V', 'R', 'AH', 'L']","['sev', 'er', 'al']",['several'],0.2857142857142857,0.000245,"[31, 7, 35, 30, 3, 25, 0, 0]"
armenia,"['AA', 'R', 'M', 'IY', 'N', 'IY', 'AH']","['ar', 'menia']","['armen', 'ia']",0.2857142857142857,3.63e-06,"[1, 30, 26, 11, 27, 11, 3, 0]"
obvious,"['AA', 'B', 'V', 'IY', 'AH', 'S']","['ob', 'vi', 'ous']",['obvious'],0.2857142857142857,4.27e-05,"[1, 16, 35, 11, 3, 31, 0, 0]"
magical,"['M', 'AE', 'JH', 'IH', 'K', 'AH', 'L']","['ma', 'gic', 'al']",['magical'],0.2857142857142857,1.66e-05,"[26, 2, 23, 10, 24, 3, 25, 0]"
calcium,"['K', 'AE', 'L', 'S', 'IY', 'AH', 'M']","['cal', 'ci', 'um']",['calcium'],0.2857142857142857,6.61e-06,"[24, 2, 25, 31, 11, 3, 26, 0]"
iceland,"['AY', 'S', 'L', 'AH', 'N', 'D']","['ice', 'land']","['ic', 'eland']",0.2857142857142857,6.17e-06,"[6, 31, 25, 3, 27, 18, 0, 0]"
communications,"['K', 'AH', 'M', 'Y', 'UW', 'N', 'AH', 'K', 'EY', 'SH', 'AH', 'N', 'Z']","['com', 'mu', 'nic', 'a', 'tions']",['communications'],0.2857142857142857,3.89e-05,"[24, 3, 26, 37, 15, 27, 3, 24]"
ongoing,"['AA', 'N', 'G', 'OW', 'IH', 'NG']","['on', 'go', 'ing']",['ongoing'],0.2857142857142857,2.09e-05,"[1, 27, 21, 12, 10, 28, 0, 0]"
vietnam,"['V', 'IY', 'EH', 'T', 'N', 'AA', 'M']","['vi', 'et', 'nam']",['vietnam'],0.2857142857142857,2.04e-05,"[35, 11, 7, 33, 27, 1, 26, 0]"
operate,"['AA', 'P', 'ER', 'EY', 'T']","['op', 'er', 'ate']",['operate'],0.2857142857142857,3.16e-05,"[1, 29, 8, 9, 33, 0, 0, 0]"
belarus,"['B', 'EH', 'L', 'AA', 'R', 'AH', 'S']","['be', 'larus']","['bel', 'arus']",0.2857142857142857,2.88e-06,"[16, 7, 25, 1, 30, 3, 31, 0]"
natural,"['N', 'AE', 'CH', 'ER', 'AH', 'L']","['nat', 'ur', 'al']",['natural'],0.2857142857142857,0.000129,"[27, 2, 17, 8, 3, 25, 0, 0]"
guitars,"['G', 'IH', 'T', 'AA', 'R', 'Z']","['gui', 'tars']","['gu', 'itars']",0.2857142857142857,4.47e-06,"[21, 10, 33, 1, 30, 38, 0, 0]"
senegal,"['S', 'EH', 'N', 'AH', 'G', 'AO', 'L']","['seneg', 'al']","['s', 'enegal']",0.2857142857142857,2.4e-06,"[31, 7, 27, 3, 21, 4, 25, 0]"
refused,"['R', 'AH', 'F', 'Y', 'UW', 'Z', 'D']","['re', 'fused']","['ref', 'used']",0.2857142857142857,3.47e-05,"[30, 3, 20, 37, 15, 38, 18, 0]"
silicon,"['S', 'IH', 'L', 'AH', 'K', 'AH', 'N']","['sil', 'ic', 'on']",['silicon'],0.2857142857142857,1e-05,"[31, 10, 25, 3, 24, 3, 27, 0]"
morocco,"['M', 'ER', 'AA', 'K', 'OW']","['mo', 'rocco']","['mor', 'occo']",0.2857142857142857,6.31e-06,"[26, 8, 1, 24, 12, 0, 0, 0]"
defects,"['D', 'IY', 'F', 'EH', 'K', 'T', 'S']","['de', 'fects']","['def', 'ects']",0.2857142857142857,5.89e-06,"[18, 11, 20, 7, 24, 33, 31, 0]"
society,"['S', 'AH', 'S', 'AY', 'AH', 'T', 'IY']","['so', 'ci', 'ety']",['society'],0.2857142857142857,0.000148,"[31, 3, 31, 6, 3, 33, 11, 0]"
olympus,"['OW', 'L', 'IH', 'M', 'P', 'AH', 'S']","['olym', 'pus']","['olymp', 'us']",0.2857142857142857,1.78e-06,"[12, 25, 10, 26, 29, 3, 31, 0]"
recover,"['R', 'IH', 'K', 'AH', 'V', 'ER']","['re', 'cov', 'er']",['recover'],0.2857142857142857,1.95e-05,"[30, 10, 24, 3, 35, 8, 0, 0]"
recommendation,"['R', 'EH', 'K', 'AH', 'M', 'AH', 'N', 'D', 'EY', 'SH', 'AH', 'N']","['re', 'com', 'mend', 'a', 'tion']",['recommendation'],0.2857142857142857,1.23e-05,"[30, 7, 24, 3, 26, 3, 27, 18]"
romania,"['R', 'OW', 'M', 'EY', 'N', 'IY', 'AH']","['ro', 'mania']","['rom', 'ania']",0.2857142857142857,6.03e-06,"[30, 12, 26, 9, 27, 11, 3, 0]"
minimal,"['M', 'IH', 'N', 'AH', 'M', 'AH', 'L']","['min', 'im', 'al']",['minimal'],0.2857142857142857,1.29e-05,"[26, 10, 27, 3, 26, 3, 25, 0]"
demands,"['D', 'IH', 'M', 'AE', 'N', 'D', 'Z']","['de', 'mands']","['demand', 's']",0.2857142857142857,2.57e-05,"[18, 10, 26, 2, 27, 18, 38, 0]"
hormone,"['HH', 'AO', 'R', 'M', 'OW', 'N']","['hor', 'mone']","['horm', 'one']",0.2857142857142857,6.61e-06,"[22, 4, 30, 26, 12, 27, 0, 0]"
resumes,"['R', 'IH', 'Z', 'UW', 'M', 'Z']","['re', 'sumes']","['res', 'umes']",0.2857142857142857,2.82e-06,"[30, 10, 38, 15, 26, 38, 0, 0]"
allergy,"['AE', 'L', 'ER', 'JH', 'IY']","['al', 'lergy']","['aller', 'gy']",0.2857142857142857,3.98e-06,"[2, 25, 8, 23, 11, 0, 0, 0]"
impacts,"['IH', 'M', 'P', 'AE', 'K', 'T', 'S']","['im', 'pacts']","['imp', 'acts']",0.2857142857142857,1.07e-05,"[10, 26, 29, 2, 24, 33, 31, 0]"
infants,"['IH', 'N', 'F', 'AH', 'N', 'T', 'S']","['in', 'fants']","['inf', 'ants']",0.2857142857142857,5.75e-06,"[10, 27, 20, 3, 27, 33, 31, 0]"
deserve,"['D', 'IH', 'Z', 'ER', 'V']","['de', 'serve']","['des', 'erve']",0.2857142857142857,3.89e-05,"[18, 10, 38, 8, 35, 0, 0, 0]"
rapidly,"['R', 'AE', 'P', 'AH', 'D', 'L', 'IY']","['rap', 'idly']","['rapid', 'ly']",0.2857142857142857,2.19e-05,"[30, 2, 29, 3, 18, 25, 11, 0]"
unusual,"['AH', 'N', 'Y', 'UW', 'ZH', 'AH', 'W', 'AH', 'L']","['un', 'usu', 'al']",['unusual'],0.2857142857142857,2.82e-05,"[3, 27, 37, 15, 39, 3, 36, 3]"
kennedy,"['K', 'EH', 'N', 'AH', 'D', 'IY']",['kennedy'],"['ken', 'ned', 'y']",0.2857142857142857,1.91e-05,"[24, 7, 27, 3, 18, 11, 0, 0]"
habitat,"['HH', 'AE', 'B', 'AH', 'T', 'AE', 'T']","['hab', 'it', 'at']",['habitat'],0.2857142857142857,9.55e-06,"[22, 2, 16, 3, 33, 2, 33, 0]"
torture,"['T', 'AO', 'R', 'CH', 'ER']","['tor', 'ture']","['tort', 'ure']",0.2857142857142857,1.41e-05,"[33, 4, 30, 17, 8, 0, 0, 0]"
lindsay,"['L', 'IH', 'N', 'D', 'Z', 'IY']","['lind', 'say']","['l', 'indsay']",0.2857142857142857,6.46e-06,"[25, 10, 27, 18, 38, 11, 0, 0]"
antigua,"['AE', 'N', 'T', 'IY', 'G', 'W', 'AH']","['an', 'ti', 'gua']",['antigua'],0.2857142857142857,1.2e-06,"[2, 27, 33, 11, 21, 36, 3, 0]"
reduces,"['R', 'AH', 'D', 'UW', 'S', 'AH', 'Z']","['re', 'duces']","['redu', 'ces']",0.2857142857142857,9.55e-06,"[30, 3, 18, 15, 31, 3, 38, 0]"
females,"['F', 'IY', 'M', 'EY', 'L', 'Z']","['fe', 'males']","['fem', 'ales']",0.2857142857142857,2.4e-05,"[20, 11, 26, 9, 25, 38, 0, 0]"
topless,"['T', 'AA', 'P', 'L', 'AH', 'S']","['top', 'less']","['to', 'pless']",0.2857142857142857,2.29e-06,"[33, 1, 29, 25, 3, 31, 0, 0]"
theorem,"['TH', 'IH', 'R', 'AH', 'M']","['the', 'or', 'em']",['theorem'],0.2857142857142857,5.13e-06,"[34, 10, 30, 3, 26, 0, 0, 0]"
appeals,"['AH', 'P', 'IY', 'L', 'Z']","['ap', 'peals']","['appe', 'als']",0.2857142857142857,1.66e-05,"[3, 29, 11, 25, 38, 0, 0, 0]"
islamic,"['IH', 'Z', 'L', 'AA', 'M', 'IH', 'K']","['is', 'lam', 'ic']",['islamic'],0.2857142857142857,2.75e-05,"[10, 38, 25, 1, 26, 10, 24, 0]"
virtual,"['V', 'ER', 'CH', 'UW', 'AH', 'L']","['vir', 'tu', 'al']",['virtual'],0.2857142857142857,2.09e-05,"[35, 8, 17, 15, 3, 25, 0, 0]"
beliefs,"['B', 'IH', 'L', 'IY', 'F', 'S']","['be', 'liefs']","['belief', 's']",0.2857142857142857,1.78e-05,"[16, 10, 25, 11, 20, 31, 0, 0]"
accused,"['AH', 'K', 'Y', 'UW', 'Z', 'D']","['ac', 'cused']","['accu', 'sed']",0.2857142857142857,2.88e-05,"[3, 24, 37, 15, 38, 18, 0, 0]"
invalid,"['IH', 'N', 'V', 'AH', 'L', 'AH', 'D']","['in', 'val', 'id']",['invalid'],0.2857142857142857,6.03e-06,"[10, 27, 35, 3, 25, 3, 18, 0]"
administration,"['AE', 'D', 'M', 'IH', 'N', 'IH', 'S', 'T', 'R', 'EY', 'SH', 'AH', 'N']","['ad', 'min', 'is', 'tra', 'tion']",['administration'],0.2857142857142857,8.51e-05,"[2, 18, 26, 10, 27, 10, 31, 33]"
adopted,"['AH', 'D', 'AA', 'P', 'T', 'AH', 'D']","['ad', 'op', 'ted']",['adopted'],0.2857142857142857,3.24e-05,"[3, 18, 1, 29, 33, 3, 18, 0]"
prairie,"['P', 'R', 'EH', 'R', 'IY']","['prair', 'ie']","['pra', 'irie']",0.2857142857142857,5.01e-06,"[29, 30, 7, 30, 11, 0, 0, 0]"
prophet,"['P', 'R', 'AA', 'F', 'AH', 'T']","['proph', 'et']","['prop', 'het']",0.2857142857142857,9.55e-06,"[29, 30, 1, 20, 3, 33, 0, 0]"
assists,"['AH', 'S', 'IH', 'S', 'T', 'S']","['as', 'sists']","['assist', 's']",0.2857142857142857,1.07e-05,"[3, 31, 10, 31, 33, 31, 0, 0]"
optical,"['AA', 'P', 'T', 'IH', 'K', 'AH', 'L']","['op', 'tic', 'al']",['optical'],0.2857142857142857,1.17e-05,"[1, 29, 33, 10, 24, 3, 25, 0]"
generic,"['JH', 'AH', 'N', 'EH', 'R', 'IH', 'K']","['gen', 'er', 'ic']",['generic'],0.2857142857142857,1.29e-05,"[23, 3, 27, 7, 30, 10, 24, 0]"
windsor,"['W', 'IH', 'N', 'Z', 'ER']","['wind', 'sor']","['winds', 'or']",0.2857142857142857,5.37e-06,"[36, 10, 27, 38, 8, 0, 0, 0]"
organic,"['AO', 'R', 'G', 'AE', 'N', 'IH', 'K']","['or', 'gan', 'ic']",['organic'],0.2857142857142857,2.51e-05,"[4, 30, 21, 2, 27, 10, 24, 0]"
moldova,"['M', 'OW', 'L', 'D', 'OW', 'V', 'AH']","['mol', 'dova']","['mold', 'ova']",0.2857142857142857,1.48e-06,"[26, 12, 25, 18, 12, 35, 3, 0]"
gabriel,"['G', 'EY', 'B', 'R', 'IY', 'AH', 'L']","['gab', 'ri', 'el']",['gabriel'],0.2857142857142857,8.32e-06,"[21, 9, 16, 30, 11, 3, 25, 0]"
austria,"['AO', 'S', 'T', 'R', 'IY', 'AH']","['aus', 'tria']","['aust', 'ria']",0.2857142857142857,1.17e-05,"[4, 31, 33, 30, 11, 3, 0, 0]"
removal,"['R', 'IH', 'M', 'UW', 'V', 'AH', 'L']","['re', 'mov', 'al']",['removal'],0.2857142857142857,2.24e-05,"[30, 10, 26, 15, 35, 3, 25, 0]"
revenue,"['R', 'EH', 'V', 'AH', 'N', 'UW']","['rev', 'en', 'ue']",['revenue'],0.2857142857142857,4.37e-05,"[30, 7, 35, 3, 27, 15, 0, 0]"
atlanta,"['AE', 'T', 'L', 'AE', 'N', 'T', 'AH']","['at', 'lanta']","['atlan', 'ta']",0.2857142857142857,2.34e-05,"[2, 33, 25, 2, 27, 33, 3, 0]"
alcohol,"['AE', 'L', 'K', 'AH', 'HH', 'AA', 'L']","['al', 'co', 'hol']",['alcohol'],0.2857142857142857,4.07e-05,"[2, 25, 24, 3, 22, 1, 25, 0]"
information,"['IH', 'N', 'F', 'ER', 'M', 'EY', 'SH', 'AH', 'N']","['in', 'form', 'a', 'tion']",['information'],0.2727272727272727,0.000269,"[10, 27, 20, 8, 26, 9, 32, 3]"
netherlands,"['N', 'EH', 'DH', 'ER', 'L', 'AH', 'N', 'D', 'Z']","['neth', 'er', 'lands']","['ne', 'therlands']",0.2727272727272727,1.91e-05,"[27, 7, 19, 8, 25, 3, 27, 18]"
legislation,"['L', 'EH', 'JH', 'AH', 'S', 'L', 'EY', 'SH', 'AH', 'N']","['le', 'gis', 'la', 'tion']",['legislation'],0.2727272727272727,3.55e-05,"[25, 7, 23, 3, 31, 25, 9, 32]"
constitutes,"['K', 'AA', 'N', 'S', 'T', 'AH', 'T', 'UW', 'T', 'S']","['con', 'sti', 'tutes']","['cons', 'titutes']",0.2727272727272727,5.25e-06,"[24, 1, 27, 31, 33, 3, 33, 15]"
destination,"['D', 'EH', 'S', 'T', 'AH', 'N', 'EY', 'SH', 'AH', 'N']","['des', 'tin', 'a', 'tion']",['destination'],0.2727272727272727,1.74e-05,"[18, 7, 31, 33, 3, 27, 9, 32]"
agriculture,"['AE', 'G', 'R', 'IH', 'K', 'AH', 'L', 'CH', 'ER']","['ag', 'ri', 'cul', 'ture']",['agriculture'],0.2727272727272727,2.34e-05,"[2, 21, 30, 10, 24, 3, 25, 17]"
replication,"['R', 'EH', 'P', 'L', 'AH', 'K', 'EY', 'SH', 'AH', 'N']","['rep', 'lic', 'a', 'tion']",['replication'],0.2727272727272727,2.63e-06,"[30, 7, 29, 25, 3, 24, 9, 32]"
exclusively,"['IH', 'K', 'S', 'K', 'L', 'UW', 'S', 'IH', 'V', 'L', 'IY']","['ex', 'clus', 'ively']","['exclu', 'sively']",0.2727272727272727,1.74e-05,"[10, 24, 31, 24, 25, 15, 31, 10]"
inspiration,"['IH', 'N', 'S', 'P', 'ER', 'EY', 'SH', 'AH', 'N']","['in', 'spir', 'a', 'tion']",['inspiration'],0.2727272727272727,2.57e-05,"[10, 27, 31, 29, 8, 9, 32, 3]"
appreciated,"['AH', 'P', 'R', 'IY', 'SH', 'IY', 'EY', 'T', 'IH', 'D']","['ap', 'pre', 'ci', 'ated']",['appreciated'],0.2727272727272727,1.45e-05,"[3, 29, 30, 11, 32, 11, 9, 33]"
anticipated,"['AE', 'N', 'T', 'IH', 'S', 'AH', 'P', 'EY', 'T', 'AH', 'D']","['an', 'ti', 'cip', 'ated']",['anticipated'],0.2727272727272727,1.2e-05,"[2, 27, 33, 10, 31, 3, 29, 9]"
conjunction,"['K', 'AH', 'N', 'JH', 'AH', 'NG', 'K', 'SH', 'AH', 'N']","['con', 'junc', 'tion']","['conj', 'unction']",0.2727272727272727,8.51e-06,"[24, 3, 27, 23, 3, 28, 24, 32]"
evaluations,"['IH', 'V', 'AE', 'L', 'Y', 'UW', 'EY', 'SH', 'AH', 'N', 'Z']","['eval', 'u', 'ations']","['e', 'valuations']",0.2727272727272727,2.69e-06,"[10, 35, 2, 25, 37, 15, 9, 32]"
contracting,"['K', 'AA', 'N', 'T', 'R', 'AE', 'K', 'T', 'IH', 'NG']","['con', 'tract', 'ing']","['contra', 'cting']",0.2727272727272727,4.47e-06,"[24, 1, 27, 33, 30, 2, 24, 33]"
observation,"['AA', 'B', 'Z', 'ER', 'V', 'EY', 'SH', 'AH', 'N']","['ob', 'ser', 'va', 'tion']",['observation'],0.2727272727272727,1.35e-05,"[1, 16, 38, 8, 35, 9, 32, 3]"
cooperative,"['K', 'OW', 'AA', 'P', 'ER', 'EY', 'T', 'IH', 'V']","['co', 'oper', 'at', 'ive']",['cooperative'],0.2727272727272727,7.24e-06,"[24, 12, 1, 29, 8, 9, 33, 10]"
fundraising,"['F', 'AH', 'N', 'D', 'R', 'EY', 'S', 'IH', 'NG']","['fun', 'drais', 'ing']","['fund', 'raising']",0.2727272727272727,6.46e-06,"[20, 3, 27, 18, 30, 9, 31, 10]"
application,"['AE', 'P', 'L', 'AH', 'K', 'EY', 'SH', 'AH', 'N']","['ap', 'plic', 'a', 'tion']",['application'],0.2727272727272727,7.24e-05,"[2, 29, 25, 3, 24, 9, 32, 3]"
declaration,"['D', 'EH', 'K', 'L', 'ER', 'EY', 'SH', 'AH', 'N']","['de', 'clar', 'a', 'tion']",['declaration'],0.2727272727272727,1.26e-05,"[18, 7, 24, 25, 8, 9, 32, 3]"
recommended,"['R', 'EH', 'K', 'AH', 'M', 'EH', 'N', 'D', 'AH', 'D']","['re', 'com', 'men', 'ded']",['recommended'],0.2727272727272727,3.16e-05,"[30, 7, 24, 3, 26, 7, 27, 18]"
compilation,"['K', 'AA', 'M', 'P', 'AH', 'L', 'EY', 'SH', 'AH', 'N']","['com', 'pil', 'a', 'tion']",['compilation'],0.2727272727272727,7.08e-06,"[24, 1, 26, 29, 3, 25, 9, 32]"
accompanied,"['AH', 'K', 'AH', 'M', 'P', 'AH', 'N', 'IY', 'D']","['ac', 'com', 'pan', 'ied']",['accompanied'],0.2727272727272727,1.78e-05,"[3, 24, 3, 26, 29, 3, 27, 11]"
association,"['AH', 'S', 'OW', 'S', 'IY', 'EY', 'SH', 'AH', 'N']","['as', 'so', 'ci', 'ation']",['association'],0.2727272727272727,0.000102,"[3, 31, 12, 31, 11, 9, 32, 3]"
competition,"['K', 'AA', 'M', 'P', 'AH', 'T', 'IH', 'SH', 'AH', 'N']","['com', 'pet', 'i', 'tion']",['competition'],0.2727272727272727,8.13e-05,"[24, 1, 26, 29, 3, 33, 10, 32]"
recruitment,"['R', 'AH', 'K', 'R', 'UW', 'T', 'M', 'AH', 'N', 'T']","['re', 'cruit', 'ment']","['rec', 'ruitment']",0.2727272727272727,1e-05,"[30, 3, 24, 30, 15, 33, 26, 3]"
considering,"['K', 'AH', 'N', 'S', 'IH', 'D', 'ER', 'IH', 'NG']","['con', 'sid', 'er', 'ing']",['considering'],0.2727272727272727,4.37e-05,"[24, 3, 27, 31, 10, 18, 8, 10]"
disciplines,"['D', 'IH', 'S', 'AH', 'P', 'L', 'AH', 'N', 'Z']","['dis', 'cip', 'lines']","['discipl', 'ines']",0.2727272727272727,4.9e-06,"[18, 10, 31, 3, 29, 25, 3, 27]"
concentrate,"['K', 'AA', 'N', 'S', 'AH', 'N', 'T', 'R', 'EY', 'T']","['con', 'cen', 'trate']","['concentr', 'ate']",0.2727272727272727,1.17e-05,"[24, 1, 27, 31, 3, 27, 33, 30]"
computation,"['K', 'AA', 'M', 'P', 'Y', 'AH', 'T', 'EY', 'SH', 'AH', 'N']","['com', 'pu', 'ta', 'tion']",['computation'],0.2727272727272727,2.24e-06,"[24, 1, 26, 29, 37, 3, 33, 9]"
disposition,"['D', 'IH', 'S', 'P', 'AH', 'Z', 'IH', 'SH', 'AH', 'N']","['dis', 'pos', 'i', 'tion']",['disposition'],0.2727272727272727,3.02e-06,"[18, 10, 31, 29, 3, 38, 10, 32]"
philippines,"['F', 'IH', 'L', 'AH', 'P', 'IY', 'N', 'Z']","['phil', 'ip', 'pines']","['philipp', 'ines']",0.2727272727272727,1.95e-05,"[20, 10, 25, 3, 29, 11, 27, 38]"
statistical,"['S', 'T', 'AH', 'T', 'IH', 'S', 'T', 'IH', 'K', 'AH', 'L']","['stat', 'ist', 'ic', 'al']",['statistical'],0.2727272727272727,1.38e-05,"[31, 33, 3, 33, 10, 31, 33, 10]"
sensitivity,"['S', 'EH', 'N', 'S', 'IH', 'T', 'IH', 'V', 'IH', 'T', 'IY']","['sens', 'it', 'iv', 'ity']",['sensitivity'],0.2727272727272727,8.91e-06,"[31, 7, 27, 31, 10, 33, 10, 35]"
ejaculation,"['IY', 'JH', 'AE', 'K', 'Y', 'UW', 'L', 'EY', 'SH', 'AH', 'N']","['ejac', 'u', 'la', 'tion']","['e', 'jac', 'ulation']",0.2727272727272727,8.32e-07,"[11, 23, 2, 24, 37, 15, 25, 9]"
reliability,"['R', 'IY', 'L', 'AY', 'AH', 'B', 'IH', 'L', 'AH', 'T', 'IY']","['re', 'li', 'ab', 'il', 'ity']","['re', 'liability']",0.2727272727272727,8.32e-06,"[30, 11, 25, 6, 3, 16, 10, 25]"
represented,"['R', 'EH', 'P', 'R', 'AH', 'Z', 'EH', 'N', 'T', 'AH', 'D']","['rep', 'res', 'en', 'ted']",['represented'],0.2727272727272727,3.39e-05,"[30, 7, 29, 30, 3, 38, 7, 27]"
intelligent,"['IH', 'N', 'T', 'EH', 'L', 'AH', 'JH', 'AH', 'N', 'T']","['in', 'tel', 'li', 'gent']",['intelligent'],0.2727272727272727,1.95e-05,"[10, 27, 33, 7, 25, 3, 23, 3]"
imagination,"['IH', 'M', 'AE', 'JH', 'AH', 'N', 'EY', 'SH', 'AH', 'N']","['ima', 'gin', 'a', 'tion']",['imagination'],0.2727272727272727,1.66e-05,"[10, 26, 2, 23, 3, 27, 9, 32]"
fundamental,"['F', 'AH', 'N', 'D', 'AH', 'M', 'EH', 'N', 'T', 'AH', 'L']","['fun', 'da', 'ment', 'al']",['fundamental'],0.2727272727272727,2.14e-05,"[20, 3, 27, 18, 3, 26, 7, 27]"
possibility,"['P', 'AA', 'S', 'AH', 'B', 'IH', 'L', 'AH', 'T', 'IY']","['pos', 'sib', 'il', 'ity']",['possibility'],0.2727272727272727,3.8e-05,"[29, 1, 31, 3, 16, 10, 25, 3]"
corrections,"['K', 'ER', 'EH', 'K', 'SH', 'AH', 'N', 'Z']","['cor', 'rec', 'tions']","['corre', 'ctions']",0.2727272727272727,4.9e-06,"[24, 8, 7, 24, 32, 3, 27, 38]"
composition,"['K', 'AA', 'M', 'P', 'AH', 'Z', 'IH', 'SH', 'AH', 'N']","['com', 'pos', 'i', 'tion']",['composition'],0.2727272727272727,2.14e-05,"[24, 1, 26, 29, 3, 38, 10, 32]"
immigration,"['IH', 'M', 'AH', 'G', 'R', 'EY', 'SH', 'AH', 'N']","['im', 'mig', 'ra', 'tion']",['immigration'],0.2727272727272727,2.95e-05,"[10, 26, 3, 21, 30, 9, 32, 3]"
necessarily,"['N', 'EH', 'S', 'AH', 'S', 'EH', 'R', 'AH', 'L', 'IY']","['ne', 'ces', 'sar', 'ily']",['necessarily'],0.2727272727272727,3.02e-05,"[27, 7, 31, 3, 31, 7, 30, 3]"
independent,"['IH', 'N', 'D', 'IH', 'P', 'EH', 'N', 'D', 'AH', 'N', 'T']","['in', 'de', 'pend', 'ent']",['independent'],0.2727272727272727,8.51e-05,"[10, 27, 18, 10, 29, 7, 27, 18]"
calculation,"['K', 'AE', 'L', 'K', 'Y', 'AH', 'L', 'EY', 'SH', 'AH', 'N']","['cal', 'cu', 'la', 'tion']",['calculation'],0.2727272727272727,5.75e-06,"[24, 2, 25, 24, 37, 3, 25, 9]"
christopher,"['K', 'R', 'IH', 'S', 'T', 'AH', 'F', 'ER']","['chris', 'toph', 'er']","['christ', 'opher']",0.2727272727272727,1.66e-05,"[24, 30, 10, 31, 33, 3, 20, 8]"
contributor,"['K', 'AH', 'N', 'T', 'R', 'IH', 'B', 'Y', 'AH', 'T', 'ER']","['con', 'trib', 'ut', 'or']",['contributor'],0.2727272727272727,5.25e-06,"[24, 3, 27, 33, 30, 10, 16, 37]"
proposition,"['P', 'R', 'AA', 'P', 'AH', 'Z', 'IH', 'SH', 'AH', 'N']","['pro', 'pos', 'i', 'tion']",['proposition'],0.2727272727272727,7.08e-06,"[29, 30, 1, 29, 3, 38, 10, 32]"
environment,"['IH', 'N', 'V', 'AY', 'R', 'AH', 'N', 'M', 'AH', 'N', 'T']","['en', 'vir', 'on', 'ment']",['environment'],0.2727272727272727,7.41e-05,"[10, 27, 35, 6, 30, 3, 27, 26]"
immediately,"['IH', 'M', 'IY', 'D', 'IY', 'AH', 'T', 'L', 'IY']","['im', 'me', 'di', 'ately']",['immediately'],0.2727272727272727,9.55e-05,"[10, 26, 11, 18, 11, 3, 33, 25]"
liabilities,"['L', 'AY', 'AH', 'B', 'IH', 'L', 'AH', 'T', 'IY', 'Z']","['li', 'ab', 'il', 'it', 'ies']","['li', 'abilities']",0.2727272727272727,3.63e-06,"[25, 6, 3, 16, 10, 25, 3, 33]"
cooperation,"['K', 'OW', 'AA', 'P', 'ER', 'EY', 'SH', 'AH', 'N']","['co', 'oper', 'a', 'tion']",['cooperation'],0.2727272727272727,2e-05,"[24, 12, 1, 29, 8, 9, 32, 3]"
acquisition,"['AE', 'K', 'W', 'AH', 'Z', 'IH', 'SH', 'AH', 'N']","['ac', 'quis', 'i', 'tion']",['acquisition'],0.2727272727272727,1.82e-05,"[2, 24, 36, 3, 38, 10, 32, 3]"
implemented,"['IH', 'M', 'P', 'L', 'AH', 'M', 'EH', 'N', 'T', 'AH', 'D']","['im', 'ple', 'men', 'ted']",['implemented'],0.2727272727272727,1.7e-05,"[10, 26, 29, 25, 3, 26, 7, 27]"
directories,"['D', 'AY', 'R', 'EH', 'K', 'T', 'ER', 'IY', 'Z']","['dir', 'ect', 'or', 'ies']",['directories'],0.2727272727272727,1.55e-06,"[18, 6, 30, 7, 24, 33, 8, 11]"
contractors,"['K', 'AA', 'N', 'T', 'R', 'AE', 'K', 'T', 'ER', 'Z']","['con', 'tract', 'ors']","['contra', 'ctors']",0.2727272727272727,1.02e-05,"[24, 1, 27, 33, 30, 2, 24, 33]"
appropriate,"['AH', 'P', 'R', 'OW', 'P', 'R', 'IY', 'AH', 'T']","['ap', 'pro', 'pri', 'ate']",['appropriate'],0.2727272727272727,4.68e-05,"[3, 29, 30, 12, 29, 30, 11, 3]"
termination,"['T', 'ER', 'M', 'AH', 'N', 'EY', 'SH', 'AH', 'N']","['ter', 'min', 'a', 'tion']",['termination'],0.2727272727272727,5.37e-06,"[33, 8, 26, 3, 27, 9, 32, 3]"
memorabilia,"['M', 'EH', 'M', 'ER', 'AH', 'B', 'IY', 'L', 'Y', 'AH']","['mem', 'or', 'ab', 'il', 'ia']","['memor', 'abilia']",0.2727272727272727,2.04e-06,"[26, 7, 26, 8, 3, 16, 11, 25]"
temperature,"['T', 'EH', 'M', 'P', 'R', 'AH', 'CH', 'ER']","['tem', 'per', 'at', 'ure']",['temperature'],0.2727272727272727,4.37e-05,"[33, 7, 26, 29, 30, 3, 17, 8]"
explanation,"['EH', 'K', 'S', 'P', 'L', 'AH', 'N', 'EY', 'SH', 'AH', 'N']","['ex', 'plan', 'a', 'tion']",['explanation'],0.2727272727272727,2.75e-05,"[7, 24, 31, 29, 25, 3, 27, 9]"
coordinator,"['K', 'OW', 'AO', 'R', 'D', 'AH', 'N', 'EY', 'T', 'ER']","['co', 'ordin', 'at', 'or']",['coordinator'],0.2727272727272727,8.13e-06,"[24, 12, 4, 30, 18, 3, 27, 9]"
integrating,"['IH', 'N', 'T', 'AH', 'G', 'R', 'EY', 'T', 'IH', 'NG']","['in', 'teg', 'rat', 'ing']",['integrating'],0.2727272727272727,3.31e-06,"[10, 27, 33, 3, 21, 30, 9, 33]"
equilibrium,"['IY', 'K', 'W', 'AH', 'L', 'IH', 'B', 'R', 'IY', 'AH', 'M']","['equi', 'lib', 'ri', 'um']",['equilibrium'],0.2727272727272727,3.98e-06,"[11, 24, 36, 3, 25, 10, 16, 30]"
expenditure,"['IH', 'K', 'S', 'P', 'EH', 'N', 'D', 'AH', 'CH', 'ER']","['ex', 'pendit', 'ure']","['expend', 'iture']",0.2727272727272727,5.5e-06,"[10, 24, 31, 29, 7, 27, 18, 3]"
individuals,"['IH', 'N', 'D', 'AH', 'V', 'IH', 'JH', 'AH', 'W', 'AH', 'L', 'Z']","['in', 'di', 'vidu', 'als']",['individuals'],0.2727272727272727,6.46e-05,"[10, 27, 18, 3, 35, 10, 23, 3]"
traditional,"['T', 'R', 'AH', 'D', 'IH', 'SH', 'AH', 'N', 'AH', 'L']","['tra', 'di', 'tion', 'al']",['traditional'],0.2727272727272727,6.92e-05,"[33, 30, 3, 18, 10, 32, 3, 27]"
citizenship,"['S', 'IH', 'T', 'IH', 'Z', 'AH', 'N', 'SH', 'IH', 'P']","['cit', 'izen', 'ship']","['citizens', 'hip']",0.2727272727272727,1.26e-05,"[31, 10, 33, 10, 38, 3, 27, 32]"
calibration,"['K', 'AE', 'L', 'AH', 'B', 'R', 'EY', 'SH', 'AH', 'N']","['cal', 'ib', 'ra', 'tion']",['calibration'],0.2727272727272727,2.19e-06,"[24, 2, 25, 3, 16, 30, 9, 32]"
efficiently,"['IH', 'F', 'IH', 'SH', 'AH', 'N', 'T', 'L', 'IY']","['ef', 'fi', 'ciently']","['efficient', 'ly']",0.2727272727272727,6.17e-06,"[10, 20, 10, 32, 3, 27, 33, 25]"
designation,"['D', 'EH', 'Z', 'AH', 'G', 'N', 'EY', 'SH', 'AH', 'N']","['des', 'ig', 'na', 'tion']",['designation'],0.2727272727272727,5.75e-06,"[18, 7, 38, 3, 21, 27, 9, 32]"
certificate,"['S', 'ER', 'T', 'IH', 'F', 'IH', 'K', 'AH', 'T']","['cer', 'ti', 'fic', 'ate']",['certificate'],0.2727272727272727,1.95e-05,"[31, 8, 33, 10, 20, 10, 24, 3]"
regulations,"['R', 'EH', 'G', 'Y', 'AH', 'L', 'EY', 'SH', 'AH', 'N', 'Z']","['reg', 'u', 'la', 'tions']",['regulations'],0.2727272727272727,3.16e-05,"[30, 7, 21, 37, 3, 25, 9, 32]"
afghanistan,"['AE', 'F', 'G', 'AE', 'N', 'AH', 'S', 'T', 'AE', 'N']","['afgh', 'anistan']","['af', 'ghan', 'istan']",0.2727272727272727,1.7e-05,"[2, 20, 21, 2, 27, 3, 31, 33]"
scholarship,"['S', 'K', 'AA', 'L', 'ER', 'SH', 'IH', 'P']","['schol', 'ar', 'ship']","['scholars', 'hip']",0.2727272727272727,1.41e-05,"[31, 24, 1, 25, 8, 32, 10, 29]"
interesting,"['IH', 'N', 'T', 'R', 'AH', 'S', 'T', 'IH', 'NG']","['in', 'ter', 'est', 'ing']",['interesting'],0.2727272727272727,0.0001,"[10, 27, 33, 30, 3, 31, 33, 10]"
supplements,"['S', 'AH', 'P', 'L', 'AH', 'M', 'AH', 'N', 'T', 'S']","['sup', 'ple', 'ments']","['supp', 'lements']",0.2727272727272727,5.89e-06,"[31, 3, 29, 25, 3, 26, 3, 27]"
experiments,"['IH', 'K', 'S', 'P', 'EH', 'R', 'AH', 'M', 'AH', 'N', 'T', 'S']","['ex', 'per', 'i', 'ments']",['experiments'],0.2727272727272727,1.58e-05,"[10, 24, 31, 29, 7, 30, 3, 26]"
opportunity,"['AA', 'P', 'ER', 'T', 'UW', 'N', 'AH', 'T', 'IY']","['op', 'por', 'tun', 'ity']",['opportunity'],0.2727272727272727,8.91e-05,"[1, 29, 8, 33, 15, 27, 3, 33]"
attractions,"['AH', 'T', 'R', 'AE', 'K', 'SH', 'AH', 'N', 'Z']","['at', 'trac', 'tions']","['attra', 'ctions']",0.2727272727272727,7.94e-06,"[3, 33, 30, 2, 24, 32, 3, 27]"
authorities,"['AH', 'TH', 'AO', 'R', 'AH', 'T', 'IY', 'Z']","['au', 'thor', 'it', 'ies']",['authorities'],0.2727272727272727,4.27e-05,"[3, 34, 4, 30, 3, 33, 11, 38]"
interaction,"['IH', 'N', 'T', 'ER', 'AE', 'K', 'SH', 'AH', 'N']","['in', 'ter', 'ac', 'tion']",['interaction'],0.2727272727272727,1.95e-05,"[10, 27, 33, 8, 2, 24, 32, 3]"
development,"['D', 'IH', 'V', 'EH', 'L', 'AH', 'P', 'M', 'AH', 'N', 'T']","['de', 'vel', 'op', 'ment']",['development'],0.2727272727272727,0.000204,"[18, 10, 35, 7, 25, 3, 29, 26]"
recognition,"['R', 'EH', 'K', 'AH', 'G', 'N', 'IH', 'SH', 'AH', 'N']","['re', 'cog', 'ni', 'tion']",['recognition'],0.2727272727272727,2.95e-05,"[30, 7, 24, 3, 21, 27, 10, 32]"
reservation,"['R', 'EH', 'Z', 'ER', 'V', 'EY', 'SH', 'AH', 'N']","['re', 'ser', 'va', 'tion']",['reservation'],0.2727272727272727,8.91e-06,"[30, 7, 38, 8, 35, 9, 32, 3]"
interactive,"['IH', 'N', 'T', 'ER', 'AE', 'K', 'T', 'IH', 'V']","['in', 'ter', 'act', 'ive']",['interactive'],0.2727272727272727,1.15e-05,"[10, 27, 33, 8, 2, 24, 33, 10]"
personality,"['P', 'ER', 'S', 'AH', 'N', 'AE', 'L', 'IH', 'T', 'IY']","['per', 'son', 'al', 'ity']",['personality'],0.2727272727272727,3.55e-05,"[29, 8, 31, 3, 27, 2, 25, 10]"
dimensional,"['D', 'IH', 'M', 'EH', 'N', 'SH', 'AH', 'N', 'AH', 'L']","['di', 'men', 'sion', 'al']",['dimensional'],0.2727272727272727,1.07e-05,"[18, 10, 26, 7, 27, 32, 3, 27]"
significant,"['S', 'AH', 'G', 'N', 'IH', 'F', 'IH', 'K', 'AH', 'N', 'T']","['sig', 'ni', 'fic', 'ant']",['significant'],0.2727272727272727,9.55e-05,"[31, 3, 21, 27, 10, 20, 10, 24]"
procurement,"['P', 'R', 'OW', 'K', 'Y', 'UH', 'R', 'M', 'AH', 'N', 'T']","['pro', 'cure', 'ment']","['proc', 'urement']",0.2727272727272727,4.79e-06,"[29, 30, 12, 24, 37, 14, 30, 26]"
continental,"['K', 'AA', 'N', 'T', 'AH', 'N', 'EH', 'N', 'T', 'AH', 'L']","['con', 'tin', 'ent', 'al']",['continental'],0.2727272727272727,1.05e-05,"[24, 1, 27, 33, 3, 27, 7, 27]"
limitations,"['L', 'IH', 'M', 'IH', 'T', 'EY', 'SH', 'AH', 'N', 'Z']","['lim', 'it', 'a', 'tions']",['limitations'],0.2727272727272727,1.12e-05,"[25, 10, 26, 10, 33, 9, 32, 3]"
orientation,"['AO', 'R', 'IY', 'EH', 'N', 'T', 'EY', 'SH', 'AH', 'N']","['ori', 'ent', 'a', 'tion']",['orientation'],0.2727272727272727,1.12e-05,"[4, 30, 11, 7, 27, 33, 9, 32]"
approximate,"['AH', 'P', 'R', 'AA', 'K', 'S', 'AH', 'M', 'AH', 'T']","['ap', 'prox', 'im', 'ate']",['approximate'],0.2727272727272727,4.37e-06,"[3, 29, 30, 1, 24, 31, 3, 26]"
communicate,"['K', 'AH', 'M', 'Y', 'UW', 'N', 'AH', 'K', 'EY', 'T']","['com', 'mu', 'nic', 'ate']",['communicate'],0.2727272727272727,1.58e-05,"[24, 3, 26, 37, 15, 27, 3, 24]"
probability,"['P', 'R', 'AA', 'B', 'AH', 'B', 'IH', 'L', 'AH', 'T', 'IY']","['prob', 'ab', 'il', 'ity']",['probability'],0.2727272727272727,1.05e-05,"[29, 30, 1, 16, 3, 16, 10, 25]"
corporation,"['K', 'AO', 'R', 'P', 'ER', 'EY', 'SH', 'AH', 'N']","['cor', 'por', 'a', 'tion']",['corporation'],0.2727272727272727,3.89e-05,"[24, 4, 30, 29, 8, 9, 32, 3]"
assumptions,"['AH', 'S', 'AH', 'M', 'P', 'SH', 'AH', 'N', 'Z']","['as', 'sump', 'tions']","['ass', 'umptions']",0.2727272727272727,8.91e-06,"[3, 31, 3, 26, 29, 32, 3, 27]"
introducing,"['IH', 'N', 'T', 'R', 'AH', 'D', 'UW', 'S', 'IH', 'NG']","['in', 'tro', 'du', 'cing']",['introducing'],0.2727272727272727,1.45e-05,"[10, 27, 33, 30, 3, 18, 15, 31]"
distributor,"['D', 'IH', 'S', 'T', 'R', 'IH', 'B', 'Y', 'AH', 'T', 'ER']","['dis', 'trib', 'ut', 'or']",['distributor'],0.2727272727272727,4.57e-06,"[18, 10, 31, 33, 30, 10, 16, 37]"
educational,"['EH', 'JH', 'AH', 'K', 'EY', 'SH', 'AH', 'N', 'AH', 'L']","['edu', 'ca', 'tion', 'al']",['educational'],0.2727272727272727,3.98e-05,"[7, 23, 3, 24, 9, 32, 3, 27]"
populations,"['P', 'AA', 'P', 'Y', 'AH', 'L', 'EY', 'SH', 'AH', 'N', 'Z']","['pop', 'u', 'la', 'tions']",['populations'],0.2727272727272727,1.55e-05,"[29, 1, 29, 37, 3, 25, 9, 32]"
exploration,"['EH', 'K', 'S', 'P', 'L', 'ER', 'EY', 'SH', 'AH', 'N']","['ex', 'plor', 'a', 'tion']",['exploration'],0.2727272727272727,1.55e-05,"[7, 24, 31, 29, 25, 8, 9, 32]"
subdivision,"['S', 'AH', 'B', 'D', 'IH', 'V', 'IH', 'ZH', 'AH', 'N']","['sub', 'di', 'vi', 'sion']",['subdivision'],0.2727272727272727,4.27e-06,"[31, 3, 16, 18, 10, 35, 10, 39]"
distinction,"['D', 'IH', 'S', 'T', 'IH', 'NG', 'K', 'SH', 'AH', 'N']","['dis', 'tinc', 'tion']","['dist', 'inction']",0.2727272727272727,1.26e-05,"[18, 10, 31, 33, 10, 28, 24, 32]"
publication,"['P', 'AH', 'B', 'L', 'IH', 'K', 'EY', 'SH', 'AH', 'N']","['pub', 'lic', 'a', 'tion']",['publication'],0.2727272727272727,2.82e-05,"[29, 3, 16, 25, 10, 24, 9, 32]"
alternative,"['AO', 'L', 'T', 'ER', 'N', 'AH', 'T', 'IH', 'V']","['al', 'tern', 'at', 'ive']",['alternative'],0.2727272727272727,5.13e-05,"[4, 25, 33, 8, 27, 3, 33, 10]"
affiliation,"['AH', 'F', 'IH', 'L', 'IY', 'EY', 'SH', 'AH', 'N']","['af', 'fil', 'i', 'ation']",['affiliation'],0.2727272727272727,4.27e-06,"[3, 20, 10, 25, 11, 9, 32, 3]"
challenging,"['CH', 'AE', 'L', 'AH', 'N', 'JH', 'IH', 'NG']","['chal', 'len', 'ging']","['chall', 'enging']",0.2727272727272727,1.86e-05,"[17, 2, 25, 3, 27, 23, 10, 28]"
accordingly,"['AH', 'K', 'AO', 'R', 'D', 'IH', 'NG', 'L', 'IY']","['ac', 'cord', 'ingly']","['according', 'ly']",0.2727272727272727,1.05e-05,"[3, 24, 4, 30, 18, 10, 28, 25]"
residential,"['R', 'EH', 'Z', 'IH', 'D', 'EH', 'N', 'CH', 'AH', 'L']","['res', 'id', 'en', 'tial']",['residential'],0.2727272727272727,2.14e-05,"[30, 7, 38, 10, 18, 7, 27, 17]"
conditional,"['K', 'AH', 'N', 'D', 'IH', 'SH', 'AH', 'N', 'AH', 'L']","['con', 'di', 'tion', 'al']",['conditional'],0.2727272727272727,3.89e-06,"[24, 3, 27, 18, 10, 32, 3, 27]"
experiences,"['IH', 'K', 'S', 'P', 'IH', 'R', 'IY', 'AH', 'N', 'S', 'IH', 'Z']","['ex', 'per', 'i', 'ences']",['experiences'],0.2727272727272727,3.55e-05,"[10, 24, 31, 29, 10, 30, 11, 3]"
experienced,"['IH', 'K', 'S', 'P', 'IH', 'R', 'IY', 'AH', 'N', 'S', 'T']","['ex', 'per', 'i', 'enced']",['experienced'],0.2727272727272727,4.27e-05,"[10, 24, 31, 29, 10, 30, 11, 3]"
correlation,"['K', 'AO', 'R', 'AH', 'L', 'EY', 'SH', 'AH', 'N']","['cor', 'rel', 'a', 'tion']",['correlation'],0.2727272727272727,7.24e-06,"[24, 4, 30, 3, 25, 9, 32, 3]"
continually,"['K', 'AH', 'N', 'T', 'IH', 'N', 'Y', 'UW', 'AH', 'L', 'IY']","['con', 'tinu', 'ally']","['contin', 'ually']",0.2727272727272727,8.13e-06,"[24, 3, 27, 33, 10, 27, 37, 15]"
engineering,"['EH', 'N', 'JH', 'AH', 'N', 'IH', 'R', 'IH', 'NG']","['en', 'gin', 'eer', 'ing']",['engineering'],0.2727272727272727,6.31e-05,"[7, 27, 23, 3, 27, 10, 30, 10]"
circulation,"['S', 'ER', 'K', 'Y', 'AH', 'L', 'EY', 'SH', 'AH', 'N']","['cir', 'cu', 'la', 'tion']",['circulation'],0.2727272727272727,9.12e-06,"[31, 8, 24, 37, 3, 25, 9, 32]"
collectible,"['K', 'AH', 'L', 'EH', 'K', 'T', 'AH', 'B', 'AH', 'L']","['col', 'lect', 'ible']","['colle', 'ctible']",0.2727272727272727,1.38e-06,"[24, 3, 25, 7, 24, 33, 3, 16]"
combination,"['K', 'AA', 'M', 'B', 'AH', 'N', 'EY', 'SH', 'AH', 'N']","['com', 'bin', 'a', 'tion']",['combination'],0.2727272727272727,4.07e-05,"[24, 1, 26, 16, 3, 27, 9, 32]"
reflections,"['R', 'IH', 'F', 'L', 'EH', 'K', 'SH', 'AH', 'N', 'Z']","['re', 'flec', 'tions']","['ref', 'lections']",0.2727272727272727,4.68e-06,"[30, 10, 20, 25, 7, 24, 32, 3]"
integration,"['IH', 'N', 'T', 'AH', 'G', 'R', 'EY', 'SH', 'AH', 'N']","['in', 'teg', 'ra', 'tion']",['integration'],0.2727272727272727,1.66e-05,"[10, 27, 33, 3, 21, 30, 9, 32]"
preparation,"['P', 'R', 'EH', 'P', 'ER', 'EY', 'SH', 'AH', 'N']","['pre', 'par', 'a', 'tion']",['preparation'],0.2727272727272727,2.09e-05,"[29, 30, 7, 29, 8, 9, 32, 3]"
mississippi,"['M', 'IH', 'S', 'IH', 'S', 'IH', 'P', 'IY']","['mis', 'sis', 'sippi']","['miss', 'issippi']",0.2727272727272727,1.55e-05,"[26, 10, 31, 10, 31, 10, 29, 11]"
mathematics,"['M', 'AE', 'TH', 'AH', 'M', 'AE', 'T', 'IH', 'K', 'S']","['math', 'em', 'at', 'ics']",['mathematics'],0.2727272727272727,1.41e-05,"[26, 2, 34, 3, 26, 2, 33, 10]"
institution,"['IH', 'N', 'S', 'T', 'IH', 'T', 'UW', 'SH', 'AH', 'N']","['in', 'sti', 'tu', 'tion']",['institution'],0.2727272727272727,2.57e-05,"[10, 27, 31, 33, 10, 33, 15, 32]"
endorsement,"['EH', 'N', 'D', 'AO', 'R', 'S', 'M', 'AH', 'N', 'T']","['en', 'dorse', 'ment']","['endor', 'sement']",0.2727272727272727,5.62e-06,"[7, 27, 18, 4, 30, 31, 26, 3]"
competitive,"['K', 'AH', 'M', 'P', 'EH', 'T', 'AH', 'T', 'IH', 'V']","['com', 'pet', 'it', 'ive']",['competitive'],0.2727272727272727,3.72e-05,"[24, 3, 26, 29, 7, 33, 3, 33]"
recommendations,"['R', 'EH', 'K', 'AH', 'M', 'AH', 'N', 'D', 'EY', 'SH', 'AH', 'N', 'Z']","['re', 'com', 'mend', 'a', 'tions']",['recommendations'],0.26666666666666666,1.95e-05,"[30, 7, 24, 3, 26, 3, 27, 18]"
characteristics,"['K', 'EH', 'R', 'AH', 'K', 'T', 'ER', 'IH', 'S', 'T', 'IH', 'K', 'S']","['char', 'ac', 'ter', 'ist', 'ics']",['characteristics'],0.26666666666666666,1.91e-05,"[24, 7, 30, 3, 24, 33, 8, 10]"
internationally,"['IH', 'N', 'T', 'ER', 'N', 'AE', 'SH', 'AH', 'N', 'AH', 'L', 'IY']","['in', 'ter', 'na', 'tion', 'ally']","['intern', 'ation', 'ally']",0.26666666666666666,8.91e-06,"[10, 27, 33, 8, 27, 2, 32, 3]"
representations,"['R', 'EH', 'P', 'R', 'AH', 'Z', 'AH', 'N', 'T', 'EY', 'SH', 'AH', 'N', 'Z']","['rep', 'res', 'ent', 'a', 'tions']",['representations'],0.26666666666666666,4.68e-06,"[30, 7, 29, 30, 3, 38, 3, 27]"
congratulations,"['K', 'AH', 'N', 'G', 'R', 'AE', 'CH', 'AH', 'L', 'EY', 'SH', 'AH', 'N', 'Z']","['con', 'grat', 'u', 'la', 'tions']",['congratulations'],0.26666666666666666,2.51e-05,"[24, 3, 27, 21, 30, 2, 17, 3]"
studying,"['S', 'T', 'AH', 'D', 'IY', 'IH', 'NG']","['study', 'ing']","['stud', 'ying']",0.25,2.63e-05,"[31, 33, 3, 18, 11, 10, 28, 0]"
satisfaction,"['S', 'AE', 'T', 'AH', 'S', 'F', 'AE', 'K', 'SH', 'AH', 'N']","['sat', 'is', 'fac', 'tion']",['satisfaction'],0.25,1.45e-05,"[31, 2, 33, 3, 31, 20, 2, 24]"
magnetic,"['M', 'AE', 'G', 'N', 'EH', 'T', 'IH', 'K']","['mag', 'net', 'ic']",['magnetic'],0.25,1.48e-05,"[26, 2, 21, 27, 7, 33, 10, 24]"
memorial,"['M', 'AH', 'M', 'AO', 'R', 'IY', 'AH', 'L']","['me', 'mori', 'al']",['memorial'],0.25,2.57e-05,"[26, 3, 26, 4, 30, 11, 3, 25]"
cellular,"['S', 'EH', 'L', 'Y', 'AH', 'L', 'ER']","['cel', 'lu', 'lar']",['cellular'],0.25,7.76e-06,"[31, 7, 25, 37, 3, 25, 8, 0]"
separate,"['S', 'EH', 'P', 'ER', 'EY', 'T']","['sep', 'ar', 'ate']",['separate'],0.25,6.76e-05,"[31, 7, 29, 8, 9, 33, 0, 0]"
religion,"['R', 'IH', 'L', 'IH', 'JH', 'AH', 'N']","['re', 'li', 'gion']",['religion'],0.25,5.5e-05,"[30, 10, 25, 10, 23, 3, 27, 0]"
manually,"['M', 'AE', 'N', 'Y', 'UW', 'AH', 'L', 'IY']","['manu', 'ally']","['man', 'ually']",0.25,5.01e-06,"[26, 2, 27, 37, 15, 3, 25, 11]"
confirmation,"['K', 'AA', 'N', 'F', 'ER', 'M', 'EY', 'SH', 'AH', 'N']","['con', 'firm', 'a', 'tion']",['confirmation'],0.25,1.2e-05,"[24, 1, 27, 20, 8, 26, 9, 32]"
cylinder,"['S', 'IH', 'L', 'AH', 'N', 'D', 'ER']","['cyl', 'in', 'der']",['cylinder'],0.25,9.77e-06,"[31, 10, 25, 3, 27, 18, 8, 0]"
aberdeen,"['AE', 'B', 'ER', 'D', 'IY', 'N']","['ab', 'er', 'deen']","['ab', 'erde', 'en']",0.25,6.46e-06,"[2, 16, 8, 18, 11, 27, 0, 0]"
petition,"['P', 'AH', 'T', 'IH', 'SH', 'AH', 'N']","['pe', 'ti', 'tion']",['petition'],0.25,2e-05,"[29, 3, 33, 10, 32, 3, 27, 0]"
diameter,"['D', 'AY', 'AE', 'M', 'AH', 'T', 'ER']","['dia', 'met', 'er']",['diameter'],0.25,1.2e-05,"[18, 6, 2, 26, 3, 33, 8, 0]"
combines,"['K', 'AH', 'M', 'B', 'AY', 'N', 'Z']","['com', 'bines']","['comb', 'ines']",0.25,5.37e-06,"[24, 3, 26, 16, 6, 27, 38, 0]"
catalogs,"['K', 'AE', 'T', 'AH', 'L', 'AA', 'G', 'Z']","['cata', 'logs']","['catalog', 's']",0.25,1.2e-06,"[24, 2, 33, 3, 25, 1, 21, 38]"
jill,"['JH', 'IH', 'L']",['jill'],"['j', 'ill']",0.25,6.46e-06,"[23, 10, 25, 0, 0, 0, 0, 0]"
columbus,"['K', 'AH', 'L', 'AH', 'M', 'B', 'AH', 'S']","['colum', 'bus']","['col', 'umbus']",0.25,1.1e-05,"[24, 3, 25, 3, 26, 16, 3, 31]"
interactions,"['IH', 'N', 'T', 'ER', 'AE', 'K', 'SH', 'AH', 'N', 'Z']","['in', 'ter', 'ac', 'tions']",['interactions'],0.25,1.45e-05,"[10, 27, 33, 8, 2, 24, 32, 3]"
intervention,"['IH', 'N', 'T', 'ER', 'V', 'EH', 'N', 'CH', 'AH', 'N']","['in', 'ter', 'ven', 'tion']",['intervention'],0.25,1.82e-05,"[10, 27, 33, 8, 35, 7, 27, 17]"
modification,"['M', 'AA', 'D', 'AH', 'F', 'AH', 'K', 'EY', 'SH', 'AH', 'N']","['modi', 'fic', 'a', 'tion']",['modification'],0.25,5.89e-06,"[26, 1, 18, 3, 20, 3, 24, 9]"
opposite,"['AA', 'P', 'AH', 'Z', 'AH', 'T']","['op', 'pos', 'ite']",['opposite'],0.25,4.17e-05,"[1, 29, 3, 38, 3, 33, 0, 0]"
domestic,"['D', 'AH', 'M', 'EH', 'S', 'T', 'IH', 'K']","['do', 'mest', 'ic']",['domestic'],0.25,4.9e-05,"[18, 3, 26, 7, 31, 33, 10, 24]"
extended,"['IH', 'K', 'S', 'T', 'EH', 'N', 'D', 'AH', 'D']","['ex', 'ten', 'ded']",['extended'],0.25,4.37e-05,"[10, 24, 31, 33, 7, 27, 18, 3]"
italiano,"['IH', 'T', 'AA', 'L', 'IY', 'AA', 'N', 'OW']","['itali', 'ano']","['ital', 'iano']",0.25,4.17e-07,"[10, 33, 1, 25, 11, 1, 27, 12]"
inserted,"['IH', 'N', 'S', 'ER', 'T', 'AH', 'D']","['in', 'ser', 'ted']",['inserted'],0.25,5.5e-06,"[10, 27, 31, 8, 33, 3, 18, 0]"
humanitarian,"['HH', 'Y', 'UW', 'M', 'AE', 'N', 'AH', 'T', 'EH', 'R', 'IY', 'AH', 'N']","['hu', 'man', 'it', 'ari', 'an']","['human', 'itarian']",0.25,8.13e-06,"[22, 37, 15, 26, 2, 27, 3, 33]"
metropolitan,"['M', 'EH', 'T', 'R', 'AH', 'P', 'AA', 'L', 'AH', 'T', 'AH', 'N']","['met', 'ro', 'pol', 'it', 'an']","['met', 'ropolitan']",0.25,1.51e-05,"[26, 7, 33, 30, 3, 29, 1, 25]"
receives,"['R', 'AH', 'S', 'IY', 'V', 'Z']","['re', 'ceives']","['rece', 'ives']",0.25,1.55e-05,"[30, 3, 31, 11, 35, 38, 0, 0]"
exercise,"['EH', 'K', 'S', 'ER', 'S', 'AY', 'Z']","['ex', 'er', 'cise']",['exercise'],0.25,4.79e-05,"[7, 24, 31, 8, 31, 6, 38, 0]"
internal,"['IH', 'N', 'T', 'ER', 'N', 'AH', 'L']","['in', 'tern', 'al']",['internal'],0.25,4.57e-05,"[10, 27, 33, 8, 27, 3, 25, 0]"
modified,"['M', 'AA', 'D', 'AH', 'F', 'AY', 'D']","['mod', 'i', 'fied']",['modified'],0.25,1.74e-05,"[26, 1, 18, 3, 20, 6, 18, 0]"
japanese,"['JH', 'AE', 'P', 'AH', 'N', 'IY', 'Z']","['ja', 'pan', 'ese']",['japanese'],0.25,6.46e-05,"[23, 2, 29, 3, 27, 11, 38, 0]"
verification,"['V', 'EH', 'R', 'AH', 'F', 'AH', 'K', 'EY', 'SH', 'AH', 'N']","['veri', 'fic', 'a', 'tion']",['verification'],0.25,5.01e-06,"[35, 7, 30, 3, 20, 3, 24, 9]"
occasion,"['AH', 'K', 'EY', 'ZH', 'AH', 'N']","['oc', 'ca', 'sion']",['occasion'],0.25,2.4e-05,"[3, 24, 9, 39, 3, 27, 0, 0]"
moderate,"['M', 'AA', 'D', 'ER', 'AH', 'T']","['mod', 'er', 'ate']",['moderate'],0.25,1.86e-05,"[26, 1, 18, 8, 3, 33, 0, 0]"
reported,"['R', 'IY', 'P', 'AO', 'R', 'T', 'AH', 'D']","['re', 'por', 'ted']",['reported'],0.25,0.0001,"[30, 11, 29, 4, 30, 33, 3, 18]"
democrat,"['D', 'EH', 'M', 'AH', 'K', 'R', 'AE', 'T']","['demo', 'crat']","['dem', 'ocrat']",0.25,1.74e-05,"[18, 7, 26, 3, 24, 30, 2, 33]"
adelaide,"['AE', 'D', 'AH', 'L', 'EY', 'D']","['ad', 'elaide']","['adela', 'ide']",0.25,9.77e-06,"[2, 18, 3, 25, 9, 18, 0, 0]"
photographer,"['F', 'AH', 'T', 'AA', 'G', 'R', 'AH', 'F', 'ER']","['pho', 'to', 'graph', 'er']",['photographer'],0.25,1.91e-05,"[20, 3, 33, 1, 21, 30, 3, 20]"
lion,"['L', 'AY', 'AH', 'N']","['li', 'on']",['lion'],0.25,1.78e-05,"[25, 6, 3, 27, 0, 0, 0, 0]"
reid,"['R', 'IY', 'D']","['re', 'id']",['reid'],0.25,9.77e-06,"[30, 11, 18, 0, 0, 0, 0, 0]"
bibliography,"['B', 'IH', 'B', 'L', 'IY', 'AA', 'G', 'R', 'AH', 'F', 'IY']","['bib', 'li', 'o', 'graphy']",['bibliography'],0.25,6.61e-06,"[16, 10, 16, 25, 11, 1, 21, 30]"
township,"['T', 'AW', 'N', 'SH', 'IH', 'P']","['town', 'ship']","['tow', 'nship']",0.25,9.55e-06,"[33, 5, 27, 32, 10, 29, 0, 0]"
receptor,"['R', 'IY', 'S', 'EH', 'P', 'T', 'ER']","['re', 'cept', 'or']",['receptor'],0.25,6.17e-06,"[30, 11, 31, 7, 29, 33, 8, 0]"
surgical,"['S', 'ER', 'JH', 'IH', 'K', 'AH', 'L']","['sur', 'gic', 'al']",['surgical'],0.25,1.12e-05,"[31, 8, 23, 10, 24, 3, 25, 0]"
favorite,"['F', 'EY', 'V', 'ER', 'IH', 'T']","['fa', 'vor', 'ite']",['favorite'],0.25,9.33e-05,"[20, 9, 35, 8, 10, 33, 0, 0]"
expenditures,"['IH', 'K', 'S', 'P', 'EH', 'N', 'D', 'AH', 'CH', 'ER', 'Z']","['ex', 'pendit', 'ures']","['expend', 'itures']",0.25,3.31e-06,"[10, 24, 31, 29, 7, 27, 18, 3]"
minimize,"['M', 'IH', 'N', 'AH', 'M', 'AY', 'Z']","['min', 'im', 'ize']",['minimize'],0.25,6.31e-06,"[26, 10, 27, 3, 26, 6, 38, 0]"
dominant,"['D', 'AA', 'M', 'AH', 'N', 'AH', 'N', 'T']","['dom', 'in', 'ant']",['dominant'],0.25,1.7e-05,"[18, 1, 26, 3, 27, 3, 27, 33]"
adjacent,"['AH', 'JH', 'EY', 'S', 'AH', 'N', 'T']","['ad', 'ja', 'cent']",['adjacent'],0.25,1.32e-05,"[3, 23, 9, 31, 3, 27, 33, 0]"
piss,"['P', 'IH', 'S']",['piss'],"['p', 'iss']",0.25,1.48e-05,"[29, 10, 31, 0, 0, 0, 0, 0]"
judy,"['JH', 'UW', 'D', 'IY']",['judy'],"['jud', 'y']",0.25,6.17e-06,"[23, 15, 18, 11, 0, 0, 0, 0]"
alphabetical,"['AE', 'L', 'F', 'AH', 'B', 'EH', 'T', 'IH', 'K', 'AH', 'L']","['al', 'pha', 'bet', 'ic', 'al']","['alpha', 'betical']",0.25,1.66e-06,"[2, 25, 20, 3, 16, 7, 33, 10]"
bulletin,"['B', 'UH', 'L', 'IH', 'T', 'AH', 'N']","['bul', 'let', 'in']",['bulletin'],0.25,6.17e-06,"[16, 14, 25, 10, 33, 3, 27, 0]"
advocacy,"['AE', 'D', 'V', 'AH', 'K', 'AH', 'S', 'IY']","['ad', 'vocacy']","['advoc', 'acy']",0.25,7.94e-06,"[2, 18, 35, 3, 24, 3, 31, 11]"
theaters,"['TH', 'IY', 'AH', 'T', 'ER', 'Z']","['theat', 'ers']","['the', 'aters']",0.25,7.41e-06,"[34, 11, 3, 33, 8, 38, 0, 0]"
flooring,"['F', 'L', 'AO', 'R', 'IH', 'NG']","['floor', 'ing']","['flo', 'oring']",0.25,1.91e-06,"[20, 25, 4, 30, 10, 28, 0, 0]"
director,"['D', 'ER', 'EH', 'K', 'T', 'ER']","['dir', 'ect', 'or']",['director'],0.25,0.000141,"[18, 8, 7, 24, 33, 8, 0, 0]"
official,"['AH', 'F', 'IH', 'SH', 'AH', 'L']","['of', 'fi', 'cial']",['official'],0.25,0.000138,"[3, 20, 10, 32, 3, 25, 0, 0]"
oils,"['OY', 'L', 'Z']",['oils'],"['o', 'ils']",0.25,7.24e-06,"[13, 25, 38, 0, 0, 0, 0, 0]"
unto,"['AH', 'N', 'T', 'UW']","['un', 'to']",['unto'],0.25,9.12e-06,"[3, 27, 33, 15, 0, 0, 0, 0]"
removing,"['R', 'IY', 'M', 'UW', 'V', 'IH', 'NG']","['re', 'mov', 'ing']",['removing'],0.25,1.82e-05,"[30, 11, 26, 15, 35, 10, 28, 0]"
preservation,"['P', 'R', 'EH', 'Z', 'ER', 'V', 'EY', 'SH', 'AH', 'N']","['pre', 'ser', 'va', 'tion']",['preservation'],0.25,1.02e-05,"[29, 30, 7, 38, 8, 35, 9, 32]"
distribution,"['D', 'IH', 'S', 'T', 'R', 'AH', 'B', 'Y', 'UW', 'SH', 'AH', 'N']","['dis', 'tri', 'bu', 'tion']",['distribution'],0.25,4.37e-05,"[18, 10, 31, 33, 30, 3, 16, 37]"
arab,"['AE', 'R', 'AH', 'B']","['ar', 'ab']",['arab'],0.25,2.45e-05,"[2, 30, 3, 16, 0, 0, 0, 0]"
terminal,"['T', 'ER', 'M', 'AH', 'N', 'AH', 'L']","['ter', 'min', 'al']",['terminal'],0.25,2.04e-05,"[33, 8, 26, 3, 27, 3, 25, 0]"
catholic,"['K', 'AE', 'TH', 'L', 'IH', 'K']","['cath', 'ol', 'ic']",['catholic'],0.25,3.55e-05,"[24, 2, 34, 25, 10, 24, 0, 0]"
classics,"['K', 'L', 'AE', 'S', 'IH', 'K', 'S']","['clas', 'sics']","['class', 'ics']",0.25,7.94e-06,"[24, 25, 2, 31, 10, 24, 31, 0]"
optional,"['AA', 'P', 'SH', 'AH', 'N', 'AH', 'L']","['op', 'tion', 'al']",['optional'],0.25,8.13e-06,"[1, 29, 32, 3, 27, 3, 25, 0]"
personal,"['P', 'ER', 'S', 'IH', 'N', 'IH', 'L']","['per', 'son', 'al']",['personal'],0.25,0.000158,"[29, 8, 31, 10, 27, 10, 25, 0]"
particularly,"['P', 'AA', 'R', 'T', 'IH', 'K', 'Y', 'AH', 'L', 'ER', 'L', 'IY']","['par', 'tic', 'u', 'larly']",['particularly'],0.25,9.12e-05,"[29, 1, 30, 33, 10, 24, 37, 3]"
oral,"['AO', 'R', 'AH', 'L']","['or', 'al']",['oral'],0.25,1.82e-05,"[4, 30, 3, 25, 0, 0, 0, 0]"
cultural,"['K', 'AH', 'L', 'CH', 'ER', 'AH', 'L']","['cul', 'tur', 'al']",['cultural'],0.25,5.62e-05,"[24, 3, 25, 17, 8, 3, 25, 0]"
holidays,"['HH', 'AA', 'L', 'AH', 'D', 'EY', 'Z']","['hol', 'i', 'days']",['holidays'],0.25,1.66e-05,"[22, 1, 25, 3, 18, 9, 38, 0]"
vertical,"['V', 'ER', 'T', 'IH', 'K', 'AH', 'L']","['ver', 'tic', 'al']",['vertical'],0.25,1.41e-05,"[35, 8, 33, 10, 24, 3, 25, 0]"
disabilities,"['D', 'IH', 'S', 'AH', 'B', 'IH', 'L', 'AH', 'T', 'IY', 'Z']","['dis', 'ab', 'il', 'it', 'ies']","['dis', 'abilities']",0.25,8.51e-06,"[18, 10, 31, 3, 16, 10, 25, 3]"
absolute,"['AE', 'B', 'S', 'AH', 'L', 'UW', 'T']","['ab', 'so', 'lute']",['absolute'],0.25,3.47e-05,"[2, 16, 31, 3, 25, 15, 33, 0]"
capacity,"['K', 'AH', 'P', 'AE', 'S', 'AH', 'T', 'IY']","['ca', 'pa', 'city']",['capacity'],0.25,5.13e-05,"[24, 3, 29, 2, 31, 3, 33, 11]"
combinations,"['K', 'AA', 'M', 'B', 'AH', 'N', 'EY', 'SH', 'AH', 'N', 'Z']","['com', 'bin', 'a', 'tions']",['combinations'],0.25,6.76e-06,"[24, 1, 26, 16, 3, 27, 9, 32]"
sake,"['S', 'EY', 'K']",['sake'],"['s', 'ake']",0.25,2.51e-05,"[31, 9, 24, 0, 0, 0, 0, 0]"
axis,"['AE', 'K', 'S', 'AH', 'S']","['ax', 'is']",['axis'],0.25,1.05e-05,"[2, 24, 31, 3, 31, 0, 0, 0]"
guardian,"['G', 'AA', 'R', 'D', 'IY', 'AH', 'N']","['guard', 'i', 'an']",['guardian'],0.25,1.82e-05,"[21, 1, 30, 18, 11, 3, 27, 0]"
contribution,"['K', 'AA', 'N', 'T', 'R', 'AH', 'B', 'Y', 'UW', 'SH', 'AH', 'N']","['con', 'tri', 'bu', 'tion']",['contribution'],0.25,2.19e-05,"[24, 1, 27, 33, 30, 3, 16, 37]"
reliable,"['R', 'IH', 'L', 'AY', 'AH', 'B', 'AH', 'L']","['re', 'li', 'able']",['reliable'],0.25,1.95e-05,"[30, 10, 25, 6, 3, 16, 3, 25]"
visiting,"['V', 'IH', 'Z', 'AH', 'T', 'IH', 'NG']","['vis', 'it', 'ing']",['visiting'],0.25,2.75e-05,"[35, 10, 38, 3, 33, 10, 28, 0]"
tomorrow,"['T', 'AH', 'M', 'AA', 'R', 'OW']","['to', 'mor', 'row']",['tomorrow'],0.25,0.000105,"[33, 3, 26, 1, 30, 12, 0, 0]"
apparent,"['AH', 'P', 'EH', 'R', 'AH', 'N', 'T']","['ap', 'par', 'ent']",['apparent'],0.25,2.09e-05,"[3, 29, 7, 30, 3, 27, 33, 0]"
physical,"['F', 'IH', 'Z', 'IH', 'K', 'AH', 'L']","['phys', 'ic', 'al']",['physical'],0.25,8.71e-05,"[20, 10, 38, 10, 24, 3, 25, 0]"
calendar,"['K', 'AE', 'L', 'AH', 'N', 'D', 'ER']","['cal', 'en', 'dar']",['calendar'],0.25,2e-05,"[24, 2, 25, 3, 27, 18, 8, 0]"
applications,"['AE', 'P', 'L', 'AH', 'K', 'EY', 'SH', 'AH', 'N', 'Z']","['ap', 'plic', 'a', 'tions']",['applications'],0.25,4.37e-05,"[2, 29, 25, 3, 24, 9, 32, 3]"
medicaid,"['M', 'EH', 'D', 'AH', 'K', 'EY', 'D']","['medi', 'caid']","['medic', 'aid']",0.25,5.5e-06,"[26, 7, 18, 3, 24, 9, 18, 0]"
boob,"['B', 'UW', 'B']",['boob'],"['boo', 'b']",0.25,2.57e-06,"[16, 15, 16, 0, 0, 0, 0, 0]"
explicit,"['IH', 'K', 'S', 'P', 'L', 'IH', 'S', 'AH', 'T']","['ex', 'pli', 'cit']",['explicit'],0.25,9.12e-06,"[10, 24, 31, 29, 25, 10, 31, 3]"
producer,"['P', 'R', 'AH', 'D', 'UW', 'S', 'ER']","['pro', 'du', 'cer']",['producer'],0.25,2.75e-05,"[29, 30, 3, 18, 15, 31, 8, 0]"
carrying,"['K', 'AE', 'R', 'IY', 'IH', 'NG']","['car', 'ry', 'ing']",['carrying'],0.25,4.07e-05,"[24, 2, 30, 11, 10, 28, 0, 0]"
chemical,"['K', 'EH', 'M', 'AH', 'K', 'AH', 'L']","['chem', 'ic', 'al']",['chemical'],0.25,3.72e-05,"[24, 7, 26, 3, 24, 3, 25, 0]"
ethiopia,"['IY', 'TH', 'IY', 'OW', 'P', 'IY', 'AH']",['ethiopia'],"['eth', 'io', 'pia']",0.25,5.37e-06,"[11, 34, 11, 12, 29, 11, 3, 0]"
animated,"['AE', 'N', 'AH', 'M', 'EY', 'T', 'AH', 'D']","['an', 'im', 'ated']",['animated'],0.25,1.17e-05,"[2, 27, 3, 26, 9, 33, 3, 18]"
attitude,"['AE', 'T', 'AH', 'T', 'UW', 'D']","['at', 'ti', 'tude']",['attitude'],0.25,3.8e-05,"[2, 33, 3, 33, 15, 18, 0, 0]"
leon,"['L', 'IY', 'AA', 'N']","['le', 'on']",['leon'],0.25,8.32e-06,"[25, 11, 1, 27, 0, 0, 0, 0]"
unauthorized,"['AH', 'N', 'AO', 'TH', 'ER', 'AY', 'Z', 'D']","['un', 'au', 'thor', 'ized']",['unauthorized'],0.25,3.72e-06,"[3, 27, 4, 34, 8, 6, 38, 18]"
architecture,"['AA', 'R', 'K', 'AH', 'T', 'EH', 'K', 'CH', 'ER']","['ar', 'chi', 'tec', 'ture']",['architecture'],0.25,2.63e-05,"[1, 30, 24, 3, 33, 7, 24, 17]"
representing,"['R', 'EH', 'P', 'R', 'IH', 'Z', 'EH', 'N', 'T', 'IH', 'NG']","['rep', 'res', 'ent', 'ing']",['representing'],0.25,2.29e-05,"[30, 7, 29, 30, 10, 38, 7, 27]"
attended,"['AH', 'T', 'EH', 'N', 'D', 'AH', 'D']","['at', 'ten', 'ded']",['attended'],0.25,2.95e-05,"[3, 33, 7, 27, 18, 3, 18, 0]"
genetics,"['JH', 'AH', 'N', 'EH', 'T', 'IH', 'K', 'S']","['ge', 'net', 'ics']",['genetics'],0.25,6.92e-06,"[23, 3, 27, 7, 33, 10, 24, 31]"
conventional,"['K', 'AH', 'N', 'V', 'EH', 'N', 'SH', 'AH', 'N', 'AH', 'L']","['con', 'ven', 'tion', 'al']",['conventional'],0.25,1.78e-05,"[24, 3, 27, 35, 7, 27, 32, 3]"
location,"['L', 'OW', 'K', 'EY', 'SH', 'AH', 'N']","['loc', 'a', 'tion']",['location'],0.25,7.24e-05,"[25, 12, 24, 9, 32, 3, 27, 0]"
previous,"['P', 'R', 'IY', 'V', 'IY', 'AH', 'S']","['pre', 'vi', 'ous']",['previous'],0.25,0.0001,"[29, 30, 11, 35, 11, 3, 31, 0]"
embedded,"['EH', 'M', 'B', 'EH', 'D', 'IH', 'D']","['em', 'bed', 'ded']",['embedded'],0.25,7.76e-06,"[7, 26, 16, 7, 18, 10, 18, 0]"
instrumental,"['IH', 'N', 'S', 'T', 'R', 'AH', 'M', 'EH', 'N', 'T', 'AH', 'L']","['in', 'stru', 'ment', 'al']",['instrumental'],0.25,9.77e-06,"[10, 27, 31, 33, 30, 3, 26, 7]"
consoles,"['K', 'AH', 'N', 'S', 'OW', 'L', 'Z']","['con', 'soles']","['cons', 'oles']",0.25,3.47e-06,"[24, 3, 27, 31, 12, 25, 38, 0]"
judicial,"['JH', 'UW', 'D', 'IH', 'SH', 'AH', 'L']","['ju', 'di', 'cial']",['judicial'],0.25,1.38e-05,"[23, 15, 18, 10, 32, 3, 25, 0]"
expectations,"['EH', 'K', 'S', 'P', 'EH', 'K', 'T', 'EY', 'SH', 'AH', 'N', 'Z']","['ex', 'pect', 'a', 'tions']",['expectations'],0.25,2.75e-05,"[7, 24, 31, 29, 7, 24, 33, 9]"
applying,"['AH', 'P', 'L', 'AY', 'IH', 'NG']","['ap', 'ply', 'ing']",['applying'],0.25,1.74e-05,"[3, 29, 25, 6, 10, 28, 0, 0]"
humidity,"['HH', 'Y', 'UW', 'M', 'IH', 'D', 'AH', 'T', 'IY']","['hu', 'mid', 'ity']",['humidity'],0.25,6.76e-06,"[22, 37, 15, 26, 10, 18, 3, 33]"
criteria,"['K', 'R', 'AY', 'T', 'IH', 'R', 'IY', 'AH']","['cri', 'ter', 'ia']",['criteria'],0.25,1.62e-05,"[24, 30, 6, 33, 10, 30, 11, 3]"
ordering,"['AO', 'R', 'D', 'ER', 'IH', 'NG']","['or', 'der', 'ing']",['ordering'],0.25,1.05e-05,"[4, 30, 18, 8, 10, 28, 0, 0]"
specials,"['S', 'P', 'EH', 'SH', 'AH', 'L', 'Z']","['spe', 'cials']","['spec', 'ials']",0.25,4.57e-06,"[31, 29, 7, 32, 3, 25, 38, 0]"
exposure,"['IH', 'K', 'S', 'P', 'OW', 'ZH', 'ER']","['ex', 'pos', 'ure']",['exposure'],0.25,2.75e-05,"[10, 24, 31, 29, 12, 39, 8, 0]"
contemporary,"['K', 'AH', 'N', 'T', 'EH', 'M', 'P', 'ER', 'EH', 'R', 'IY']","['con', 'tem', 'por', 'ary']",['contemporary'],0.25,3.09e-05,"[24, 3, 27, 33, 7, 26, 29, 8]"
saskatchewan,"['S', 'AE', 'S', 'K', 'AE', 'CH', 'AH', 'W', 'AO', 'N']","['saskat', 'chewan']","['s', 'ask', 'atchewan']",0.25,2.82e-06,"[31, 2, 31, 24, 2, 17, 3, 36]"
costumes,"['K', 'AA', 'S', 'T', 'UW', 'M', 'Z']","['cos', 'tumes']","['cost', 'umes']",0.25,7.76e-06,"[24, 1, 31, 33, 15, 26, 38, 0]"
fiji,"['F', 'IY', 'JH', 'IY']",['fiji'],"['f', 'iji']",0.25,4.07e-06,"[20, 11, 23, 11, 0, 0, 0, 0]"
innocent,"['IH', 'N', 'AH', 'S', 'AH', 'N', 'T']","['in', 'no', 'cent']",['innocent'],0.25,2.82e-05,"[10, 27, 3, 31, 3, 27, 33, 0]"
publicly,"['P', 'AH', 'B', 'L', 'IH', 'K', 'L', 'IY']","['pub', 'licly']","['public', 'ly']",0.25,1.91e-05,"[29, 3, 16, 25, 10, 24, 25, 11]"
ventures,"['V', 'EH', 'N', 'CH', 'ER', 'Z']","['ven', 'tures']","['vent', 'ures']",0.25,5.75e-06,"[35, 7, 27, 17, 8, 38, 0, 0]"
cancellation,"['K', 'AE', 'N', 'S', 'AH', 'L', 'EY', 'SH', 'AH', 'N']","['can', 'cel', 'la', 'tion']",['cancellation'],0.25,5.75e-06,"[24, 2, 27, 31, 3, 25, 9, 32]"
collectibles,"['K', 'AH', 'L', 'EH', 'K', 'T', 'AH', 'B', 'AH', 'L', 'Z']","['col', 'lect', 'ibles']","['colle', 'ctibles']",0.25,1.29e-06,"[24, 3, 25, 7, 24, 33, 3, 16]"
accuracy,"['AE', 'K', 'Y', 'ER', 'AH', 'S', 'IY']","['ac', 'cur', 'acy']",['accuracy'],0.25,1.74e-05,"[2, 24, 37, 8, 3, 31, 11, 0]"
keno,"['K', 'IY', 'N', 'OW']",['keno'],"['ken', 'o']",0.25,2.69e-07,"[24, 11, 27, 12, 0, 0, 0, 0]"
majority,"['M', 'AH', 'JH', 'AO', 'R', 'AH', 'T', 'IY']","['ma', 'jor', 'ity']",['majority'],0.25,8.71e-05,"[26, 3, 23, 4, 30, 3, 33, 11]"
sexually,"['S', 'EH', 'K', 'SH', 'UW', 'AH', 'L', 'IY']","['sexu', 'ally']","['sex', 'ually']",0.25,1.35e-05,"[31, 7, 24, 32, 15, 3, 25, 11]"
negative,"['N', 'EH', 'G', 'AH', 'T', 'IH', 'V']","['neg', 'at', 'ive']",['negative'],0.25,6.17e-05,"[27, 7, 21, 3, 33, 10, 35, 0]"
missouri,"['M', 'AH', 'Z', 'UH', 'R', 'IY']","['mis', 'souri']","['miss', 'ouri']",0.25,1.82e-05,"[26, 3, 38, 14, 30, 11, 0, 0]"
ministry,"['M', 'IH', 'N', 'AH', 'S', 'T', 'R', 'IY']","['min', 'istry']","['minist', 'ry']",0.25,4.27e-05,"[26, 10, 27, 3, 31, 33, 30, 11]"
proposal,"['P', 'R', 'AH', 'P', 'OW', 'Z', 'AH', 'L']","['pro', 'pos', 'al']",['proposal'],0.25,2.95e-05,"[29, 30, 3, 29, 12, 38, 3, 25]"
festival,"['F', 'EH', 'S', 'T', 'AH', 'V', 'AH', 'L']","['fest', 'iv', 'al']",['festival'],0.25,5.25e-05,"[20, 7, 31, 33, 3, 35, 3, 25]"
potatoes,"['P', 'AH', 'T', 'EY', 'T', 'OW', 'Z']","['pota', 'toes']","['pot', 'atoes']",0.25,1.23e-05,"[29, 3, 33, 9, 33, 12, 38, 0]"
violence,"['V', 'AY', 'AH', 'L', 'AH', 'N', 'S']","['vi', 'ol', 'ence']",['violence'],0.25,5.62e-05,"[35, 6, 3, 25, 3, 27, 31, 0]"
designer,"['D', 'IH', 'Z', 'AY', 'N', 'ER']","['de', 'sign', 'er']",['designer'],0.25,2.63e-05,"[18, 10, 38, 6, 27, 8, 0, 0]"
remember,"['R', 'IH', 'M', 'EH', 'M', 'B', 'ER']","['re', 'mem', 'ber']",['remember'],0.25,0.00024,"[30, 10, 26, 7, 26, 16, 8, 0]"
regional,"['R', 'IY', 'JH', 'AH', 'N', 'AH', 'L']","['re', 'gion', 'al']",['regional'],0.25,5.25e-05,"[30, 11, 23, 3, 27, 3, 25, 0]"
beverage,"['B', 'EH', 'V', 'ER', 'IH', 'JH']","['bever', 'age']","['be', 'verage']",0.25,4.9e-06,"[16, 7, 35, 8, 10, 23, 0, 0]"
availability,"['AH', 'V', 'EY', 'L', 'AH', 'B', 'IH', 'L', 'AH', 'T', 'IY']","['avail', 'ab', 'il', 'ity']",['availability'],0.25,1.35e-05,"[3, 35, 9, 25, 3, 16, 10, 25]"
joan,"['JH', 'OW', 'N']",['joan'],"['jo', 'an']",0.25,1.02e-05,"[23, 12, 27, 0, 0, 0, 0, 0]"
reseller,"['R', 'IY', 'S', 'EH', 'L', 'ER']","['re', 'seller']","['rese', 'ller']",0.25,6.17e-07,"[30, 11, 31, 7, 25, 8, 0, 0]"
mistakes,"['M', 'IH', 'S', 'T', 'EY', 'K', 'S']","['mis', 'takes']","['mist', 'akes']",0.25,2.82e-05,"[26, 10, 31, 33, 9, 24, 31, 0]"
infected,"['IH', 'N', 'F', 'EH', 'K', 'T', 'AH', 'D']","['in', 'fec', 'ted']",['infected'],0.25,1.35e-05,"[10, 27, 20, 7, 24, 33, 3, 18]"
kentucky,"['K', 'AH', 'N', 'T', 'AH', 'K', 'IY']","['ken', 'tucky']","['kent', 'ucky']",0.25,2e-05,"[24, 3, 27, 33, 3, 24, 11, 0]"
thriller,"['TH', 'R', 'IH', 'L', 'ER']","['thrill', 'er']","['th', 'riller']",0.25,8.13e-06,"[34, 30, 10, 25, 8, 0, 0, 0]"
experiencing,"['IH', 'K', 'S', 'P', 'IH', 'R', 'IY', 'AH', 'N', 'S', 'IH', 'NG']","['ex', 'per', 'i', 'en', 'cing']","['exper', 'iencing']",0.25,1.1e-05,"[10, 24, 31, 29, 10, 30, 11, 3]"
defining,"['D', 'IH', 'F', 'AY', 'N', 'IH', 'NG']","['de', 'fin', 'ing']",['defining'],0.25,9.12e-06,"[18, 10, 20, 6, 27, 10, 28, 0]"
printers,"['P', 'R', 'IH', 'N', 'T', 'ER', 'Z']","['print', 'ers']","['prin', 'ters']",0.25,4.17e-06,"[29, 30, 10, 27, 33, 8, 38, 0]"
independence,"['IH', 'N', 'D', 'IH', 'P', 'EH', 'N', 'D', 'AH', 'N', 'S']","['in', 'de', 'pend', 'ence']",['independence'],0.25,3.8e-05,"[10, 27, 18, 10, 29, 7, 27, 18]"
victoria,"['V', 'IH', 'K', 'T', 'AO', 'R', 'IY', 'AH']","['vic', 'tor', 'ia']",['victoria'],0.25,2.75e-05,"[35, 10, 24, 33, 4, 30, 11, 3]"
municipality,"['M', 'Y', 'UW', 'N', 'IH', 'S', 'AH', 'P', 'AE', 'L', 'AH', 'T', 'IY']","['mu', 'ni', 'cip', 'al', 'ity']","['municip', 'ality']",0.25,5.13e-06,"[26, 37, 15, 27, 10, 31, 3, 29]"
aquarium,"['AH', 'K', 'W', 'EH', 'R', 'IY', 'AH', 'M']","['aquar', 'i', 'um']",['aquarium'],0.25,3.63e-06,"[3, 24, 36, 7, 30, 11, 3, 26]"
prerequisite,"['P', 'R', 'IY', 'R', 'EH', 'K', 'W', 'AH', 'Z', 'AH', 'T']","['pre', 'requis', 'ite']","['pr', 'erequisite']",0.25,1.74e-06,"[29, 30, 11, 30, 7, 24, 36, 3]"
intersection,"['IH', 'N', 'T', 'ER', 'S', 'EH', 'K', 'SH', 'AH', 'N']","['in', 'ter', 'sec', 'tion']",['intersection'],0.25,7.59e-06,"[10, 27, 33, 8, 31, 7, 24, 32]"
pavilion,"['P', 'AH', 'V', 'IH', 'L', 'Y', 'AH', 'N']","['pa', 'vil', 'ion']","['pa', 'vi', 'lion']",0.25,4.17e-06,"[29, 3, 35, 10, 25, 37, 3, 27]"
advisors,"['AE', 'D', 'V', 'AY', 'Z', 'ER', 'Z']","['ad', 'visors']","['advis', 'ors']",0.25,4.27e-06,"[2, 18, 35, 6, 38, 8, 38, 0]"
orgy,"['AO', 'R', 'JH', 'IY']",['orgy'],"['or', 'gy']",0.25,1.74e-06,"[4, 30, 23, 11, 0, 0, 0, 0]"
reporter,"['R', 'IH', 'P', 'AO', 'R', 'T', 'ER']","['re', 'port', 'er']",['reporter'],0.25,2.24e-05,"[30, 10, 29, 4, 30, 33, 8, 0]"
quantitative,"['K', 'W', 'AA', 'N', 'T', 'IH', 'T', 'EY', 'T', 'IH', 'V']","['quant', 'it', 'at', 'ive']",['quantitative'],0.25,5.37e-06,"[24, 36, 1, 27, 33, 10, 33, 9]"
suggests,"['S', 'AH', 'G', 'JH', 'EH', 'S', 'T', 'S']","['sug', 'gests']","['sugges', 'ts']",0.25,3.09e-05,"[31, 3, 21, 23, 7, 31, 33, 31]"
shoppers,"['SH', 'AA', 'P', 'ER', 'Z']","['shop', 'pers']","['sho', 'ppers']",0.25,3.55e-06,"[32, 1, 29, 8, 38, 0, 0, 0]"
colorado,"['K', 'AA', 'L', 'ER', 'AA', 'D', 'OW']","['col', 'or', 'ado']",['colorado'],0.25,2.88e-05,"[24, 1, 25, 8, 1, 18, 12, 0]"
