word,arpabet,syllables,tokenized_word,hamming_distance,word_frequency,phon_vec
vacuum,"['V', 'AE', 'K', 'Y', 'UW', 'M']","['va', 'cu', 'um']","['v', 'ac', 'uum']",0.6666666666666666,1.23e-05,"[35, 2, 24, 37, 15, 26, 0, 0]"
julian,"['JH', 'UW', 'L', 'IY', 'AH', 'N']","['ju', 'li', 'an']","['j', 'ul', 'ian']",0.6666666666666666,9.77e-06,"[23, 15, 25, 11, 3, 27, 0, 0]"
zimbabwe,"['Z', 'IH', 'M', 'B', 'AA', 'B', 'W', 'EY']","['zi', 'm', 'b', 'ab', 'we']","['z', 'imbabwe']",0.625,5.37e-06,"[38, 10, 26, 16, 1, 16, 36, 9]"
slovenia,"['S', 'L', 'OW', 'V', 'IY', 'N', 'IY', 'AH']","['slov', 'e', 'nia']","['s', 'lo', 'ven', 'ia']",0.625,2.57e-06,"[31, 25, 12, 35, 11, 27, 11, 3]"
jesus,"['JH', 'IY', 'Z', 'AH', 'S']","['je', 'sus']","['j', 'es', 'us']",0.6,9.77e-05,"[23, 11, 38, 3, 31, 0, 0, 0]"
cubic,"['K', 'Y', 'UW', 'B', 'IH', 'K']","['cu', 'bic']","['c', 'ub', 'ic']",0.6,5.13e-06,"[24, 37, 15, 16, 10, 24, 0, 0]"
sudan,"['S', 'UW', 'D', 'AE', 'N']","['su', 'dan']","['s', 'ud', 'an']",0.6,7.94e-06,"[31, 15, 18, 2, 27, 0, 0, 0]"
julie,"['JH', 'UW', 'L', 'IY']","['ju', 'lie']","['j', 'ul', 'ie']",0.6,1.23e-05,"[23, 15, 25, 11, 0, 0, 0, 0]"
lucia,"['L', 'UW', 'SH', 'AH']","['lu', 'cia']","['l', 'uc', 'ia']",0.6,2.82e-06,"[25, 15, 32, 3, 0, 0, 0, 0]"
lucas,"['L', 'UW', 'K', 'AH', 'S']","['lu', 'cas']","['l', 'uc', 'as']",0.6,1.23e-05,"[25, 15, 24, 3, 31, 0, 0, 0]"
tumor,"['T', 'UW', 'M', 'ER']","['tu', 'mor']","['t', 'um', 'or']",0.6,9.33e-06,"[33, 15, 26, 8, 0, 0, 0, 0]"
encyclopedia,"['IH', 'N', 'S', 'AY', 'K', 'L', 'AH', 'P', 'IY', 'D', 'IY', 'AH']","['en', 'cyc', 'lo', 'pe', 'dia']","['ency', 'cl', 'op', 'edia']",0.5833333333333334,3.31e-06,"[10, 27, 31, 6, 24, 25, 3, 29]"
courier,"['K', 'ER', 'IY', 'ER']","['cour', 'i', 'er']","['c', 'ou', 'rier']",0.5714285714285714,4.79e-06,"[24, 8, 11, 8, 0, 0, 0, 0]"
satisfy,"['S', 'AE', 'T', 'AH', 'S', 'F', 'AY']","['sat', 'is', 'fy']","['s', 'atisf', 'y']",0.5714285714285714,9.55e-06,"[31, 2, 33, 3, 31, 20, 6, 0]"
pioneer,"['P', 'AY', 'AH', 'N', 'IH', 'R']","['pi', 'on', 'eer']","['p', 'ione', 'er']",0.5714285714285714,8.13e-06,"[29, 6, 3, 27, 10, 30, 0, 0]"
antigua,"['AE', 'N', 'T', 'IY', 'G', 'W', 'AH']","['an', 'ti', 'gua']","['ant', 'ig', 'ua']",0.5714285714285714,1.2e-06,"[2, 27, 33, 11, 21, 36, 3, 0]"
nigeria,"['N', 'AY', 'JH', 'IH', 'R', 'IY', 'AH']","['ni', 'ger', 'ia']","['n', 'ig', 'eria']",0.5714285714285714,2.14e-05,"[27, 6, 23, 10, 30, 11, 3, 0]"
amplifier,"['AE', 'M', 'P', 'L', 'AH', 'F', 'AY', 'ER']","['amp', 'li', 'fi', 'er']","['am', 'pl', 'ifier']",0.5555555555555556,2.82e-06,"[2, 26, 29, 25, 3, 20, 6, 8]"
hypothesis,"['HH', 'AY', 'P', 'AA', 'TH', 'AH', 'S', 'AH', 'S']","['hy', 'po', 'thes', 'is']","['hyp', 'ot', 'hesis']",0.5,7.41e-06,"[22, 6, 29, 1, 34, 3, 31, 3]"
median,"['M', 'IY', 'D', 'IY', 'AH', 'N']","['me', 'di', 'an']","['med', 'ian']",0.5,1.12e-05,"[26, 11, 18, 11, 3, 27, 0, 0]"
mozambique,"['M', 'OW', 'Z', 'AE', 'M', 'B', 'IY', 'K']","['mozam', 'bi', 'que']","['mo', 'z', 'amb', 'ique']",0.5,1.95e-06,"[26, 12, 38, 2, 26, 16, 11, 24]"
ethernet,"['EH', 'TH', 'ER', 'N', 'EH', 'T']","['eth', 'er', 'net']","['et', 'hern', 'et']",0.5,1.91e-06,"[7, 34, 8, 27, 7, 33, 0, 0]"
iraq,"['IH', 'R', 'AA', 'K']","['ir', 'aq']","['ira', 'q']",0.5,2.69e-05,"[10, 30, 1, 24, 0, 0, 0, 0]"
carnival,"['K', 'AA', 'R', 'N', 'AH', 'V', 'AH', 'L']","['car', 'ni', 'val']","['c', 'arn', 'ival']",0.5,7.24e-06,"[24, 1, 30, 27, 3, 35, 3, 25]"
brutal,"['B', 'R', 'UW', 'T', 'AH', 'L']","['bru', 'tal']","['br', 'ut', 'al']",0.5,1.26e-05,"[16, 30, 15, 33, 3, 25, 0, 0]"
aboriginal,"['AE', 'B', 'ER', 'IH', 'JH', 'AH', 'N', 'AH', 'L']","['ab', 'ori', 'gin', 'al']","['abor', 'ig', 'inal']",0.5,6.03e-06,"[2, 16, 8, 10, 23, 3, 27, 3]"
indian,"['IH', 'N', 'D', 'IY', 'AH', 'N']","['in', 'di', 'an']","['ind', 'ian']",0.5,8.13e-05,"[10, 27, 18, 11, 3, 27, 0, 0]"
favors,"['F', 'EY', 'V', 'ER', 'Z']","['fa', 'vors']","['f', 'av', 'ors']",0.5,5.5e-06,"[20, 9, 35, 8, 38, 0, 0, 0]"
tattoo,"['T', 'AE', 'T', 'UW']","['tat', 'too']","['t', 'att', 'oo']",0.5,1.38e-05,"[33, 2, 33, 15, 0, 0, 0, 0]"
hugo,"['HH', 'Y', 'UW', 'G', 'OW']",['hugo'],"['h', 'ug', 'o']",0.5,5.75e-06,"[22, 37, 15, 21, 12, 0, 0, 0]"
auburn,"['AA', 'B', 'ER', 'N']","['au', 'burn']","['a', 'ub', 'urn']",0.5,5.25e-06,"[1, 16, 8, 27, 0, 0, 0, 0]"
robbie,"['R', 'AA', 'B', 'IY']","['rob', 'bie']","['ro', 'bb', 'ie']",0.5,6.92e-06,"[30, 1, 16, 11, 0, 0, 0, 0]"
guitar,"['G', 'IH', 'T', 'AA', 'R']","['gui', 'tar']","['g', 'uit', 'ar']",0.5,3.02e-05,"[21, 10, 33, 1, 30, 0, 0, 0]"
honduras,"['HH', 'AA', 'N', 'D', 'UH', 'R', 'AH', 'S']","['hon', 'dur', 'as']","['h', 'ond', 'uras']",0.5,3.98e-06,"[22, 1, 27, 18, 14, 30, 3, 31]"
lion,"['L', 'AY', 'AH', 'N']","['li', 'on']","['l', 'ion']",0.5,1.78e-05,"[25, 6, 3, 27, 0, 0, 0, 0]"
tobago,"['T', 'AH', 'B', 'EY', 'G', 'OW']","['to', 'bago']","['t', 'ob', 'ago']",0.5,2.57e-06,"[33, 3, 16, 9, 21, 12, 0, 0]"
williams,"['W', 'IH', 'L', 'Y', 'AH', 'M', 'Z']","['wil', 'li', 'ams']","['will', 'iam', 's']",0.5,4.68e-05,"[36, 10, 25, 37, 3, 26, 38, 0]"
carmen,"['K', 'AA', 'R', 'M', 'AH', 'N']","['car', 'men']","['c', 'arm', 'en']",0.5,4.27e-06,"[24, 1, 30, 26, 3, 27, 0, 0]"
vibrator,"['V', 'AY', 'B', 'R', 'EY', 'T', 'ER']","['vi', 'brat', 'or']","['v', 'ibr', 'ator']",0.5,1.29e-06,"[35, 6, 16, 30, 9, 33, 8, 0]"
radios,"['R', 'EY', 'D', 'IY', 'OW', 'Z']","['ra', 'di', 'os']","['rad', 'ios']",0.5,2.57e-06,"[30, 9, 18, 11, 12, 38, 0, 0]"
vacation,"['V', 'EY', 'K', 'EY', 'SH', 'AH', 'N']","['va', 'ca', 'tion']","['v', 'ac', 'ation']",0.5,2.51e-05,"[35, 9, 24, 9, 32, 3, 27, 0]"
hypothetical,"['HH', 'AY', 'P', 'AH', 'TH', 'EH', 'T', 'AH', 'K', 'AH', 'L']","['hy', 'po', 'thet', 'ic', 'al']","['hyp', 'ot', 'hetical']",0.5,4.07e-06,"[22, 6, 29, 3, 34, 7, 33, 3]"
zambia,"['Z', 'AE', 'M', 'B', 'IY', 'AH']","['zam', 'bia']","['z', 'amb', 'ia']",0.5,2.69e-06,"[38, 2, 26, 16, 11, 3, 0, 0]"
titanium,"['T', 'AY', 'T', 'EY', 'N', 'IY', 'AH', 'M']","['ti', 'tani', 'um']","['t', 'it', 'anium']",0.5,3.55e-06,"[33, 6, 33, 9, 27, 11, 3, 26]"
dramatic,"['D', 'R', 'AH', 'M', 'AE', 'T', 'IH', 'K']","['dra', 'mat', 'ic']","['d', 'ram', 'atic']",0.5,2.57e-05,"[18, 30, 3, 26, 2, 33, 10, 24]"
annual,"['AE', 'N', 'Y', 'UW', 'AH', 'L']","['an', 'nu', 'al']","['ann', 'ual']",0.5,8.71e-05,"[2, 27, 37, 15, 3, 25, 0, 0]"
maui,"['M', 'AW', 'IY']",['maui'],"['m', 'au', 'i']",0.5,2.24e-06,"[26, 5, 11, 0, 0, 0, 0, 0]"
australian,"['AO', 'S', 'T', 'R', 'EY', 'L', 'Y', 'AH', 'N']","['aus', 'trali', 'an']","['a', 'ust', 'ral', 'ian']",0.5,8.51e-05,"[4, 31, 33, 30, 9, 25, 37, 3]"
bias,"['B', 'AY', 'AH', 'S']","['bi', 'as']","['b', 'ias']",0.5,1.51e-05,"[16, 6, 3, 31, 0, 0, 0, 0]"
millennium,"['M', 'AH', 'L', 'EH', 'N', 'IY', 'AH', 'M']","['mil', 'len', 'ni', 'um']","['mill', 'enn', 'ium']",0.5,5.01e-06,"[26, 3, 25, 7, 27, 11, 3, 26]"
remedy,"['R', 'EH', 'M', 'AH', 'D', 'IY']","['rem', 'edy']","['re', 'med', 'y']",0.5,6.61e-06,"[30, 7, 26, 3, 18, 11, 0, 0]"
saddam,"['S', 'AA', 'D', 'AH', 'M']","['sad', 'dam']","['s', 'add', 'am']",0.5,2.75e-06,"[31, 1, 18, 3, 26, 0, 0, 0]"
cancellation,"['K', 'AE', 'N', 'S', 'AH', 'L', 'EY', 'SH', 'AH', 'N']","['can', 'cel', 'la', 'tion']","['c', 'ance', 'll', 'ation']",0.5,5.75e-06,"[24, 2, 27, 31, 3, 25, 9, 32]"
medieval,"['M', 'IH', 'D', 'IY', 'V', 'AH', 'L']","['me', 'di', 'ev', 'al']","['med', 'ieval']",0.5,1.12e-05,"[26, 10, 18, 11, 35, 3, 25, 0]"
eleven,"['IH', 'L', 'EH', 'V', 'AH', 'N']","['el', 'ev', 'en']","['ele', 'ven']",0.5,1.32e-05,"[10, 25, 7, 35, 3, 27, 0, 0]"
tribal,"['T', 'R', 'AY', 'B', 'AH', 'L']","['tri', 'bal']","['t', 'rib', 'al']",0.5,1.07e-05,"[33, 30, 6, 16, 3, 25, 0, 0]"
pursue,"['P', 'ER', 'S', 'UW']","['pur', 'sue']","['p', 'urs', 'ue']",0.5,1.82e-05,"[29, 8, 31, 15, 0, 0, 0, 0]"
reggae,"['R', 'EH', 'G', 'EY']","['reg', 'gae']","['re', 'gg', 'ae']",0.5,2.95e-06,"[30, 7, 21, 9, 0, 0, 0, 0]"
indianapolis,"['IH', 'N', 'D', 'IY', 'AH', 'N', 'AE', 'P', 'AH', 'L', 'IH', 'S']","['in', 'di', 'ana', 'pol', 'is']","['ind', 'ian', 'apolis']",0.5,6.61e-06,"[10, 27, 18, 11, 3, 27, 2, 29]"
austin,"['AO', 'S', 'T', 'AH', 'N']","['aus', 'tin']","['a', 'ust', 'in']",0.5,2.29e-05,"[4, 31, 33, 3, 27, 0, 0, 0]"
novels,"['N', 'AA', 'V', 'AH', 'L', 'Z']","['nov', 'els']","['no', 'vel', 's']",0.5,1.26e-05,"[27, 1, 35, 3, 25, 38, 0, 0]"
notify,"['N', 'OW', 'T', 'AH', 'F', 'AY']","['no', 'ti', 'fy']","['not', 'ify']",0.5,5.37e-06,"[27, 12, 33, 3, 20, 6, 0, 0]"
gmbh,"['G', 'AH', 'M']",['gmbh'],"['g', 'mb', 'h']",0.5,1.74e-06,"[21, 3, 26, 0, 0, 0, 0, 0]"
eugene,"['Y', 'UW', 'JH', 'IY', 'N']","['eu', 'gene']","['e', 'ug', 'ene']",0.5,6.31e-06,"[37, 15, 23, 11, 27, 0, 0, 0]"
sodium,"['S', 'OW', 'D', 'IY', 'AH', 'M']","['so', 'di', 'um']","['s', 'odium']",0.5,7.41e-06,"[31, 12, 18, 11, 3, 26, 0, 0]"
happen,"['HH', 'AE', 'P', 'AH', 'N']","['hap', 'pen']","['h', 'app', 'en']",0.5,0.000155,"[22, 2, 29, 3, 27, 0, 0, 0]"
carlos,"['K', 'AA', 'R', 'L', 'OW', 'S']","['car', 'los']","['c', 'arl', 'os']",0.5,1.23e-05,"[24, 1, 30, 25, 12, 31, 0, 0]"
pavilion,"['P', 'AH', 'V', 'IH', 'L', 'Y', 'AH', 'N']","['pa', 'vil', 'ion']","['p', 'av', 'ilion']",0.5,4.17e-06,"[29, 3, 35, 10, 25, 37, 3, 27]"
pupils,"['P', 'Y', 'UW', 'P', 'AH', 'L', 'Z']","['pu', 'pils']","['p', 'up', 'ils']",0.5,1.51e-05,"[29, 37, 15, 29, 3, 25, 38, 0]"
july,"['JH', 'UW', 'L', 'AY']","['ju', 'ly']","['j', 'uly']",0.5,0.000148,"[23, 15, 25, 6, 0, 0, 0, 0]"
jaguar,"['JH', 'AE', 'G', 'W', 'AA', 'R']","['jag', 'uar']","['j', 'agu', 'ar']",0.5,3.24e-06,"[23, 2, 21, 36, 1, 30, 0, 0]"
carpet,"['K', 'AA', 'R', 'P', 'AH', 'T']","['car', 'pet']","['c', 'arp', 'et']",0.5,1.51e-05,"[24, 1, 30, 29, 3, 33, 0, 0]"
junior,"['JH', 'UW', 'N', 'Y', 'ER']","['ju', 'ni', 'or']","['jun', 'ior']",0.5,3.09e-05,"[23, 15, 27, 37, 8, 0, 0, 0]"
scotia,"['S', 'K', 'OW', 'SH', 'AH']","['sco', 'tia']","['sc', 'ot', 'ia']",0.5,3.09e-06,"[31, 24, 12, 32, 3, 0, 0, 0]"
quebec,"['K', 'W', 'AH', 'B', 'EH', 'K']","['que', 'bec']","['qu', 'eb', 'ec']",0.5,9.33e-06,"[24, 36, 3, 16, 7, 24, 0, 0]"
mutual,"['M', 'Y', 'UW', 'CH', 'AH', 'W', 'AH', 'L']","['mu', 'tu', 'al']","['mut', 'ual']",0.5,1.82e-05,"[26, 37, 15, 17, 3, 36, 3, 25]"
occasional,"['AH', 'K', 'EY', 'ZH', 'AH', 'N', 'AH', 'L']","['oc', 'ca', 'sion', 'al']","['occ', 'as', 'ional']",0.5,1.32e-05,"[3, 24, 9, 39, 3, 27, 3, 25]"
familiar,"['F', 'AH', 'M', 'IH', 'L', 'Y', 'ER']","['fa', 'mil', 'i', 'ar']","['f', 'amiliar']",0.5,4.07e-05,"[20, 3, 26, 10, 25, 37, 8, 0]"
antibodies,"['AE', 'N', 'T', 'IH', 'B', 'AA', 'D', 'IY', 'Z']","['an', 'ti', 'bod', 'ies']","['ant', 'ib', 'odies']",0.5,3.63e-06,"[2, 27, 33, 10, 16, 1, 18, 11]"
zoloft,"['Z', 'AA', 'L', 'AA', 'F', 'T']","['zo', 'loft']","['z', 'ol', 'oft']",0.5,3.39e-07,"[38, 1, 25, 1, 20, 33, 0, 0]"
antibody,"['AE', 'N', 'T', 'IH', 'B', 'AA', 'D', 'IY']","['an', 'ti', 'body']","['ant', 'ib', 'ody']",0.5,2.88e-06,"[2, 27, 33, 10, 16, 1, 18, 11]"
pharmaceuticals,"['F', 'AA', 'R', 'M', 'AH', 'S', 'UW', 'T', 'IH', 'K', 'AH', 'L', 'Z']","['phar', 'ma', 'ceut', 'ic', 'als']","['ph', 'arm', 'aceutical', 's']",0.4666666666666667,3.02e-06,"[20, 1, 30, 26, 3, 31, 15, 33]"
possibilities,"['P', 'AA', 'S', 'AH', 'B', 'IH', 'L', 'AH', 'T', 'IY', 'Z']","['pos', 'sib', 'il', 'it', 'ies']","['p', 'oss', 'ibilities']",0.46153846153846156,1.29e-05,"[29, 1, 31, 3, 16, 10, 25, 3]"
architectural,"['AA', 'R', 'K', 'AH', 'T', 'EH', 'K', 'CH', 'ER', 'AH', 'L']","['ar', 'chi', 'tec', 'tur', 'al']","['arch', 'itect', 'ural']",0.46153846153846156,9.12e-06,"[1, 30, 24, 3, 33, 7, 24, 17]"
syndication,"['S', 'IH', 'N', 'D', 'IH', 'K', 'EY', 'SH', 'AH', 'N']","['syn', 'dic', 'a', 'tion']","['sy', 'nd', 'ication']",0.45454545454545453,6.31e-07,"[31, 10, 27, 18, 10, 24, 9, 32]"
fascinating,"['F', 'AE', 'S', 'AH', 'N', 'EY', 'T', 'IH', 'NG']","['fas', 'cin', 'at', 'ing']","['f', 'asc', 'inating']",0.45454545454545453,1.35e-05,"[20, 2, 31, 3, 27, 9, 33, 10]"
inexpensive,"['IH', 'N', 'IH', 'K', 'S', 'P', 'EH', 'N', 'S', 'IH', 'V']","['in', 'ex', 'pens', 'ive']","['ine', 'xp', 'ensive']",0.45454545454545453,3.72e-06,"[10, 27, 10, 24, 31, 29, 7, 27]"
magnificent,"['M', 'AE', 'G', 'N', 'IH', 'F', 'AH', 'S', 'AH', 'N', 'T']","['mag', 'ni', 'fi', 'cent']","['m', 'agn', 'ificent']",0.45454545454545453,1.1e-05,"[26, 2, 21, 27, 10, 20, 3, 31]"
legislation,"['L', 'EH', 'JH', 'AH', 'S', 'L', 'EY', 'SH', 'AH', 'N']","['le', 'gis', 'la', 'tion']","['leg', 'isl', 'ation']",0.45454545454545453,3.55e-05,"[25, 7, 23, 3, 31, 25, 9, 32]"
preliminary,"['P', 'R', 'IH', 'L', 'IH', 'M', 'AH', 'N', 'EH', 'R', 'IY']","['pre', 'lim', 'in', 'ary']","['p', 'rel', 'iminary']",0.45454545454545453,1.45e-05,"[29, 30, 10, 25, 10, 26, 3, 27]"
legislative,"['L', 'EH', 'JH', 'AH', 'S', 'L', 'EY', 'T', 'IH', 'V']","['le', 'gis', 'lat', 'ive']","['leg', 'isl', 'ative']",0.45454545454545453,2.09e-05,"[25, 7, 23, 3, 31, 25, 9, 33]"
reliability,"['R', 'IY', 'L', 'AY', 'AH', 'B', 'IH', 'L', 'AH', 'T', 'IY']","['re', 'li', 'ab', 'il', 'ity']","['rel', 'iability']",0.45454545454545453,8.32e-06,"[30, 11, 25, 6, 3, 16, 10, 25]"
eligibility,"['EH', 'L', 'IH', 'JH', 'AH', 'B', 'IH', 'L', 'IH', 'T', 'IY']","['eli', 'gib', 'il', 'ity']","['el', 'ig', 'ibility']",0.45454545454545453,5.62e-06,"[7, 25, 10, 23, 3, 16, 10, 25]"
execution,"['EH', 'K', 'S', 'AH', 'K', 'Y', 'UW', 'SH', 'AH', 'N']","['ex', 'e', 'cu', 'tion']","['exec', 'ution']",0.4444444444444444,1.95e-05,"[7, 24, 31, 3, 24, 37, 15, 32]"
protocols,"['P', 'R', 'OW', 'T', 'AH', 'K', 'AO', 'L', 'Z']","['pro', 'to', 'cols']","['prot', 'ocol', 's']",0.4444444444444444,5.75e-06,"[29, 30, 12, 33, 3, 24, 4, 25]"
traveller,"['T', 'R', 'AE', 'V', 'AH', 'L', 'ER']","['trav', 'el', 'ler']","['t', 'rave', 'ller']",0.4444444444444444,3.09e-06,"[33, 30, 2, 35, 3, 25, 8, 0]"
australia,"['AO', 'S', 'T', 'R', 'EY', 'L', 'Y', 'AH']","['aus', 'tralia']","['a', 'ust', 'ral', 'ia']",0.4444444444444444,0.000115,"[4, 31, 33, 30, 9, 25, 37, 3]"
tradition,"['T', 'R', 'AH', 'D', 'IH', 'SH', 'AH', 'N']","['tra', 'di', 'tion']","['tr', 'ad', 'ition']",0.4444444444444444,3.16e-05,"[33, 30, 3, 18, 10, 32, 3, 27]"
hydraulic,"['HH', 'AY', 'D', 'R', 'AO', 'L', 'IH', 'K']","['hy', 'draul', 'ic']","['hyd', 'ra', 'ulic']",0.4444444444444444,5.25e-06,"[22, 6, 18, 30, 4, 25, 10, 24]"
religions,"['R', 'IY', 'L', 'IH', 'JH', 'AH', 'N', 'Z']","['re', 'li', 'gions']","['rel', 'ig', 'ions']",0.4444444444444444,8.13e-06,"[30, 11, 25, 10, 23, 3, 27, 38]"
happening,"['HH', 'AE', 'P', 'AH', 'N', 'IH', 'NG']","['hap', 'pen', 'ing']","['h', 'app', 'ening']",0.4444444444444444,6.31e-05,"[22, 2, 29, 3, 27, 10, 28, 0]"
suppliers,"['S', 'AH', 'P', 'L', 'AY', 'ER', 'Z']","['sup', 'pli', 'ers']","['supp', 'l', 'iers']",0.4444444444444444,8.13e-06,"[31, 3, 29, 25, 6, 8, 38, 0]"
appraisal,"['AH', 'P', 'R', 'EY', 'Z', 'AH', 'L']","['ap', 'prais', 'al']","['app', 'ra', 'isal']",0.4444444444444444,2.69e-06,"[3, 29, 30, 9, 38, 3, 25, 0]"
louisiana,"['L', 'UW', 'IY', 'Z', 'IY', 'AE', 'N', 'AH']","['louisi', 'ana']","['l', 'ou', 'is', 'iana']",0.4444444444444444,1.55e-05,"[25, 15, 11, 38, 11, 2, 27, 3]"
molecular,"['M', 'AH', 'L', 'EH', 'K', 'Y', 'AH', 'L', 'ER']","['mo', 'lecu', 'lar']","['m', 'ole', 'cular']",0.4444444444444444,1.29e-05,"[26, 3, 25, 7, 24, 37, 3, 25]"
vacancies,"['V', 'EY', 'K', 'AH', 'N', 'S', 'IY', 'Z']","['va', 'can', 'cies']","['v', 'ac', 'ancies']",0.4444444444444444,3.09e-06,"[35, 9, 24, 3, 27, 31, 11, 38]"
answering,"['AE', 'N', 'S', 'ER', 'IH', 'NG']","['an', 'swer', 'ing']","['ans', 'w', 'ering']",0.4444444444444444,1.17e-05,"[2, 27, 31, 8, 10, 28, 0, 0]"
lafayette,"['L', 'AA', 'F', 'IY', 'EH', 'T']","['la', 'fay', 'ette']","['l', 'af', 'ayette']",0.4444444444444444,3.31e-06,"[25, 1, 20, 11, 7, 33, 0, 0]"
principal,"['P', 'R', 'IH', 'N', 'S', 'AH', 'P', 'AH', 'L']","['prin', 'cip', 'al']","['pr', 'inc', 'ipal']",0.4444444444444444,3.31e-05,"[29, 30, 10, 27, 31, 3, 29, 3]"
indicator,"['IH', 'N', 'D', 'AH', 'K', 'EY', 'T', 'ER']","['in', 'dic', 'at', 'or']","['ind', 'icator']",0.4444444444444444,8.32e-06,"[10, 27, 18, 3, 24, 9, 33, 8]"
volunteer,"['V', 'AA', 'L', 'AH', 'N', 'T', 'IH', 'R']","['vo', 'lun', 'teer']","['vol', 'unte', 'er']",0.4444444444444444,1.91e-05,"[35, 1, 25, 3, 27, 33, 10, 30]"
summaries,"['S', 'AH', 'M', 'ER', 'IY', 'Z']","['sum', 'mar', 'ies']","['s', 'umm', 'aries']",0.4444444444444444,2.04e-06,"[31, 3, 26, 8, 11, 38, 0, 0]"
jefferson,"['JH', 'EH', 'F', 'ER', 'S', 'AH', 'N']","['jef', 'fer', 'son']","['j', 'eff', 'erson']",0.4444444444444444,1e-05,"[23, 7, 20, 8, 31, 3, 27, 0]"
satisfied,"['S', 'AE', 'T', 'AH', 'S', 'F', 'AY', 'D']","['sat', 'is', 'fied']","['s', 'atisf', 'ied']",0.4444444444444444,1.91e-05,"[31, 2, 33, 3, 31, 20, 6, 18]"
hospitals,"['HH', 'AA', 'S', 'P', 'IH', 'T', 'AH', 'L', 'Z']","['hos', 'pit', 'als']","['h', 'osp', 'itals']",0.4444444444444444,2.14e-05,"[22, 1, 31, 29, 10, 33, 3, 25]"
astronomy,"['AH', 'S', 'T', 'R', 'AA', 'N', 'AH', 'M', 'IY']","['as', 'tro', 'nomy']","['ast', 'ron', 'omy']",0.4444444444444444,4.27e-06,"[3, 31, 33, 30, 1, 27, 3, 26]"
syndicate,"['S', 'IH', 'N', 'D', 'IH', 'K', 'AH', 'T']","['syn', 'dic', 'ate']","['sy', 'nd', 'icate']",0.4444444444444444,3.24e-06,"[31, 10, 27, 18, 10, 24, 3, 33]"
synthetic,"['S', 'IH', 'N', 'TH', 'EH', 'T', 'IH', 'K']","['syn', 'thet', 'ic']","['sy', 'nt', 'hetic']",0.4444444444444444,8.91e-06,"[31, 10, 27, 34, 7, 33, 10, 24]"
mauritius,"['M', 'AO', 'R', 'IH', 'T', 'IY', 'AH', 'S']","['maur', 'i', 'ti', 'us']","['ma', 'ur', 'it', 'ius']",0.4444444444444444,1.62e-06,"[26, 4, 30, 10, 33, 11, 3, 31]"
retrieval,"['R', 'IH', 'T', 'R', 'IY', 'V', 'AH', 'L']","['re', 'triev', 'al']","['ret', 'ri', 'eval']",0.4444444444444444,2.14e-06,"[30, 10, 33, 30, 11, 35, 3, 25]"
determine,"['D', 'AH', 'T', 'ER', 'M', 'AH', 'N']","['de', 'term', 'ine']","['d', 'eter', 'mine']",0.4444444444444444,4.27e-05,"[18, 3, 33, 8, 26, 3, 27, 0]"
indonesia,"['IH', 'N', 'D', 'OW', 'N', 'IY', 'ZH', 'AH']","['in', 'done', 'sia']","['ind', 'ones', 'ia']",0.4444444444444444,1.78e-05,"[10, 27, 18, 12, 27, 11, 39, 3]"
recipient,"['R', 'AH', 'S', 'IH', 'P', 'IY', 'AH', 'N', 'T']","['re', 'cip', 'i', 'ent']","['rec', 'ipient']",0.4444444444444444,8.71e-06,"[30, 3, 31, 10, 29, 11, 3, 27]"
guarantee,"['G', 'EH', 'R', 'AH', 'N', 'T', 'IY']","['guar', 'an', 'tee']","['gu', 'arant', 'ee']",0.4444444444444444,2.75e-05,"[21, 7, 30, 3, 27, 33, 11, 0]"
macedonia,"['M', 'AE', 'S', 'AH', 'D', 'OW', 'N', 'IY', 'AH']","['mace', 'do', 'nia']","['m', 'aced', 'onia']",0.4444444444444444,2.34e-06,"[26, 2, 31, 3, 18, 12, 27, 11]"
tutorials,"['T', 'UW', 'T', 'AO', 'R', 'IY', 'AH', 'L', 'Z']","['tu', 'tori', 'als']","['t', 'utorial', 's']",0.4444444444444444,2.88e-06,"[33, 15, 33, 4, 30, 11, 3, 25]"
associate,"['AH', 'S', 'OW', 'S', 'IY', 'AH', 'T']","['as', 'so', 'ci', 'ate']","['ass', 'ociate']",0.4444444444444444,2.45e-05,"[3, 31, 12, 31, 11, 3, 33, 0]"
attempted,"['AH', 'T', 'EH', 'M', 'P', 'T', 'AH', 'D']","['at', 'temp', 'ted']","['att', 'empt', 'ed']",0.4444444444444444,2.63e-05,"[3, 33, 7, 26, 29, 33, 3, 18]"
materials,"['M', 'AH', 'T', 'IH', 'R', 'IY', 'AH', 'L', 'Z']","['ma', 'ter', 'i', 'als']","['material', 's']",0.4444444444444444,6.03e-05,"[26, 3, 33, 10, 30, 11, 3, 25]"
pediatric,"['P', 'IY', 'D', 'IY', 'AE', 'T', 'R', 'IH', 'K']","['pe', 'di', 'at', 'ric']","['ped', 'iatric']",0.4444444444444444,3.39e-06,"[29, 11, 18, 11, 2, 33, 30, 10]"
vacations,"['V', 'EY', 'K', 'EY', 'SH', 'AH', 'N', 'Z']","['va', 'ca', 'tions']","['v', 'ac', 'ations']",0.4444444444444444,3.24e-06,"[35, 9, 24, 9, 32, 3, 27, 38]"
societies,"['S', 'AH', 'S', 'AY', 'AH', 'T', 'IY', 'Z']","['so', 'ci', 'et', 'ies']","['soc', 'ieties']",0.4444444444444444,1.2e-05,"[31, 3, 31, 6, 3, 33, 11, 38]"
wondering,"['W', 'AH', 'N', 'D', 'ER', 'IH', 'NG']","['won', 'der', 'ing']","['w', 'ond', 'ering']",0.4444444444444444,3.39e-05,"[36, 3, 27, 18, 8, 10, 28, 0]"
argentina,"['AA', 'R', 'JH', 'AH', 'N', 'T', 'IY', 'N', 'AH']","['ar', 'gen', 'tina']","['arg', 'ent', 'ina']",0.4444444444444444,1.66e-05,"[1, 30, 23, 3, 27, 33, 11, 27]"
appliance,"['AH', 'P', 'L', 'AY', 'AH', 'N', 'S']","['ap', 'pli', 'ance']","['app', 'l', 'iance']",0.4444444444444444,2.24e-06,"[3, 29, 25, 6, 3, 27, 31, 0]"
newspaper,"['N', 'UW', 'Z', 'P', 'EY', 'P', 'ER']","['news', 'pa', 'per']","['new', 'sp', 'aper']",0.4444444444444444,3.98e-05,"[27, 15, 38, 29, 9, 29, 8, 0]"
synthesis,"['S', 'IH', 'N', 'TH', 'AH', 'S', 'AH', 'S']","['syn', 'thes', 'is']","['sy', 'nt', 'hesis']",0.4444444444444444,6.92e-06,"[31, 10, 27, 34, 3, 31, 3, 31]"
affiliate,"['AH', 'F', 'IH', 'L', 'IY', 'EY', 'T']","['af', 'fil', 'i', 'ate']","['aff', 'iliate']",0.4444444444444444,9.77e-06,"[3, 20, 10, 25, 11, 9, 33, 0]"
registrar,"['R', 'EH', 'JH', 'IH', 'S', 'T', 'R', 'AA', 'R']","['re', 'gis', 'trar']","['reg', 'ist', 'rar']",0.4444444444444444,2.34e-06,"[30, 7, 23, 10, 31, 33, 30, 1]"
librarian,"['L', 'AY', 'B', 'R', 'EH', 'R', 'IY', 'AH', 'N']","['lib', 'rar', 'i', 'an']","['l', 'ibrarian']",0.4444444444444444,3.89e-06,"[25, 6, 16, 30, 7, 30, 11, 3]"
departure,"['D', 'IH', 'P', 'AA', 'R', 'CH', 'ER']","['de', 'par', 'ture']","['dep', 'art', 'ure']",0.4444444444444444,1.66e-05,"[18, 10, 29, 1, 30, 17, 8, 0]"
narrative,"['N', 'AE', 'R', 'AH', 'T', 'IH', 'V']","['nar', 'rat', 'ive']","['n', 'arr', 'ative']",0.4444444444444444,2.45e-05,"[27, 2, 30, 3, 33, 10, 35, 0]"
swaziland,"['S', 'W', 'AA', 'Z', 'IH', 'L', 'AH', 'N', 'D']","['swazi', 'l', 'and']","['sw', 'az', 'iland']",0.4444444444444444,6.61e-07,"[31, 36, 1, 38, 10, 25, 3, 27]"
pentium,"['P', 'EH', 'N', 'T', 'IY', 'AH', 'M']","['pen', 'ti', 'um']","['pent', 'ium']",0.42857142857142855,5.75e-07,"[29, 7, 27, 33, 11, 3, 26, 0]"
grocery,"['G', 'R', 'OW', 'S', 'ER', 'IY']","['gro', 'cery']","['g', 'roc', 'ery']",0.42857142857142855,1.15e-05,"[21, 30, 12, 31, 8, 11, 0, 0]"
expedia,"['EH', 'K', 'S', 'P', 'IY', 'D', 'IY', 'AH']","['ex', 'pe', 'dia']","['exp', 'edia']",0.42857142857142855,4.17e-07,"[7, 24, 31, 29, 11, 18, 11, 3]"
toddler,"['T', 'AA', 'D', 'L', 'ER']","['tod', 'dler']","['t', 'odd', 'ler']",0.42857142857142855,6.76e-06,"[33, 1, 18, 25, 8, 0, 0, 0]"
federal,"['F', 'EH', 'D', 'ER', 'AH', 'L']","['fed', 'er', 'al']","['f', 'ederal']",0.42857142857142855,0.000135,"[20, 7, 18, 8, 3, 25, 0, 0]"
studios,"['S', 'T', 'UW', 'D', 'IY', 'OW', 'Z']","['stu', 'di', 'os']","['stud', 'ios']",0.42857142857142855,1.26e-05,"[31, 33, 15, 18, 11, 12, 38, 0]"
bargain,"['B', 'AA', 'R', 'G', 'AH', 'N']","['bar', 'gain']","['b', 'arg', 'ain']",0.42857142857142855,8.91e-06,"[16, 1, 30, 21, 3, 27, 0, 0]"
pontiac,"['P', 'AA', 'N', 'T', 'IY', 'AE', 'K']","['pon', 'tiac']","['p', 'ont', 'iac']",0.42857142857142855,1.32e-06,"[29, 1, 27, 33, 11, 2, 24, 0]"
matthew,"['M', 'AE', 'TH', 'Y', 'UW']","['mat', 'thew']","['m', 'att', 'hew']",0.42857142857142855,2.34e-05,"[26, 2, 34, 37, 15, 0, 0, 0]"
houston,"['HH', 'Y', 'UW', 'S', 'T', 'AH', 'N']","['hou', 's', 'ton']","['h', 'ouston']",0.42857142857142855,2.63e-05,"[22, 37, 15, 31, 33, 3, 27, 0]"
targets,"['T', 'AA', 'R', 'G', 'AH', 'T', 'S']","['tar', 'gets']","['t', 'arg', 'ets']",0.42857142857142855,1.95e-05,"[33, 1, 30, 21, 3, 33, 31, 0]"
kenneth,"['K', 'EH', 'N', 'IH', 'TH']","['ken', 'neth']","['k', 'enn', 'eth']",0.42857142857142855,7.94e-06,"[24, 7, 27, 10, 34, 0, 0, 0]"
ambient,"['AE', 'M', 'B', 'IY', 'AH', 'N', 'T']","['am', 'bi', 'ent']","['amb', 'ient']",0.42857142857142855,4.17e-06,"[2, 26, 16, 11, 3, 27, 33, 0]"
females,"['F', 'IY', 'M', 'EY', 'L', 'Z']","['fe', 'males']","['f', 'em', 'ales']",0.42857142857142855,2.4e-05,"[20, 11, 26, 9, 25, 38, 0, 0]"
dynamic,"['D', 'AY', 'N', 'AE', 'M', 'IH', 'K']","['dy', 'nam', 'ic']","['d', 'ynamic']",0.42857142857142855,2.04e-05,"[18, 6, 27, 2, 26, 10, 24, 0]"
marilyn,"['M', 'EH', 'R', 'AH', 'L', 'AH', 'N']","['mar', 'ilyn']","['m', 'arily', 'n']",0.42857142857142855,5.25e-06,"[26, 7, 30, 3, 25, 3, 27, 0]"
william,"['W', 'IH', 'L', 'Y', 'AH', 'M']","['wil', 'li', 'am']","['will', 'iam']",0.42857142857142855,7.59e-05,"[36, 10, 25, 37, 3, 26, 0, 0]"
armenia,"['AA', 'R', 'M', 'IY', 'N', 'IY', 'AH']","['ar', 'menia']","['arm', 'en', 'ia']",0.42857142857142855,3.63e-06,"[1, 30, 26, 11, 27, 11, 3, 0]"
warrant,"['W', 'AO', 'R', 'AH', 'N', 'T']","['war', 'rant']","['w', 'arr', 'ant']",0.42857142857142855,1.74e-05,"[36, 4, 30, 3, 27, 33, 0, 0]"
symbols,"['S', 'IH', 'M', 'B', 'AH', 'L', 'Z']","['sym', 'bols']","['sy', 'mb', 'ols']",0.42857142857142855,1.12e-05,"[31, 10, 26, 16, 3, 25, 38, 0]"
francis,"['F', 'R', 'AE', 'N', 'S', 'AH', 'S']","['fran', 'cis']","['fr', 'anc', 'is']",0.42857142857142855,2.45e-05,"[20, 30, 2, 27, 31, 3, 31, 0]"
funeral,"['F', 'Y', 'UW', 'N', 'ER', 'AH', 'L']","['fu', 'ner', 'al']","['fun', 'eral']",0.42857142857142855,2.34e-05,"[20, 37, 15, 27, 8, 3, 25, 0]"
genetic,"['JH', 'AH', 'N', 'EH', 'T', 'IH', 'K']","['ge', 'net', 'ic']","['gen', 'etic']",0.42857142857142855,2.19e-05,"[23, 3, 27, 7, 33, 10, 24, 0]"
preston,"['P', 'R', 'EH', 'S', 'T', 'AH', 'N']","['pre', 'ston']","['p', 'rest', 'on']",0.42857142857142855,6.17e-06,"[29, 30, 7, 31, 33, 3, 27, 0]"
disease,"['D', 'IH', 'Z', 'IY', 'Z']","['dis', 'ease']","['d', 'ise', 'ase']",0.42857142857142855,7.94e-05,"[18, 10, 38, 11, 38, 0, 0, 0]"
jessica,"['JH', 'EH', 'S', 'IH', 'K', 'AH']","['jes', 'sica']","['j', 'ess', 'ica']",0.42857142857142855,1.48e-05,"[23, 7, 31, 10, 24, 3, 0, 0]"
andorra,"['AE', 'N', 'D', 'AO', 'R', 'AH']","['an', 'dorra']","['and', 'or', 'ra']",0.42857142857142855,4.9e-07,"[2, 27, 18, 4, 30, 3, 0, 0]"
numeric,"['N', 'UW', 'M', 'EH', 'R', 'IH', 'K']","['nu', 'mer', 'ic']","['n', 'umeric']",0.42857142857142855,1.02e-06,"[27, 15, 26, 7, 30, 10, 24, 0]"
antonio,"['AE', 'N', 'T', 'OW', 'N', 'IY', 'OW']","['ant', 'o', 'nio']","['anton', 'io']",0.42857142857142855,1.48e-05,"[2, 27, 33, 12, 27, 11, 12, 0]"
justify,"['JH', 'AH', 'S', 'T', 'AH', 'F', 'AY']","['jus', 'ti', 'fy']","['just', 'ify']",0.42857142857142855,1.38e-05,"[23, 3, 31, 33, 3, 20, 6, 0]"
possess,"['P', 'AH', 'Z', 'EH', 'S']","['pos', 'sess']","['p', 'oss', 'ess']",0.42857142857142855,1.05e-05,"[29, 3, 38, 7, 31, 0, 0, 0]"
museums,"['M', 'Y', 'UW', 'Z', 'IY', 'AH', 'M', 'Z']","['mu', 'seums']","['m', 'use', 'ums']",0.42857142857142855,7.76e-06,"[26, 37, 15, 38, 11, 3, 26, 38]"
adapted,"['AH', 'D', 'AE', 'P', 'T', 'AH', 'D']","['ad', 'ap', 'ted']","['adapt', 'ed']",0.42857142857142855,1.48e-05,"[3, 18, 2, 29, 33, 3, 18, 0]"
magical,"['M', 'AE', 'JH', 'IH', 'K', 'AH', 'L']","['ma', 'gic', 'al']","['mag', 'ical']",0.42857142857142855,1.66e-05,"[26, 2, 23, 10, 24, 3, 25, 0]"
deviant,"['D', 'IY', 'V', 'IY', 'AH', 'N', 'T']","['de', 'vi', 'ant']","['dev', 'iant']",0.42857142857142855,1.07e-06,"[18, 11, 35, 11, 3, 27, 33, 0]"
deposit,"['D', 'AH', 'P', 'AA', 'Z', 'IH', 'T']","['de', 'pos', 'it']","['dep', 'osit']",0.42857142857142855,1.74e-05,"[18, 3, 29, 1, 38, 10, 33, 0]"
pursuit,"['P', 'ER', 'S', 'UW', 'T']","['pur', 'suit']","['p', 'urs', 'uit']",0.42857142857142855,1.32e-05,"[29, 8, 31, 15, 33, 0, 0, 0]"
moldova,"['M', 'OW', 'L', 'D', 'OW', 'V', 'AH']","['mol', 'dova']","['m', 'old', 'ova']",0.42857142857142855,1.48e-06,"[26, 12, 25, 18, 12, 35, 3, 0]"
morocco,"['M', 'ER', 'AA', 'K', 'OW']","['mo', 'rocco']","['mor', 'oc', 'co']",0.42857142857142855,6.31e-06,"[26, 8, 1, 24, 12, 0, 0, 0]"
olympus,"['OW', 'L', 'IH', 'M', 'P', 'AH', 'S']","['olym', 'pus']","['oly', 'mp', 'us']",0.42857142857142855,1.78e-06,"[12, 25, 10, 26, 29, 3, 31, 0]"
deficit,"['D', 'EH', 'F', 'AH', 'S', 'AH', 'T']","['de', 'fi', 'cit']","['def', 'icit']",0.42857142857142855,1.15e-05,"[18, 7, 20, 3, 31, 3, 33, 0]"
indians,"['IH', 'N', 'D', 'IY', 'AH', 'N', 'Z']","['in', 'di', 'ans']","['ind', 'ians']",0.42857142857142855,1.78e-05,"[10, 27, 18, 11, 3, 27, 38, 0]"
baskets,"['B', 'AE', 'S', 'K', 'AH', 'T', 'S']","['bas', 'kets']","['b', 'ask', 'ets']",0.42857142857142855,2.82e-06,"[16, 2, 31, 24, 3, 33, 31, 0]"
laundry,"['L', 'AO', 'N', 'D', 'R', 'IY']","['laun', 'dry']","['l', 'aund', 'ry']",0.42857142857142855,1.15e-05,"[25, 4, 27, 18, 30, 11, 0, 0]"
vatican,"['V', 'AE', 'T', 'IH', 'K', 'AH', 'N']","['vat', 'ic', 'an']","['v', 'atican']",0.42857142857142855,6.17e-06,"[35, 2, 33, 10, 24, 3, 27, 0]"
focuses,"['F', 'OW', 'K', 'AH', 'S', 'IH', 'Z']","['fo', 'cuses']","['f', 'oc', 'uses']",0.42857142857142855,1.2e-05,"[20, 12, 24, 3, 31, 10, 38, 0]"
revenue,"['R', 'EH', 'V', 'AH', 'N', 'UW']","['rev', 'en', 'ue']","['re', 'venue']",0.42857142857142855,4.37e-05,"[30, 7, 35, 3, 27, 15, 0, 0]"
prairie,"['P', 'R', 'EH', 'R', 'IY']","['prair', 'ie']","['p', 'ra', 'irie']",0.42857142857142855,5.01e-06,"[29, 30, 7, 30, 11, 0, 0, 0]"
estonia,"['EH', 'S', 'T', 'OW', 'N', 'IY', 'AH']","['es', 'to', 'nia']","['est', 'onia']",0.42857142857142855,3.02e-06,"[7, 31, 33, 12, 27, 11, 3, 0]"
torture,"['T', 'AO', 'R', 'CH', 'ER']","['tor', 'ture']","['t', 'ort', 'ure']",0.42857142857142855,1.41e-05,"[33, 4, 30, 17, 8, 0, 0, 0]"
seafood,"['S', 'IY', 'F', 'UW', 'D']","['sea', 'food']","['se', 'af', 'ood']",0.42857142857142855,4.47e-06,"[31, 11, 20, 15, 18, 0, 0, 0]"
elliott,"['EH', 'L', 'IY', 'AH', 'T']","['el', 'li', 'ott']","['ell', 'iott']",0.42857142857142855,6.17e-06,"[7, 25, 11, 3, 33, 0, 0, 0]"
penguin,"['P', 'EH', 'NG', 'G', 'W', 'AH', 'N']","['pen', 'guin']","['p', 'engu', 'in']",0.42857142857142855,6.03e-06,"[29, 7, 28, 21, 36, 3, 27, 0]"
bristol,"['B', 'R', 'IH', 'S', 'T', 'AH', 'L']","['bris', 'tol']","['b', 'rist', 'ol']",0.42857142857142855,1.07e-05,"[16, 30, 10, 31, 33, 3, 25, 0]"
shopper,"['SH', 'AA', 'P', 'ER']","['shop', 'per']","['sh', 'o', 'pper']",0.42857142857142855,1.55e-06,"[32, 1, 29, 8, 0, 0, 0, 0]"
manuals,"['M', 'AE', 'N', 'Y', 'UW', 'AH', 'L', 'Z']","['manu', 'als']","['man', 'ual', 's']",0.42857142857142855,2.4e-06,"[26, 2, 27, 37, 15, 3, 25, 38]"
logical,"['L', 'AA', 'JH', 'IH', 'K', 'AH', 'L']","['lo', 'gic', 'al']","['log', 'ical']",0.42857142857142855,1.38e-05,"[25, 1, 23, 10, 24, 3, 25, 0]"
baghdad,"['B', 'AE', 'G', 'D', 'AE', 'D']","['bagh', 'dad']","['b', 'aghd', 'ad']",0.42857142857142855,4.37e-06,"[16, 2, 21, 18, 2, 18, 0, 0]"
defects,"['D', 'IY', 'F', 'EH', 'K', 'T', 'S']","['de', 'fects']","['def', 'ect', 's']",0.42857142857142855,5.89e-06,"[18, 11, 20, 7, 24, 33, 31, 0]"
anatomy,"['AH', 'N', 'AE', 'T', 'AH', 'M', 'IY']","['ana', 'tomy']","['an', 'at', 'omy']",0.42857142857142855,8.71e-06,"[3, 27, 2, 33, 3, 26, 11, 0]"
dollars,"['D', 'AA', 'L', 'ER', 'Z']","['dol', 'lars']","['d', 'oll', 'ars']",0.42857142857142855,6.03e-05,"[18, 1, 25, 8, 38, 0, 0, 0]"
beliefs,"['B', 'IH', 'L', 'IY', 'F', 'S']","['be', 'liefs']","['bel', 'ief', 's']",0.42857142857142855,1.78e-05,"[16, 10, 25, 11, 20, 31, 0, 0]"
holland,"['HH', 'AA', 'L', 'AH', 'N', 'D']","['hol', 'land']","['h', 'oll', 'and']",0.42857142857142855,1.26e-05,"[22, 1, 25, 3, 27, 18, 0, 0]"
optimal,"['AA', 'P', 'T', 'AH', 'M', 'AH', 'L']","['op', 'tim', 'al']","['opt', 'imal']",0.42857142857142855,8.71e-06,"[1, 29, 33, 3, 26, 3, 25, 0]"
stadium,"['S', 'T', 'EY', 'D', 'IY', 'AH', 'M']","['sta', 'di', 'um']","['st', 'adium']",0.42857142857142855,4.27e-05,"[31, 33, 9, 18, 11, 3, 26, 0]"
surname,"['S', 'ER', 'N', 'EY', 'M']","['sur', 'name']","['s', 'urn', 'ame']",0.42857142857142855,3.16e-06,"[31, 8, 27, 9, 26, 0, 0, 0]"
guitars,"['G', 'IH', 'T', 'AA', 'R', 'Z']","['gui', 'tars']","['g', 'uit', 'ars']",0.42857142857142855,4.47e-06,"[21, 10, 33, 1, 30, 38, 0, 0]"
answers,"['AE', 'N', 'S', 'ER', 'Z']","['an', 'swers']","['ans', 'w', 'ers']",0.42857142857142855,3.98e-05,"[2, 27, 31, 8, 38, 0, 0, 0]"
beneath,"['B', 'IH', 'N', 'IY', 'TH']","['be', 'neath']","['b', 'ene', 'ath']",0.42857142857142855,1.74e-05,"[16, 10, 27, 11, 34, 0, 0, 0]"
pharmaceutical,"['F', 'AA', 'R', 'M', 'AH', 'S', 'UW', 'T', 'IH', 'K', 'AH', 'L']","['phar', 'ma', 'ceut', 'ic', 'al']","['ph', 'arm', 'aceutical']",0.42857142857142855,7.94e-06,"[20, 1, 30, 26, 3, 31, 15, 33]"
hormone,"['HH', 'AO', 'R', 'M', 'OW', 'N']","['hor', 'mone']","['h', 'orm', 'one']",0.42857142857142855,6.61e-06,"[22, 4, 30, 26, 12, 27, 0, 0]"
indiana,"['IH', 'N', 'D', 'IY', 'AE', 'N', 'AH']","['in', 'di', 'ana']","['ind', 'iana']",0.42857142857142855,2.04e-05,"[10, 27, 18, 11, 2, 27, 3, 0]"
arizona,"['EH', 'R', 'IH', 'Z', 'OW', 'N', 'AH']","['ari', 'zona']","['ar', 'iz', 'ona']",0.42857142857142855,2.4e-05,"[7, 30, 10, 38, 12, 27, 3, 0]"
apparel,"['AH', 'P', 'AE', 'R', 'AH', 'L']","['ap', 'par', 'el']","['app', 'arel']",0.42857142857142855,5.25e-06,"[3, 29, 2, 30, 3, 25, 0, 0]"
custody,"['K', 'AH', 'S', 'T', 'AH', 'D', 'IY']","['cus', 'tody']","['c', 'ust', 'ody']",0.42857142857142855,1.66e-05,"[24, 3, 31, 33, 3, 18, 11, 0]"
jamaica,"['JH', 'AH', 'M', 'EY', 'K', 'AH']","['ja', 'maica']","['j', 'ama', 'ica']",0.42857142857142855,8.32e-06,"[23, 3, 26, 9, 24, 3, 0, 0]"
georgia,"['JH', 'AO', 'R', 'JH', 'AH']","['geor', 'gia']","['ge', 'org', 'ia']",0.42857142857142855,2.88e-05,"[23, 4, 30, 23, 3, 0, 0, 0]"
futures,"['F', 'Y', 'UW', 'CH', 'ER', 'Z']","['fu', 'tures']","['f', 'ut', 'ures']",0.42857142857142855,6.92e-06,"[20, 37, 15, 17, 8, 38, 0, 0]"
austria,"['AO', 'S', 'T', 'R', 'IY', 'AH']","['aus', 'tria']","['a', 'ust', 'ria']",0.42857142857142855,1.17e-05,"[4, 31, 33, 30, 11, 3, 0, 0]"
croatia,"['K', 'R', 'OW', 'EY', 'SH', 'AH']","['croa', 'tia']","['cro', 'at', 'ia']",0.42857142857142855,5.5e-06,"[24, 30, 12, 9, 32, 3, 0, 0]"
tactics,"['T', 'AE', 'K', 'T', 'IH', 'K', 'S']","['tac', 'tics']","['t', 'act', 'ics']",0.42857142857142855,1.48e-05,"[33, 2, 24, 33, 10, 24, 31, 0]"
britain,"['B', 'R', 'IH', 'T', 'AH', 'N']","['bri', 'tain']","['b', 'rit', 'ain']",0.42857142857142855,5.25e-05,"[16, 30, 10, 33, 3, 27, 0, 0]"
october,"['AA', 'K', 'T', 'OW', 'B', 'ER']","['oc', 'to', 'ber']","['oct', 'ober']",0.42857142857142855,0.000129,"[1, 24, 33, 12, 16, 8, 0, 0]"
deliver,"['D', 'IH', 'L', 'IH', 'V', 'ER']","['de', 'liv', 'er']","['del', 'iver']",0.42857142857142855,3.55e-05,"[18, 10, 25, 10, 35, 8, 0, 0]"
jeffrey,"['JH', 'EH', 'F', 'R', 'IY']","['jef', 'frey']","['j', 'eff', 'rey']",0.42857142857142855,7.94e-06,"[23, 7, 20, 30, 11, 0, 0, 0]"
towards,"['T', 'AH', 'W', 'AO', 'R', 'D', 'Z']","['to', 'wards']","['t', 'ow', 'ards']",0.42857142857142855,0.000115,"[33, 3, 36, 4, 30, 18, 38, 0]"
novelty,"['N', 'AA', 'V', 'AH', 'L', 'T', 'IY']","['nov', 'elty']","['no', 'vel', 'ty']",0.42857142857142855,4.57e-06,"[27, 1, 35, 3, 25, 33, 11, 0]"
optical,"['AA', 'P', 'T', 'IH', 'K', 'AH', 'L']","['op', 'tic', 'al']","['opt', 'ical']",0.42857142857142855,1.17e-05,"[1, 29, 33, 10, 24, 3, 25, 0]"
removal,"['R', 'IH', 'M', 'UW', 'V', 'AH', 'L']","['re', 'mov', 'al']","['rem', 'oval']",0.42857142857142855,2.24e-05,"[30, 10, 26, 15, 35, 3, 25, 0]"
vitamin,"['V', 'AY', 'T', 'AH', 'M', 'AH', 'N']","['vit', 'am', 'in']","['v', 'itamin']",0.42857142857142855,1.02e-05,"[35, 6, 33, 3, 26, 3, 27, 0]"
society,"['S', 'AH', 'S', 'AY', 'AH', 'T', 'IY']","['so', 'ci', 'ety']","['soc', 'iety']",0.42857142857142855,0.000148,"[31, 3, 31, 6, 3, 33, 11, 0]"
tobacco,"['T', 'AH', 'B', 'AE', 'K', 'OW']","['to', 'bacco']","['t', 'ob', 'acco']",0.42857142857142855,1.55e-05,"[33, 3, 16, 2, 24, 12, 0, 0]"
elderly,"['EH', 'L', 'D', 'ER', 'L', 'IY']","['eld', 'erly']","['e', 'lder', 'ly']",0.42857142857142855,1.41e-05,"[7, 25, 18, 8, 25, 11, 0, 0]"
optimum,"['AA', 'P', 'T', 'AH', 'M', 'AH', 'M']","['op', 'tim', 'um']","['opt', 'imum']",0.42857142857142855,3.47e-06,"[1, 29, 33, 3, 26, 3, 26, 0]"
affects,"['AH', 'F', 'EH', 'K', 'T', 'S']","['af', 'fects']","['aff', 'ect', 's']",0.42857142857142855,1.45e-05,"[3, 20, 7, 24, 33, 31, 0, 0]"
happens,"['HH', 'AE', 'P', 'AH', 'N', 'Z']","['hap', 'pens']","['h', 'app', 'ens']",0.42857142857142855,9.12e-05,"[22, 2, 29, 3, 27, 38, 0, 0]"
cardiac,"['K', 'AA', 'R', 'D', 'IY', 'AE', 'K']","['car', 'di', 'ac']","['card', 'iac']",0.42857142857142855,6.92e-06,"[24, 1, 30, 18, 11, 2, 24, 0]"
russian,"['R', 'AH', 'SH', 'AH', 'N']","['rus', 'si', 'an']","['r', 'ussian']",0.42857142857142855,0.000102,"[30, 3, 32, 3, 27, 0, 0, 0]"
musical,"['M', 'Y', 'UW', 'Z', 'IH', 'K', 'AH', 'L']","['mu', 'sic', 'al']","['mus', 'ical']",0.42857142857142855,3.24e-05,"[26, 37, 15, 38, 10, 24, 3, 25]"
horizon,"['HH', 'ER', 'AY', 'Z', 'AH', 'N']","['ho', 'ri', 'zon']","['hor', 'izon']",0.42857142857142855,1.17e-05,"[22, 8, 6, 38, 3, 27, 0, 0]"
wedding,"['W', 'EH', 'D', 'IH', 'NG']","['wed', 'ding']","['w', 'edd', 'ing']",0.42857142857142855,6.76e-05,"[36, 7, 18, 10, 28, 0, 0, 0]"
andrews,"['AE', 'N', 'D', 'R', 'UW', 'Z']","['an', 'drews']","['and', 'rew', 's']",0.42857142857142855,8.51e-06,"[2, 27, 18, 30, 15, 38, 0, 0]"
entrepreneur,"['AA', 'N', 'T', 'R', 'AH', 'P', 'R', 'AH', 'N', 'ER']","['en', 'tre', 'pren', 'eur']","['ent', 'reprene', 'ur']",0.4166666666666667,9.77e-06,"[1, 27, 33, 30, 3, 29, 30, 3]"
pharmacology,"['F', 'AA', 'R', 'M', 'AH', 'K', 'AA', 'L', 'AH', 'JH', 'IY']","['phar', 'ma', 'co', 'logy']","['ph', 'armac', 'ology']",0.4166666666666667,1.41e-06,"[20, 1, 30, 26, 3, 24, 1, 25]"
dramatically,"['D', 'R', 'AH', 'M', 'AE', 'T', 'IH', 'K', 'L', 'IY']","['dra', 'mat', 'ic', 'ally']","['d', 'ram', 'atically']",0.4166666666666667,8.91e-06,"[18, 30, 3, 26, 2, 33, 10, 24]"
notification,"['N', 'OW', 'T', 'AH', 'F', 'AH', 'K', 'EY', 'SH', 'AH', 'N']","['no', 'ti', 'fic', 'a', 'tion']","['not', 'ification']",0.4166666666666667,8.32e-06,"[27, 12, 33, 3, 20, 3, 24, 9]"
championship,"['CH', 'AE', 'M', 'P', 'IY', 'AH', 'N', 'SH', 'IH', 'P']","['cham', 'pi', 'on', 'ship']","['ch', 'ampions', 'hip']",0.4166666666666667,3.47e-05,"[17, 2, 26, 29, 11, 3, 27, 32]"
testimonials,"['T', 'EH', 'S', 'T', 'AH', 'M', 'OW', 'N', 'IY', 'AH', 'L', 'Z']","['testi', 'mo', 'ni', 'als']","['test', 'imon', 'ials']",0.4166666666666667,7.94e-07,"[33, 7, 31, 33, 3, 26, 12, 27]"
reservations,"['R', 'EH', 'Z', 'ER', 'V', 'EY', 'SH', 'AH', 'N', 'Z']","['re', 'ser', 'va', 'tions']","['res', 'erv', 'ations']",0.4166666666666667,6.17e-06,"[30, 7, 38, 8, 35, 9, 32, 3]"
institutions,"['IH', 'N', 'S', 'T', 'IH', 'T', 'UW', 'SH', 'AH', 'N', 'Z']","['in', 'sti', 'tu', 'tions']","['inst', 'it', 'utions']",0.4166666666666667,3.8e-05,"[10, 27, 31, 33, 10, 33, 15, 32]"
universities,"['Y', 'UW', 'N', 'AH', 'V', 'ER', 'S', 'AH', 'T', 'IY', 'Z']","['uni', 'ver', 'sit', 'ies']","['un', 'ivers', 'ities']",0.4166666666666667,2.29e-05,"[37, 15, 27, 3, 35, 8, 31, 3]"
entertaining,"['EH', 'N', 'T', 'ER', 'T', 'EY', 'N', 'IH', 'NG']","['en', 'ter', 'tain', 'ing']","['ent', 'ert', 'aining']",0.4166666666666667,1.29e-05,"[7, 27, 33, 8, 33, 9, 27, 10]"
satisfactory,"['S', 'AE', 'T', 'AH', 'S', 'F', 'AE', 'K', 'T', 'R', 'IY']","['sat', 'is', 'fact', 'ory']","['s', 'atisf', 'actory']",0.4166666666666667,3.72e-06,"[31, 2, 33, 3, 31, 20, 2, 24]"
architecture,"['AA', 'R', 'K', 'AH', 'T', 'EH', 'K', 'CH', 'ER']","['ar', 'chi', 'tec', 'ture']","['arch', 'itect', 'ure']",0.4166666666666667,2.63e-05,"[1, 30, 24, 3, 33, 7, 24, 17]"
satisfaction,"['S', 'AE', 'T', 'AH', 'S', 'F', 'AE', 'K', 'SH', 'AH', 'N']","['sat', 'is', 'fac', 'tion']","['s', 'atisf', 'action']",0.4166666666666667,1.45e-05,"[31, 2, 33, 3, 31, 20, 2, 24]"
intellectual,"['IH', 'N', 'T', 'AH', 'L', 'EH', 'K', 'CH', 'UW', 'AH', 'L']","['in', 'tel', 'lec', 'tu', 'al']","['int', 'ellectual']",0.4166666666666667,2e-05,"[10, 27, 33, 3, 25, 7, 24, 17]"
occupational,"['AA', 'K', 'Y', 'AH', 'P', 'EY', 'SH', 'AH', 'N', 'AH', 'L']","['oc', 'cu', 'pa', 'tion', 'al']","['occup', 'ational']",0.4166666666666667,5.25e-06,"[1, 24, 37, 3, 29, 9, 32, 3]"
humor,"['HH', 'Y', 'UW', 'M', 'ER']","['hu', 'mor']","['hum', 'or']",0.4,1.55e-05,"[22, 37, 15, 26, 8, 0, 0, 0]"
legitimate,"['L', 'AH', 'JH', 'IH', 'T', 'AH', 'M', 'AH', 'T']","['le', 'git', 'im', 'ate']","['leg', 'itimate']",0.4,1.66e-05,"[25, 3, 23, 10, 33, 3, 26, 3]"
gauge,"['G', 'EY', 'JH']",['gauge'],"['g', 'au', 'ge']",0.4,1.05e-05,"[21, 9, 23, 0, 0, 0, 0, 0]"
architects,"['AA', 'R', 'K', 'AH', 'T', 'EH', 'K', 'T', 'S']","['ar', 'chi', 'tects']","['arch', 'itect', 's']",0.4,8.13e-06,"[1, 30, 24, 3, 33, 7, 24, 33]"
coral,"['K', 'AO', 'R', 'AH', 'L']","['cor', 'al']","['c', 'oral']",0.4,7.24e-06,"[24, 4, 30, 3, 25, 0, 0, 0]"
sparc,"['S', 'P', 'AA', 'R', 'K']",['sparc'],"['s', 'par', 'c']",0.4,1.95e-07,"[31, 29, 1, 30, 24, 0, 0, 0]"
warranties,"['W', 'AO', 'R', 'AH', 'N', 'T', 'IY', 'Z']","['war', 'ranties']","['w', 'arr', 'ant', 'ies']",0.4,8.32e-07,"[36, 4, 30, 3, 27, 33, 11, 38]"
kodak,"['K', 'OW', 'D', 'AE', 'K']",['kodak'],"['k', 'od', 'ak']",0.4,1.82e-06,"[24, 12, 18, 2, 24, 0, 0, 0]"
lotus,"['L', 'OW', 'T', 'AH', 'S']","['lo', 'tus']","['lot', 'us']",0.4,4.17e-06,"[25, 12, 33, 3, 31, 0, 0, 0]"
tokyo,"['T', 'OW', 'K', 'IY', 'OW']",['tokyo'],"['t', 'ok', 'yo']",0.4,1.86e-05,"[33, 12, 24, 11, 12, 0, 0, 0]"
indicators,"['IH', 'N', 'D', 'AH', 'K', 'EY', 'T', 'ER', 'Z']","['in', 'dic', 'at', 'ors']","['ind', 'icators']",0.4,6.76e-06,"[10, 27, 18, 3, 24, 9, 33, 8]"
tiger,"['T', 'AY', 'G', 'ER']","['ti', 'ger']","['t', 'iger']",0.4,2e-05,"[33, 6, 21, 8, 0, 0, 0, 0]"
renew,"['R', 'IH', 'N', 'UW']","['re', 'new']","['ren', 'ew']",0.4,5.37e-06,"[30, 10, 27, 15, 0, 0, 0, 0]"
relocation,"['R', 'IY', 'L', 'OW', 'K', 'EY', 'SH', 'AH', 'N']","['re', 'lo', 'ca', 'tion']","['rel', 'ocation']",0.4,3.72e-06,"[30, 11, 25, 12, 24, 9, 32, 3]"
delivering,"['D', 'IH', 'L', 'IH', 'V', 'ER', 'IH', 'NG']","['de', 'liv', 'er', 'ing']","['del', 'ivering']",0.4,1.23e-05,"[18, 10, 25, 10, 35, 8, 10, 28]"
appliances,"['AH', 'P', 'L', 'AY', 'AH', 'N', 'S', 'AH', 'Z']","['ap', 'pli', 'ances']","['app', 'l', 'iances']",0.4,5.13e-06,"[3, 29, 25, 6, 3, 27, 31, 3]"
syria,"['S', 'IH', 'R', 'IY', 'AH']","['syr', 'ia']","['sy', 'ria']",0.4,2.51e-05,"[31, 10, 30, 11, 3, 0, 0, 0]"
ultra,"['AH', 'L', 'T', 'R', 'AH']","['ul', 'tra']","['ult', 'ra']",0.4,1.7e-05,"[3, 25, 33, 30, 3, 0, 0, 0]"
sauce,"['S', 'AO', 'S']",['sauce'],"['s', 'au', 'ce']",0.4,2e-05,"[31, 4, 31, 0, 0, 0, 0, 0]"
cumulative,"['K', 'Y', 'UW', 'M', 'Y', 'AH', 'L', 'AH', 'T', 'IH', 'V']","['cu', 'mu', 'lat', 'ive']","['cum', 'ulative']",0.4,3.55e-06,"[24, 37, 15, 26, 37, 3, 25, 3]"
indigenous,"['IH', 'N', 'D', 'IH', 'JH', 'AH', 'N', 'AH', 'S']","['in', 'di', 'gen', 'ous']","['ind', 'igenous']",0.4,1.45e-05,"[10, 27, 18, 10, 23, 3, 27, 3]"
focal,"['F', 'OW', 'K', 'AH', 'L']","['fo', 'cal']","['f', 'ocal']",0.4,4.68e-06,"[20, 12, 24, 3, 25, 0, 0, 0]"
purchasing,"['P', 'ER', 'CH', 'AH', 'S', 'IH', 'NG']","['pur', 'chas', 'ing']","['p', 'urch', 'asing']",0.4,1.15e-05,"[29, 8, 17, 3, 31, 10, 28, 0]"
particular,"['P', 'ER', 'T', 'IH', 'K', 'Y', 'AH', 'L', 'ER']","['par', 'tic', 'u', 'lar']","['part', 'icular']",0.4,0.0001,"[29, 8, 33, 10, 24, 37, 3, 25]"
malta,"['M', 'AO', 'L', 'T', 'AH']",['malta'],"['m', 'alt', 'a']",0.4,3.47e-06,"[26, 4, 25, 33, 3, 0, 0, 0]"
fragrances,"['F', 'R', 'EY', 'G', 'R', 'AH', 'N', 'S', 'AH', 'Z']","['fra', 'grances']","['fr', 'ag', 'r', 'ances']",0.4,6.92e-07,"[20, 30, 9, 21, 30, 3, 27, 31]"
geological,"['JH', 'IY', 'AH', 'L', 'AA', 'JH', 'IH', 'K', 'AH', 'L']","['geo', 'lo', 'gic', 'al']","['ge', 'ological']",0.4,6.61e-06,"[23, 11, 3, 25, 1, 23, 10, 24]"
wendy,"['W', 'EH', 'N', 'D', 'IY']",['wendy'],"['w', 'end', 'y']",0.4,6.92e-06,"[36, 7, 27, 18, 11, 0, 0, 0]"
cindy,"['S', 'IH', 'N', 'D', 'IY']",['cindy'],"['c', 'ind', 'y']",0.4,3.8e-06,"[31, 10, 27, 18, 11, 0, 0, 0]"
susan,"['S', 'UW', 'Z', 'AH', 'N']",['susan'],"['s', 'us', 'an']",0.4,1.74e-05,"[31, 15, 38, 3, 27, 0, 0, 0]"
lover,"['L', 'AH', 'V', 'ER']","['lov', 'er']","['l', 'over']",0.4,1.82e-05,"[25, 3, 35, 8, 0, 0, 0, 0]"
davis,"['D', 'EY', 'V', 'AH', 'S']","['dav', 'is']","['d', 'avis']",0.4,3.09e-05,"[18, 9, 35, 3, 31, 0, 0, 0]"
oasis,"['OW', 'EY', 'S', 'IH', 'S']","['oas', 'is']","['o', 'asis']",0.4,3.63e-06,"[12, 9, 31, 10, 31, 0, 0, 0]"
facilities,"['F', 'AH', 'S', 'IH', 'L', 'AH', 'T', 'IY', 'Z']","['fa', 'cil', 'it', 'ies']","['fac', 'ilities']",0.4,4.57e-05,"[20, 3, 31, 10, 25, 3, 33, 11]"
diana,"['D', 'AY', 'AE', 'N', 'AH']","['di', 'ana']","['d', 'iana']",0.4,1.05e-05,"[18, 6, 2, 27, 3, 0, 0, 0]"
jimmy,"['JH', 'IH', 'M', 'IY']",['jimmy'],"['j', 'im', 'my']",0.4,2.75e-05,"[23, 10, 26, 11, 0, 0, 0, 0]"
xanax,"['Z', 'AE', 'N', 'AE', 'K', 'S']",['xanax'],"['x', 'an', 'ax']",0.4,1.51e-06,"[38, 2, 27, 2, 24, 31, 0, 0]"
busty,"['B', 'AH', 'S', 'T', 'IY']",['busty'],"['b', 'ust', 'y']",0.4,1.17e-06,"[16, 3, 31, 33, 11, 0, 0, 0]"
logan,"['L', 'OW', 'G', 'AH', 'N']","['lo', 'gan']","['log', 'an']",0.4,1.1e-05,"[25, 12, 21, 3, 27, 0, 0, 0]"
allan,"['AE', 'L', 'AH', 'N']","['al', 'lan']","['all', 'an']",0.4,6.31e-06,"[2, 25, 3, 27, 0, 0, 0, 0]"
securities,"['S', 'IH', 'K', 'Y', 'UH', 'R', 'AH', 'T', 'IY', 'Z']","['se', 'cur', 'it', 'ies']","['sec', 'urities']",0.4,1.74e-05,"[31, 10, 24, 37, 14, 30, 3, 33]"
beads,"['B', 'IY', 'D', 'Z']",['beads'],"['b', 'ead', 's']",0.4,4.9e-06,"[16, 11, 18, 38, 0, 0, 0, 0]"
determines,"['D', 'AH', 'T', 'ER', 'M', 'AH', 'N', 'Z']","['de', 'term', 'ines']","['d', 'etermin', 'es']",0.4,5.89e-06,"[18, 3, 33, 8, 26, 3, 27, 38]"
traditions,"['T', 'R', 'AH', 'D', 'IH', 'SH', 'AH', 'N', 'Z']","['tra', 'di', 'tions']","['tr', 'ad', 'itions']",0.4,1.26e-05,"[33, 30, 3, 18, 10, 32, 3, 27]"
sugar,"['SH', 'UH', 'G', 'ER']","['sug', 'ar']","['s', 'ugar']",0.4,4.79e-05,"[32, 14, 21, 8, 0, 0, 0, 0]"
babes,"['B', 'EY', 'B', 'Z']",['babes'],"['b', 'ab', 'es']",0.4,2.45e-06,"[16, 9, 16, 38, 0, 0, 0, 0]"
novel,"['N', 'AA', 'V', 'AH', 'L']","['nov', 'el']","['no', 'vel']",0.4,4.27e-05,"[27, 1, 35, 3, 25, 0, 0, 0]"
yemen,"['Y', 'EH', 'M', 'AH', 'N']","['ye', 'men']","['y', 'emen']",0.4,7.59e-06,"[37, 7, 26, 3, 27, 0, 0, 0]"
bryan,"['B', 'R', 'AY', 'AH', 'N']","['bry', 'an']","['b', 'ryan']",0.4,9.55e-06,"[16, 30, 6, 3, 27, 0, 0, 0]"
analytical,"['AE', 'N', 'AH', 'L', 'IH', 'T', 'IH', 'K', 'AH', 'L']","['ana', 'lyt', 'ic', 'al']","['analy', 'tical']",0.4,5.37e-06,"[2, 27, 3, 25, 10, 33, 10, 24]"
psychiatry,"['S', 'AY', 'K', 'AY', 'AH', 'T', 'R', 'IY']","['psy', 'chi', 'atry']","['psych', 'iat', 'ry']",0.4,3.63e-06,"[31, 6, 24, 6, 3, 33, 30, 11]"
david,"['D', 'EY', 'V', 'IH', 'D']","['dav', 'id']","['d', 'avid']",0.4,0.000135,"[18, 9, 35, 10, 18, 0, 0, 0]"
allen,"['AE', 'L', 'AH', 'N']","['al', 'len']","['all', 'en']",0.4,2.4e-05,"[2, 25, 3, 27, 0, 0, 0, 0]"
craig,"['K', 'R', 'EY', 'G']",['craig'],"['c', 'ra', 'ig']",0.4,1.51e-05,"[24, 30, 9, 21, 0, 0, 0, 0]"
yukon,"['Y', 'UW', 'K', 'AA', 'N']",['yukon'],"['y', 'uk', 'on']",0.4,1.55e-06,"[37, 15, 24, 1, 27, 0, 0, 0]"
ambassador,"['AE', 'M', 'B', 'AE', 'S', 'AH', 'D', 'ER']","['am', 'bas', 'sad', 'or']","['amb', 'assador']",0.4,2.24e-05,"[2, 26, 16, 2, 31, 3, 18, 8]"
solar,"['S', 'OW', 'L', 'ER']","['sol', 'ar']","['s', 'olar']",0.4,3.39e-05,"[31, 12, 25, 8, 0, 0, 0, 0]"
indicating,"['IH', 'N', 'D', 'AH', 'K', 'EY', 'T', 'IH', 'NG']","['in', 'dic', 'at', 'ing']","['ind', 'icating']",0.4,1.23e-05,"[10, 27, 18, 3, 24, 9, 33, 10]"
bonus,"['B', 'OW', 'N', 'AH', 'S']","['bo', 'nus']","['bon', 'us']",0.4,2.82e-05,"[16, 12, 27, 3, 31, 0, 0, 0]"
discounted,"['D', 'IH', 'S', 'K', 'AW', 'N', 'T', 'IH', 'D']","['dis', 'coun', 'ted']","['disc', 'ount', 'ed']",0.4,3.8e-06,"[18, 10, 31, 24, 5, 27, 33, 10]"
indication,"['IH', 'N', 'D', 'AH', 'K', 'EY', 'SH', 'AH', 'N']","['in', 'dic', 'a', 'tion']","['ind', 'ication']",0.4,1.15e-05,"[10, 27, 18, 3, 24, 9, 32, 3]"
pilot,"['P', 'AY', 'L', 'AH', 'T']","['pi', 'lot']","['p', 'ilot']",0.4,3.31e-05,"[29, 6, 25, 3, 33, 0, 0, 0]"
satin,"['S', 'AE', 'T', 'AH', 'N']","['sat', 'in']","['s', 'atin']",0.4,2.45e-06,"[31, 2, 33, 3, 27, 0, 0, 0]"
asian,"['EY', 'ZH', 'AH', 'N']","['asi', 'an']","['as', 'ian']",0.4,4.9e-05,"[9, 39, 3, 27, 0, 0, 0, 0]"
piano,"['P', 'IY', 'AE', 'N', 'OW']","['pi', 'ano']","['p', 'iano']",0.4,2.04e-05,"[29, 11, 2, 27, 12, 0, 0, 0]"
historical,"['HH', 'IH', 'S', 'T', 'AO', 'R', 'IH', 'K', 'AH', 'L']","['his', 'tor', 'ic', 'al']","['hist', 'orical']",0.4,4.9e-05,"[22, 10, 31, 33, 4, 30, 10, 24]"
polar,"['P', 'OW', 'L', 'ER']","['po', 'lar']","['p', 'olar']",0.4,9.12e-06,"[29, 12, 25, 8, 0, 0, 0, 0]"
indie,"['IH', 'N', 'D', 'IY']","['in', 'die']","['ind', 'ie']",0.4,1e-05,"[10, 27, 18, 11, 0, 0, 0, 0]"
lewis,"['L', 'UW', 'IH', 'S']",['lewis'],"['le', 'w', 'is']",0.4,3.02e-05,"[25, 15, 10, 31, 0, 0, 0, 0]"
automotive,"['AO', 'T', 'AH', 'M', 'OW', 'T', 'IH', 'V']","['auto', 'mot', 'ive']","['aut', 'om', 'otive']",0.4,8.51e-06,"[4, 33, 3, 26, 12, 33, 10, 35]"
craps,"['K', 'R', 'AE', 'P', 'S']",['craps'],"['c', 'ra', 'ps']",0.4,6.31e-07,"[24, 30, 2, 29, 31, 0, 0, 0]"
vocational,"['V', 'OW', 'K', 'EY', 'SH', 'AH', 'N', 'AH', 'L']","['vo', 'ca', 'tion', 'al']","['voc', 'ational']",0.4,4.47e-06,"[35, 12, 24, 9, 32, 3, 27, 3]"
decor,"['D', 'IH', 'K', 'AO', 'R']","['de', 'cor']","['dec', 'or']",0.4,4.47e-06,"[18, 10, 24, 4, 30, 0, 0, 0]"
pharmacies,"['F', 'AA', 'R', 'M', 'AH', 'S', 'IY', 'Z']","['phar', 'ma', 'cies']","['ph', 'arm', 'acies']",0.4,1.51e-06,"[20, 1, 30, 26, 3, 31, 11, 38]"
reputation,"['R', 'EH', 'P', 'Y', 'AH', 'T', 'EY', 'SH', 'AH', 'N']","['repu', 'ta', 'tion']","['re', 'put', 'ation']",0.4,2.95e-05,"[30, 7, 29, 37, 3, 33, 9, 32]"
occur,"['AH', 'K', 'ER']","['oc', 'cur']","['occ', 'ur']",0.4,2.95e-05,"[3, 24, 8, 0, 0, 0, 0, 0]"
tahoe,"['T', 'AE', 'HH', 'OW']",['tahoe'],"['t', 'ah', 'oe']",0.4,1.58e-06,"[33, 2, 22, 12, 0, 0, 0, 0]"
puppy,"['P', 'AH', 'P', 'IY']",['puppy'],"['p', 'upp', 'y']",0.4,1e-05,"[29, 3, 29, 11, 0, 0, 0, 0]"
guarantees,"['G', 'EH', 'R', 'AH', 'N', 'T', 'IY', 'Z']","['guar', 'an', 'tees']","['gu', 'arant', 'ees']",0.4,6.76e-06,"[21, 7, 30, 3, 27, 33, 11, 38]"
relay,"['R', 'IY', 'L', 'EY']","['re', 'lay']","['rel', 'ay']",0.4,7.24e-06,"[30, 11, 25, 9, 0, 0, 0, 0]"
india,"['IH', 'N', 'D', 'IY', 'AH']","['in', 'dia']","['ind', 'ia']",0.4,0.00011,"[10, 27, 18, 11, 3, 0, 0, 0]"
california,"['K', 'AE', 'L', 'AH', 'F', 'AO', 'R', 'N', 'Y', 'AH']","['cali', 'for', 'nia']","['cal', 'if', 'ornia']",0.4,0.0001,"[24, 2, 25, 3, 20, 4, 30, 27]"
naked,"['N', 'EY', 'K', 'AH', 'D']","['na', 'ked']","['n', 'aked']",0.4,2.69e-05,"[27, 9, 24, 3, 18, 0, 0, 0]"
naval,"['N', 'EY', 'V', 'AH', 'L']","['nav', 'al']","['n', 'aval']",0.4,1.74e-05,"[27, 9, 35, 3, 25, 0, 0, 0]"
travelling,"['T', 'R', 'AE', 'V', 'AH', 'L', 'IH', 'NG']","['trav', 'el', 'ling']","['t', 'rave', 'lling']",0.4,1.45e-05,"[33, 30, 2, 35, 3, 25, 10, 28]"
favor,"['F', 'EY', 'V', 'ER']","['fa', 'vor']","['f', 'avor']",0.4,3.8e-05,"[20, 9, 35, 8, 0, 0, 0, 0]"
intro,"['IH', 'N', 'T', 'R', 'OW']","['in', 'tro']","['int', 'ro']",0.4,6.46e-06,"[10, 27, 33, 30, 12, 0, 0, 0]"
invitation,"['IH', 'N', 'V', 'IH', 'T', 'EY', 'SH', 'AH', 'N']","['in', 'vit', 'a', 'tion']","['inv', 'itation']",0.4,1.38e-05,"[10, 27, 35, 10, 33, 9, 32, 3]"
motor,"['M', 'OW', 'T', 'ER']","['mo', 'tor']","['m', 'otor']",0.4,3.39e-05,"[26, 12, 33, 8, 0, 0, 0, 0]"
volkswagen,"['V', 'OW', 'L', 'K', 'S', 'W', 'AE', 'G', 'AH', 'N']","['volk', 'swa', 'gen']","['vol', 'ks', 'wagen']",0.4,3.16e-06,"[35, 12, 25, 24, 31, 36, 2, 21]"
beneficial,"['B', 'EH', 'N', 'AH', 'F', 'IH', 'SH', 'AH', 'L']","['be', 'ne', 'fi', 'cial']","['benef', 'icial']",0.4,1.2e-05,"[16, 7, 27, 3, 20, 10, 32, 3]"
hayes,"['HH', 'EY', 'Z']",['hayes'],"['h', 'ay', 'es']",0.4,7.41e-06,"[22, 9, 38, 0, 0, 0, 0, 0]"
quotations,"['K', 'W', 'OW', 'T', 'EY', 'SH', 'AH', 'N', 'Z']","['quo', 'ta', 'tions']","['qu', 'ot', 'ations']",0.4,1.95e-06,"[24, 36, 12, 33, 9, 32, 3, 27]"
dying,"['D', 'AY', 'IH', 'NG']","['dy', 'ing']","['d', 'ying']",0.4,4.27e-05,"[18, 6, 10, 28, 0, 0, 0, 0]"
elder,"['EH', 'L', 'D', 'ER']","['eld', 'er']","['e', 'lder']",0.4,1.15e-05,"[7, 25, 18, 8, 0, 0, 0, 0]"
rural,"['R', 'UH', 'R', 'AH', 'L']","['rur', 'al']","['r', 'ural']",0.4,3.89e-05,"[30, 14, 30, 3, 25, 0, 0, 0]"
debut,"['D', 'EY', 'B', 'Y', 'UW']","['de', 'but']","['deb', 'ut']",0.4,3.31e-05,"[18, 9, 16, 37, 15, 0, 0, 0]"
motivation,"['M', 'OW', 'T', 'AH', 'V', 'EY', 'SH', 'AH', 'N']","['mo', 'tiv', 'a', 'tion']","['mot', 'ivation']",0.4,1.66e-05,"[26, 12, 33, 3, 35, 9, 32, 3]"
nepal,"['N', 'AH', 'P', 'AO', 'L']",['nepal'],"['n', 'ep', 'al']",0.4,6.76e-06,"[27, 3, 29, 4, 25, 0, 0, 0]"
insulation,"['IH', 'N', 'S', 'AH', 'L', 'EY', 'SH', 'AH', 'N']","['in', 'su', 'la', 'tion']","['ins', 'ulation']",0.4,4.68e-06,"[10, 27, 31, 3, 25, 9, 32, 3]"
conceptual,"['K', 'AH', 'N', 'S', 'EH', 'P', 'CH', 'UW', 'AH', 'L']","['con', 'cep', 'tu', 'al']","['concept', 'ual']",0.4,4.17e-06,"[24, 3, 27, 31, 7, 29, 17, 15]"
depot,"['D', 'IY', 'P', 'OW']","['de', 'pot']","['dep', 'ot']",0.4,8.91e-06,"[18, 11, 29, 12, 0, 0, 0, 0]"
ratio,"['R', 'EY', 'SH', 'IY', 'OW']","['ra', 'tio']","['rat', 'io']",0.4,2.34e-05,"[30, 9, 32, 11, 12, 0, 0, 0]"
fuzzy,"['F', 'AH', 'Z', 'IY']",['fuzzy'],"['f', 'uzz', 'y']",0.4,4.47e-06,"[20, 3, 38, 11, 0, 0, 0, 0]"
indonesian,"['IH', 'N', 'D', 'OW', 'N', 'IY', 'ZH', 'AH', 'N']","['in', 'done', 'sian']","['ind', 'ones', 'ian']",0.4,7.76e-06,"[10, 27, 18, 12, 27, 11, 39, 3]"
logos,"['L', 'OW', 'G', 'OW', 'Z']","['lo', 'gos']","['log', 'os']",0.4,3.39e-06,"[25, 12, 21, 12, 38, 0, 0, 0]"
simon,"['S', 'AY', 'M', 'AH', 'N']","['si', 'mon']","['sim', 'on']",0.4,3.02e-05,"[31, 6, 26, 3, 27, 0, 0, 0]"
occupation,"['AA', 'K', 'Y', 'AH', 'P', 'EY', 'SH', 'AH', 'N']","['oc', 'cu', 'pa', 'tion']","['occup', 'ation']",0.4,1.58e-05,"[1, 24, 37, 3, 29, 9, 32, 3]"
essay,"['EH', 'S', 'EY']","['es', 'say']","['ess', 'ay']",0.4,1.7e-05,"[7, 31, 9, 0, 0, 0, 0, 0]"
latin,"['L', 'AE', 'T', 'AH', 'N']","['lat', 'in']","['l', 'atin']",0.4,3.02e-05,"[25, 2, 33, 3, 27, 0, 0, 0]"
multimedia,"['M', 'AH', 'L', 'T', 'IY', 'M', 'IY', 'D', 'IY', 'AH']","['mul', 'ti', 'me', 'dia']","['mult', 'imedia']",0.4,3.63e-06,"[26, 3, 25, 33, 11, 26, 11, 18]"
allocation,"['AE', 'L', 'AH', 'K', 'EY', 'SH', 'AH', 'N']","['al', 'loc', 'a', 'tion']","['all', 'ocation']",0.4,5.5e-06,"[2, 25, 3, 24, 9, 32, 3, 27]"
artificial,"['AA', 'R', 'T', 'AH', 'F', 'IH', 'SH', 'AH', 'L']","['ar', 'ti', 'fi', 'cial']","['art', 'ificial']",0.4,1.74e-05,"[1, 30, 33, 3, 20, 10, 32, 3]"
argue,"['AA', 'R', 'G', 'Y', 'UW']","['ar', 'gue']","['arg', 'ue']",0.4,2.88e-05,"[1, 30, 21, 37, 15, 0, 0, 0]"
tamil,"['T', 'AH', 'M', 'IH', 'L']",['tamil'],"['t', 'am', 'il']",0.4,5.75e-06,"[33, 3, 26, 10, 25, 0, 0, 0]"
scoop,"['S', 'K', 'UW', 'P']",['scoop'],"['s', 'co', 'op']",0.4,4.9e-06,"[31, 24, 15, 29, 0, 0, 0, 0]"
fibre,"['F', 'AY', 'B', 'ER']",['fibre'],"['f', 'ib', 're']",0.4,4.68e-06,"[20, 6, 16, 8, 0, 0, 0, 0]"
virus,"['V', 'AY', 'R', 'AH', 'S']","['vir', 'us']","['v', 'irus']",0.4,2.63e-05,"[35, 6, 30, 3, 31, 0, 0, 0]"
biological,"['B', 'AY', 'AH', 'L', 'AA', 'JH', 'IH', 'K', 'AH', 'L']","['bio', 'lo', 'gic', 'al']","['bi', 'ological']",0.4,2.04e-05,"[16, 6, 3, 25, 1, 23, 10, 24]"
louis,"['L', 'UW', 'IH', 'S']",['louis'],"['l', 'ou', 'is']",0.4,6.61e-05,"[25, 15, 10, 31, 0, 0, 0, 0]"
upset,"['AH', 'P', 'S', 'EH', 'T']","['up', 'set']","['ups', 'et']",0.4,4.07e-05,"[3, 29, 31, 7, 33, 0, 0, 0]"
alexandria,"['AE', 'L', 'AH', 'G', 'Z', 'AE', 'N', 'D', 'R', 'IY', 'AH']","['al', 'ex', 'an', 'dria']","['ale', 'x', 'and', 'ria']",0.4,5.89e-06,"[2, 25, 3, 21, 38, 2, 27, 18]"
horizontal,"['HH', 'AO', 'R', 'AH', 'Z', 'AA', 'N', 'T', 'AH', 'L']","['ho', 'ri', 'zont', 'al']","['hor', 'izontal']",0.4,7.94e-06,"[22, 4, 30, 3, 38, 1, 27, 33]"
mazda,"['M', 'AA', 'Z', 'D', 'AH']",['mazda'],"['m', 'az', 'da']",0.4,2.19e-06,"[26, 1, 38, 18, 3, 0, 0, 0]"
birmingham,"['B', 'ER', 'M', 'IH', 'NG', 'HH', 'AE', 'M']","['birm', 'ing', 'ham']","['b', 'ir', 'mingham']",0.4,1.51e-05,"[16, 8, 26, 10, 28, 22, 2, 26]"
recruiting,"['R', 'AH', 'K', 'R', 'UW', 'T', 'IH', 'NG']","['re', 'cruit', 'ing']","['rec', 'ru', 'iting']",0.4,9.77e-06,"[30, 3, 24, 30, 15, 33, 10, 28]"
diary,"['D', 'AY', 'ER', 'IY']","['di', 'ary']","['d', 'iary']",0.4,1.23e-05,"[18, 6, 8, 11, 0, 0, 0, 0]"
federation,"['F', 'EH', 'D', 'ER', 'EY', 'SH', 'AH', 'N']","['fed', 'er', 'a', 'tion']","['f', 'ederation']",0.4,1.82e-05,"[20, 7, 18, 8, 9, 32, 3, 27]"
sanyo,"['S', 'AA', 'N', 'Y', 'OW']",['sanyo'],"['s', 'any', 'o']",0.4,1.74e-07,"[31, 1, 27, 37, 12, 0, 0, 0]"
dubai,"['D', 'UW', 'B', 'AY']",['dubai'],"['d', 'ub', 'ai']",0.4,1.2e-05,"[18, 15, 16, 6, 0, 0, 0, 0]"
estimation,"['EH', 'S', 'T', 'AH', 'M', 'EY', 'SH', 'AH', 'N']","['es', 'tim', 'a', 'tion']","['est', 'imation']",0.4,2.88e-06,"[7, 31, 33, 3, 26, 9, 32, 3]"
viral,"['V', 'AY', 'R', 'AH', 'L']","['vir', 'al']","['v', 'iral']",0.4,1.2e-05,"[35, 6, 30, 3, 25, 0, 0, 0]"
karen,"['K', 'EH', 'R', 'AH', 'N']","['kar', 'en']","['k', 'aren']",0.4,1.23e-05,"[24, 7, 30, 3, 27, 0, 0, 0]"
guaranteed,"['G', 'EH', 'R', 'AH', 'N', 'T', 'IY', 'D']","['guar', 'an', 'teed']","['gu', 'arant', 'eed']",0.4,1.95e-05,"[21, 7, 30, 3, 27, 33, 11, 18]"
identifier,"['AY', 'D', 'EH', 'N', 'T', 'AH', 'F', 'AY', 'ER']","['iden', 'ti', 'fi', 'er']","['ident', 'ifier']",0.4,1.32e-06,"[6, 18, 7, 27, 33, 3, 20, 6]"
cabin,"['K', 'AE', 'B', 'AH', 'N']","['cab', 'in']","['c', 'abin']",0.4,1.35e-05,"[24, 2, 16, 3, 27, 0, 0, 0]"
explicitly,"['IH', 'K', 'S', 'P', 'L', 'IH', 'S', 'AH', 'T', 'L', 'IY']","['ex', 'pli', 'citly']","['expl', 'icit', 'ly']",0.4,9.12e-06,"[10, 24, 31, 29, 25, 10, 31, 3]"
vital,"['V', 'AY', 'T', 'AH', 'L']","['vi', 'tal']","['v', 'ital']",0.4,2.4e-05,"[35, 6, 33, 3, 25, 0, 0, 0]"
logic,"['L', 'AA', 'JH', 'IH', 'K']","['lo', 'gic']","['log', 'ic']",0.4,2.29e-05,"[25, 1, 23, 10, 24, 0, 0, 0]"
asset,"['AE', 'S', 'EH', 'T']","['as', 'set']","['ass', 'et']",0.4,1.7e-05,"[2, 31, 7, 33, 0, 0, 0, 0]"
additional,"['AH', 'D', 'IH', 'SH', 'AH', 'N', 'AH', 'L']","['ad', 'di', 'tion', 'al']","['add', 'itional']",0.4,9.55e-05,"[3, 18, 10, 32, 3, 27, 3, 25]"
charleston,"['CH', 'AA', 'R', 'L', 'S', 'T', 'AH', 'N']","['char', 'le', 'ston']","['ch', 'arl', 'eston']",0.4,5.89e-06,"[17, 1, 30, 25, 31, 33, 3, 27]"
opposition,"['AA', 'P', 'AH', 'Z', 'IH', 'SH', 'AH', 'N']","['op', 'pos', 'i', 'tion']","['opp', 'osition']",0.4,3.72e-05,"[1, 29, 3, 38, 10, 32, 3, 27]"
brian,"['B', 'R', 'AY', 'AH', 'N']","['bri', 'an']","['b', 'rian']",0.4,2.95e-05,"[16, 30, 6, 3, 27, 0, 0, 0]"
lyric,"['L', 'IH', 'R', 'IH', 'K']","['lyr', 'ic']","['ly', 'ric']",0.4,4.27e-06,"[25, 10, 30, 10, 24, 0, 0, 0]"
automation,"['AO', 'T', 'AH', 'M', 'EY', 'SH', 'AH', 'N']","['auto', 'ma', 'tion']","['aut', 'om', 'ation']",0.4,6.31e-06,"[4, 33, 3, 26, 9, 32, 3, 27]"
vocal,"['V', 'OW', 'K', 'AH', 'L']","['vo', 'cal']","['v', 'ocal']",0.4,1.45e-05,"[35, 12, 24, 3, 25, 0, 0, 0]"
volunteers,"['V', 'AA', 'L', 'AH', 'N', 'T', 'IH', 'R', 'Z']","['vo', 'lun', 'teers']","['vol', 'unte', 'ers']",0.4,1.95e-05,"[35, 1, 25, 3, 27, 33, 10, 30]"
modem,"['M', 'OW', 'D', 'AH', 'M']","['mo', 'dem']","['mod', 'em']",0.4,2.51e-06,"[26, 12, 18, 3, 26, 0, 0, 0]"
iraqi,"['IH', 'R', 'AE', 'K', 'IY']","['ir', 'aqi']","['ira', 'qi']",0.4,8.91e-06,"[10, 30, 2, 24, 11, 0, 0, 0]"
eddie,"['EH', 'D', 'IY']","['ed', 'die']","['edd', 'ie']",0.4,1.38e-05,"[7, 18, 11, 0, 0, 0, 0, 0]"
liver,"['L', 'IH', 'V', 'ER']","['liv', 'er']","['l', 'iver']",0.4,1.51e-05,"[25, 10, 35, 8, 0, 0, 0, 0]"
opera,"['AA', 'P', 'R', 'AH']","['op', 'era']","['oper', 'a']",0.4,1.86e-05,"[1, 29, 30, 3, 0, 0, 0, 0]"
ecological,"['IY', 'K', 'AH', 'L', 'AA', 'JH', 'IH', 'K', 'AH', 'L']","['eco', 'lo', 'gic', 'al']","['ec', 'ological']",0.4,6.03e-06,"[11, 24, 3, 25, 1, 23, 10, 24]"
innovation,"['IH', 'N', 'AH', 'V', 'EY', 'SH', 'AH', 'N']","['in', 'nov', 'a', 'tion']","['inn', 'ovation']",0.4,2.09e-05,"[10, 27, 3, 35, 9, 32, 3, 27]"
newspapers,"['N', 'UW', 'Z', 'P', 'EY', 'P', 'ER', 'Z']","['news', 'pa', 'pers']","['new', 'sp', 'apers']",0.4,1.78e-05,"[27, 15, 38, 29, 9, 29, 8, 38]"
diane,"['D', 'AY', 'AE', 'N']","['di', 'ane']","['d', 'iane']",0.4,6.76e-06,"[18, 6, 2, 27, 0, 0, 0, 0]"
relax,"['R', 'IH', 'L', 'AE', 'K', 'S']","['re', 'lax']","['rel', 'ax']",0.4,1.95e-05,"[30, 10, 25, 2, 24, 31, 0, 0]"
kevin,"['K', 'EH', 'V', 'IH', 'N']","['kev', 'in']","['ke', 'vin']",0.4,3.63e-05,"[24, 7, 35, 10, 27, 0, 0, 0]"
lemon,"['L', 'EH', 'M', 'AH', 'N']","['lem', 'on']","['le', 'mon']",0.4,1.26e-05,"[25, 7, 26, 3, 27, 0, 0, 0]"
toxic,"['T', 'AA', 'K', 'S', 'IH', 'K']","['tox', 'ic']","['t', 'oxic']",0.4,1.74e-05,"[33, 1, 24, 31, 10, 24, 0, 0]"
ellis,"['EH', 'L', 'IH', 'S']","['el', 'lis']","['ell', 'is']",0.4,8.91e-06,"[7, 25, 10, 31, 0, 0, 0, 0]"
casio,"['K', 'AE', 'S', 'IY', 'OW']","['ca', 'sio']","['c', 'asio']",0.4,5.37e-07,"[24, 2, 31, 11, 12, 0, 0, 0]"
consortium,"['K', 'AH', 'N', 'S', 'AO', 'R', 'SH', 'IY', 'AH', 'M']","['con', 'sor', 'ti', 'um']","['cons', 'ortium']",0.4,4.79e-06,"[24, 3, 27, 31, 4, 30, 32, 11]"
alloy,"['AE', 'L', 'OY']","['al', 'loy']","['all', 'oy']",0.4,4.07e-06,"[2, 25, 13, 0, 0, 0, 0, 0]"
tulsa,"['T', 'AH', 'L', 'S', 'AH']",['tulsa'],"['t', 'uls', 'a']",0.4,3.02e-06,"[33, 3, 25, 31, 3, 0, 0, 0]"
casey,"['K', 'EY', 'S', 'IY']","['ca', 'sey']","['case', 'y']",0.4,9.12e-06,"[24, 9, 31, 11, 0, 0, 0, 0]"
niger,"['N', 'AY', 'JH', 'ER']","['ni', 'ger']","['n', 'iger']",0.4,2.82e-06,"[27, 6, 23, 8, 0, 0, 0, 0]"
bacon,"['B', 'EY', 'K', 'AH', 'N']","['ba', 'con']","['b', 'acon']",0.4,1.41e-05,"[16, 9, 24, 3, 27, 0, 0, 0]"
dicke,"['D', 'IH', 'K']",['dicke'],"['d', 'ic', 'ke']",0.4,5.37e-08,"[18, 10, 24, 0, 0, 0, 0, 0]"
cedar,"['S', 'IY', 'D', 'ER']","['ce', 'dar']","['ced', 'ar']",0.4,5.75e-06,"[31, 11, 18, 8, 0, 0, 0, 0]"
mason,"['M', 'EY', 'S', 'AH', 'N']","['ma', 'son']","['m', 'ason']",0.4,1.38e-05,"[26, 9, 31, 3, 27, 0, 0, 0]"
giant,"['JH', 'AY', 'AH', 'N', 'T']","['gi', 'ant']","['g', 'iant']",0.4,4.17e-05,"[23, 6, 3, 27, 33, 0, 0, 0]"
japan,"['JH', 'AH', 'P', 'AE', 'N']","['ja', 'pan']","['j', 'apan']",0.4,7.76e-05,"[23, 3, 29, 2, 27, 0, 0, 0]"
julia,"['JH', 'UW', 'L', 'Y', 'AH']","['ju', 'lia']","['j', 'ulia']",0.4,1.32e-05,"[23, 15, 25, 37, 3, 0, 0, 0]"
technological,"['T', 'EH', 'K', 'N', 'AH', 'L', 'AA', 'JH', 'IH', 'K', 'AH', 'L']","['tech', 'no', 'lo', 'gic', 'al']","['techn', 'ological']",0.38461538461538464,1.15e-05,"[33, 7, 24, 27, 3, 25, 1, 23]"
automatically,"['AO', 'T', 'AH', 'M', 'AE', 'T', 'IH', 'K', 'L', 'IY']","['auto', 'mat', 'ic', 'ally']","['aut', 'om', 'atically']",0.38461538461538464,3.31e-05,"[4, 33, 3, 26, 2, 33, 10, 24]"
manufacturers,"['M', 'AE', 'N', 'Y', 'AH', 'F', 'AE', 'K', 'CH', 'ER', 'ER', 'Z']","['man', 'u', 'fac', 'tur', 'ers']","['manufact', 'urers']",0.38461538461538464,2.24e-05,"[26, 2, 27, 37, 3, 20, 2, 24]"
compatibility,"['K', 'AH', 'M', 'P', 'AE', 'T', 'AH', 'B', 'IH', 'L', 'AH', 'T', 'IY']","['com', 'pat', 'ib', 'il', 'ity']","['comp', 'atibility']",0.38461538461538464,3.89e-06,"[24, 3, 26, 29, 2, 33, 3, 16]"
illustrations,"['IH', 'L', 'AH', 'S', 'T', 'R', 'EY', 'SH', 'AH', 'N', 'Z']","['il', 'lus', 'tra', 'tions']","['ill', 'ust', 'rations']",0.38461538461538464,7.41e-06,"[10, 25, 3, 31, 33, 30, 9, 32]"
administrator,"['AH', 'D', 'M', 'IH', 'N', 'AH', 'S', 'T', 'R', 'EY', 'T', 'ER']","['ad', 'min', 'is', 'trat', 'or']","['administ', 'rator']",0.38461538461538464,1.17e-05,"[3, 18, 26, 10, 27, 3, 31, 33]"
accreditation,"['AH', 'K', 'R', 'EH', 'D', 'AH', 'T', 'EY', 'SH', 'AH', 'N']","['ac', 'cred', 'it', 'a', 'tion']","['acc', 'reditation']",0.38461538461538464,3.47e-06,"[3, 24, 30, 7, 18, 3, 33, 9]"
contributions,"['K', 'AA', 'N', 'T', 'R', 'AH', 'B', 'Y', 'UW', 'SH', 'AH', 'N', 'Z']","['con', 'tri', 'bu', 'tions']","['cont', 'ribut', 'ions']",0.38461538461538464,2.19e-05,"[24, 1, 27, 33, 30, 3, 16, 37]"
certification,"['S', 'ER', 'T', 'AH', 'F', 'AH', 'K', 'EY', 'SH', 'AH', 'N']","['cer', 'ti', 'fic', 'a', 'tion']","['cert', 'ification']",0.38461538461538464,9.33e-06,"[31, 8, 33, 3, 20, 3, 24, 9]"
restructuring,"['R', 'IY', 'S', 'T', 'R', 'AH', 'K', 'CH', 'ER', 'IH', 'NG']","['re', 'struc', 'tur', 'ing']","['rest', 'ruct', 'uring']",0.38461538461538464,4.17e-06,"[30, 11, 31, 33, 30, 3, 24, 17]"
championships,"['CH', 'AE', 'M', 'P', 'IY', 'AH', 'N', 'SH', 'IH', 'P', 'S']","['cham', 'pi', 'on', 'ships']","['ch', 'ampions', 'hips']",0.38461538461538464,1.07e-05,"[17, 2, 26, 29, 11, 3, 27, 32]"
notifications,"['N', 'OW', 'T', 'AH', 'F', 'AH', 'K', 'EY', 'SH', 'AH', 'N', 'Z']","['no', 'ti', 'fic', 'a', 'tions']","['not', 'ifications']",0.38461538461538464,4.57e-06,"[27, 12, 33, 3, 20, 3, 24, 9]"
distributions,"['D', 'IH', 'S', 'T', 'R', 'AH', 'B', 'Y', 'UW', 'SH', 'AH', 'N', 'Z']","['dis', 'tri', 'bu', 'tions']","['dist', 'ribut', 'ions']",0.38461538461538464,3.24e-06,"[18, 10, 31, 33, 30, 3, 16, 37]"
entrepreneurs,"['AA', 'N', 'T', 'R', 'AH', 'P', 'R', 'AH', 'N', 'ER', 'Z']","['en', 'tre', 'pren', 'eurs']","['ent', 'reprene', 'urs']",0.38461538461538464,7.94e-06,"[1, 27, 33, 30, 3, 29, 30, 3]"
vulnerability,"['V', 'AH', 'L', 'N', 'ER', 'AH', 'B', 'IH', 'L', 'IH', 'T', 'IY']","['vul', 'ner', 'ab', 'il', 'ity']","['v', 'ulnerability']",0.38461538461538464,5.01e-06,"[35, 3, 25, 27, 8, 3, 16, 10]"
manufacturing,"['M', 'AE', 'N', 'Y', 'AH', 'F', 'AE', 'K', 'CH', 'ER', 'IH', 'NG']","['man', 'u', 'fac', 'tur', 'ing']","['manufact', 'uring']",0.38461538461538464,3.63e-05,"[26, 2, 27, 37, 3, 20, 2, 24]"
institutional,"['IH', 'N', 'S', 'T', 'IH', 'T', 'UW', 'SH', 'AH', 'N', 'AH', 'L']","['in', 'sti', 'tu', 'tion', 'al']","['inst', 'itutional']",0.38461538461538464,1e-05,"[10, 27, 31, 33, 10, 33, 15, 32]"
psychological,"['S', 'AY', 'K', 'AH', 'L', 'AA', 'JH', 'IH', 'K', 'AH', 'L']","['psy', 'cho', 'lo', 'gic', 'al']","['psych', 'ological']",0.38461538461538464,1.86e-05,"[31, 6, 24, 3, 25, 1, 23, 10]"
contamination,"['K', 'AH', 'N', 'T', 'AE', 'M', 'AH', 'N', 'EY', 'SH', 'AH', 'N']","['con', 'tam', 'in', 'a', 'tion']","['cont', 'amination']",0.38461538461538464,5.01e-06,"[24, 3, 27, 33, 2, 26, 3, 27]"
congressional,"['K', 'AH', 'N', 'G', 'R', 'EH', 'SH', 'AH', 'N', 'AH', 'L']","['con', 'gres', 'sion', 'al']","['cong', 'ress', 'ional']",0.38461538461538464,1.55e-05,"[24, 3, 27, 21, 30, 7, 32, 3]"
semiconductor,"['S', 'EH', 'M', 'IY', 'K', 'AH', 'N', 'D', 'AH', 'K', 'T', 'ER']","['semi', 'con', 'duct', 'or']","['se', 'mic', 'onductor']",0.38461538461538464,3.39e-06,"[31, 7, 26, 11, 24, 3, 27, 18]"
removing,"['R', 'IY', 'M', 'UW', 'V', 'IH', 'NG']","['re', 'mov', 'ing']","['rem', 'oving']",0.375,1.82e-05,"[30, 11, 26, 15, 35, 10, 28, 0]"
regional,"['R', 'IY', 'JH', 'AH', 'N', 'AH', 'L']","['re', 'gion', 'al']","['reg', 'ional']",0.375,5.25e-05,"[30, 11, 23, 3, 27, 3, 25, 0]"
colonial,"['K', 'AH', 'L', 'OW', 'N', 'IY', 'AH', 'L']","['co', 'lo', 'ni', 'al']",['colonial'],0.375,1.48e-05,"[24, 3, 25, 12, 27, 11, 3, 25]"
dividend,"['D', 'IH', 'V', 'IH', 'D', 'EH', 'N', 'D']","['di', 'vidend']","['d', 'ivid', 'end']",0.375,6.61e-06,"[18, 10, 35, 10, 18, 7, 27, 18]"
aquarium,"['AH', 'K', 'W', 'EH', 'R', 'IY', 'AH', 'M']","['aquar', 'i', 'um']","['aqu', 'arium']",0.375,3.63e-06,"[3, 24, 36, 7, 30, 11, 3, 26]"
hometown,"['HH', 'OW', 'M', 'T', 'AW', 'N']","['ho', 'met', 'own']","['h', 'ometown']",0.375,8.13e-06,"[22, 12, 26, 33, 5, 27, 0, 0]"
defining,"['D', 'IH', 'F', 'AY', 'N', 'IH', 'NG']","['de', 'fin', 'ing']","['def', 'ining']",0.375,9.12e-06,"[18, 10, 20, 6, 27, 10, 28, 0]"
endorsed,"['EH', 'N', 'D', 'AO', 'R', 'S', 'T']","['en', 'dorsed']","['end', 'ors', 'ed']",0.375,7.41e-06,"[7, 27, 18, 4, 30, 31, 33, 0]"
champion,"['CH', 'AE', 'M', 'P', 'IY', 'AH', 'N']","['cham', 'pi', 'on']","['ch', 'ampion']",0.375,4.17e-05,"[17, 2, 26, 29, 11, 3, 27, 0]"
engaging,"['EH', 'N', 'G', 'EY', 'JH', 'IH', 'NG']","['en', 'ga', 'ging']","['eng', 'aging']",0.375,1.35e-05,"[7, 27, 21, 9, 23, 10, 28, 0]"
discover,"['D', 'IH', 'S', 'K', 'AH', 'V', 'ER']","['dis', 'cov', 'er']","['d', 'iscover']",0.375,2.45e-05,"[18, 10, 31, 24, 3, 35, 8, 0]"
circular,"['S', 'ER', 'K', 'Y', 'AH', 'L', 'ER']","['cir', 'cu', 'lar']","['circ', 'ular']",0.375,9.12e-06,"[31, 8, 24, 37, 3, 25, 8, 0]"
climbing,"['K', 'L', 'AY', 'M', 'IH', 'NG']","['climb', 'ing']","['cl', 'im', 'bing']",0.375,1.32e-05,"[24, 25, 6, 26, 10, 28, 0, 0]"
republic,"['R', 'IY', 'P', 'AH', 'B', 'L', 'AH', 'K']","['re', 'pub', 'lic']","['rep', 'ublic']",0.375,3.98e-05,"[30, 11, 29, 3, 16, 25, 3, 24]"
properly,"['P', 'R', 'AA', 'P', 'ER', 'L', 'IY']","['prop', 'erly']","['pro', 'per', 'ly']",0.375,4.37e-05,"[29, 30, 1, 29, 8, 25, 11, 0]"
expanded,"['IH', 'K', 'S', 'P', 'AE', 'N', 'D', 'AH', 'D']","['ex', 'pan', 'ded']","['exp', 'anded']",0.375,1.91e-05,"[10, 24, 31, 29, 2, 27, 18, 3]"
syndrome,"['S', 'IH', 'N', 'D', 'R', 'OW', 'M']","['syn', 'drome']","['sy', 'nd', 'rome']",0.375,1.7e-05,"[31, 10, 27, 18, 30, 12, 26, 0]"
inserted,"['IH', 'N', 'S', 'ER', 'T', 'AH', 'D']","['in', 'ser', 'ted']","['insert', 'ed']",0.375,5.5e-06,"[10, 27, 31, 8, 33, 3, 18, 0]"
rotation,"['R', 'OW', 'T', 'EY', 'SH', 'AH', 'N']","['ro', 'ta', 'tion']","['rot', 'ation']",0.375,1.2e-05,"[30, 12, 33, 9, 32, 3, 27, 0]"
attempts,"['AH', 'T', 'EH', 'M', 'P', 'T', 'S']","['at', 'tempts']","['att', 'empt', 's']",0.375,3.16e-05,"[3, 33, 7, 26, 29, 33, 31, 0]"
accurate,"['AE', 'K', 'Y', 'ER', 'AH', 'T']","['ac', 'cur', 'ate']","['acc', 'urate']",0.375,3.72e-05,"[2, 24, 37, 8, 3, 33, 0, 0]"
accident,"['AE', 'K', 'S', 'AH', 'D', 'AH', 'N', 'T']","['ac', 'ci', 'dent']","['acc', 'ident']",0.375,5.13e-05,"[2, 24, 31, 3, 18, 3, 27, 33]"
religion,"['R', 'IH', 'L', 'IH', 'JH', 'AH', 'N']","['re', 'li', 'gion']","['rel', 'igion']",0.375,5.5e-05,"[30, 10, 25, 10, 23, 3, 27, 0]"
platinum,"['P', 'L', 'AE', 'T', 'N', 'AH', 'M']","['plat', 'in', 'um']","['pl', 'atinum']",0.375,1.05e-05,"[29, 25, 2, 33, 27, 3, 26, 0]"
mobility,"['M', 'OW', 'B', 'IH', 'L', 'AH', 'T', 'IY']","['mo', 'bil', 'ity']","['mob', 'ility']",0.375,1.12e-05,"[26, 12, 16, 10, 25, 3, 33, 11]"
indicate,"['IH', 'N', 'D', 'AH', 'K', 'EY', 'T']","['in', 'dic', 'ate']","['ind', 'icate']",0.375,2.24e-05,"[10, 27, 18, 3, 24, 9, 33, 0]"
anderson,"['AE', 'N', 'D', 'ER', 'S', 'AH', 'N']","['an', 'der', 'son']","['and', 'erson']",0.375,2.29e-05,"[2, 27, 18, 8, 31, 3, 27, 0]"
medicare,"['M', 'EH', 'D', 'AH', 'K', 'EH', 'R']","['medi', 'care']","['med', 'ic', 'are']",0.375,8.71e-06,"[26, 7, 18, 3, 24, 7, 30, 0]"
innocent,"['IH', 'N', 'AH', 'S', 'AH', 'N', 'T']","['in', 'no', 'cent']","['inn', 'ocent']",0.375,2.82e-05,"[10, 27, 3, 31, 3, 27, 33, 0]"
sullivan,"['S', 'AH', 'L', 'AH', 'V', 'AH', 'N']","['sul', 'li', 'van']","['s', 'ullivan']",0.375,8.51e-06,"[31, 3, 25, 3, 35, 3, 27, 0]"
tomatoes,"['T', 'AH', 'M', 'EY', 'T', 'OW', 'Z']","['to', 'ma', 'toes']","['tom', 'atoes']",0.375,7.94e-06,"[33, 3, 26, 9, 33, 12, 38, 0]"
develops,"['D', 'IH', 'V', 'EH', 'L', 'AH', 'P', 'S']","['de', 'vel', 'ops']","['develop', 's']",0.375,7.76e-06,"[18, 10, 35, 7, 25, 3, 29, 31]"
adjacent,"['AH', 'JH', 'EY', 'S', 'AH', 'N', 'T']","['ad', 'ja', 'cent']","['adj', 'acent']",0.375,1.32e-05,"[3, 23, 9, 31, 3, 27, 33, 0]"
surgical,"['S', 'ER', 'JH', 'IH', 'K', 'AH', 'L']","['sur', 'gic', 'al']","['s', 'urgical']",0.375,1.12e-05,"[31, 8, 23, 10, 24, 3, 25, 0]"
survival,"['S', 'ER', 'V', 'AY', 'V', 'AH', 'L']","['sur', 'viv', 'al']","['surv', 'ival']",0.375,2.34e-05,"[31, 8, 35, 6, 35, 3, 25, 0]"
harrison,"['HH', 'EH', 'R', 'IH', 'S', 'AH', 'N']","['har', 'ris', 'on']","['h', 'arrison']",0.375,1.2e-05,"[22, 7, 30, 10, 31, 3, 27, 0]"
relative,"['R', 'EH', 'L', 'AH', 'T', 'IH', 'V']","['re', 'l', 'at', 'ive']",['relative'],0.375,3.02e-05,"[30, 7, 25, 3, 33, 10, 35, 0]"
victoria,"['V', 'IH', 'K', 'T', 'AO', 'R', 'IY', 'AH']","['vic', 'tor', 'ia']","['vict', 'oria']",0.375,2.75e-05,"[35, 10, 24, 33, 4, 30, 11, 3]"
apparent,"['AH', 'P', 'EH', 'R', 'AH', 'N', 'T']","['ap', 'par', 'ent']","['app', 'arent']",0.375,2.09e-05,"[3, 29, 7, 30, 3, 27, 33, 0]"
reducing,"['R', 'AH', 'D', 'UW', 'S', 'IH', 'NG']","['re', 'du', 'cing']","['red', 'ucing']",0.375,2.29e-05,"[30, 3, 18, 15, 31, 10, 28, 0]"
reliance,"['R', 'IH', 'L', 'AY', 'AH', 'N', 'S']","['re', 'li', 'ance']","['rel', 'iance']",0.375,6.46e-06,"[30, 10, 25, 6, 3, 27, 31, 0]"
resulted,"['R', 'IH', 'Z', 'AH', 'L', 'T', 'IH', 'D']","['res', 'ul', 'ted']","['result', 'ed']",0.375,2.34e-05,"[30, 10, 38, 3, 25, 33, 10, 18]"
encoding,"['EH', 'N', 'K', 'OW', 'D', 'IH', 'NG']","['en', 'cod', 'ing']","['enc', 'oding']",0.375,2.4e-06,"[7, 27, 24, 12, 18, 10, 28, 0]"
symantec,"['S', 'IH', 'M', 'AE', 'N', 'T', 'EH', 'K']","['sy', 'mantec']","['sym', 'ant', 'ec']",0.375,4.37e-07,"[31, 10, 26, 2, 27, 33, 7, 24]"
academic,"['AE', 'K', 'AH', 'D', 'EH', 'M', 'IH', 'K']","['aca', 'dem', 'ic']","['ac', 'ademic']",0.375,3.72e-05,"[2, 24, 3, 18, 7, 26, 10, 24]"
intended,"['IH', 'N', 'T', 'EH', 'N', 'D', 'AH', 'D']","['in', 'ten', 'ded']","['int', 'ended']",0.375,5.01e-05,"[10, 27, 33, 7, 27, 18, 3, 18]"
diseases,"['D', 'IH', 'Z', 'IY', 'Z', 'AH', 'Z']","['dis', 'eases']","['d', 'ise', 'ases']",0.375,2.29e-05,"[18, 10, 38, 11, 38, 3, 38, 0]"
humidity,"['HH', 'Y', 'UW', 'M', 'IH', 'D', 'AH', 'T', 'IY']","['hu', 'mid', 'ity']","['hum', 'idity']",0.375,6.76e-06,"[22, 37, 15, 26, 10, 18, 3, 33]"
maldives,"['M', 'AO', 'L', 'D', 'AY', 'V', 'Z']","['mal', 'dives']","['m', 'ald', 'ives']",0.375,2.24e-06,"[26, 4, 25, 18, 6, 35, 38, 0]"
entering,"['EH', 'N', 'T', 'ER', 'IH', 'NG']","['en', 'ter', 'ing']","['ent', 'ering']",0.375,2.63e-05,"[7, 27, 33, 8, 10, 28, 0, 0]"
supplier,"['S', 'AH', 'P', 'L', 'AY', 'ER']","['sup', 'pli', 'er']","['supp', 'lier']",0.375,6.92e-06,"[31, 3, 29, 25, 6, 8, 0, 0]"
bargains,"['B', 'AA', 'R', 'G', 'AH', 'N', 'Z']","['bar', 'gains']","['b', 'arg', 'ains']",0.375,1.95e-06,"[16, 1, 30, 21, 3, 27, 38, 0]"
motorola,"['M', 'OW', 'T', 'ER', 'OW', 'L', 'AH']","['mo', 'torola']","['m', 'otor', 'ola']",0.375,2.34e-06,"[26, 12, 33, 8, 12, 25, 3, 0]"
infected,"['IH', 'N', 'F', 'EH', 'K', 'T', 'AH', 'D']","['in', 'fec', 'ted']","['infect', 'ed']",0.375,1.35e-05,"[10, 27, 20, 7, 24, 33, 3, 18]"
memorial,"['M', 'AH', 'M', 'AO', 'R', 'IY', 'AH', 'L']","['me', 'mori', 'al']","['mem', 'orial']",0.375,2.57e-05,"[26, 3, 26, 4, 30, 11, 3, 25]"
weddings,"['W', 'EH', 'D', 'IH', 'NG', 'Z']","['wed', 'dings']","['w', 'edd', 'ings']",0.375,5.75e-06,"[36, 7, 18, 10, 28, 38, 0, 0]"
accepted,"['AE', 'K', 'S', 'EH', 'P', 'T', 'IH', 'D']","['ac', 'cep', 'ted']","['accept', 'ed']",0.375,4.68e-05,"[2, 24, 31, 7, 29, 33, 10, 18]"
tanzania,"['T', 'AE', 'N', 'Z', 'EY', 'N', 'IY', 'AH']","['tan', 'zania']","['t', 'anz', 'ania']",0.375,3.72e-06,"[33, 2, 27, 38, 9, 27, 11, 3]"
phillips,"['F', 'IH', 'L', 'IH', 'P', 'S']","['phil', 'lips']","['ph', 'ill', 'ips']",0.375,1.07e-05,"[20, 10, 25, 10, 29, 31, 0, 0]"
canadian,"['K', 'AH', 'N', 'EY', 'D', 'IY', 'AH', 'N']","['ca', 'na', 'dian']","['can', 'adian']",0.375,5.01e-05,"[24, 3, 27, 9, 18, 11, 3, 27]"
explicit,"['IH', 'K', 'S', 'P', 'L', 'IH', 'S', 'AH', 'T']","['ex', 'pli', 'cit']","['expl', 'icit']",0.375,9.12e-06,"[10, 24, 31, 29, 25, 10, 31, 3]"
columbus,"['K', 'AH', 'L', 'AH', 'M', 'B', 'AH', 'S']","['colum', 'bus']","['col', 'umb', 'us']",0.375,1.1e-05,"[24, 3, 25, 3, 26, 16, 3, 31]"
material,"['M', 'AH', 'T', 'IH', 'R', 'IY', 'AH', 'L']","['ma', 'ter', 'i', 'al']",['material'],0.375,8.91e-05,"[26, 3, 33, 10, 30, 11, 3, 25]"
sympathy,"['S', 'IH', 'M', 'P', 'AH', 'TH', 'IY']","['sym', 'pathy']","['sy', 'mp', 'athy']",0.375,1.02e-05,"[31, 10, 26, 29, 3, 34, 11, 0]"
domestic,"['D', 'AH', 'M', 'EH', 'S', 'T', 'IH', 'K']","['do', 'mest', 'ic']","['dom', 'estic']",0.375,4.9e-05,"[18, 3, 26, 7, 31, 33, 10, 24]"
extended,"['IH', 'K', 'S', 'T', 'EH', 'N', 'D', 'AH', 'D']","['ex', 'ten', 'ded']","['ext', 'ended']",0.375,4.37e-05,"[10, 24, 31, 33, 7, 27, 18, 3]"
exciting,"['IH', 'K', 'S', 'AY', 'T', 'IH', 'NG']","['ex', 'cit', 'ing']","['exc', 'iting']",0.375,3.47e-05,"[10, 24, 31, 6, 33, 10, 28, 0]"
attitude,"['AE', 'T', 'AH', 'T', 'UW', 'D']","['at', 'ti', 'tude']","['att', 'itude']",0.375,3.8e-05,"[2, 33, 3, 33, 15, 18, 0, 0]"
invasion,"['IH', 'N', 'V', 'EY', 'ZH', 'AH', 'N']","['in', 'va', 'sion']","['inv', 'asion']",0.375,1.7e-05,"[10, 27, 35, 9, 39, 3, 27, 0]"
festival,"['F', 'EH', 'S', 'T', 'AH', 'V', 'AH', 'L']","['fest', 'iv', 'al']","['f', 'estival']",0.375,5.25e-05,"[20, 7, 31, 33, 3, 35, 3, 25]"
malaysia,"['M', 'AH', 'L', 'EY', 'ZH', 'AH']","['malay', 'sia']","['mal', 'ays', 'ia']",0.375,1.91e-05,"[26, 3, 25, 9, 39, 3, 0, 0]"
adelaide,"['AE', 'D', 'AH', 'L', 'EY', 'D']","['ad', 'elaide']","['adel', 'a', 'ide']",0.375,9.77e-06,"[2, 18, 3, 25, 9, 18, 0, 0]"
reminder,"['R', 'IY', 'M', 'AY', 'N', 'D', 'ER']","['re', 'mind', 'er']","['rem', 'inder']",0.375,1.32e-05,"[30, 11, 26, 6, 27, 18, 8, 0]"
occasion,"['AH', 'K', 'EY', 'ZH', 'AH', 'N']","['oc', 'ca', 'sion']","['occ', 'asion']",0.375,2.4e-05,"[3, 24, 9, 39, 3, 27, 0, 0]"
numerous,"['N', 'UW', 'M', 'ER', 'AH', 'S']","['nu', 'mer', 'ous']","['n', 'umerous']",0.375,4.47e-05,"[27, 15, 26, 8, 3, 31, 0, 0]"
attorney,"['AH', 'T', 'ER', 'N', 'IY']","['at', 'tor', 'ney']","['att', 'orney']",0.375,4.9e-05,"[3, 33, 8, 27, 11, 0, 0, 0]"
warranty,"['W', 'AO', 'R', 'AH', 'N', 'T', 'IY']","['war', 'ranty']","['w', 'arr', 'anty']",0.375,5.37e-06,"[36, 4, 30, 3, 27, 33, 11, 0]"
bachelor,"['B', 'AE', 'CH', 'AH', 'L', 'ER']","['bach', 'el', 'or']","['b', 'achelor']",0.375,9.33e-06,"[16, 2, 17, 3, 25, 8, 0, 0]"
mattress,"['M', 'AE', 'T', 'R', 'AH', 'S']","['mat', 'tress']","['m', 'att', 'ress']",0.375,4.68e-06,"[26, 2, 33, 30, 3, 31, 0, 0]"
medicaid,"['M', 'EH', 'D', 'AH', 'K', 'EY', 'D']","['medi', 'caid']","['med', 'ic', 'aid']",0.375,5.5e-06,"[26, 7, 18, 3, 24, 9, 18, 0]"
paradise,"['P', 'EH', 'R', 'AH', 'D', 'AY', 'S']","['para', 'dise']","['par', 'ad', 'ise']",0.375,1.45e-05,"[29, 7, 30, 3, 18, 6, 31, 0]"
annually,"['AE', 'N', 'Y', 'UW', 'AH', 'L', 'IY']","['an', 'nu', 'ally']","['ann', 'ually']",0.375,1.45e-05,"[2, 27, 37, 15, 3, 25, 11, 0]"
delivers,"['D', 'IH', 'L', 'IH', 'V', 'ER', 'Z']","['de', 'liv', 'ers']","['del', 'ivers']",0.375,7.24e-06,"[18, 10, 25, 10, 35, 8, 38, 0]"
estimate,"['EH', 'S', 'T', 'AH', 'M', 'AH', 'T']","['es', 'tim', 'ate']","['est', 'imate']",0.375,1.95e-05,"[7, 31, 33, 3, 26, 3, 33, 0]"
detected,"['D', 'IH', 'T', 'EH', 'K', 'T', 'AH', 'D']","['de', 'tec', 'ted']","['det', 'ected']",0.375,1.15e-05,"[18, 10, 33, 7, 24, 33, 3, 18]"
position,"['P', 'AH', 'Z', 'IH', 'SH', 'AH', 'N']","['po', 's', 'i', 'tion']",['position'],0.375,0.000162,"[29, 3, 38, 10, 32, 3, 27, 0]"
cassette,"['K', 'AH', 'S', 'EH', 'T']","['cas', 'sette']","['c', 'ass', 'ette']",0.375,2.51e-06,"[24, 3, 31, 7, 33, 0, 0, 0]"
frontier,"['F', 'R', 'AH', 'N', 'T', 'IH', 'R']","['fron', 'ti', 'er']","['front', 'ier']",0.375,9.33e-06,"[20, 30, 3, 27, 33, 10, 30, 0]"
patricia,"['P', 'AH', 'T', 'R', 'IH', 'SH', 'AH']","['pa', 'tri', 'cia']","['pat', 'ricia']",0.375,5.75e-06,"[29, 3, 33, 30, 10, 32, 3, 0]"
cadillac,"['K', 'AE', 'D', 'AH', 'L', 'AE', 'K']","['ca', 'dillac']","['c', 'ad', 'illac']",0.375,3.02e-06,"[24, 2, 18, 3, 25, 2, 24, 0]"
machines,"['M', 'AH', 'SH', 'IY', 'N', 'Z']","['ma', 'chines']","['m', 'ach', 'ines']",0.375,2.88e-05,"[26, 3, 32, 11, 27, 38, 0, 0]"
tutorial,"['T', 'UW', 'T', 'AO', 'R', 'IY', 'AH', 'L']","['tu', 'tori', 'al']","['t', 'utorial']",0.375,6.31e-06,"[33, 15, 33, 4, 30, 11, 3, 25]"
hawaiian,"['HH', 'AH', 'W', 'AY', 'AH', 'N']","['hawaii', 'an']","['haw', 'ai', 'ian']",0.375,4.79e-06,"[22, 3, 36, 6, 3, 27, 0, 0]"
medicine,"['M', 'EH', 'D', 'AH', 'S', 'AH', 'N']","['medi', 'cine']","['med', 'ic', 'ine']",0.375,5.37e-05,"[26, 7, 18, 3, 31, 3, 27, 0]"
jennifer,"['JH', 'EH', 'N', 'AH', 'F', 'ER']","['jen', 'nifer']","['j', 'enn', 'ifer']",0.375,1.55e-05,"[23, 7, 27, 3, 20, 8, 0, 0]"
colombia,"['K', 'AH', 'L', 'AH', 'M', 'B', 'IY', 'AH']","['colom', 'bia']","['col', 'omb', 'ia']",0.375,8.91e-06,"[24, 3, 25, 3, 26, 16, 11, 3]"
momentum,"['M', 'OW', 'M', 'EH', 'N', 'T', 'AH', 'M']","['mo', 'mentum']","['mom', 'ent', 'um']",0.375,1.17e-05,"[26, 12, 26, 7, 27, 33, 3, 26]"
delivery,"['D', 'IH', 'L', 'IH', 'V', 'ER', 'IY']","['de', 'liv', 'ery']","['del', 'ivery']",0.375,3.89e-05,"[18, 10, 25, 10, 35, 8, 11, 0]"
cambodia,"['K', 'AE', 'M', 'B', 'OW', 'D', 'IY', 'AH']","['cam', 'bod', 'ia']","['c', 'amb', 'od', 'ia']",0.375,5.13e-06,"[24, 2, 26, 16, 12, 18, 11, 3]"
doctrine,"['D', 'AA', 'K', 'T', 'R', 'AH', 'N']","['doc', 'trine']","['do', 'ct', 'rine']",0.375,9.55e-06,"[18, 1, 24, 33, 30, 3, 27, 0]"
kentucky,"['K', 'AH', 'N', 'T', 'AH', 'K', 'IY']","['ken', 'tucky']","['k', 'ent', 'ucky']",0.375,2e-05,"[24, 3, 27, 33, 3, 24, 11, 0]"
entirely,"['IH', 'N', 'T', 'AY', 'ER', 'L', 'IY']","['en', 'tirely']","['ent', 'ire', 'ly']",0.375,5.25e-05,"[10, 27, 33, 6, 8, 25, 11, 0]"
offering,"['AO', 'F', 'ER', 'IH', 'NG']","['of', 'fer', 'ing']","['off', 'ering']",0.375,3.98e-05,"[4, 20, 8, 10, 28, 0, 0, 0]"
approval,"['AH', 'P', 'R', 'UW', 'V', 'AH', 'L']","['ap', 'prov', 'al']","['appro', 'val']",0.375,3.16e-05,"[3, 29, 30, 15, 35, 3, 25, 0]"
notified,"['N', 'OW', 'T', 'AH', 'F', 'AY', 'D']","['no', 'ti', 'fied']","['not', 'ified']",0.375,6.76e-06,"[27, 12, 33, 3, 20, 6, 18, 0]"
incident,"['IH', 'N', 'S', 'AH', 'D', 'AH', 'N', 'T']","['in', 'cid', 'ent']","['inc', 'ident']",0.375,3.47e-05,"[10, 27, 31, 3, 18, 3, 27, 33]"
decrease,"['D', 'IH', 'K', 'R', 'IY', 'S']","['de', 'crease']","['dec', 're', 'ase']",0.375,1.48e-05,"[18, 10, 24, 30, 11, 31, 0, 0]"
musician,"['M', 'Y', 'UW', 'Z', 'IH', 'SH', 'AH', 'N']","['mu', 'si', 'cian']","['mus', 'ician']",0.375,1.02e-05,"[26, 37, 15, 38, 10, 32, 3, 27]"
cellular,"['S', 'EH', 'L', 'Y', 'AH', 'L', 'ER']","['cel', 'lu', 'lar']","['cell', 'ular']",0.375,7.76e-06,"[31, 7, 25, 37, 3, 25, 8, 0]"
reliable,"['R', 'IH', 'L', 'AY', 'AH', 'B', 'AH', 'L']","['re', 'li', 'able']","['rel', 'iable']",0.375,1.95e-05,"[30, 10, 25, 6, 3, 16, 3, 25]"
aluminum,"['AH', 'L', 'UW', 'M', 'AH', 'N', 'AH', 'M']","['alu', 'min', 'um']","['al', 'uminum']",0.375,1.02e-05,"[3, 25, 15, 26, 3, 27, 3, 26]"
biblical,"['B', 'IH', 'B', 'L', 'AH', 'K', 'AH', 'L']","['bib', 'lic', 'al']","['b', 'iblical']",0.375,8.32e-06,"[16, 10, 16, 25, 3, 24, 3, 25]"
nitrogen,"['N', 'AY', 'T', 'R', 'AH', 'JH', 'AH', 'N']","['ni', 'tro', 'gen']","['nit', 'rogen']",0.375,5.75e-06,"[27, 6, 33, 30, 3, 23, 3, 27]"
becoming,"['B', 'IH', 'K', 'AH', 'M', 'IH', 'NG']","['be', 'com', 'ing']","['bec', 'oming']",0.375,6.46e-05,"[16, 10, 24, 3, 26, 10, 28, 0]"
recorder,"['R', 'IH', 'K', 'AO', 'R', 'D', 'ER']","['re', 'cord', 'er']","['rec', 'order']",0.375,5.13e-06,"[30, 10, 24, 4, 30, 18, 8, 0]"
seminars,"['S', 'EH', 'M', 'AH', 'N', 'AA', 'R', 'Z']","['sem', 'inars']","['se', 'min', 'ars']",0.375,3.16e-06,"[31, 7, 26, 3, 27, 1, 30, 38]"
genetics,"['JH', 'AH', 'N', 'EH', 'T', 'IH', 'K', 'S']","['ge', 'net', 'ics']","['gen', 'etics']",0.375,6.92e-06,"[23, 3, 27, 7, 33, 10, 24, 31]"
attended,"['AH', 'T', 'EH', 'N', 'D', 'AH', 'D']","['at', 'ten', 'ded']","['att', 'ended']",0.375,2.95e-05,"[3, 33, 7, 27, 18, 3, 18, 0]"
behavior,"['B', 'IH', 'HH', 'EY', 'V', 'Y', 'ER']","['be', 'ha', 'vi', 'or']",['behavior'],0.375,4.9e-05,"[16, 10, 22, 9, 35, 37, 8, 0]"
criteria,"['K', 'R', 'AY', 'T', 'IH', 'R', 'IY', 'AH']","['cri', 'ter', 'ia']","['crit', 'eria']",0.375,1.62e-05,"[24, 30, 6, 33, 10, 30, 11, 3]"
tomorrow,"['T', 'AH', 'M', 'AA', 'R', 'OW']","['to', 'mor', 'row']","['tom', 'orrow']",0.375,0.000105,"[33, 3, 26, 1, 30, 12, 0, 0]"
moisture,"['M', 'OY', 'S', 'CH', 'ER']","['mois', 'ture']","['mo', 'ist', 'ure']",0.375,7.94e-06,"[26, 13, 31, 17, 8, 0, 0, 0]"
interior,"['IH', 'N', 'T', 'IH', 'R', 'IY', 'ER']","['in', 'teri', 'or']","['inter', 'ior']",0.375,3.55e-05,"[10, 27, 33, 10, 30, 11, 8, 0]"
hydrogen,"['HH', 'AY', 'D', 'R', 'AH', 'JH', 'AH', 'N']","['hy', 'dro', 'gen']","['hyd', 'rogen']",0.375,9.55e-06,"[22, 6, 18, 30, 3, 23, 3, 27]"
advocate,"['AE', 'D', 'V', 'AH', 'K', 'AH', 'T']","['ad', 'voc', 'ate']","['adv', 'ocate']",0.375,1.62e-05,"[2, 18, 35, 3, 24, 3, 33, 0]"
marshall,"['M', 'AA', 'R', 'SH', 'AH', 'L']","['mar', 'shall']","['m', 'arsh', 'all']",0.375,1.74e-05,"[26, 1, 30, 32, 3, 25, 0, 0]"
pursuant,"['P', 'ER', 'S', 'UW', 'AH', 'N', 'T']","['pur', 'su', 'ant']","['p', 'urs', 'u', 'ant']",0.375,3.63e-06,"[29, 8, 31, 15, 3, 27, 33, 0]"
velocity,"['V', 'AH', 'L', 'AA', 'S', 'AH', 'T', 'IY']","['ve', 'lo', 'city']","['vel', 'ocity']",0.375,8.32e-06,"[35, 3, 25, 1, 31, 3, 33, 11]"
infinite,"['IH', 'N', 'F', 'AH', 'N', 'AH', 'T']","['in', 'fin', 'ite']","['inf', 'inite']",0.375,1.45e-05,"[10, 27, 20, 3, 27, 3, 33, 0]"
egyptian,"['IH', 'JH', 'IH', 'P', 'SH', 'AH', 'N']","['egyp', 'tian']","['e', 'gypt', 'ian']",0.375,1.62e-05,"[10, 23, 10, 29, 32, 3, 27, 0]"
vertical,"['V', 'ER', 'T', 'IH', 'K', 'AH', 'L']","['ver', 'tic', 'al']","['vert', 'ical']",0.375,1.41e-05,"[35, 8, 33, 10, 24, 3, 25, 0]"
sapphire,"['S', 'AE', 'F', 'AY', 'ER']","['sap', 'phire']","['s', 'app', 'hire']",0.375,2.75e-06,"[31, 2, 20, 6, 8, 0, 0, 0]"
intimate,"['IH', 'N', 'T', 'AH', 'M', 'AH', 'T']","['in', 'tim', 'ate']","['int', 'imate']",0.375,1.15e-05,"[10, 27, 33, 3, 26, 3, 33, 0]"
flashers,"['F', 'L', 'AE', 'SH', 'ER', 'Z']","['flash', 'ers']","['fl', 'as', 'hers']",0.375,9.77e-08,"[20, 25, 2, 32, 8, 38, 0, 0]"
roommate,"['R', 'UW', 'M', 'EY', 'T']","['room', 'mate']","['ro', 'omm', 'ate']",0.375,6.46e-06,"[30, 15, 26, 9, 33, 0, 0, 0]"
benefits,"['B', 'EH', 'N', 'AH', 'F', 'IH', 'T', 'S']","['be', 'ne', 'fits']","['benef', 'its']",0.375,6.92e-05,"[16, 7, 27, 3, 20, 10, 33, 31]"
brunette,"['B', 'R', 'UW', 'N', 'EH', 'T']","['bru', 'nette']","['br', 'un', 'ette']",0.375,2.51e-06,"[16, 30, 15, 27, 7, 33, 0, 0]"
applying,"['AH', 'P', 'L', 'AY', 'IH', 'NG']","['ap', 'ply', 'ing']","['app', 'lying']",0.375,1.74e-05,"[3, 29, 25, 6, 10, 28, 0, 0]"
somewhat,"['S', 'AH', 'M', 'W', 'AH', 'T']","['some', 'what']","['s', 'omew', 'hat']",0.375,3.55e-05,"[31, 3, 26, 36, 3, 33, 0, 0]"
thailand,"['T', 'AY', 'L', 'AE', 'N', 'D']","['thai', 'l', 'and']","['th', 'ailand']",0.375,1.66e-05,"[33, 6, 25, 2, 27, 18, 0, 0]"
ensuring,"['EH', 'N', 'SH', 'UH', 'R', 'IH', 'NG']","['en', 'sur', 'ing']","['ens', 'uring']",0.375,1e-05,"[7, 27, 32, 14, 30, 10, 28, 0]"
diamonds,"['D', 'AY', 'M', 'AH', 'N', 'D', 'Z']","['dia', 'monds']","['d', 'iamond', 's']",0.375,1.05e-05,"[18, 6, 26, 3, 27, 18, 38, 0]"
allowing,"['AH', 'L', 'AW', 'IH', 'NG']","['al', 'low', 'ing']","['all', 'owing']",0.375,4.17e-05,"[3, 25, 5, 10, 28, 0, 0, 0]"
opposite,"['AA', 'P', 'AH', 'Z', 'AH', 'T']","['op', 'pos', 'ite']","['opp', 'osite']",0.375,4.17e-05,"[1, 29, 3, 38, 3, 33, 0, 0]"
addition,"['AH', 'D', 'IH', 'SH', 'AH', 'N']","['ad', 'di', 'tion']","['add', 'ition']",0.375,0.000102,"[3, 18, 10, 32, 3, 27, 0, 0]"
scottish,"['S', 'K', 'AA', 'T', 'IH', 'SH']","['scot', 'tish']","['sc', 'ott', 'ish']",0.375,3.98e-05,"[31, 24, 1, 33, 10, 32, 0, 0]"
thriller,"['TH', 'R', 'IH', 'L', 'ER']","['thrill', 'er']","['th', 'r', 'iller']",0.375,8.13e-06,"[34, 30, 10, 25, 8, 0, 0, 0]"
entities,"['EH', 'N', 'T', 'IH', 'T', 'IY', 'Z']","['en', 'tit', 'ies']","['ent', 'ities']",0.375,9.33e-06,"[7, 27, 33, 10, 33, 11, 38, 0]"
gorgeous,"['G', 'AO', 'R', 'JH', 'AH', 'S']","['gor', 'geous']","['g', 'orge', 'ous']",0.375,2.24e-05,"[21, 4, 30, 23, 3, 31, 0, 0]"
shanghai,"['SH', 'AE', 'NG', 'HH', 'AY']","['shang', 'hai']","['sh', 'an', 'ghai']",0.375,1.1e-05,"[32, 2, 28, 22, 6, 0, 0, 0]"
facility,"['F', 'AH', 'S', 'IH', 'L', 'IH', 'T', 'IY']","['fa', 'cil', 'ity']","['fac', 'ility']",0.375,3.98e-05,"[20, 3, 31, 10, 25, 10, 33, 11]"
petition,"['P', 'AH', 'T', 'IH', 'SH', 'AH', 'N']","['pe', 'ti', 'tion']","['pet', 'ition']",0.375,2e-05,"[29, 3, 33, 10, 32, 3, 27, 0]"
diameter,"['D', 'AY', 'AE', 'M', 'AH', 'T', 'ER']","['dia', 'met', 'er']","['d', 'iameter']",0.375,1.2e-05,"[18, 6, 2, 26, 3, 33, 8, 0]"
coverage,"['K', 'AH', 'V', 'ER', 'AH', 'JH']","['cov', 'er', 'age']","['co', 'verage']",0.375,4.27e-05,"[24, 3, 35, 8, 3, 23, 0, 0]"
detector,"['D', 'IH', 'T', 'EH', 'K', 'T', 'ER']","['de', 'tect', 'or']","['det', 'ector']",0.375,5.13e-06,"[18, 10, 33, 7, 24, 33, 8, 0]"
indirect,"['IH', 'N', 'D', 'ER', 'EH', 'K', 'T']","['in', 'dir', 'ect']","['ind', 'irect']",0.375,1e-05,"[10, 27, 18, 8, 7, 24, 33, 0]"
relating,"['R', 'IH', 'L', 'EY', 'T', 'IH', 'NG']","['re', 'lat', 'ing']","['rel', 'ating']",0.375,1.62e-05,"[30, 10, 25, 9, 33, 10, 28, 0]"
alliance,"['AH', 'L', 'AY', 'AH', 'N', 'S']","['al', 'li', 'ance']","['all', 'iance']",0.375,2.51e-05,"[3, 25, 6, 3, 27, 31, 0, 0]"
savannah,"['S', 'AH', 'V', 'AE', 'N', 'AH']","['sa', 'van', 'nah']","['sav', 'annah']",0.375,4.17e-06,"[31, 3, 35, 2, 27, 3, 0, 0]"
catalogs,"['K', 'AE', 'T', 'AH', 'L', 'AA', 'G', 'Z']","['cata', 'logs']","['cat', 'alog', 's']",0.375,1.2e-06,"[24, 2, 33, 3, 25, 1, 21, 38]"
somerset,"['S', 'AH', 'M', 'ER', 'S', 'EH', 'T']","['somer', 'set']","['s', 'omers', 'et']",0.375,6.03e-06,"[31, 3, 26, 8, 31, 7, 33, 0]"
accuracy,"['AE', 'K', 'Y', 'ER', 'AH', 'S', 'IY']","['ac', 'cur', 'acy']","['acc', 'uracy']",0.375,1.74e-05,"[2, 24, 37, 8, 3, 31, 11, 0]"
pharmacy,"['F', 'AA', 'R', 'M', 'AH', 'S', 'IY']","['phar', 'macy']","['ph', 'arm', 'acy']",0.375,7.41e-06,"[20, 1, 30, 26, 3, 31, 11, 0]"
operator,"['AA', 'P', 'ER', 'EY', 'T', 'ER']","['op', 'er', 'at', 'or']",['operator'],0.375,2.09e-05,"[1, 29, 8, 9, 33, 8, 0, 0]"
opponent,"['AH', 'P', 'OW', 'N', 'AH', 'N', 'T']","['op', 'pon', 'ent']","['opp', 'onent']",0.375,1.58e-05,"[3, 29, 12, 27, 3, 27, 33, 0]"
mongolia,"['M', 'AA', 'NG', 'G', 'OW', 'L', 'IY', 'AH']","['mon', 'go', 'lia']","['mong', 'olia']",0.375,2.19e-06,"[26, 1, 28, 21, 12, 25, 11, 3]"
focusing,"['F', 'OW', 'K', 'AH', 'S', 'IH', 'NG']","['fo', 'cus', 'ing']","['f', 'ocusing']",0.375,1.78e-05,"[20, 12, 24, 3, 31, 10, 28, 0]"
engineer,"['EH', 'N', 'JH', 'AH', 'N', 'IH', 'R']","['en', 'gin', 'eer']","['engine', 'er']",0.375,3.16e-05,"[7, 27, 23, 3, 27, 10, 30, 0]"
arrangement,"['ER', 'EY', 'N', 'JH', 'M', 'AH', 'N', 'T']","['ar', 'range', 'ment']","['arr', 'ang', 'ement']",0.36363636363636365,1.78e-05,"[8, 9, 27, 23, 26, 3, 27, 33]"
maintaining,"['M', 'EY', 'N', 'T', 'EY', 'N', 'IH', 'NG']","['main', 'tain', 'ing']","['m', 'aint', 'aining']",0.36363636363636365,1.78e-05,"[26, 9, 27, 33, 9, 27, 10, 28]"
reservation,"['R', 'EH', 'Z', 'ER', 'V', 'EY', 'SH', 'AH', 'N']","['re', 'ser', 'va', 'tion']","['res', 'ervation']",0.36363636363636365,8.91e-06,"[30, 7, 38, 8, 35, 9, 32, 3]"
circulation,"['S', 'ER', 'K', 'Y', 'AH', 'L', 'EY', 'SH', 'AH', 'N']","['cir', 'cu', 'la', 'tion']","['circ', 'ulation']",0.36363636363636365,9.12e-06,"[31, 8, 24, 37, 3, 25, 9, 32]"
necessarily,"['N', 'EH', 'S', 'AH', 'S', 'EH', 'R', 'AH', 'L', 'IY']","['ne', 'ces', 'sar', 'ily']","['necess', 'arily']",0.36363636363636365,3.02e-05,"[27, 7, 31, 3, 31, 7, 30, 3]"
coordinator,"['K', 'OW', 'AO', 'R', 'D', 'AH', 'N', 'EY', 'T', 'ER']","['co', 'ordin', 'at', 'or']","['coord', 'inator']",0.36363636363636365,8.13e-06,"[24, 12, 4, 30, 18, 3, 27, 9]"
affiliation,"['AH', 'F', 'IH', 'L', 'IY', 'EY', 'SH', 'AH', 'N']","['af', 'fil', 'i', 'ation']","['aff', 'iliation']",0.36363636363636365,4.27e-06,"[3, 20, 10, 25, 11, 9, 32, 3]"
mississippi,"['M', 'IH', 'S', 'IH', 'S', 'IH', 'P', 'IY']","['mis', 'sis', 'sippi']","['miss', 'iss', 'ippi']",0.36363636363636365,1.55e-05,"[26, 10, 31, 10, 31, 10, 29, 11]"
intelligent,"['IH', 'N', 'T', 'EH', 'L', 'AH', 'JH', 'AH', 'N', 'T']","['in', 'tel', 'li', 'gent']","['int', 'elligent']",0.36363636363636365,1.95e-05,"[10, 27, 33, 7, 25, 3, 23, 3]"
communicate,"['K', 'AH', 'M', 'Y', 'UW', 'N', 'AH', 'K', 'EY', 'T']","['com', 'mu', 'nic', 'ate']","['commun', 'icate']",0.36363636363636365,1.58e-05,"[24, 3, 26, 37, 15, 27, 3, 24]"
negotiation,"['N', 'IH', 'G', 'OW', 'SH', 'IY', 'EY', 'SH', 'AH', 'N']","['ne', 'go', 'ti', 'ation']","['neg', 'otiation']",0.36363636363636365,6.03e-06,"[27, 10, 21, 12, 32, 11, 9, 32]"
acquisition,"['AE', 'K', 'W', 'AH', 'Z', 'IH', 'SH', 'AH', 'N']","['ac', 'quis', 'i', 'tion']","['acqu', 'isition']",0.36363636363636365,1.82e-05,"[2, 24, 36, 3, 38, 10, 32, 3]"
residential,"['R', 'EH', 'Z', 'IH', 'D', 'EH', 'N', 'CH', 'AH', 'L']","['res', 'id', 'en', 'tial']","['resident', 'ial']",0.36363636363636365,2.14e-05,"[30, 7, 38, 10, 18, 7, 27, 17]"
recommended,"['R', 'EH', 'K', 'AH', 'M', 'EH', 'N', 'D', 'AH', 'D']","['re', 'com', 'men', 'ded']","['recomm', 'ended']",0.36363636363636365,3.16e-05,"[30, 7, 24, 3, 26, 7, 27, 18]"
scholarship,"['S', 'K', 'AA', 'L', 'ER', 'SH', 'IH', 'P']","['schol', 'ar', 'ship']","['sch', 'olars', 'hip']",0.36363636363636365,1.41e-05,"[31, 24, 1, 25, 8, 32, 10, 29]"
destination,"['D', 'EH', 'S', 'T', 'AH', 'N', 'EY', 'SH', 'AH', 'N']","['des', 'tin', 'a', 'tion']","['dest', 'ination']",0.36363636363636365,1.74e-05,"[18, 7, 31, 33, 3, 27, 9, 32]"
individuals,"['IH', 'N', 'D', 'AH', 'V', 'IH', 'JH', 'AH', 'W', 'AH', 'L', 'Z']","['in', 'di', 'vidu', 'als']","['individual', 's']",0.36363636363636365,6.46e-05,"[10, 27, 18, 3, 35, 10, 23, 3]"
frequencies,"['F', 'R', 'IY', 'K', 'W', 'AH', 'N', 'S', 'IY', 'Z']","['fre', 'quen', 'cies']","['f', 'requ', 'encies']",0.36363636363636365,5.5e-06,"[20, 30, 11, 24, 36, 3, 27, 31]"
philippines,"['F', 'IH', 'L', 'AH', 'P', 'IY', 'N', 'Z']","['phil', 'ip', 'pines']","['ph', 'ilipp', 'ines']",0.36363636363636365,1.95e-05,"[20, 10, 25, 3, 29, 11, 27, 38]"
spectacular,"['S', 'P', 'EH', 'K', 'T', 'AE', 'K', 'Y', 'AH', 'L', 'ER']","['spec', 'tac', 'u', 'lar']","['spect', 'acular']",0.36363636363636365,1.15e-05,"[31, 29, 7, 24, 33, 2, 24, 37]"
illustrated,"['IH', 'L', 'AH', 'S', 'T', 'R', 'EY', 'T', 'AH', 'D']","['il', 'lus', 'trated']","['ill', 'ust', 'rated']",0.36363636363636365,1.48e-05,"[10, 25, 3, 31, 33, 30, 9, 33]"
expenditure,"['IH', 'K', 'S', 'P', 'EH', 'N', 'D', 'AH', 'CH', 'ER']","['ex', 'pendit', 'ure']","['exp', 'end', 'iture']",0.36363636363636365,5.5e-06,"[10, 24, 31, 29, 7, 27, 18, 3]"
televisions,"['T', 'EH', 'L', 'AH', 'V', 'IH', 'ZH', 'AH', 'N', 'Z']","['tele', 'vi', 'sions']","['te', 'lev', 'isions']",0.36363636363636365,1.2e-06,"[33, 7, 25, 3, 35, 10, 39, 3]"
manufacture,"['M', 'AE', 'N', 'Y', 'AH', 'F', 'AE', 'K', 'CH', 'ER']","['man', 'u', 'fac', 'ture']","['manufact', 'ure']",0.36363636363636365,9.55e-06,"[26, 2, 27, 37, 3, 20, 2, 24]"
institution,"['IH', 'N', 'S', 'T', 'IH', 'T', 'UW', 'SH', 'AH', 'N']","['in', 'sti', 'tu', 'tion']","['inst', 'itution']",0.36363636363636365,2.57e-05,"[10, 27, 31, 33, 10, 33, 15, 32]"
promotional,"['P', 'R', 'AH', 'M', 'OW', 'SH', 'AH', 'N', 'AH', 'L']","['pro', 'mo', 'tion', 'al']","['prom', 'otional']",0.36363636363636365,7.41e-06,"[29, 30, 3, 26, 12, 32, 3, 27]"
challenging,"['CH', 'AE', 'L', 'AH', 'N', 'JH', 'IH', 'NG']","['chal', 'len', 'ging']","['chall', 'eng', 'ing']",0.36363636363636365,1.86e-05,"[17, 2, 25, 3, 27, 23, 10, 28]"
exceptional,"['IH', 'K', 'S', 'EH', 'P', 'SH', 'AH', 'N', 'AH', 'L']","['ex', 'cep', 'tion', 'al']","['except', 'ional']",0.36363636363636365,1.12e-05,"[10, 24, 31, 7, 29, 32, 3, 27]"
sensitivity,"['S', 'EH', 'N', 'S', 'IH', 'T', 'IH', 'V', 'IH', 'T', 'IY']","['sens', 'it', 'iv', 'ity']","['s', 'ensitivity']",0.36363636363636365,8.91e-06,"[31, 7, 27, 31, 10, 33, 10, 35]"
declaration,"['D', 'EH', 'K', 'L', 'ER', 'EY', 'SH', 'AH', 'N']","['de', 'clar', 'a', 'tion']","['decl', 'aration']",0.36363636363636365,1.26e-05,"[18, 7, 24, 25, 8, 9, 32, 3]"
exploration,"['EH', 'K', 'S', 'P', 'L', 'ER', 'EY', 'SH', 'AH', 'N']","['ex', 'plor', 'a', 'tion']","['expl', 'oration']",0.36363636363636365,1.55e-05,"[7, 24, 31, 29, 25, 8, 9, 32]"
compilation,"['K', 'AA', 'M', 'P', 'AH', 'L', 'EY', 'SH', 'AH', 'N']","['com', 'pil', 'a', 'tion']","['comp', 'ilation']",0.36363636363636365,7.08e-06,"[24, 1, 26, 29, 3, 25, 9, 32]"
association,"['AH', 'S', 'OW', 'S', 'IY', 'EY', 'SH', 'AH', 'N']","['as', 'so', 'ci', 'ation']","['ass', 'ociation']",0.36363636363636365,0.000102,"[3, 31, 12, 31, 11, 9, 32, 3]"
occupations,"['AA', 'K', 'Y', 'AH', 'P', 'EY', 'SH', 'AH', 'N', 'Z']","['oc', 'cu', 'pa', 'tions']","['occup', 'ations']",0.36363636363636365,2.75e-06,"[1, 24, 37, 3, 29, 9, 32, 3]"
equilibrium,"['IY', 'K', 'W', 'AH', 'L', 'IH', 'B', 'R', 'IY', 'AH', 'M']","['equi', 'lib', 'ri', 'um']","['equ', 'ilibrium']",0.36363636363636365,3.98e-06,"[11, 24, 36, 3, 25, 10, 16, 30]"
nutritional,"['N', 'UW', 'T', 'R', 'IH', 'SH', 'AH', 'N', 'AH', 'L']","['nu', 'tri', 'tion', 'al']","['nut', 'ritional']",0.36363636363636365,4.37e-06,"[27, 15, 33, 30, 10, 32, 3, 27]"
educational,"['EH', 'JH', 'AH', 'K', 'EY', 'SH', 'AH', 'N', 'AH', 'L']","['edu', 'ca', 'tion', 'al']","['educ', 'ational']",0.36363636363636365,3.98e-05,"[7, 23, 3, 24, 9, 32, 3, 27]"
possibility,"['P', 'AA', 'S', 'AH', 'B', 'IH', 'L', 'AH', 'T', 'IY']","['pos', 'sib', 'il', 'ity']","['p', 'ossibility']",0.36363636363636365,3.8e-05,"[29, 1, 31, 3, 16, 10, 25, 3]"
imagination,"['IH', 'M', 'AE', 'JH', 'AH', 'N', 'EY', 'SH', 'AH', 'N']","['ima', 'gin', 'a', 'tion']","['imag', 'ination']",0.36363636363636365,1.66e-05,"[10, 26, 2, 23, 3, 27, 9, 32]"
refurbished,"['R', 'IY', 'F', 'ER', 'B', 'IH', 'SH', 'T']","['re', 'fur', 'bished']","['ref', 'urb', 'ished']",0.36363636363636365,2.45e-06,"[30, 11, 20, 8, 16, 10, 32, 33]"
fundamental,"['F', 'AH', 'N', 'D', 'AH', 'M', 'EH', 'N', 'T', 'AH', 'L']","['fun', 'da', 'ment', 'al']","['fund', 'amental']",0.36363636363636365,2.14e-05,"[20, 3, 27, 18, 3, 26, 7, 27]"
recognition,"['R', 'EH', 'K', 'AH', 'G', 'N', 'IH', 'SH', 'AH', 'N']","['re', 'cog', 'ni', 'tion']","['recogn', 'ition']",0.36363636363636365,2.95e-05,"[30, 7, 24, 3, 21, 27, 10, 32]"
combination,"['K', 'AA', 'M', 'B', 'AH', 'N', 'EY', 'SH', 'AH', 'N']","['com', 'bin', 'a', 'tion']","['comb', 'ination']",0.36363636363636365,4.07e-05,"[24, 1, 26, 16, 3, 27, 9, 32]"
legislature,"['L', 'EH', 'JH', 'AH', 'S', 'L', 'EY', 'CH', 'ER']","['le', 'gis', 'lature']","['leg', 'isl', 'ature']",0.36363636363636365,1.45e-05,"[25, 7, 23, 3, 31, 25, 9, 17]"
examination,"['IH', 'G', 'Z', 'AE', 'M', 'AH', 'N', 'EY', 'SH', 'AH', 'N']","['ex', 'am', 'in', 'a', 'tion']",['examination'],0.36363636363636365,1.82e-05,"[10, 21, 38, 2, 26, 3, 27, 9]"
therapeutic,"['TH', 'EH', 'R', 'AH', 'P', 'Y', 'UW', 'T', 'IH', 'K']","['thera', 'peut', 'ic']","['ther', 'ape', 'utic']",0.36363636363636365,7.08e-06,"[34, 7, 30, 3, 29, 37, 15, 33]"
cholesterol,"['K', 'AH', 'L', 'EH', 'S', 'T', 'ER', 'AO', 'L']","['cho', 'les', 'ter', 'ol']","['ch', 'olesterol']",0.36363636363636365,5.25e-06,"[24, 3, 25, 7, 31, 33, 8, 4]"
designation,"['D', 'EH', 'Z', 'AH', 'G', 'N', 'EY', 'SH', 'AH', 'N']","['des', 'ig', 'na', 'tion']","['design', 'ation']",0.36363636363636365,5.75e-06,"[18, 7, 38, 3, 21, 27, 9, 32]"
competition,"['K', 'AA', 'M', 'P', 'AH', 'T', 'IH', 'SH', 'AH', 'N']","['com', 'pet', 'i', 'tion']","['comp', 'etition']",0.36363636363636365,8.13e-05,"[24, 1, 26, 29, 3, 33, 10, 32]"
replication,"['R', 'EH', 'P', 'L', 'AH', 'K', 'EY', 'SH', 'AH', 'N']","['rep', 'lic', 'a', 'tion']","['repl', 'ication']",0.36363636363636365,2.63e-06,"[30, 7, 29, 25, 3, 24, 9, 32]"
automobiles,"['AO', 'T', 'AH', 'M', 'OW', 'B', 'IY', 'L', 'Z']","['auto', 'mo', 'biles']","['aut', 'om', 'obiles']",0.36363636363636365,3.09e-06,"[4, 33, 3, 26, 12, 16, 11, 25]"
connecticut,"['K', 'AH', 'N', 'EH', 'T', 'AH', 'K', 'AH', 'T']","['con', 'necti', 'c', 'ut']","['connect', 'icut']",0.36363636363636365,1.29e-05,"[24, 3, 27, 7, 33, 3, 24, 3]"
controversy,"['K', 'AA', 'N', 'T', 'R', 'AH', 'V', 'ER', 'S', 'IY']","['con', 'tro', 'versy']","['cont', 'rovers', 'y']",0.36363636363636365,1.82e-05,"[24, 1, 27, 33, 30, 3, 35, 8]"
invitations,"['IH', 'N', 'V', 'IH', 'T', 'EY', 'SH', 'AH', 'N', 'Z']","['in', 'vit', 'a', 'tions']","['inv', 'itations']",0.36363636363636365,2.57e-06,"[10, 27, 35, 10, 33, 9, 32, 3]"
assumptions,"['AH', 'S', 'AH', 'M', 'P', 'SH', 'AH', 'N', 'Z']","['as', 'sump', 'tions']","['ass', 'um', 'ptions']",0.36363636363636365,8.91e-06,"[3, 31, 3, 26, 29, 32, 3, 27]"
certificate,"['S', 'ER', 'T', 'IH', 'F', 'IH', 'K', 'AH', 'T']","['cer', 'ti', 'fic', 'ate']","['cert', 'ificate']",0.36363636363636365,1.95e-05,"[31, 8, 33, 10, 20, 10, 24, 3]"
restoration,"['R', 'EH', 'S', 'T', 'ER', 'EY', 'SH', 'AH', 'N']","['res', 'tor', 'a', 'tion']","['rest', 'oration']",0.36363636363636365,1.29e-05,"[30, 7, 31, 33, 8, 9, 32, 3]"
uncertainty,"['AH', 'N', 'S', 'ER', 'T', 'AH', 'N', 'T', 'IY']","['un', 'cer', 'tainty']","['unc', 'ertain', 'ty']",0.36363636363636365,1.07e-05,"[3, 27, 31, 8, 33, 3, 27, 33]"
conditional,"['K', 'AH', 'N', 'D', 'IH', 'SH', 'AH', 'N', 'AH', 'L']","['con', 'di', 'tion', 'al']","['cond', 'itional']",0.36363636363636365,3.89e-06,"[24, 3, 27, 18, 10, 32, 3, 27]"
inspections,"['IH', 'N', 'S', 'P', 'EH', 'K', 'SH', 'AH', 'N', 'Z']","['in', 'spec', 'tions']","['ins', 'pect', 'ions']",0.36363636363636365,4.27e-06,"[10, 27, 31, 29, 7, 24, 32, 3]"
inspiration,"['IH', 'N', 'S', 'P', 'ER', 'EY', 'SH', 'AH', 'N']","['in', 'spir', 'a', 'tion']","['ins', 'piration']",0.36363636363636365,2.57e-05,"[10, 27, 31, 29, 8, 9, 32, 3]"
cardiovascular,"['K', 'AA', 'R', 'D', 'IY', 'OW', 'V', 'AE', 'S', 'K', 'Y', 'AH', 'L', 'ER']","['car', 'di', 'ovas', 'cu', 'lar']","['card', 'iovascular']",0.35714285714285715,4.79e-06,"[24, 1, 30, 18, 11, 12, 35, 2]"
administrative,"['AH', 'D', 'M', 'IH', 'N', 'AH', 'S', 'T', 'R', 'EY', 'T', 'IH', 'V']","['ad', 'min', 'is', 'trat', 'ive']","['administ', 'rative']",0.35714285714285715,2.82e-05,"[3, 18, 26, 10, 27, 3, 31, 33]"
administration,"['AE', 'D', 'M', 'IH', 'N', 'IH', 'S', 'T', 'R', 'EY', 'SH', 'AH', 'N']","['ad', 'min', 'is', 'tra', 'tion']","['administ', 'ration']",0.35714285714285715,8.51e-05,"[2, 18, 26, 10, 27, 10, 31, 33]"
identification,"['AY', 'D', 'EH', 'N', 'T', 'AH', 'F', 'AH', 'K', 'EY', 'SH', 'AH', 'N']","['iden', 'ti', 'fic', 'a', 'tion']","['ident', 'ification']",0.35714285714285715,1.51e-05,"[6, 18, 7, 27, 33, 3, 20, 3]"
authentication,"['AO', 'TH', 'EH', 'N', 'T', 'AH', 'K', 'EY', 'SH', 'AH', 'N']","['au', 'then', 'tic', 'a', 'tion']","['authent', 'ication']",0.35714285714285715,2.24e-06,"[4, 34, 7, 27, 33, 3, 24, 9]"
classification,"['K', 'L', 'AE', 'S', 'AH', 'F', 'AH', 'K', 'EY', 'SH', 'AH', 'N']","['clas', 'si', 'fic', 'a', 'tion']","['class', 'ification']",0.35714285714285715,1.51e-05,"[24, 25, 2, 31, 3, 20, 3, 24]"
administrators,"['AE', 'D', 'M', 'IH', 'N', 'IH', 'S', 'T', 'R', 'EY', 'T', 'ER', 'Z']","['ad', 'min', 'is', 'trat', 'ors']","['administ', 'rators']",0.35714285714285715,7.08e-06,"[2, 18, 26, 10, 27, 10, 31, 33]"
stuart,"['S', 'T', 'UW', 'ER', 'T']","['stu', 'art']","['st', 'uart']",0.3333333333333333,1.35e-05,"[31, 33, 15, 8, 33, 0, 0, 0]"
dining,"['D', 'AY', 'N', 'IH', 'NG']","['din', 'ing']","['d', 'ining']",0.3333333333333333,1.38e-05,"[18, 6, 27, 10, 28, 0, 0, 0]"
argued,"['AA', 'R', 'G', 'Y', 'UW', 'D']","['ar', 'gued']","['arg', 'ued']",0.3333333333333333,2.29e-05,"[1, 30, 21, 37, 15, 18, 0, 0]"
dakota,"['D', 'AH', 'K', 'OW', 'T', 'AH']",['dakota'],"['d', 'ak', 'ota']",0.3333333333333333,1.23e-05,"[18, 3, 24, 12, 33, 3, 0, 0]"
legend,"['L', 'EH', 'JH', 'AH', 'N', 'D']","['le', 'gend']","['leg', 'end']",0.3333333333333333,2.75e-05,"[25, 7, 23, 3, 27, 18, 0, 0]"
beyond,"['B', 'IH', 'AA', 'N', 'D']","['bey', 'ond']","['be', 'yond']",0.3333333333333333,9.55e-05,"[16, 10, 1, 27, 18, 0, 0, 0]"
livestock,"['L', 'AY', 'V', 'S', 'T', 'AA', 'K']","['live', 'stock']","['liv', 'est', 'ock']",0.3333333333333333,6.76e-06,"[25, 6, 35, 31, 33, 1, 24, 0]"
rabbit,"['R', 'AE', 'B', 'AH', 'T']","['rab', 'bit']","['r', 'abbit']",0.3333333333333333,1.12e-05,"[30, 2, 16, 3, 33, 0, 0, 0]"
wisdom,"['W', 'IH', 'Z', 'D', 'AH', 'M']","['wis', 'dom']","['w', 'isdom']",0.3333333333333333,2e-05,"[36, 10, 38, 18, 3, 26, 0, 0]"
accidents,"['AE', 'K', 'S', 'AH', 'D', 'AH', 'N', 'T', 'S']","['ac', 'ci', 'dents']","['acc', 'idents']",0.3333333333333333,1.45e-05,"[2, 24, 31, 3, 18, 3, 27, 33]"
analog,"['AE', 'N', 'AH', 'L', 'AO', 'G']","['ana', 'log']","['an', 'alog']",0.3333333333333333,5.37e-06,"[2, 27, 3, 25, 4, 21, 0, 0]"
facial,"['F', 'EY', 'SH', 'AH', 'L']","['fa', 'cial']","['f', 'acial']",0.3333333333333333,1.26e-05,"[20, 9, 32, 3, 25, 0, 0, 0]"
harper,"['HH', 'AA', 'R', 'P', 'ER']","['harp', 'er']","['har', 'per']",0.3333333333333333,1.1e-05,"[22, 1, 30, 29, 8, 0, 0, 0]"
amanda,"['AH', 'M', 'AE', 'N', 'D', 'AH']","['aman', 'da']","['am', 'anda']",0.3333333333333333,1e-05,"[3, 26, 2, 27, 18, 3, 0, 0]"
lancaster,"['L', 'AE', 'N', 'K', 'AE', 'S', 'T', 'ER']","['lan', 'caster']","['l', 'anc', 'aster']",0.3333333333333333,6.03e-06,"[25, 2, 27, 24, 2, 31, 33, 8]"
suspended,"['S', 'AH', 'S', 'P', 'EH', 'N', 'D', 'AH', 'D']","['sus', 'pen', 'ded']","['susp', 'ended']",0.3333333333333333,2.09e-05,"[31, 3, 31, 29, 7, 27, 18, 3]"
easter,"['IY', 'S', 'T', 'ER']","['east', 'er']","['e', 'aster']",0.3333333333333333,1.32e-05,"[11, 31, 33, 8, 0, 0, 0, 0]"
jeremy,"['JH', 'EH', 'R', 'AH', 'M', 'IY']",['jeremy'],"['j', 'ere', 'my']",0.3333333333333333,1.41e-05,"[23, 7, 30, 3, 26, 11, 0, 0]"
attitudes,"['AE', 'T', 'AH', 'T', 'UW', 'D', 'Z']","['at', 'ti', 'tudes']","['att', 'itudes']",0.3333333333333333,1.02e-05,"[2, 33, 3, 33, 15, 18, 38, 0]"
sue,"['S', 'UW']",['sue'],"['s', 'ue']",0.3333333333333333,1.66e-05,"[31, 15, 0, 0, 0, 0, 0, 0]"
recycling,"['R', 'IY', 'S', 'AY', 'K', 'AH', 'L', 'IH', 'NG']","['re', 'cyc', 'ling']","['recy', 'cling']",0.3333333333333333,5.75e-06,"[30, 11, 31, 6, 24, 3, 25, 10]"
brazilian,"['B', 'R', 'AH', 'Z', 'IH', 'L', 'Y', 'AH', 'N']","['brazili', 'an']","['b', 'razil', 'ian']",0.3333333333333333,1.7e-05,"[16, 30, 3, 38, 10, 25, 37, 3]"
belong,"['B', 'IH', 'L', 'AO', 'NG']","['be', 'long']","['bel', 'ong']",0.3333333333333333,2.4e-05,"[16, 10, 25, 4, 28, 0, 0, 0]"
lil,"['L', 'IH', 'L']",['lil'],"['l', 'il']",0.3333333333333333,7.59e-06,"[25, 10, 25, 0, 0, 0, 0, 0]"
messenger,"['M', 'EH', 'S', 'AH', 'N', 'JH', 'ER']","['mes', 'sen', 'ger']","['mess', 'enger']",0.3333333333333333,8.91e-06,"[26, 7, 31, 3, 27, 23, 8, 0]"
das,"['D', 'AE', 'S']",['das'],"['d', 'as']",0.3333333333333333,5.37e-06,"[18, 2, 31, 0, 0, 0, 0, 0]"
barnes,"['B', 'AA', 'R', 'N', 'Z']",['barnes'],"['b', 'arn', 'es']",0.3333333333333333,8.71e-06,"[16, 1, 30, 27, 38, 0, 0, 0]"
wisconsin,"['W', 'IH', 'S', 'K', 'AA', 'N', 'S', 'AH', 'N']","['wis', 'con', 'sin']","['w', 'isconsin']",0.3333333333333333,2.29e-05,"[36, 10, 31, 24, 1, 27, 31, 3]"
genius,"['JH', 'IY', 'N', 'Y', 'AH', 'S']","['geni', 'us']","['gen', 'ius']",0.3333333333333333,2.14e-05,"[23, 11, 27, 37, 3, 31, 0, 0]"
decreased,"['D', 'IH', 'K', 'R', 'IY', 'S', 'T']","['de', 'creased']","['dec', 're', 'ased']",0.3333333333333333,1e-05,"[18, 10, 24, 30, 11, 31, 33, 0]"
basket,"['B', 'AE', 'S', 'K', 'AH', 'T']","['bas', 'ket']","['b', 'asket']",0.3333333333333333,1.17e-05,"[16, 2, 31, 24, 3, 33, 0, 0]"
confident,"['K', 'AA', 'N', 'F', 'AH', 'D', 'AH', 'N', 'T']","['con', 'fid', 'ent']","['conf', 'ident']",0.3333333333333333,2.69e-05,"[24, 1, 27, 20, 3, 18, 3, 27]"
cnn,"['S', 'IY', 'EH', 'N', 'EH', 'N']",['cnn'],"['c', 'nn']",0.3333333333333333,1.91e-05,"[31, 11, 7, 27, 7, 27, 0, 0]"
logistics,"['L', 'AH', 'JH', 'IH', 'S', 'T', 'IH', 'K', 'S']","['lo', 'gist', 'ics']","['log', 'istics']",0.3333333333333333,7.24e-06,"[25, 3, 23, 10, 31, 33, 10, 24]"
suggested,"['S', 'AH', 'G', 'JH', 'EH', 'S', 'T', 'AH', 'D']","['sug', 'ges', 'ted']","['suggest', 'ed']",0.3333333333333333,4.79e-05,"[31, 3, 21, 23, 7, 31, 33, 3]"
deeper,"['D', 'IY', 'P', 'ER']","['deep', 'er']","['d', 'eeper']",0.3333333333333333,2e-05,"[18, 11, 29, 8, 0, 0, 0, 0]"
essays,"['EH', 'S', 'EY', 'Z']","['es', 'says']","['ess', 'ays']",0.3333333333333333,1.2e-05,"[7, 31, 9, 38, 0, 0, 0, 0]"
larger,"['L', 'AA', 'R', 'JH', 'ER']","['lar', 'ger']","['larg', 'er']",0.3333333333333333,6.61e-05,"[25, 1, 30, 23, 8, 0, 0, 0]"
sig,"['S', 'IH', 'G']",['sig'],"['s', 'ig']",0.3333333333333333,1.86e-06,"[31, 10, 21, 0, 0, 0, 0, 0]"
duo,"['D', 'UW', 'OW']",['duo'],"['du', 'o']",0.3333333333333333,1.2e-05,"[18, 15, 12, 0, 0, 0, 0, 0]"
molecules,"['M', 'AA', 'L', 'AH', 'K', 'Y', 'UW', 'L', 'Z']","['mo', 'lecules']","['m', 'ole', 'cules']",0.3333333333333333,8.32e-06,"[26, 1, 25, 3, 24, 37, 15, 25]"
refrigerator,"['R', 'AH', 'F', 'R', 'IH', 'JH', 'ER', 'EY', 'T', 'ER']","['re', 'fri', 'ger', 'at', 'or']","['ref', 'riger', 'ator']",0.3333333333333333,4.07e-06,"[30, 3, 20, 30, 10, 23, 8, 9]"
desirable,"['D', 'IH', 'Z', 'AY', 'R', 'AH', 'B', 'AH', 'L']","['de', 'sir', 'able']","['des', 'irable']",0.3333333333333333,7.08e-06,"[18, 10, 38, 6, 30, 3, 16, 3]"
baking,"['B', 'EY', 'K', 'IH', 'NG']","['bak', 'ing']","['b', 'aking']",0.3333333333333333,8.32e-06,"[16, 9, 24, 10, 28, 0, 0, 0]"
albums,"['AE', 'L', 'B', 'AH', 'M', 'Z']","['al', 'bums']","['album', 's']",0.3333333333333333,1.55e-05,"[2, 25, 16, 3, 26, 38, 0, 0]"
tongue,"['T', 'AH', 'NG']",['tongue'],"['t', 'ong', 'ue']",0.3333333333333333,2.34e-05,"[33, 3, 28, 0, 0, 0, 0, 0]"
danish,"['D', 'EY', 'N', 'IH', 'SH']","['dan', 'ish']","['d', 'anish']",0.3333333333333333,8.13e-06,"[18, 9, 27, 10, 32, 0, 0, 0]"
farmer,"['F', 'AA', 'R', 'M', 'ER']","['farm', 'er']","['far', 'mer']",0.3333333333333333,1.41e-05,"[20, 1, 30, 26, 8, 0, 0, 0]"
wilson,"['W', 'IH', 'L', 'S', 'AH', 'N']",['wilson'],"['w', 'il', 'son']",0.3333333333333333,3.39e-05,"[36, 10, 25, 31, 3, 27, 0, 0]"
evolution,"['EH', 'V', 'AH', 'L', 'UW', 'SH', 'AH', 'N']","['evol', 'u', 'tion']","['ev', 'olution']",0.3333333333333333,2.57e-05,"[7, 35, 3, 25, 15, 32, 3, 27]"
microwave,"['M', 'AY', 'K', 'R', 'AH', 'W', 'EY', 'V']","['mi', 'crowave']","['mic', 'row', 'ave']",0.3333333333333333,6.31e-06,"[26, 6, 24, 30, 3, 36, 9, 35]"
radius,"['R', 'EY', 'D', 'IY', 'AH', 'S']","['ra', 'di', 'us']",['radius'],0.3333333333333333,7.24e-06,"[30, 9, 18, 11, 3, 31, 0, 0]"
recognize,"['R', 'EH', 'K', 'AH', 'G', 'N', 'AY', 'Z']","['re', 'cog', 'nize']","['recogn', 'ize']",0.3333333333333333,3.31e-05,"[30, 7, 24, 3, 21, 27, 6, 38]"
riverside,"['R', 'IH', 'V', 'ER', 'S', 'AY', 'D']","['river', 'side']","['ri', 'vers', 'ide']",0.3333333333333333,4.68e-06,"[30, 10, 35, 8, 31, 6, 18, 0]"
alfred,"['AE', 'L', 'F', 'R', 'AH', 'D']","['al', 'fred']","['alf', 'red']",0.3333333333333333,9.77e-06,"[2, 25, 20, 30, 3, 18, 0, 0]"
coalition,"['K', 'OW', 'AH', 'L', 'IH', 'SH', 'AH', 'N']","['co', 'ali', 'tion']","['coal', 'ition']",0.3333333333333333,1.7e-05,"[24, 12, 3, 25, 10, 32, 3, 27]"
motels,"['M', 'OW', 'T', 'EH', 'L', 'Z']","['mo', 'tels']","['mot', 'els']",0.3333333333333333,7.94e-07,"[26, 12, 33, 7, 25, 38, 0, 0]"
museum,"['M', 'Y', 'UW', 'Z', 'IY', 'AH', 'M']","['mu', 'seum']","['m', 'useum']",0.3333333333333333,5.13e-05,"[26, 37, 15, 38, 11, 3, 26, 0]"
defeat,"['D', 'IH', 'F', 'IY', 'T']","['de', 'feat']","['def', 'eat']",0.3333333333333333,3.24e-05,"[18, 10, 20, 11, 33, 0, 0, 0]"
retail,"['R', 'IY', 'T', 'EY', 'L']","['re', 'tail']","['ret', 'ail']",0.3333333333333333,3.55e-05,"[30, 11, 33, 9, 25, 0, 0, 0]"
beautiful,"['B', 'Y', 'UW', 'T', 'AH', 'F', 'AH', 'L']","['beau', 'ti', 'ful']","['beaut', 'iful']",0.3333333333333333,0.000166,"[16, 37, 15, 33, 3, 20, 3, 25]"
operation,"['AA', 'P', 'ER', 'EY', 'SH', 'AH', 'N']","['op', 'er', 'a', 'tion']",['operation'],0.3333333333333333,8.32e-05,"[1, 29, 8, 9, 32, 3, 27, 0]"
extent,"['IH', 'K', 'S', 'T', 'EH', 'N', 'T']","['ex', 'tent']","['ext', 'ent']",0.3333333333333333,2.95e-05,"[10, 24, 31, 33, 7, 27, 33, 0]"
technologies,"['T', 'EH', 'K', 'N', 'AA', 'L', 'AH', 'JH', 'IY', 'Z']","['tech', 'no', 'lo', 'gies']","['techn', 'ologies']",0.3333333333333333,2.09e-05,"[33, 7, 24, 27, 1, 25, 3, 23]"
jurisdiction,"['JH', 'UH', 'R', 'AH', 'S', 'D', 'IH', 'K', 'SH', 'AH', 'N']","['jur', 'is', 'dic', 'tion']","['j', 'ur', 'isd', 'iction']",0.3333333333333333,1.26e-05,"[23, 14, 30, 3, 31, 18, 10, 24]"
liverpool,"['L', 'IH', 'V', 'ER', 'P', 'UW', 'L']","['liv', 'er', 'pool']","['l', 'iverpool']",0.3333333333333333,2.69e-05,"[25, 10, 35, 8, 29, 15, 25, 0]"
cotton,"['K', 'AA', 'T', 'AH', 'N']","['cot', 'ton']","['c', 'otton']",0.3333333333333333,2.24e-05,"[24, 1, 33, 3, 27, 0, 0, 0]"
fisher,"['F', 'IH', 'SH', 'ER']","['fish', 'er']","['f', 'isher']",0.3333333333333333,1.05e-05,"[20, 10, 32, 8, 0, 0, 0, 0]"
heroes,"['HH', 'IH', 'R', 'OW', 'Z']","['her', 'oes']","['hero', 'es']",0.3333333333333333,2.24e-05,"[22, 10, 30, 12, 38, 0, 0, 0]"
wonder,"['W', 'AH', 'N', 'D', 'ER']","['won', 'der']","['w', 'onder']",0.3333333333333333,8.51e-05,"[36, 3, 27, 18, 8, 0, 0, 0]"
sister,"['S', 'IH', 'S', 'T', 'ER']","['sis', 'ter']","['s', 'ister']",0.3333333333333333,8.91e-05,"[31, 10, 31, 33, 8, 0, 0, 0]"
lovers,"['L', 'AH', 'V', 'ER', 'Z']","['lov', 'ers']","['lo', 'vers']",0.3333333333333333,1.41e-05,"[25, 3, 35, 8, 38, 0, 0, 0]"
isolation,"['AY', 'S', 'AH', 'L', 'EY', 'SH', 'AH', 'N']","['isol', 'a', 'tion']","['is', 'olation']",0.3333333333333333,1.05e-05,"[6, 31, 3, 25, 9, 32, 3, 27]"
sri,"['SH', 'R', 'IY']",['sri'],"['s', 'ri']",0.3333333333333333,1.32e-05,"[32, 30, 11, 0, 0, 0, 0, 0]"
occurs,"['AH', 'K', 'ER', 'Z']","['oc', 'curs']","['occ', 'urs']",0.3333333333333333,2.19e-05,"[3, 24, 8, 38, 0, 0, 0, 0]"
differ,"['D', 'IH', 'F', 'ER']","['dif', 'fer']","['diff', 'er']",0.3333333333333333,1.07e-05,"[18, 10, 20, 8, 0, 0, 0, 0]"
restrictions,"['R', 'IY', 'S', 'T', 'R', 'IH', 'K', 'SH', 'AH', 'N', 'Z']","['re', 'stric', 'tions']","['rest', 'rict', 'ions']",0.3333333333333333,2.04e-05,"[30, 11, 31, 33, 30, 10, 24, 32]"
allocated,"['AE', 'L', 'AH', 'K', 'EY', 'T', 'IH', 'D']","['al', 'loc', 'ated']","['all', 'ocated']",0.3333333333333333,6.76e-06,"[2, 25, 3, 24, 9, 33, 10, 18]"
yen,"['Y', 'EH', 'N']",['yen'],"['y', 'en']",0.3333333333333333,5.37e-06,"[37, 7, 27, 0, 0, 0, 0, 0]"
tolerance,"['T', 'AA', 'L', 'ER', 'AH', 'N', 'S']","['tol', 'er', 'ance']","['t', 'olerance']",0.3333333333333333,1.15e-05,"[33, 1, 25, 8, 3, 27, 31, 0]"
virtually,"['V', 'ER', 'CH', 'UW', 'AH', 'L', 'IY']","['vir', 'tu', 'ally']","['virt', 'ually']",0.3333333333333333,1.82e-05,"[35, 8, 17, 15, 3, 25, 11, 0]"
yea,"['Y', 'EY']",['yea'],"['ye', 'a']",0.3333333333333333,1.82e-05,"[37, 9, 0, 0, 0, 0, 0, 0]"
nevada,"['N', 'AH', 'V', 'AA', 'D', 'AH']",['nevada'],"['ne', 'v', 'ada']",0.3333333333333333,1.1e-05,"[27, 3, 35, 1, 18, 3, 0, 0]"
galleries,"['G', 'AE', 'L', 'ER', 'IY', 'Z']","['gal', 'ler', 'ies']","['gall', 'eries']",0.3333333333333333,7.08e-06,"[21, 2, 25, 8, 11, 38, 0, 0]"
optics,"['AA', 'P', 'T', 'IH', 'K', 'S']","['op', 'tics']","['opt', 'ics']",0.3333333333333333,3.8e-06,"[1, 29, 33, 10, 24, 31, 0, 0]"
confusion,"['K', 'AH', 'N', 'F', 'Y', 'UW', 'ZH', 'AH', 'N']","['con', 'fu', 'sion']","['conf', 'usion']",0.3333333333333333,1.55e-05,"[24, 3, 27, 20, 37, 15, 39, 3]"
inputs,"['IH', 'N', 'P', 'UH', 'T', 'S']","['in', 'puts']","['input', 's']",0.3333333333333333,4.27e-06,"[10, 27, 29, 14, 33, 31, 0, 0]"
reflected,"['R', 'AH', 'F', 'L', 'EH', 'K', 'T', 'AH', 'D']","['re', 'flec', 'ted']","['ref', 'lected']",0.3333333333333333,1.32e-05,"[30, 3, 20, 25, 7, 24, 33, 3]"
poland,"['P', 'OW', 'L', 'AH', 'N', 'D']","['po', 'land']","['pol', 'and']",0.3333333333333333,1.74e-05,"[29, 12, 25, 3, 27, 18, 0, 0]"
introductory,"['IH', 'N', 'T', 'R', 'AH', 'D', 'AH', 'K', 'T', 'ER', 'IY']","['in', 'tro', 'duct', 'ory']","['introdu', 'ctory']",0.3333333333333333,3.24e-06,"[10, 27, 33, 30, 3, 18, 3, 24]"
alexander,"['AE', 'L', 'AH', 'G', 'Z', 'AE', 'N', 'D', 'ER']","['al', 'ex', 'an', 'der']","['ale', 'x', 'ander']",0.3333333333333333,2.51e-05,"[2, 25, 3, 21, 38, 2, 27, 18]"
maternity,"['M', 'AH', 'T', 'ER', 'N', 'IH', 'T', 'IY']","['ma', 'ter', 'nity']","['m', 'aternity']",0.3333333333333333,4.57e-06,"[26, 3, 33, 8, 27, 10, 33, 11]"
recall,"['R', 'IY', 'K', 'AO', 'L']","['re', 'call']","['rec', 'all']",0.3333333333333333,2.51e-05,"[30, 11, 24, 4, 25, 0, 0, 0]"
wizard,"['W', 'IH', 'Z', 'ER', 'D']","['wiz', 'ard']","['w', 'izard']",0.3333333333333333,8.51e-06,"[36, 10, 38, 8, 18, 0, 0, 0]"
offers,"['AO', 'F', 'ER', 'Z']","['of', 'fers']","['off', 'ers']",0.3333333333333333,5.5e-05,"[4, 20, 8, 38, 0, 0, 0, 0]"
arguments,"['AA', 'R', 'G', 'Y', 'AH', 'M', 'AH', 'N', 'T', 'S']","['ar', 'gu', 'ments']","['arg', 'uments']",0.3333333333333333,2.14e-05,"[1, 30, 21, 37, 3, 26, 3, 27]"
regime,"['R', 'AH', 'ZH', 'IY', 'M']","['re', 'gime']","['reg', 'ime']",0.3333333333333333,2e-05,"[30, 3, 39, 11, 26, 0, 0, 0]"
automated,"['AO', 'T', 'AH', 'M', 'EY', 'T', 'IH', 'D']","['auto', 'mated']","['aut', 'om', 'ated']",0.3333333333333333,8.13e-06,"[4, 33, 3, 26, 9, 33, 10, 18]"
desire,"['D', 'IH', 'Z', 'AY', 'ER']","['de', 'sire']","['des', 'ire']",0.3333333333333333,4.07e-05,"[18, 10, 38, 6, 8, 0, 0, 0]"
silent,"['S', 'AY', 'L', 'AH', 'N', 'T']","['si', 'lent']","['sil', 'ent']",0.3333333333333333,2.82e-05,"[31, 6, 25, 3, 27, 33, 0, 0]"
engineers,"['EH', 'N', 'JH', 'AH', 'N', 'IH', 'R', 'Z']","['en', 'gin', 'eers']","['engine', 'ers']",0.3333333333333333,2.57e-05,"[7, 27, 23, 3, 27, 10, 30, 38]"
abu,"['AE', 'B', 'UW']",['abu'],"['ab', 'u']",0.3333333333333333,1.02e-05,"[2, 16, 15, 0, 0, 0, 0, 0]"
remainder,"['R', 'IH', 'M', 'EY', 'N', 'D', 'ER']","['re', 'mainder']","['rem', 'ain', 'der']",0.3333333333333333,1.07e-05,"[30, 10, 26, 9, 27, 18, 8, 0]"
explosion,"['IH', 'K', 'S', 'P', 'L', 'OW', 'ZH', 'AH', 'N']","['ex', 'plo', 'sion']","['expl', 'osion']",0.3333333333333333,1.66e-05,"[10, 24, 31, 29, 25, 12, 39, 3]"
briefs,"['B', 'R', 'IY', 'F', 'S']",['briefs'],"['b', 'rief', 's']",0.3333333333333333,2.04e-06,"[16, 30, 11, 20, 31, 0, 0, 0]"
municipal,"['M', 'Y', 'UW', 'N', 'IH', 'S', 'AH', 'P', 'AH', 'L']","['mu', 'ni', 'cip', 'al']","['mun', 'icip', 'al']",0.3333333333333333,1.74e-05,"[26, 37, 15, 27, 10, 31, 3, 29]"
detection,"['D', 'IH', 'T', 'EH', 'K', 'SH', 'AH', 'N']","['de', 'tec', 'tion']","['det', 'ection']",0.3333333333333333,1.15e-05,"[18, 10, 33, 7, 24, 32, 3, 27]"
maintains,"['M', 'EY', 'N', 'T', 'EY', 'N', 'Z']","['main', 'tains']","['m', 'aint', 'ains']",0.3333333333333333,9.12e-06,"[26, 9, 27, 33, 9, 27, 38, 0]"
august,"['AA', 'G', 'AH', 'S', 'T']","['au', 'gust']","['aug', 'ust']",0.3333333333333333,0.000126,"[1, 21, 3, 31, 33, 0, 0, 0]"
beside,"['B', 'IH', 'S', 'AY', 'D']","['be', 'side']","['bes', 'ide']",0.3333333333333333,1.55e-05,"[16, 10, 31, 6, 18, 0, 0, 0]"
insurance,"['IH', 'N', 'SH', 'UH', 'R', 'AH', 'N', 'S']","['in', 'sur', 'ance']","['ins', 'urance']",0.3333333333333333,8.71e-05,"[10, 27, 32, 14, 30, 3, 27, 31]"
passenger,"['P', 'AE', 'S', 'AH', 'N', 'JH', 'ER']","['pas', 'sen', 'ger']","['pass', 'enger']",0.3333333333333333,2.4e-05,"[29, 2, 31, 3, 27, 23, 8, 0]"
estimated,"['EH', 'S', 'T', 'AH', 'M', 'EY', 'T', 'AH', 'D']","['es', 'tim', 'ated']","['est', 'imated']",0.3333333333333333,4.17e-05,"[7, 31, 33, 3, 26, 9, 33, 3]"
metallica,"['M', 'AH', 'T', 'AE', 'L', 'IH', 'K', 'AH']","['metal', 'lica']","['met', 'all', 'ica']",0.3333333333333333,1.66e-06,"[26, 3, 33, 2, 25, 10, 24, 3]"
liable,"['L', 'AY', 'AH', 'B', 'AH', 'L']","['li', 'able']","['l', 'iable']",0.3333333333333333,7.76e-06,"[25, 6, 3, 16, 3, 25, 0, 0]"
christian,"['K', 'R', 'IH', 'S', 'CH', 'AH', 'N']","['chris', 'ti', 'an']","['christ', 'ian']",0.3333333333333333,7.59e-05,"[24, 30, 10, 31, 17, 3, 27, 0]"
breathing,"['B', 'R', 'IY', 'DH', 'IH', 'NG']","['breath', 'ing']","['b', 'reat', 'hing']",0.3333333333333333,1.91e-05,"[16, 30, 11, 19, 10, 28, 0, 0]"
coding,"['K', 'OW', 'D', 'IH', 'NG']","['cod', 'ing']","['c', 'oding']",0.3333333333333333,6.46e-06,"[24, 12, 18, 10, 28, 0, 0, 0]"
fog,"['F', 'AA', 'G']",['fog'],"['f', 'og']",0.3333333333333333,7.94e-06,"[20, 1, 21, 0, 0, 0, 0, 0]"
animal,"['AE', 'N', 'AH', 'M', 'AH', 'L']","['an', 'im', 'al']",['animal'],0.3333333333333333,6.46e-05,"[2, 27, 3, 26, 3, 25, 0, 0]"
dennis,"['D', 'EH', 'N', 'IH', 'S']","['den', 'nis']","['d', 'ennis']",0.3333333333333333,1.26e-05,"[18, 7, 27, 10, 31, 0, 0, 0]"
combining,"['K', 'AH', 'M', 'B', 'AY', 'N', 'IH', 'NG']","['com', 'bin', 'ing']","['comb', 'ining']",0.3333333333333333,7.94e-06,"[24, 3, 26, 16, 6, 27, 10, 28]"
extending,"['IH', 'K', 'S', 'T', 'EH', 'N', 'D', 'IH', 'NG']","['ex', 'tend', 'ing']","['ext', 'ending']",0.3333333333333333,1.1e-05,"[10, 24, 31, 33, 7, 27, 18, 10]"
recording,"['R', 'AH', 'K', 'AO', 'R', 'D', 'IH', 'NG']","['re', 'cord', 'ing']","['rec', 'ording']",0.3333333333333333,3.24e-05,"[30, 3, 24, 4, 30, 18, 10, 28]"
hiking,"['HH', 'AY', 'K', 'IH', 'NG']","['hik', 'ing']","['h', 'iking']",0.3333333333333333,7.41e-06,"[22, 6, 24, 10, 28, 0, 0, 0]"
oliver,"['AA', 'L', 'AH', 'V', 'ER']","['oliv', 'er']","['ol', 'iver']",0.3333333333333333,1.66e-05,"[1, 25, 3, 35, 8, 0, 0, 0]"
cab,"['K', 'AE', 'B']",['cab'],"['c', 'ab']",0.3333333333333333,8.91e-06,"[24, 2, 16, 0, 0, 0, 0, 0]"
escort,"['EH', 'S', 'K', 'AO', 'R', 'T']","['es', 'cort']","['esc', 'ort']",0.3333333333333333,1e-05,"[7, 31, 24, 4, 30, 33, 0, 0]"
retention,"['R', 'IY', 'T', 'EH', 'N', 'SH', 'AH', 'N']","['re', 'ten', 'tion']","['ret', 'ention']",0.3333333333333333,6.46e-06,"[30, 11, 33, 7, 27, 32, 3, 27]"
deviation,"['D', 'IY', 'V', 'IY', 'EY', 'SH', 'AH', 'N']","['de', 'vi', 'ation']","['dev', 'iation']",0.3333333333333333,2.51e-06,"[18, 11, 35, 11, 9, 32, 3, 27]"
dow,"['D', 'AW']",['dow'],"['d', 'ow']",0.3333333333333333,4.27e-06,"[18, 5, 0, 0, 0, 0, 0, 0]"
ratios,"['R', 'EY', 'SH', 'IY', 'OW', 'Z']","['ra', 'tios']","['rat', 'ios']",0.3333333333333333,4.27e-06,"[30, 9, 32, 11, 12, 38, 0, 0]"
ltd,"['L', 'IH', 'M', 'IH', 'T', 'IH', 'D']",['ltd'],"['lt', 'd']",0.3333333333333333,2.95e-05,"[25, 10, 26, 10, 33, 10, 18, 0]"
lou,"['L', 'UW']",['lou'],"['l', 'ou']",0.3333333333333333,8.71e-06,"[25, 15, 0, 0, 0, 0, 0, 0]"
orgasm,"['AO', 'R', 'G', 'AE', 'Z', 'AH', 'M']","['or', 'gasm']","['org', 'asm']",0.3333333333333333,4.68e-06,"[4, 30, 21, 2, 38, 3, 26, 0]"
sap,"['S', 'AE', 'P']",['sap'],"['s', 'ap']",0.3333333333333333,3.98e-06,"[31, 2, 29, 0, 0, 0, 0, 0]"
francisco,"['F', 'R', 'AE', 'N', 'S', 'IH', 'S', 'K', 'OW']","['fran', 'cisco']","['fr', 'anc', 'isco']",0.3333333333333333,3.39e-05,"[20, 30, 2, 27, 31, 10, 31, 24]"
lonely,"['L', 'OW', 'N', 'L', 'IY']",['lonely'],"['l', 'one', 'ly']",0.3333333333333333,1.78e-05,"[25, 12, 27, 25, 11, 0, 0, 0]"
lid,"['L', 'IH', 'D']",['lid'],"['l', 'id']",0.3333333333333333,6.46e-06,"[25, 10, 18, 0, 0, 0, 0, 0]"
gossip,"['G', 'AA', 'S', 'AH', 'P']","['gos', 'sip']","['g', 'ossip']",0.3333333333333333,7.59e-06,"[21, 1, 31, 3, 29, 0, 0, 0]"
absent,"['AE', 'B', 'S', 'AH', 'N', 'T']","['ab', 'sent']","['abs', 'ent']",0.3333333333333333,9.55e-06,"[2, 16, 31, 3, 27, 33, 0, 0]"
urgent,"['ER', 'JH', 'AH', 'N', 'T']","['ur', 'gent']","['urg', 'ent']",0.3333333333333333,1.41e-05,"[8, 23, 3, 27, 33, 0, 0, 0]"
resume,"['R', 'IH', 'Z', 'UW', 'M']","['re', 'sume']","['res', 'ume']",0.3333333333333333,1.32e-05,"[30, 10, 38, 15, 26, 0, 0, 0]"
marion,"['M', 'EH', 'R', 'IY', 'AH', 'N']","['mari', 'on']","['mar', 'ion']",0.3333333333333333,6.31e-06,"[26, 7, 30, 11, 3, 27, 0, 0]"
introduction,"['IH', 'N', 'T', 'R', 'AH', 'D', 'AH', 'K', 'SH', 'AH', 'N']","['in', 'tro', 'duc', 'tion']","['introdu', 'ction']",0.3333333333333333,3.31e-05,"[10, 27, 33, 30, 3, 18, 3, 24]"
leu,"['L', 'UW']",['leu'],"['le', 'u']",0.3333333333333333,2.88e-07,"[25, 15, 0, 0, 0, 0, 0, 0]"
condos,"['K', 'AA', 'N', 'D', 'OW', 'Z']","['con', 'dos']","['cond', 'os']",0.3333333333333333,1.32e-06,"[24, 1, 27, 18, 12, 38, 0, 0]"
banana,"['B', 'AH', 'N', 'AE', 'N', 'AH']","['ba', 'nana']","['ban', 'ana']",0.3333333333333333,1e-05,"[16, 3, 27, 2, 27, 3, 0, 0]"
tue,"['T', 'UW']",['tue'],"['t', 'ue']",0.3333333333333333,1.74e-06,"[33, 15, 0, 0, 0, 0, 0, 0]"
photographic,"['F', 'OW', 'T', 'AH', 'G', 'R', 'AE', 'F', 'IH', 'K']","['pho', 'to', 'graph', 'ic']","['phot', 'ographic']",0.3333333333333333,5.75e-06,"[20, 12, 33, 3, 21, 30, 2, 20]"
pamela,"['P', 'AE', 'M', 'AH', 'L', 'AH']",['pamela'],"['p', 'am', 'ela']",0.3333333333333333,3.72e-06,"[29, 2, 26, 3, 25, 3, 0, 0]"
celebrate,"['S', 'EH', 'L', 'AH', 'B', 'R', 'EY', 'T']","['cel', 'eb', 'rate']","['cele', 'brate']",0.3333333333333333,3.09e-05,"[31, 7, 25, 3, 16, 30, 9, 33]"
soviet,"['S', 'OW', 'V', 'IY', 'AH', 'T']","['so', 'viet']","['sov', 'iet']",0.3333333333333333,3.47e-05,"[31, 12, 35, 11, 3, 33, 0, 0]"
treasurer,"['T', 'R', 'EH', 'ZH', 'ER', 'ER']","['treas', 'urer']","['tre', 'asure', 'r']",0.3333333333333333,8.51e-06,"[33, 30, 7, 39, 8, 8, 0, 0]"
studio,"['S', 'T', 'UW', 'D', 'IY', 'OW']","['stu', 'dio']","['stud', 'io']",0.3333333333333333,4.57e-05,"[31, 33, 15, 18, 11, 12, 0, 0]"
defend,"['D', 'IH', 'F', 'EH', 'N', 'D']","['de', 'fend']","['def', 'end']",0.3333333333333333,2.95e-05,"[18, 10, 20, 7, 27, 18, 0, 0]"
zoning,"['Z', 'OW', 'N', 'IH', 'NG']","['zon', 'ing']","['z', 'oning']",0.3333333333333333,3.31e-06,"[38, 12, 27, 10, 28, 0, 0, 0]"
notion,"['N', 'OW', 'SH', 'AH', 'N']","['no', 'tion']","['not', 'ion']",0.3333333333333333,1.48e-05,"[27, 12, 32, 3, 27, 0, 0, 0]"
arctic,"['AA', 'R', 'K', 'T', 'IH', 'K']","['arc', 'tic']","['ar', 'ctic']",0.3333333333333333,1.07e-05,"[1, 30, 24, 33, 10, 24, 0, 0]"
witnesses,"['W', 'IH', 'T', 'N', 'AH', 'S', 'AH', 'Z']","['wit', 'nesses']","['w', 'itness', 'es']",0.3333333333333333,1.95e-05,"[36, 10, 33, 27, 3, 31, 3, 38]"
thesaurus,"['TH', 'AH', 'S', 'AO', 'R', 'AH', 'S']","['thesaur', 'us']","['t', 'hes', 'aurus']",0.3333333333333333,7.59e-07,"[34, 3, 31, 4, 30, 3, 31, 0]"
assess,"['AH', 'S', 'EH', 'S']","['as', 'sess']","['ass', 'ess']",0.3333333333333333,1.17e-05,"[3, 31, 7, 31, 0, 0, 0, 0]"
responded,"['R', 'IH', 'S', 'P', 'AA', 'N', 'D', 'IH', 'D']","['re', 'spon', 'ded']","['respond', 'ed']",0.3333333333333333,1.82e-05,"[30, 10, 31, 29, 1, 27, 18, 10]"
vat,"['V', 'AE', 'T']",['vat'],"['v', 'at']",0.3333333333333333,3.47e-06,"[35, 2, 33, 0, 0, 0, 0, 0]"
tee,"['T', 'IY']",['tee'],"['te', 'e']",0.3333333333333333,6.61e-06,"[33, 11, 0, 0, 0, 0, 0, 0]"
refinance,"['R', 'IY', 'F', 'AH', 'N', 'AE', 'N', 'S']","['re', 'fin', 'ance']","['ref', 'inance']",0.3333333333333333,8.32e-07,"[30, 11, 20, 3, 27, 2, 27, 31]"
certified,"['S', 'ER', 'T', 'AH', 'F', 'AY', 'D']","['cer', 'ti', 'fied']","['cert', 'ified']",0.3333333333333333,1.7e-05,"[31, 8, 33, 3, 20, 6, 18, 0]"
detect,"['D', 'IH', 'T', 'EH', 'K', 'T']","['de', 'tect']","['det', 'ect']",0.3333333333333333,1.12e-05,"[18, 10, 33, 7, 24, 33, 0, 0]"
discusses,"['D', 'IH', 'S', 'K', 'AH', 'S', 'AH', 'Z']","['dis', 'cusses']","['disc', 'uss', 'es']",0.3333333333333333,8.51e-06,"[18, 10, 31, 24, 3, 31, 3, 38]"
expand,"['IH', 'K', 'S', 'P', 'AE', 'N', 'D']","['ex', 'pand']","['exp', 'and']",0.3333333333333333,2.24e-05,"[10, 24, 31, 29, 2, 27, 18, 0]"
herbal,"['ER', 'B', 'AH', 'L']","['herb', 'al']","['her', 'bal']",0.3333333333333333,2.29e-06,"[8, 16, 3, 25, 0, 0, 0, 0]"
commander,"['K', 'AH', 'M', 'AE', 'N', 'D', 'ER']","['com', 'mand', 'er']","['comm', 'ander']",0.3333333333333333,3.24e-05,"[24, 3, 26, 2, 27, 18, 8, 0]"
individually,"['IH', 'N', 'D', 'IH', 'V', 'IH', 'JH', 'UW', 'AH', 'L', 'IY']","['in', 'di', 'vidu', 'ally']","['ind', 'ividually']",0.3333333333333333,7.94e-06,"[10, 27, 18, 10, 35, 10, 23, 15]"
wesley,"['W', 'EH', 'S', 'L', 'IY']","['wes', 'ley']","['w', 'esley']",0.3333333333333333,5.01e-06,"[36, 7, 31, 25, 11, 0, 0, 0]"
reservoir,"['R', 'EH', 'Z', 'AH', 'V', 'W', 'AA', 'R']","['reser', 'voir']","['res', 'erv', 'oir']",0.3333333333333333,7.94e-06,"[30, 7, 38, 3, 35, 36, 1, 30]"
cancelled,"['K', 'AE', 'N', 'S', 'AH', 'L', 'D']","['can', 'celled']","['c', 'ance', 'lled']",0.3333333333333333,1.66e-05,"[24, 2, 27, 31, 3, 25, 18, 0]"
brunei,"['B', 'R', 'UW', 'N', 'AY']",['brunei'],"['br', 'une', 'i']",0.3333333333333333,1.55e-06,"[16, 30, 15, 27, 6, 0, 0, 0]"
pig,"['P', 'IH', 'G']",['pig'],"['p', 'ig']",0.3333333333333333,1.38e-05,"[29, 10, 21, 0, 0, 0, 0, 0]"
entire,"['IH', 'N', 'T', 'AY', 'ER']","['en', 'tire']","['ent', 'ire']",0.3333333333333333,0.000123,"[10, 27, 33, 6, 8, 0, 0, 0]"
migration,"['M', 'AY', 'G', 'R', 'EY', 'SH', 'AH', 'N']","['mi', 'gra', 'tion']","['m', 'igration']",0.3333333333333333,1.38e-05,"[26, 6, 21, 30, 9, 32, 3, 27]"
editorial,"['EH', 'D', 'AH', 'T', 'AO', 'R', 'IY', 'AH', 'L']","['ed', 'it', 'or', 'i', 'al']","['editor', 'ial']",0.3333333333333333,1.29e-05,"[7, 18, 3, 33, 4, 30, 11, 3]"
powell,"['P', 'AW', 'AH', 'L']","['pow', 'ell']","['p', 'owell']",0.3333333333333333,7.76e-06,"[29, 5, 3, 25, 0, 0, 0, 0]"
geographical,"['JH', 'IY', 'AH', 'G', 'R', 'AE', 'F', 'IH', 'K', 'AH', 'L']","['geo', 'graph', 'ic', 'al']","['ge', 'ographical']",0.3333333333333333,7.08e-06,"[23, 11, 3, 21, 30, 2, 20, 10]"
layers,"['L', 'EY', 'ER', 'Z']","['lay', 'ers']","['l', 'ayers']",0.3333333333333333,1.48e-05,"[25, 9, 8, 38, 0, 0, 0, 0]"
andrew,"['AE', 'N', 'D', 'R', 'UW']","['an', 'drew']","['and', 'rew']",0.3333333333333333,3.72e-05,"[2, 27, 18, 30, 15, 0, 0, 0]"
estimates,"['EH', 'S', 'T', 'AH', 'M', 'AH', 'T', 'S']","['es', 'tim', 'ates']","['est', 'imates']",0.3333333333333333,2e-05,"[7, 31, 33, 3, 26, 3, 33, 31]"
deluxe,"['D', 'AH', 'L', 'AH', 'K', 'S']","['de', 'luxe']","['del', 'uxe']",0.3333333333333333,5.25e-06,"[18, 3, 25, 3, 24, 31, 0, 0]"
lesson,"['L', 'EH', 'S', 'AH', 'N']","['les', 'son']","['less', 'on']",0.3333333333333333,2.95e-05,"[25, 7, 31, 3, 27, 0, 0, 0]"
cinema,"['S', 'IH', 'N', 'AH', 'M', 'AH']",['cinema'],"['c', 'inem', 'a']",0.3333333333333333,1.48e-05,"[31, 10, 27, 3, 26, 3, 0, 0]"
andrea,"['AE', 'N', 'D', 'R', 'IY', 'AH']","['an', 'drea']","['and', 'rea']",0.3333333333333333,7.59e-06,"[2, 27, 18, 30, 11, 3, 0, 0]"
dallas,"['D', 'AE', 'L', 'AH', 'S']","['dal', 'las']","['d', 'allas']",0.3333333333333333,2.63e-05,"[18, 2, 25, 3, 31, 0, 0, 0]"
chapel,"['CH', 'AE', 'P', 'AH', 'L']",['chapel'],"['ch', 'ap', 'el']",0.3333333333333333,1.07e-05,"[17, 2, 29, 3, 25, 0, 0, 0]"
regarding,"['R', 'AH', 'G', 'AA', 'R', 'D', 'IH', 'NG']","['re', 'gard', 'ing']","['reg', 'arding']",0.3333333333333333,4.68e-05,"[30, 3, 21, 1, 30, 18, 10, 28]"
yamaha,"['Y', 'AA', 'M', 'AA', 'HH', 'AA']",['yamaha'],"['y', 'am', 'aha']",0.3333333333333333,2e-06,"[37, 1, 26, 1, 22, 1, 0, 0]"
joseph,"['JH', 'OW', 'S', 'AH', 'F']",['joseph'],"['j', 'ose', 'ph']",0.3333333333333333,3.31e-05,"[23, 12, 31, 3, 20, 0, 0, 0]"
infection,"['IH', 'N', 'F', 'EH', 'K', 'SH', 'AH', 'N']","['in', 'fec', 'tion']","['infect', 'ion']",0.3333333333333333,2.14e-05,"[10, 27, 20, 7, 24, 32, 3, 27]"
nelson,"['N', 'EH', 'L', 'S', 'AH', 'N']","['nel', 'son']","['n', 'elson']",0.3333333333333333,1.74e-05,"[27, 7, 25, 31, 3, 27, 0, 0]"
pollution,"['P', 'AH', 'L', 'UW', 'SH', 'AH', 'N']","['pol', 'lu', 'tion']","['poll', 'ution']",0.3333333333333333,1.58e-05,"[29, 3, 25, 15, 32, 3, 27, 0]"
mating,"['M', 'EY', 'T', 'IH', 'NG']","['mat', 'ing']","['m', 'ating']",0.3333333333333333,3.16e-06,"[26, 9, 33, 10, 28, 0, 0, 0]"
roommates,"['R', 'UW', 'M', 'EY', 'T', 'S']","['room', 'mates']","['ro', 'omm', 'ates']",0.3333333333333333,2.45e-06,"[30, 15, 26, 9, 33, 31, 0, 0]"
qui,"['K', 'W', 'IY']",['qui'],"['qu', 'i']",0.3333333333333333,2.09e-06,"[24, 36, 11, 0, 0, 0, 0, 0]"
virtue,"['V', 'ER', 'CH', 'UW']","['vir', 'tue']","['virt', 'ue']",0.3333333333333333,8.71e-06,"[35, 8, 17, 15, 0, 0, 0, 0]"
gordon,"['G', 'AO', 'R', 'D', 'AH', 'N']","['gor', 'don']","['g', 'ordon']",0.3333333333333333,2.34e-05,"[21, 4, 30, 18, 3, 27, 0, 0]"
willow,"['W', 'IH', 'L', 'OW']","['wil', 'low']","['will', 'ow']",0.3333333333333333,4.9e-06,"[36, 10, 25, 12, 0, 0, 0, 0]"
telescope,"['T', 'EH', 'L', 'AH', 'S', 'K', 'OW', 'P']","['tele', 'scope']","['tel', 'esc', 'ope']",0.3333333333333333,5.62e-06,"[33, 7, 25, 3, 31, 24, 12, 29]"
remain,"['R', 'IH', 'M', 'EY', 'N']","['re', 'main']","['rem', 'ain']",0.3333333333333333,6.76e-05,"[30, 10, 26, 9, 27, 0, 0, 0]"
tea,"['T', 'IY']",['tea'],"['te', 'a']",0.3333333333333333,5.37e-05,"[33, 11, 0, 0, 0, 0, 0, 0]"
burden,"['B', 'ER', 'D', 'AH', 'N']","['bur', 'den']","['b', 'urden']",0.3333333333333333,1.7e-05,"[16, 8, 18, 3, 27, 0, 0, 0]"
pepper,"['P', 'EH', 'P', 'ER']","['pep', 'per']","['pe', 'pper']",0.3333333333333333,1.38e-05,"[29, 7, 29, 8, 0, 0, 0, 0]"
autumn,"['AO', 'T', 'AH', 'M']","['au', 'tumn']","['aut', 'umn']",0.3333333333333333,1.82e-05,"[4, 33, 3, 26, 0, 0, 0, 0]"
rebate,"['R', 'IY', 'B', 'EY', 'T']","['re', 'bate']","['reb', 'ate']",0.3333333333333333,2.04e-06,"[30, 11, 16, 9, 33, 0, 0, 0]"
aggregate,"['AE', 'G', 'R', 'AH', 'G', 'AH', 'T']","['ag', 'greg', 'ate']","['agg', 'regate']",0.3333333333333333,8.71e-06,"[2, 21, 30, 3, 21, 3, 33, 0]"
inquiries,"['IH', 'N', 'K', 'W', 'AY', 'ER', 'IY', 'Z']","['in', 'quir', 'ies']","['inqu', 'iries']",0.3333333333333333,6.46e-06,"[10, 27, 24, 36, 6, 8, 11, 38]"
savage,"['S', 'AE', 'V', 'AH', 'JH']","['sav', 'age']","['s', 'avage']",0.3333333333333333,1.12e-05,"[31, 2, 35, 3, 23, 0, 0, 0]"
saying,"['S', 'EY', 'IH', 'NG']","['say', 'ing']","['s', 'aying']",0.3333333333333333,0.000234,"[31, 9, 10, 28, 0, 0, 0, 0]"
incorrect,"['IH', 'N', 'K', 'ER', 'EH', 'K', 'T']","['in', 'cor', 'rect']","['inc', 'orrect']",0.3333333333333333,8.71e-06,"[10, 27, 24, 8, 7, 24, 33, 0]"
toy,"['T', 'OY']",['toy'],"['t', 'oy']",0.3333333333333333,2e-05,"[33, 13, 0, 0, 0, 0, 0, 0]"
sox,"['S', 'AA', 'K', 'S']",['sox'],"['so', 'x']",0.3333333333333333,6.92e-06,"[31, 1, 24, 31, 0, 0, 0, 0]"
robust,"['R', 'OW', 'B', 'AH', 'S', 'T']","['ro', 'bust']","['rob', 'ust']",0.3333333333333333,8.71e-06,"[30, 12, 16, 3, 31, 33, 0, 0]"
similarly,"['S', 'IH', 'M', 'AH', 'L', 'ER', 'L', 'IY']","['sim', 'il', 'arly']","['similar', 'ly']",0.3333333333333333,2e-05,"[31, 10, 26, 3, 25, 8, 25, 11]"
aol,"['EY', 'OW', 'EH', 'L']",['aol'],"['a', 'ol']",0.3333333333333333,1.74e-06,"[9, 12, 7, 25, 0, 0, 0, 0]"
compensation,"['K', 'AA', 'M', 'P', 'AH', 'N', 'S', 'EY', 'SH', 'AH', 'N']","['com', 'pens', 'a', 'tion']","['comp', 'ensation']",0.3333333333333333,2.14e-05,"[24, 1, 26, 29, 3, 27, 31, 9]"
hay,"['HH', 'EY']",['hay'],"['h', 'ay']",0.3333333333333333,8.13e-06,"[22, 9, 0, 0, 0, 0, 0, 0]"
norman,"['N', 'AO', 'R', 'M', 'AH', 'N']","['nor', 'man']","['n', 'orman']",0.3333333333333333,1.38e-05,"[27, 4, 30, 26, 3, 27, 0, 0]"
hacker,"['HH', 'AE', 'K', 'ER']","['hack', 'er']","['h', 'acker']",0.3333333333333333,4.68e-06,"[22, 2, 24, 8, 0, 0, 0, 0]"
specifics,"['S', 'P', 'IH', 'S', 'IH', 'F', 'IH', 'K', 'S']","['spe', 'cif', 'ics']","['specific', 's']",0.3333333333333333,3.31e-06,"[31, 29, 10, 31, 10, 20, 10, 24]"
spa,"['S', 'P', 'AA']",['spa'],"['sp', 'a']",0.3333333333333333,9.12e-06,"[31, 29, 1, 0, 0, 0, 0, 0]"
riding,"['R', 'AY', 'D', 'IH', 'NG']","['rid', 'ing']","['r', 'iding']",0.3333333333333333,3.09e-05,"[30, 6, 18, 10, 28, 0, 0, 0]"
medium,"['M', 'IY', 'D', 'IY', 'AH', 'M']","['me', 'di', 'um']",['medium'],0.3333333333333333,4.07e-05,"[26, 11, 18, 11, 3, 26, 0, 0]"
hepatitis,"['HH', 'EH', 'P', 'AH', 'T', 'AY', 'T', 'AH', 'S']","['hep', 'at', 'it', 'is']","['he', 'pat', 'itis']",0.3333333333333333,3.31e-06,"[22, 7, 29, 3, 33, 6, 33, 3]"
furnished,"['F', 'ER', 'N', 'IH', 'SH', 'T']","['fur', 'nished']","['f', 'urn', 'ished']",0.3333333333333333,4.47e-06,"[20, 8, 27, 10, 32, 33, 0, 0]"
cursor,"['K', 'ER', 'S', 'ER']","['curs', 'or']","['c', 'ursor']",0.3333333333333333,1.23e-06,"[24, 8, 31, 8, 0, 0, 0, 0]"
radiation,"['R', 'EY', 'D', 'IY', 'EY', 'SH', 'AH', 'N']","['ra', 'di', 'ation']","['rad', 'iation']",0.3333333333333333,1.86e-05,"[30, 9, 18, 11, 9, 32, 3, 27]"
extend,"['IH', 'K', 'S', 'T', 'EH', 'N', 'D']","['ex', 'tend']","['ext', 'end']",0.3333333333333333,2.19e-05,"[10, 24, 31, 33, 7, 27, 18, 0]"
subsidiaries,"['S', 'AH', 'B', 'S', 'IH', 'D', 'IY', 'EH', 'R', 'IY', 'Z']","['sub', 'si', 'di', 'ar', 'ies']","['sub', 'sid', 'iaries']",0.3333333333333333,3.8e-06,"[31, 3, 16, 31, 10, 18, 11, 7]"
bother,"['B', 'AA', 'DH', 'ER']","['both', 'er']","['b', 'other']",0.3333333333333333,2.45e-05,"[16, 1, 19, 8, 0, 0, 0, 0]"
maiden,"['M', 'EY', 'D', 'AH', 'N']","['maid', 'en']","['m', 'aiden']",0.3333333333333333,6.61e-06,"[26, 9, 18, 3, 27, 0, 0, 0]"
viking,"['V', 'AY', 'K', 'IH', 'NG']","['vik', 'ing']","['v', 'iking']",0.3333333333333333,3.98e-06,"[35, 6, 24, 10, 28, 0, 0, 0]"
legendary,"['L', 'EH', 'JH', 'AH', 'N', 'D', 'EH', 'R', 'IY']","['le', 'gendary']","['leg', 'end', 'ary']",0.3333333333333333,1.7e-05,"[25, 7, 23, 3, 27, 18, 7, 30]"
neo,"['N', 'IY', 'OW']",['neo'],"['ne', 'o']",0.3333333333333333,9.77e-06,"[27, 11, 12, 0, 0, 0, 0, 0]"
assist,"['AH', 'S', 'IH', 'S', 'T']","['as', 'sist']","['ass', 'ist']",0.3333333333333333,2.63e-05,"[3, 31, 10, 31, 33, 0, 0, 0]"
sudden,"['S', 'AH', 'D', 'AH', 'N']","['sud', 'den']","['s', 'udden']",0.3333333333333333,2.51e-05,"[31, 3, 18, 3, 27, 0, 0, 0]"
sustained,"['S', 'AH', 'S', 'T', 'EY', 'N', 'D']","['sus', 'tained']","['s', 'ust', 'ained']",0.3333333333333333,1.55e-05,"[31, 3, 31, 33, 9, 27, 18, 0]"
unions,"['Y', 'UW', 'N', 'Y', 'AH', 'N', 'Z']","['uni', 'ons']","['un', 'ions']",0.3333333333333333,1.74e-05,"[37, 15, 27, 37, 3, 27, 38, 0]"
expanding,"['IH', 'K', 'S', 'P', 'AE', 'N', 'D', 'IH', 'NG']","['ex', 'pand', 'ing']","['exp', 'anding']",0.3333333333333333,1.48e-05,"[10, 24, 31, 29, 2, 27, 18, 10]"
gospel,"['G', 'AA', 'S', 'P', 'AH', 'L']","['gos', 'pel']","['g', 'ospel']",0.3333333333333333,1.51e-05,"[21, 1, 31, 29, 3, 25, 0, 0]"
narrow,"['N', 'EH', 'R', 'OW']","['nar', 'row']","['n', 'arrow']",0.3333333333333333,2.45e-05,"[27, 7, 30, 12, 0, 0, 0, 0]"
allied,"['AH', 'L', 'AY', 'D']","['al', 'lied']","['all', 'ied']",0.3333333333333333,1.17e-05,"[3, 25, 6, 18, 0, 0, 0, 0]"
arrangements,"['ER', 'EY', 'N', 'JH', 'M', 'AH', 'N', 'T', 'S']","['ar', 'range', 'ments']","['arr', 'ang', 'ements']",0.3333333333333333,1.7e-05,"[8, 9, 27, 23, 26, 3, 27, 33]"
ownership,"['OW', 'N', 'ER', 'SH', 'IH', 'P']","['own', 'er', 'ship']","['owners', 'hip']",0.3333333333333333,2.51e-05,"[12, 27, 8, 32, 10, 29, 0, 0]"
stupid,"['S', 'T', 'UW', 'P', 'AH', 'D']","['stu', 'pid']","['st', 'upid']",0.3333333333333333,8.71e-05,"[31, 33, 15, 29, 3, 18, 0, 0]"
manual,"['M', 'AE', 'N', 'Y', 'UW', 'AH', 'L']","['manu', 'al']","['man', 'ual']",0.3333333333333333,2.09e-05,"[26, 2, 27, 37, 15, 3, 25, 0]"
educators,"['EH', 'JH', 'AH', 'K', 'EY', 'T', 'ER', 'Z']","['edu', 'cat', 'ors']","['educ', 'ators']",0.3333333333333333,6.61e-06,"[7, 23, 3, 24, 9, 33, 8, 38]"
scholarships,"['S', 'K', 'AA', 'L', 'ER', 'SH', 'IH', 'P', 'S']","['schol', 'ar', 'ships']","['sch', 'olars', 'hips']",0.3333333333333333,5.75e-06,"[31, 24, 1, 25, 8, 32, 10, 29]"
chorus,"['K', 'AO', 'R', 'AH', 'S']","['chor', 'us']","['ch', 'orus']",0.3333333333333333,7.94e-06,"[24, 4, 30, 3, 31, 0, 0, 0]"
tigers,"['T', 'AY', 'G', 'ER', 'Z']","['ti', 'gers']","['t', 'igers']",0.3333333333333333,1.41e-05,"[33, 6, 21, 8, 38, 0, 0, 0]"
aurora,"['ER', 'AO', 'R', 'AH']","['au', 'rora']","['aur', 'ora']",0.3333333333333333,5.37e-06,"[8, 4, 30, 3, 0, 0, 0, 0]"
assign,"['AH', 'S', 'AY', 'N']","['as', 'sign']","['ass', 'ign']",0.3333333333333333,4.57e-06,"[3, 31, 6, 27, 0, 0, 0, 0]"
compliant,"['K', 'AH', 'M', 'P', 'L', 'AY', 'AH', 'N', 'T']","['com', 'pli', 'ant']","['compl', 'iant']",0.3333333333333333,2.63e-06,"[24, 3, 26, 29, 25, 6, 3, 27]"
syntax,"['S', 'IH', 'N', 'T', 'AE', 'K', 'S']","['syn', 'tax']","['sy', 'ntax']",0.3333333333333333,3.39e-06,"[31, 10, 27, 33, 2, 24, 31, 0]"
pam,"['P', 'AE', 'M']",['pam'],"['p', 'am']",0.3333333333333333,3.98e-06,"[29, 2, 26, 0, 0, 0, 0, 0]"
martin,"['M', 'AA', 'R', 'T', 'AH', 'N']","['mar', 'tin']","['mart', 'in']",0.3333333333333333,5.5e-05,"[26, 1, 30, 33, 3, 27, 0, 0]"
affair,"['AH', 'F', 'EH', 'R']","['af', 'fair']","['aff', 'air']",0.3333333333333333,2e-05,"[3, 20, 7, 30, 0, 0, 0, 0]"
bacterial,"['B', 'AE', 'K', 'T', 'IH', 'R', 'IY', 'AH', 'L']","['bac', 'teri', 'al']","['b', 'acterial']",0.3333333333333333,5.37e-06,"[16, 2, 24, 33, 10, 30, 11, 3]"
remind,"['R', 'IY', 'M', 'AY', 'N', 'D']","['re', 'mind']","['rem', 'ind']",0.3333333333333333,2.34e-05,"[30, 11, 26, 6, 27, 18, 0, 0]"
mortality,"['M', 'AO', 'R', 'T', 'AE', 'L', 'AH', 'T', 'IY']","['mor', 'tal', 'ity']","['m', 'ortality']",0.3333333333333333,7.94e-06,"[26, 4, 30, 33, 2, 25, 3, 33]"
apparatus,"['AE', 'P', 'ER', 'AE', 'T', 'AH', 'S']","['ap', 'par', 'at', 'us']","['app', 'ar', 'atus']",0.3333333333333333,6.03e-06,"[2, 29, 8, 2, 33, 3, 31, 0]"
dui,"['D', 'IY', 'Y', 'UW', 'AY']",['dui'],"['du', 'i']",0.3333333333333333,2.24e-06,"[18, 11, 37, 15, 6, 0, 0, 0]"
decide,"['D', 'IH', 'S', 'AY', 'D']","['de', 'cide']","['dec', 'ide']",0.3333333333333333,6.03e-05,"[18, 10, 31, 6, 18, 0, 0, 0]"
architect,"['AA', 'R', 'K', 'AH', 'T', 'EH', 'K', 'T']","['ar', 'chi', 'tect']","['arch', 'itect']",0.3333333333333333,1.2e-05,"[1, 30, 24, 3, 33, 7, 24, 33]"
regard,"['R', 'AH', 'G', 'AA', 'R', 'D']","['re', 'gard']","['reg', 'ard']",0.3333333333333333,2.29e-05,"[30, 3, 21, 1, 30, 18, 0, 0]"
henderson,"['HH', 'EH', 'N', 'D', 'ER', 'S', 'AH', 'N']","['hende', 'r', 'son']","['hend', 'erson']",0.3333333333333333,8.51e-06,"[22, 7, 27, 18, 8, 31, 3, 27]"
toward,"['T', 'AH', 'W', 'AO', 'R', 'D']","['to', 'ward']","['t', 'oward']",0.3333333333333333,5.25e-05,"[33, 3, 36, 4, 30, 18, 0, 0]"
expansion,"['IH', 'K', 'S', 'P', 'AE', 'N', 'SH', 'AH', 'N']","['ex', 'pan', 'sion']","['exp', 'ansion']",0.3333333333333333,3.47e-05,"[10, 24, 31, 29, 2, 27, 32, 3]"
relationship,"['R', 'IY', 'L', 'EY', 'SH', 'AH', 'N', 'SH', 'IH', 'P']","['re', 'la', 'tion', 'ship']","['relations', 'hip']",0.3333333333333333,0.000141,"[30, 11, 25, 9, 32, 3, 27, 32]"
suffering,"['S', 'AH', 'F', 'ER', 'IH', 'NG']","['suf', 'fer', 'ing']","['suff', 'ering']",0.3333333333333333,3.39e-05,"[31, 3, 20, 8, 10, 28, 0, 0]"
vocals,"['V', 'OW', 'K', 'AH', 'L', 'Z']","['vo', 'cals']","['voc', 'als']",0.3333333333333333,8.13e-06,"[35, 12, 24, 3, 25, 38, 0, 0]"
clarke,"['K', 'L', 'AA', 'R', 'K']",['clarke'],"['cl', 'ar', 'ke']",0.3333333333333333,1.12e-05,"[24, 25, 1, 30, 24, 0, 0, 0]"
mpg,"['EH', 'M', 'P', 'IY', 'JH', 'IY']",['mpg'],"['mp', 'g']",0.3333333333333333,1.15e-06,"[7, 26, 29, 11, 23, 11, 0, 0]"
ensure,"['EH', 'N', 'SH', 'UH', 'R']","['en', 'sure']","['ens', 'ure']",0.3333333333333333,5.01e-05,"[7, 27, 32, 14, 30, 0, 0, 0]"
cities,"['S', 'IH', 'T', 'IY', 'Z']","['cit', 'ies']","['c', 'ities']",0.3333333333333333,6.92e-05,"[31, 10, 33, 11, 38, 0, 0, 0]"
improving,"['IH', 'M', 'P', 'R', 'UW', 'V', 'IH', 'NG']","['im', 'prov', 'ing']","['impro', 'ving']",0.3333333333333333,2.34e-05,"[10, 26, 29, 30, 15, 35, 10, 28]"
officials,"['AH', 'F', 'IH', 'SH', 'AH', 'L', 'Z']","['of', 'fi', 'cials']","['offic', 'ials']",0.3333333333333333,4.79e-05,"[3, 20, 10, 32, 3, 25, 38, 0]"
purchased,"['P', 'ER', 'CH', 'AH', 'S', 'T']","['pur', 'chased']","['p', 'urch', 'ased']",0.3333333333333333,2.95e-05,"[29, 8, 17, 3, 31, 33, 0, 0]"
boston,"['B', 'AA', 'S', 'T', 'AH', 'N']","['bo', 'ston']","['b', 'oston']",0.3333333333333333,4.68e-05,"[16, 1, 31, 33, 3, 27, 0, 0]"
incest,"['IH', 'N', 'S', 'EH', 'S', 'T']","['in', 'cest']","['inc', 'est']",0.3333333333333333,2.29e-06,"[10, 27, 31, 7, 31, 33, 0, 0]"
appreciation,"['AH', 'P', 'R', 'IY', 'SH', 'IY', 'EY', 'SH', 'AH', 'N']","['ap', 'pre', 'ci', 'ation']","['app', 'reciation']",0.3333333333333333,1.32e-05,"[3, 29, 30, 11, 32, 11, 9, 32]"
basically,"['B', 'EY', 'S', 'IH', 'K', 'L', 'IY']","['ba', 'sic', 'ally']","['bas', 'ically']",0.3333333333333333,4.27e-05,"[16, 9, 31, 10, 24, 25, 11, 0]"
titans,"['T', 'AY', 'T', 'AH', 'N', 'Z']","['ti', 'tans']","['t', 'itans']",0.3333333333333333,7.94e-06,"[33, 6, 33, 3, 27, 38, 0, 0]"
basics,"['B', 'EY', 'S', 'IH', 'K', 'S']","['ba', 'sics']","['bas', 'ics']",0.3333333333333333,6.61e-06,"[16, 9, 31, 10, 24, 31, 0, 0]"
honest,"['AA', 'N', 'AH', 'S', 'T']","['hon', 'est']","['h', 'onest']",0.3333333333333333,5.37e-05,"[1, 27, 3, 31, 33, 0, 0, 0]"
remaining,"['R', 'IH', 'M', 'EY', 'N', 'IH', 'NG']","['re', 'main', 'ing']","['rem', 'aining']",0.3333333333333333,4.27e-05,"[30, 10, 26, 9, 27, 10, 28, 0]"
discounts,"['D', 'IH', 'S', 'K', 'AW', 'N', 'T', 'S']","['dis', 'counts']","['disc', 'ount', 's']",0.3333333333333333,6.17e-06,"[18, 10, 31, 24, 5, 27, 33, 31]"
labour,"['L', 'EY', 'B', 'AW', 'R']","['la', 'bour']","['lab', 'our']",0.3333333333333333,5.01e-05,"[25, 9, 16, 5, 30, 0, 0, 0]"
tomato,"['T', 'AH', 'M', 'EY', 'T', 'OW']","['to', 'mato']","['tom', 'ato']",0.3333333333333333,7.08e-06,"[33, 3, 26, 9, 33, 12, 0, 0]"
destinations,"['D', 'EH', 'S', 'T', 'AH', 'N', 'EY', 'SH', 'AH', 'N', 'Z']","['des', 'tin', 'a', 'tions']","['dest', 'inations']",0.3333333333333333,6.76e-06,"[18, 7, 31, 33, 3, 27, 9, 32]"
labels,"['L', 'EY', 'B', 'AH', 'L', 'Z']","['la', 'bels']","['lab', 'els']",0.3333333333333333,1.2e-05,"[25, 9, 16, 3, 25, 38, 0, 0]"
bio,"['B', 'AY', 'OW']",['bio'],"['b', 'io']",0.3333333333333333,1.17e-05,"[16, 6, 12, 0, 0, 0, 0, 0]"
mai,"['M', 'AY']",['mai'],"['m', 'ai']",0.3333333333333333,3.39e-06,"[26, 6, 0, 0, 0, 0, 0, 0]"
treaty,"['T', 'R', 'IY', 'T', 'IY']",['treaty'],"['t', 'reat', 'y']",0.3333333333333333,2.04e-05,"[33, 30, 11, 33, 11, 0, 0, 0]"
candidate,"['K', 'AE', 'N', 'D', 'AH', 'D', 'EY', 'T']","['can', 'did', 'ate']","['cand', 'idate']",0.3333333333333333,4.57e-05,"[24, 2, 27, 18, 3, 18, 9, 33]"
taiwan,"['T', 'AY', 'W', 'AA', 'N']",['taiwan'],"['t', 'ai', 'wan']",0.3333333333333333,1.1e-05,"[33, 6, 36, 1, 27, 0, 0, 0]"
greece,"['G', 'R', 'IY', 'S']",['greece'],"['g', 'ree', 'ce']",0.3333333333333333,1.91e-05,"[21, 30, 11, 31, 0, 0, 0, 0]"
latter,"['L', 'AE', 'T', 'ER']","['lat', 'ter']","['l', 'atter']",0.3333333333333333,3.63e-05,"[25, 2, 33, 8, 0, 0, 0, 0]"
sierra,"['S', 'IY', 'EH', 'R', 'AH']","['si', 'erra']","['s', 'ierra']",0.3333333333333333,1.15e-05,"[31, 11, 7, 30, 3, 0, 0, 0]"
extensive,"['IH', 'K', 'S', 'T', 'EH', 'N', 'S', 'IH', 'V']","['ex', 'tens', 'ive']","['ext', 'ensive']",0.3333333333333333,3.09e-05,"[10, 24, 31, 33, 7, 27, 31, 10]"
anthropology,"['AE', 'N', 'TH', 'R', 'AH', 'P', 'AA', 'L', 'AH', 'JH', 'IY']","['an', 'thro', 'po', 'logy']","['anthrop', 'ology']",0.3333333333333333,4.47e-06,"[2, 27, 34, 30, 3, 29, 1, 25]"
trying,"['T', 'R', 'AY', 'IH', 'NG']","['try', 'ing']","['t', 'rying']",0.3333333333333333,0.000295,"[33, 30, 6, 10, 28, 0, 0, 0]"
