word,arpabet,syllables,tokenized_word,hamming_distance,word_frequency,phon_vec
bus,"['B', 'AH', 'S']",['bus'],['bus'],0.0,6.76e-05,"[16, 3, 31, 0, 0, 0, 0, 0]"
scroll,"['S', 'K', 'R', 'OW', 'L']",['scroll'],['scroll'],0.0,7.24e-06,"[31, 24, 30, 12, 25, 0, 0, 0]"
tunnel,"['T', 'AH', 'N', 'AH', 'L']","['tun', 'nel']","['tun', 'nel']",0.0,1.74e-05,"[33, 3, 27, 3, 25, 0, 0, 0]"
patents,"['P', 'AE', 'T', 'AH', 'N', 'T', 'S']","['pat', 'ents']","['pat', 'ents']",0.0,5.89e-06,"[29, 2, 33, 3, 27, 33, 31, 0]"
bits,"['B', 'IH', 'T', 'S']",['bits'],['bits'],0.0,1.51e-05,"[16, 10, 33, 31, 0, 0, 0, 0]"
passwords,"['P', 'AE', 'S', 'W', 'ER', 'D', 'Z']","['pass', 'words']","['pass', 'words']",0.0,3.72e-06,"[29, 2, 31, 36, 8, 18, 38, 0]"
shot,"['SH', 'AA', 'T']",['shot'],['shot'],0.0,0.000166,"[32, 1, 33, 0, 0, 0, 0, 0]"
sec,"['S', 'EH', 'K']",['sec'],['sec'],0.0,2.04e-05,"[31, 7, 24, 0, 0, 0, 0, 0]"
hardcore,"['HH', 'AA', 'R', 'D', 'K', 'AO', 'R']","['hard', 'core']","['hard', 'core']",0.0,9.33e-06,"[22, 1, 30, 18, 24, 4, 30, 0]"
league,"['L', 'IY', 'G']",['league'],['league'],0.0,0.000135,"[25, 11, 21, 0, 0, 0, 0, 0]"
minute,"['M', 'IH', 'N', 'AH', 'T']",['minute'],['minute'],0.0,9.55e-05,"[26, 10, 27, 3, 33, 0, 0, 0]"
ashley,"['AE', 'SH', 'L', 'IY']","['ash', 'ley']","['ash', 'ley']",0.0,1.29e-05,"[2, 32, 25, 11, 0, 0, 0, 0]"
cold,"['K', 'OW', 'L', 'D']",['cold'],['cold'],0.0,0.000105,"[24, 12, 25, 18, 0, 0, 0, 0]"
chair,"['CH', 'EH', 'R']",['chair'],['chair'],0.0,4.9e-05,"[17, 7, 30, 0, 0, 0, 0, 0]"
phase,"['F', 'EY', 'Z']",['phase'],['phase'],0.0,4.37e-05,"[20, 9, 38, 0, 0, 0, 0, 0]"
fields,"['F', 'IY', 'L', 'D', 'Z']",['fields'],['fields'],0.0,3.98e-05,"[20, 11, 25, 18, 38, 0, 0, 0]"
bag,"['B', 'AE', 'G']",['bag'],['bag'],0.0,6.17e-05,"[16, 2, 21, 0, 0, 0, 0, 0]"
mil,"['M', 'IH', 'L']",['mil'],['mil'],0.0,5.5e-06,"[26, 10, 25, 0, 0, 0, 0, 0]"
cult,"['K', 'AH', 'L', 'T']",['cult'],['cult'],0.0,1.23e-05,"[24, 3, 25, 33, 0, 0, 0, 0]"
dash,"['D', 'AE', 'SH']",['dash'],['dash'],0.0,1e-05,"[18, 2, 32, 0, 0, 0, 0, 0]"
passive,"['P', 'AE', 'S', 'IH', 'V']","['pass', 'ive']","['pass', 'ive']",0.0,1.07e-05,"[29, 2, 31, 10, 35, 0, 0, 0]"
peaceful,"['P', 'IY', 'S', 'F', 'AH', 'L']","['peace', 'ful']","['peace', 'ful']",0.0,1.91e-05,"[29, 11, 31, 20, 3, 25, 0, 0]"
buyer,"['B', 'AY', 'ER']","['buy', 'er']","['buy', 'er']",0.0,1.07e-05,"[16, 6, 8, 0, 0, 0, 0, 0]"
easily,"['IY', 'Z', 'AH', 'L', 'IY']","['eas', 'ily']","['eas', 'ily']",0.0,8.13e-05,"[11, 38, 3, 25, 11, 0, 0, 0]"
ford,"['F', 'AO', 'R', 'D']",['ford'],['ford'],0.0,3.16e-05,"[20, 4, 30, 18, 0, 0, 0, 0]"
edge,"['EH', 'JH']",['edge'],['edge'],0.0,5.5e-05,"[7, 23, 0, 0, 0, 0, 0, 0]"
root,"['R', 'UW', 'T']",['root'],['root'],0.0,2.57e-05,"[30, 15, 33, 0, 0, 0, 0, 0]"
closed,"['K', 'L', 'OW', 'Z', 'D']",['closed'],['closed'],0.0,7.94e-05,"[24, 25, 12, 38, 18, 0, 0, 0]"
ice,"['AY', 'S']",['ice'],['ice'],0.0,0.0001,"[6, 31, 0, 0, 0, 0, 0, 0]"
anaheim,"['AE', 'N', 'AH', 'HH', 'AY', 'M']","['ana', 'heim']","['ana', 'heim']",0.0,2.88e-06,"[2, 27, 3, 22, 6, 26, 0, 0]"
ping,"['P', 'IH', 'NG']",['ping'],['ping'],0.0,5.75e-06,"[29, 10, 28, 0, 0, 0, 0, 0]"
textbook,"['T', 'EH', 'K', 'S', 'T', 'B', 'UH', 'K']","['text', 'book']","['text', 'book']",0.0,5.89e-06,"[33, 7, 24, 31, 33, 16, 14, 24]"
checklist,"['CH', 'EH', 'K', 'L', 'IH', 'S', 'T']","['check', 'list']","['check', 'list']",0.0,2.82e-06,"[17, 7, 24, 25, 10, 31, 33, 0]"
trainers,"['T', 'R', 'EY', 'N', 'ER', 'Z']","['train', 'ers']","['train', 'ers']",0.0,5.25e-06,"[33, 30, 9, 27, 8, 38, 0, 0]"
doors,"['D', 'AO', 'R', 'Z']",['doors'],['doors'],0.0,3.47e-05,"[18, 4, 30, 38, 0, 0, 0, 0]"
forth,"['F', 'AO', 'R', 'TH']",['forth'],['forth'],0.0,2.51e-05,"[20, 4, 30, 34, 0, 0, 0, 0]"
gateway,"['G', 'EY', 'T', 'W', 'EY']","['gate', 'way']","['gate', 'way']",0.0,6.76e-06,"[21, 9, 33, 36, 9, 0, 0, 0]"
drawing,"['D', 'R', 'AO', 'IH', 'NG']","['draw', 'ing']","['draw', 'ing']",0.0,3.8e-05,"[18, 30, 4, 10, 28, 0, 0, 0]"
ordered,"['AO', 'R', 'D', 'ER', 'D']",['ordered'],['ordered'],0.0,5.5e-05,"[4, 30, 18, 8, 18, 0, 0, 0]"
transition,"['T', 'R', 'AE', 'N', 'Z', 'IH', 'SH', 'AH', 'N']","['trans', 'ition']","['trans', 'ition']",0.0,2.88e-05,"[33, 30, 2, 27, 38, 10, 32, 3]"
split,"['S', 'P', 'L', 'IH', 'T']",['split'],['split'],0.0,4.47e-05,"[31, 29, 25, 10, 33, 0, 0, 0]"
powers,"['P', 'AW', 'ER', 'Z']",['powers'],['powers'],0.0,5.01e-05,"[29, 5, 8, 38, 0, 0, 0, 0]"
luis,"['L', 'UW', 'IY', 'S']","['lu', 'is']","['lu', 'is']",0.0,9.77e-06,"[25, 15, 11, 31, 0, 0, 0, 0]"
johnson,"['JH', 'AA', 'N', 'S', 'AH', 'N']","['john', 'son']","['john', 'son']",0.0,5.25e-05,"[23, 1, 27, 31, 3, 27, 0, 0]"
claim,"['K', 'L', 'EY', 'M']",['claim'],['claim'],0.0,8.91e-05,"[24, 25, 9, 26, 0, 0, 0, 0]"
surgery,"['S', 'ER', 'JH', 'ER', 'IY']","['sur', 'gery']","['sur', 'gery']",0.0,4.27e-05,"[31, 8, 23, 8, 11, 0, 0, 0]"
patch,"['P', 'AE', 'CH']",['patch'],['patch'],0.0,1.58e-05,"[29, 2, 17, 0, 0, 0, 0, 0]"
heat,"['HH', 'IY', 'T']",['heat'],['heat'],0.0,7.24e-05,"[22, 11, 33, 0, 0, 0, 0, 0]"
wild,"['W', 'AY', 'L', 'D']",['wild'],['wild'],0.0,6.31e-05,"[36, 6, 25, 18, 0, 0, 0, 0]"
miss,"['M', 'IH', 'S']",['miss'],['miss'],0.0,0.000166,"[26, 10, 31, 0, 0, 0, 0, 0]"
task,"['T', 'AE', 'S', 'K']",['task'],['task'],0.0,4.47e-05,"[33, 2, 31, 24, 0, 0, 0, 0]"
fires,"['F', 'AY', 'ER', 'Z']",['fires'],['fires'],0.0,1.48e-05,"[20, 6, 8, 38, 0, 0, 0, 0]"
algeria,"['AE', 'L', 'JH', 'IH', 'R', 'IY', 'AH']","['al', 'ger', 'ia']","['al', 'ger', 'ia']",0.0,4.17e-06,"[2, 25, 23, 10, 30, 11, 3, 0]"
count,"['K', 'AW', 'N', 'T']",['count'],['count'],0.0,6.76e-05,"[24, 5, 27, 33, 0, 0, 0, 0]"
reload,"['R', 'IY', 'L', 'OW', 'D']","['re', 'load']","['re', 'load']",0.0,1.82e-06,"[30, 11, 25, 12, 18, 0, 0, 0]"
push,"['P', 'UH', 'SH']",['push'],['push'],0.0,6.61e-05,"[29, 14, 32, 0, 0, 0, 0, 0]"
findings,"['F', 'AY', 'N', 'D', 'IH', 'NG', 'Z']","['find', 'ings']","['find', 'ings']",0.0,2.4e-05,"[20, 6, 27, 18, 10, 28, 38, 0]"
tower,"['T', 'AW', 'ER']",['tower'],['tower'],0.0,3.16e-05,"[33, 5, 8, 0, 0, 0, 0, 0]"
sum,"['S', 'AH', 'M']",['sum'],['sum'],0.0,2.19e-05,"[31, 3, 26, 0, 0, 0, 0, 0]"
alan,"['AE', 'L', 'AH', 'N']",['alan'],['alan'],0.0,2.82e-05,"[2, 25, 3, 27, 0, 0, 0, 0]"
shell,"['SH', 'EH', 'L']",['shell'],['shell'],0.0,2.45e-05,"[32, 7, 25, 0, 0, 0, 0, 0]"
stat,"['S', 'T', 'AE', 'T']",['stat'],['stat'],0.0,8.91e-06,"[31, 33, 2, 33, 0, 0, 0, 0]"
essex,"['EH', 'S', 'IH', 'K', 'S']","['es', 'sex']","['es', 'sex']",0.0,8.32e-06,"[7, 31, 10, 24, 31, 0, 0, 0]"
unity,"['Y', 'UW', 'N', 'AH', 'T', 'IY']",['unity'],['unity'],0.0,1.66e-05,"[37, 15, 27, 3, 33, 11, 0, 0]"
batman,"['B', 'AE', 'T', 'M', 'AE', 'N']","['bat', 'man']","['bat', 'man']",0.0,1.66e-05,"[16, 2, 33, 26, 2, 27, 0, 0]"
oak,"['OW', 'K']",['oak'],['oak'],0.0,1.51e-05,"[12, 24, 0, 0, 0, 0, 0, 0]"
beer,"['B', 'IH', 'R']",['beer'],['beer'],0.0,5.01e-05,"[16, 10, 30, 0, 0, 0, 0, 0]"
packaging,"['P', 'AE', 'K', 'IH', 'JH', 'IH', 'NG']","['pack', 'aging']","['pack', 'aging']",0.0,9.12e-06,"[29, 2, 24, 10, 23, 10, 28, 0]"
catch,"['K', 'AE', 'CH']",['catch'],['catch'],0.0,7.41e-05,"[24, 2, 17, 0, 0, 0, 0, 0]"
unable,"['AH', 'N', 'EY', 'B', 'AH', 'L']","['un', 'able']","['un', 'able']",0.0,4.07e-05,"[3, 27, 9, 16, 3, 25, 0, 0]"
chronicles,"['K', 'R', 'AA', 'N', 'IH', 'K', 'AH', 'L', 'Z']","['chron', 'icles']","['chron', 'icles']",0.0,4.37e-06,"[24, 30, 1, 27, 10, 24, 3, 25]"
readings,"['R', 'EH', 'D', 'IH', 'NG', 'Z']","['read', 'ings']","['read', 'ings']",0.0,7.08e-06,"[30, 7, 18, 10, 28, 38, 0, 0]"
bee,"['B', 'IY']",['bee'],['bee'],0.0,1.23e-05,"[16, 11, 0, 0, 0, 0, 0, 0]"
cum,"['K', 'AH', 'M']",['cum'],['cum'],0.0,1.1e-05,"[24, 3, 26, 0, 0, 0, 0, 0]"
rats,"['R', 'AE', 'T', 'S']",['rats'],['rats'],0.0,1.12e-05,"[30, 2, 33, 31, 0, 0, 0, 0]"
airports,"['EH', 'R', 'P', 'AO', 'R', 'T', 'S']","['air', 'ports']","['air', 'ports']",0.0,8.51e-06,"[7, 30, 29, 4, 30, 33, 31, 0]"
begun,"['B', 'IH', 'G', 'AH', 'N']","['be', 'gun']","['be', 'gun']",0.0,2.29e-05,"[16, 10, 21, 3, 27, 0, 0, 0]"
packets,"['P', 'AE', 'K', 'IH', 'T', 'S']","['pack', 'ets']","['pack', 'ets']",0.0,3.31e-06,"[29, 2, 24, 10, 33, 31, 0, 0]"
lap,"['L', 'AE', 'P']",['lap'],['lap'],0.0,1.51e-05,"[25, 2, 29, 0, 0, 0, 0, 0]"
shirt,"['SH', 'ER', 'T']",['shirt'],['shirt'],0.0,4.27e-05,"[32, 8, 33, 0, 0, 0, 0, 0]"
foot,"['F', 'UH', 'T']",['foot'],['foot'],0.0,7.41e-05,"[20, 14, 33, 0, 0, 0, 0, 0]"
mass,"['M', 'AE', 'S']",['mass'],['mass'],0.0,7.41e-05,"[26, 2, 31, 0, 0, 0, 0, 0]"
crime,"['K', 'R', 'AY', 'M']",['crime'],['crime'],0.0,7.76e-05,"[24, 30, 6, 26, 0, 0, 0, 0]"
char,"['CH', 'AA', 'R']",['char'],['char'],0.0,2.95e-06,"[17, 1, 30, 0, 0, 0, 0, 0]"
whose,"['HH', 'UW', 'Z']",['whose'],['whose'],0.0,0.000117,"[22, 15, 38, 0, 0, 0, 0, 0]"
chance,"['CH', 'AE', 'N', 'S']",['chance'],['chance'],0.0,0.000182,"[17, 2, 27, 31, 0, 0, 0, 0]"
ball,"['B', 'AO', 'L']",['ball'],['ball'],0.0,0.00011,"[16, 4, 25, 0, 0, 0, 0, 0]"
parcel,"['P', 'AA', 'R', 'S', 'AH', 'L']","['par', 'cel']","['par', 'cel']",0.0,4.68e-06,"[29, 1, 30, 31, 3, 25, 0, 0]"
fifteen,"['F', 'IH', 'F', 'T', 'IY', 'N']","['fif', 'teen']","['fif', 'teen']",0.0,1.38e-05,"[20, 10, 20, 33, 11, 27, 0, 0]"
rolled,"['R', 'OW', 'L', 'D']",['rolled'],['rolled'],0.0,1.62e-05,"[30, 12, 25, 18, 0, 0, 0, 0]"
rays,"['R', 'EY', 'Z']",['rays'],['rays'],0.0,1.07e-05,"[30, 9, 38, 0, 0, 0, 0, 0]"
horrible,"['HH', 'AO', 'R', 'AH', 'B', 'AH', 'L']","['hor', 'rible']","['hor', 'rible']",0.0,2.75e-05,"[22, 4, 30, 3, 16, 3, 25, 0]"
stickers,"['S', 'T', 'IH', 'K', 'ER', 'Z']","['stick', 'ers']","['stick', 'ers']",0.0,4.9e-06,"[31, 33, 10, 24, 8, 38, 0, 0]"
birds,"['B', 'ER', 'D', 'Z']",['birds'],['birds'],0.0,3.98e-05,"[16, 8, 18, 38, 0, 0, 0, 0]"
forest,"['F', 'AO', 'R', 'AH', 'S', 'T']",['forest'],['forest'],0.0,5.01e-05,"[20, 4, 30, 3, 31, 33, 0, 0]"
preferred,"['P', 'R', 'AH', 'F', 'ER', 'D']","['pre', 'ferred']","['pre', 'ferred']",0.0,2.24e-05,"[29, 30, 3, 20, 8, 18, 0, 0]"
shots,"['SH', 'AA', 'T', 'S']",['shots'],['shots'],0.0,4.27e-05,"[32, 1, 33, 31, 0, 0, 0, 0]"
outlook,"['AW', 'T', 'L', 'UH', 'K']","['out', 'look']","['out', 'look']",0.0,1.17e-05,"[5, 33, 25, 14, 24, 0, 0, 0]"
massive,"['M', 'AE', 'S', 'IH', 'V']",['massive'],['massive'],0.0,5.25e-05,"[26, 2, 31, 10, 35, 0, 0, 0]"
denmark,"['D', 'EH', 'N', 'M', 'AA', 'R', 'K']","['den', 'mark']","['den', 'mark']",0.0,1.1e-05,"[18, 7, 27, 26, 1, 30, 24, 0]"
landing,"['L', 'AE', 'N', 'D', 'IH', 'NG']","['land', 'ing']","['land', 'ing']",0.0,2.51e-05,"[25, 2, 27, 18, 10, 28, 0, 0]"
signing,"['S', 'AY', 'N', 'IH', 'NG']","['sign', 'ing']","['sign', 'ing']",0.0,2.51e-05,"[31, 6, 27, 10, 28, 0, 0, 0]"
showcase,"['SH', 'OW', 'K', 'EY', 'S']","['show', 'case']","['show', 'case']",0.0,8.32e-06,"[32, 12, 24, 9, 31, 0, 0, 0]"
asks,"['AE', 'S', 'K', 'S']",['asks'],['asks'],0.0,2.75e-05,"[2, 31, 24, 31, 0, 0, 0, 0]"
displays,"['D', 'IH', 'S', 'P', 'L', 'EY', 'Z']","['dis', 'plays']","['dis', 'plays']",0.0,1.17e-05,"[18, 10, 31, 29, 25, 9, 38, 0]"
sword,"['S', 'AO', 'R', 'D']",['sword'],['sword'],0.0,2.34e-05,"[31, 4, 30, 18, 0, 0, 0, 0]"
hoping,"['HH', 'OW', 'P', 'IH', 'NG']","['hop', 'ing']","['hop', 'ing']",0.0,4.68e-05,"[22, 12, 29, 10, 28, 0, 0, 0]"
bright,"['B', 'R', 'AY', 'T']",['bright'],['bright'],0.0,4.07e-05,"[16, 30, 6, 33, 0, 0, 0, 0]"
formed,"['F', 'AO', 'R', 'M', 'D']",['formed'],['formed'],0.0,4.79e-05,"[20, 4, 30, 26, 18, 0, 0, 0]"
echo,"['EH', 'K', 'OW']",['echo'],['echo'],0.0,1.1e-05,"[7, 24, 12, 0, 0, 0, 0, 0]"
que,"['K', 'Y', 'UW']",['que'],['que'],0.0,6.92e-06,"[24, 37, 15, 0, 0, 0, 0, 0]"
grid,"['G', 'R', 'IH', 'D']",['grid'],['grid'],0.0,1.51e-05,"[21, 30, 10, 18, 0, 0, 0, 0]"
sheets,"['SH', 'IY', 'T', 'S']",['sheets'],['sheets'],0.0,1.45e-05,"[32, 11, 33, 31, 0, 0, 0, 0]"
patrick,"['P', 'AE', 'T', 'R', 'IH', 'K']",['patrick'],['patrick'],0.0,2.34e-05,"[29, 2, 33, 30, 10, 24, 0, 0]"
puerto,"['P', 'W', 'EH', 'R', 'T', 'OW']","['pu', 'erto']","['pu', 'erto']",0.0,1.1e-05,"[29, 36, 7, 30, 33, 12, 0, 0]"
reunion,"['R', 'IY', 'UW', 'N', 'Y', 'AH', 'N']","['re', 'union']","['re', 'union']",0.0,8.51e-06,"[30, 11, 15, 27, 37, 3, 27, 0]"
landscape,"['L', 'AE', 'N', 'D', 'S', 'K', 'EY', 'P']","['land', 'scape']","['land', 'scape']",0.0,2.29e-05,"[25, 2, 27, 18, 31, 24, 9, 29]"
banner,"['B', 'AE', 'N', 'ER']","['ban', 'ner']","['ban', 'ner']",0.0,1.32e-05,"[16, 2, 27, 8, 0, 0, 0, 0]"
ash,"['AE', 'SH']",['ash'],['ash'],0.0,1.45e-05,"[2, 32, 0, 0, 0, 0, 0, 0]"
ali,"['AA', 'L', 'IY']",['ali'],['ali'],0.0,2.04e-05,"[1, 25, 11, 0, 0, 0, 0, 0]"
monroe,"['M', 'AH', 'N', 'R', 'OW']","['mon', 'roe']","['mon', 'roe']",0.0,7.76e-06,"[26, 3, 27, 30, 12, 0, 0, 0]"
paste,"['P', 'EY', 'S', 'T']",['paste'],['paste'],0.0,8.13e-06,"[29, 9, 31, 33, 0, 0, 0, 0]"
bucks,"['B', 'AH', 'K', 'S']",['bucks'],['bucks'],0.0,1.55e-05,"[16, 3, 24, 31, 0, 0, 0, 0]"
jump,"['JH', 'AH', 'M', 'P']",['jump'],['jump'],0.0,4.9e-05,"[23, 3, 26, 29, 0, 0, 0, 0]"
cells,"['S', 'EH', 'L', 'Z']",['cells'],['cells'],0.0,5.62e-05,"[31, 7, 25, 38, 0, 0, 0, 0]"
acquire,"['AH', 'K', 'W', 'AY', 'ER']","['ac', 'quire']","['ac', 'quire']",0.0,1.35e-05,"[3, 24, 36, 6, 8, 0, 0, 0]"
res,"['R', 'EY', 'Z']",['res'],['res'],0.0,6.17e-06,"[30, 9, 38, 0, 0, 0, 0, 0]"
sit,"['S', 'IH', 'T']",['sit'],['sit'],0.0,7.94e-05,"[31, 10, 33, 0, 0, 0, 0, 0]"
wow,"['W', 'AW']",['wow'],['wow'],0.0,9.12e-05,"[36, 5, 0, 0, 0, 0, 0, 0]"
writers,"['R', 'AY', 'T', 'ER', 'Z']",['writers'],['writers'],0.0,3.55e-05,"[30, 6, 33, 8, 38, 0, 0, 0]"
marks,"['M', 'AA', 'R', 'K', 'S']",['marks'],['marks'],0.0,3.09e-05,"[26, 1, 30, 24, 31, 0, 0, 0]"
flexible,"['F', 'L', 'EH', 'K', 'S', 'AH', 'B', 'AH', 'L']","['flex', 'ible']","['flex', 'ible']",0.0,1.35e-05,"[20, 25, 7, 24, 31, 3, 16, 3]"
spirits,"['S', 'P', 'IH', 'R', 'AH', 'T', 'S']","['spir', 'its']","['spir', 'its']",0.0,1.45e-05,"[31, 29, 10, 30, 3, 33, 31, 0]"
pixel,"['P', 'IH', 'K', 'S', 'AH', 'L']",['pixel'],['pixel'],0.0,5.25e-06,"[29, 10, 24, 31, 3, 25, 0, 0]"
float,"['F', 'L', 'OW', 'T']",['float'],['float'],0.0,8.71e-06,"[20, 25, 12, 33, 0, 0, 0, 0]"
por,"['P', 'AO', 'R']",['por'],['por'],0.0,3.16e-06,"[29, 4, 30, 0, 0, 0, 0, 0]"
chip,"['CH', 'IH', 'P']",['chip'],['chip'],0.0,2.04e-05,"[17, 10, 29, 0, 0, 0, 0, 0]"
vessel,"['V', 'EH', 'S', 'AH', 'L']","['ves', 'sel']","['ves', 'sel']",0.0,1.86e-05,"[35, 7, 31, 3, 25, 0, 0, 0]"
viruses,"['V', 'AY', 'R', 'AH', 'S', 'AH', 'Z']","['vir', 'uses']","['vir', 'uses']",0.0,5.37e-06,"[35, 6, 30, 3, 31, 3, 38, 0]"
admit,"['AH', 'D', 'M', 'IH', 'T']","['ad', 'mit']","['ad', 'mit']",0.0,3.8e-05,"[3, 18, 26, 10, 33, 0, 0, 0]"
samoa,"['S', 'AH', 'M', 'OW', 'AH']","['sam', 'oa']","['sam', 'oa']",0.0,2.45e-06,"[31, 3, 26, 12, 3, 0, 0, 0]"
tap,"['T', 'AE', 'P']",['tap'],['tap'],0.0,1.91e-05,"[33, 2, 29, 0, 0, 0, 0, 0]"
fit,"['F', 'IH', 'T']",['fit'],['fit'],0.0,8.91e-05,"[20, 10, 33, 0, 0, 0, 0, 0]"
tests,"['T', 'EH', 'S', 'T', 'S']",['tests'],['tests'],0.0,4.68e-05,"[33, 7, 31, 33, 31, 0, 0, 0]"
met,"['M', 'EH', 'T']",['met'],['met'],0.0,0.000123,"[26, 7, 33, 0, 0, 0, 0, 0]"
pain,"['P', 'EY', 'N']",['pain'],['pain'],0.0,0.000107,"[29, 9, 27, 0, 0, 0, 0, 0]"
oman,"['OW', 'M', 'AA', 'N']",['oman'],['oman'],0.0,2.29e-06,"[12, 26, 1, 27, 0, 0, 0, 0]"
goal,"['G', 'OW', 'L']",['goal'],['goal'],0.0,0.000115,"[21, 12, 25, 0, 0, 0, 0, 0]"
sold,"['S', 'OW', 'L', 'D']",['sold'],['sold'],0.0,9.33e-05,"[31, 12, 25, 18, 0, 0, 0, 0]"
wind,"['W', 'AY', 'N', 'D']",['wind'],['wind'],0.0,6.92e-05,"[36, 6, 27, 18, 0, 0, 0, 0]"
sciences,"['S', 'AY', 'AH', 'N', 'S', 'AH', 'Z']","['sci', 'ences']","['sci', 'ences']",0.0,2.45e-05,"[31, 6, 3, 27, 31, 3, 38, 0]"
lowest,"['L', 'OW', 'AH', 'S', 'T']","['low', 'est']","['low', 'est']",0.0,2.57e-05,"[25, 12, 3, 31, 33, 0, 0, 0]"
highly,"['HH', 'AY', 'L', 'IY']",['highly'],['highly'],0.0,7.76e-05,"[22, 6, 25, 11, 0, 0, 0, 0]"
emergency,"['IH', 'M', 'ER', 'JH', 'AH', 'N', 'S', 'IY']","['emer', 'gency']","['emer', 'gency']",0.0,5.25e-05,"[10, 26, 8, 23, 3, 27, 31, 11]"
stone,"['S', 'T', 'OW', 'N']",['stone'],['stone'],0.0,6.31e-05,"[31, 33, 12, 27, 0, 0, 0, 0]"
conclude,"['K', 'AH', 'N', 'K', 'L', 'UW', 'D']","['con', 'clude']","['con', 'clude']",0.0,7.94e-06,"[24, 3, 27, 24, 25, 15, 18, 0]"
surfaces,"['S', 'ER', 'F', 'AH', 'S', 'AH', 'Z']","['sur', 'faces']","['sur', 'faces']",0.0,1.05e-05,"[31, 8, 20, 3, 31, 3, 38, 0]"
propose,"['P', 'R', 'AH', 'P', 'OW', 'Z']","['pro', 'pose']","['pro', 'pose']",0.0,9.77e-06,"[29, 30, 3, 29, 12, 38, 0, 0]"
rage,"['R', 'EY', 'JH']",['rage'],['rage'],0.0,1.29e-05,"[30, 9, 23, 0, 0, 0, 0, 0]"
advisors,"['AE', 'D', 'V', 'AY', 'Z', 'ER', 'Z']","['ad', 'visors']","['ad', 'visors']",0.0,4.27e-06,"[2, 18, 35, 6, 38, 8, 38, 0]"
harley,"['HH', 'AA', 'R', 'L', 'IY']","['har', 'ley']","['har', 'ley']",0.0,5.25e-06,"[22, 1, 30, 25, 11, 0, 0, 0]"
norway,"['N', 'AO', 'R', 'W', 'EY']","['nor', 'way']","['nor', 'way']",0.0,1.41e-05,"[27, 4, 30, 36, 9, 0, 0, 0]"
vermont,"['V', 'ER', 'M', 'AA', 'N', 'T']","['ver', 'mont']","['ver', 'mont']",0.0,6.92e-06,"[35, 8, 26, 1, 27, 33, 0, 0]"
blocks,"['B', 'L', 'AA', 'K', 'S']",['blocks'],['blocks'],0.0,2.69e-05,"[16, 25, 1, 24, 31, 0, 0, 0]"
suit,"['S', 'UW', 'T']",['suit'],['suit'],0.0,5.01e-05,"[31, 15, 33, 0, 0, 0, 0, 0]"
shift,"['SH', 'IH', 'F', 'T']",['shift'],['shift'],0.0,3.72e-05,"[32, 10, 20, 33, 0, 0, 0, 0]"
theme,"['TH', 'IY', 'M']",['theme'],['theme'],0.0,4.17e-05,"[34, 11, 26, 0, 0, 0, 0, 0]"
prep,"['P', 'R', 'EH', 'P']",['prep'],['prep'],0.0,8.71e-06,"[29, 30, 7, 29, 0, 0, 0, 0]"
tags,"['T', 'AE', 'G', 'Z']",['tags'],['tags'],0.0,6.61e-06,"[33, 2, 21, 38, 0, 0, 0, 0]"
heavy,"['HH', 'EH', 'V', 'IY']",['heavy'],['heavy'],0.0,9.12e-05,"[22, 7, 35, 11, 0, 0, 0, 0]"
covered,"['K', 'AH', 'V', 'ER', 'D']",['covered'],['covered'],0.0,6.76e-05,"[24, 3, 35, 8, 18, 0, 0, 0]"
cock,"['K', 'AA', 'K']",['cock'],['cock'],0.0,1.7e-05,"[24, 1, 24, 0, 0, 0, 0, 0]"
merchant,"['M', 'ER', 'CH', 'AH', 'N', 'T']","['mer', 'chant']","['mer', 'chant']",0.0,1.2e-05,"[26, 8, 17, 3, 27, 33, 0, 0]"
comprehensive,"['K', 'AA', 'M', 'P', 'R', 'IY', 'HH', 'EH', 'N', 'S', 'IH', 'V']","['com', 'pre', 'hens', 'ive']","['com', 'pre', 'hens', 'ive']",0.0,2.29e-05,"[24, 1, 26, 29, 30, 11, 22, 7]"
expert,"['EH', 'K', 'S', 'P', 'ER', 'T']","['ex', 'pert']","['ex', 'pert']",0.0,3.63e-05,"[7, 24, 31, 29, 8, 33, 0, 0]"
drop,"['D', 'R', 'AA', 'P']",['drop'],['drop'],0.0,9.77e-05,"[18, 30, 1, 29, 0, 0, 0, 0]"
prevent,"['P', 'R', 'IH', 'V', 'EH', 'N', 'T']","['pre', 'vent']","['pre', 'vent']",0.0,6.17e-05,"[29, 30, 10, 35, 7, 27, 33, 0]"
forecasts,"['F', 'AO', 'R', 'K', 'AE', 'S', 'T', 'S']","['fore', 'casts']","['fore', 'casts']",0.0,3.8e-06,"[20, 4, 30, 24, 2, 31, 33, 31]"
rich,"['R', 'IH', 'CH']",['rich'],['rich'],0.0,8.13e-05,"[30, 10, 17, 0, 0, 0, 0, 0]"
harold,"['HH', 'EH', 'R', 'AH', 'L', 'D']","['har', 'old']","['har', 'old']",0.0,1.07e-05,"[22, 7, 30, 3, 25, 18, 0, 0]"
handbags,"['HH', 'AE', 'N', 'D', 'B', 'AE', 'G', 'Z']","['hand', 'bags']","['hand', 'bags']",0.0,1.51e-06,"[22, 2, 27, 18, 16, 2, 21, 38]"
jar,"['JH', 'AA', 'R']",['jar'],['jar'],0.0,8.51e-06,"[23, 1, 30, 0, 0, 0, 0, 0]"
nottingham,"['N', 'AA', 'T', 'IH', 'NG', 'HH', 'AE', 'M']","['not', 'ting', 'ham']","['not', 'ting', 'ham']",0.0,5.25e-06,"[27, 1, 33, 10, 28, 22, 2, 26]"
locks,"['L', 'AA', 'K', 'S']",['locks'],['locks'],0.0,8.71e-06,"[25, 1, 24, 31, 0, 0, 0, 0]"
bra,"['B', 'R', 'AA']",['bra'],['bra'],0.0,7.08e-06,"[16, 30, 1, 0, 0, 0, 0, 0]"
brisbane,"['B', 'R', 'IH', 'Z', 'B', 'EY', 'N']","['bris', 'bane']","['bris', 'bane']",0.0,9.33e-06,"[16, 30, 10, 38, 16, 9, 27, 0]"
territory,"['T', 'EH', 'R', 'IH', 'T', 'AO', 'R', 'IY']","['ter', 'rit', 'ory']","['ter', 'rit', 'ory']",0.0,3.98e-05,"[33, 7, 30, 10, 33, 4, 30, 11]"
planned,"['P', 'L', 'AE', 'N', 'D']",['planned'],['planned'],0.0,4.9e-05,"[29, 25, 2, 27, 18, 0, 0, 0]"
preceding,"['P', 'R', 'IY', 'S', 'IY', 'D', 'IH', 'NG']","['pre', 'ced', 'ing']","['pre', 'ced', 'ing']",0.0,5.5e-06,"[29, 30, 11, 31, 11, 18, 10, 28]"
merit,"['M', 'EH', 'R', 'AH', 'T']","['mer', 'it']","['mer', 'it']",0.0,1.2e-05,"[26, 7, 30, 3, 33, 0, 0, 0]"
enzyme,"['EH', 'N', 'Z', 'AY', 'M']","['en', 'zyme']","['en', 'zyme']",0.0,6.61e-06,"[7, 27, 38, 6, 26, 0, 0, 0]"
presenting,"['P', 'R', 'IH', 'Z', 'EH', 'N', 'T', 'IH', 'NG']","['present', 'ing']","['present', 'ing']",0.0,1.2e-05,"[29, 30, 10, 38, 7, 27, 33, 10]"
cos,"['K', 'AO', 'S']",['cos'],['cos'],0.0,1.12e-05,"[24, 4, 31, 0, 0, 0, 0, 0]"
pac,"['P', 'AE', 'K']",['pac'],['pac'],0.0,8.51e-06,"[29, 2, 24, 0, 0, 0, 0, 0]"
markers,"['M', 'AA', 'R', 'K', 'ER', 'Z']","['mark', 'ers']","['mark', 'ers']",0.0,5.25e-06,"[26, 1, 30, 24, 8, 38, 0, 0]"
weights,"['W', 'EY', 'T', 'S']",['weights'],['weights'],0.0,7.24e-06,"[36, 9, 33, 31, 0, 0, 0, 0]"
patent,"['P', 'AE', 'T', 'AH', 'N', 'T']","['pat', 'ent']","['pat', 'ent']",0.0,1.51e-05,"[29, 2, 33, 3, 27, 33, 0, 0]"
slot,"['S', 'L', 'AA', 'T']",['slot'],['slot'],0.0,1.23e-05,"[31, 25, 1, 33, 0, 0, 0, 0]"
weapons,"['W', 'EH', 'P', 'AH', 'N', 'Z']",['weapons'],['weapons'],0.0,5.62e-05,"[36, 7, 29, 3, 27, 38, 0, 0]"
mirror,"['M', 'IH', 'R', 'ER']","['mir', 'ror']","['mir', 'ror']",0.0,2.95e-05,"[26, 10, 30, 8, 0, 0, 0, 0]"
sterling,"['S', 'T', 'ER', 'L', 'IH', 'NG']","['ster', 'ling']","['ster', 'ling']",0.0,1.35e-05,"[31, 33, 8, 25, 10, 28, 0, 0]"
stocks,"['S', 'T', 'AA', 'K', 'S']",['stocks'],['stocks'],0.0,1.91e-05,"[31, 33, 1, 24, 31, 0, 0, 0]"
buyers,"['B', 'AY', 'ER', 'Z']","['buy', 'ers']","['buy', 'ers']",0.0,1.45e-05,"[16, 6, 8, 38, 0, 0, 0, 0]"
gray,"['G', 'R', 'EY']",['gray'],['gray'],0.0,2.82e-05,"[21, 30, 9, 0, 0, 0, 0, 0]"
annex,"['AE', 'N', 'EH', 'K', 'S']","['an', 'nex']","['an', 'nex']",0.0,3.16e-06,"[2, 27, 7, 24, 31, 0, 0, 0]"
mag,"['M', 'AE', 'G']",['mag'],['mag'],0.0,5.13e-06,"[26, 2, 21, 0, 0, 0, 0, 0]"
rec,"['R', 'EH', 'K']",['rec'],['rec'],0.0,4.17e-06,"[30, 7, 24, 0, 0, 0, 0, 0]"
cycles,"['S', 'AY', 'K', 'AH', 'L', 'Z']",['cycles'],['cycles'],0.0,8.51e-06,"[31, 6, 24, 3, 25, 38, 0, 0]"
storm,"['S', 'T', 'AO', 'R', 'M']",['storm'],['storm'],0.0,4.57e-05,"[31, 33, 4, 30, 26, 0, 0, 0]"
touch,"['T', 'AH', 'CH']",['touch'],['touch'],0.0,8.13e-05,"[33, 3, 17, 0, 0, 0, 0, 0]"
hire,"['HH', 'AY', 'ER']",['hire'],['hire'],0.0,2.51e-05,"[22, 6, 8, 0, 0, 0, 0, 0]"
charges,"['CH', 'AA', 'R', 'JH', 'AH', 'Z']",['charges'],['charges'],0.0,4.79e-05,"[17, 1, 30, 23, 3, 38, 0, 0]"
mount,"['M', 'AW', 'N', 'T']",['mount'],['mount'],0.0,2.95e-05,"[26, 5, 27, 33, 0, 0, 0, 0]"
smart,"['S', 'M', 'AA', 'R', 'T']",['smart'],['smart'],0.0,6.76e-05,"[31, 26, 1, 30, 33, 0, 0, 0]"
ones,"['W', 'AH', 'N', 'Z']",['ones'],['ones'],0.0,0.000117,"[36, 3, 27, 38, 0, 0, 0, 0]"
len,"['L', 'EH', 'N']",['len'],['len'],0.0,2.69e-06,"[25, 7, 27, 0, 0, 0, 0, 0]"
kai,"['K', 'AY']",['kai'],['kai'],0.0,5.89e-06,"[24, 6, 0, 0, 0, 0, 0, 0]"
boring,"['B', 'AO', 'R', 'IH', 'NG']","['bor', 'ing']","['bor', 'ing']",0.0,2.69e-05,"[16, 4, 30, 10, 28, 0, 0, 0]"
lock,"['L', 'AA', 'K']",['lock'],['lock'],0.0,3.24e-05,"[25, 1, 24, 0, 0, 0, 0, 0]"
examples,"['IH', 'G', 'Z', 'AE', 'M', 'P', 'AH', 'L', 'Z']","['ex', 'amples']","['ex', 'amples']",0.0,4.27e-05,"[10, 21, 38, 2, 26, 29, 3, 25]"
mile,"['M', 'AY', 'L']",['mile'],['mile'],0.0,3.89e-05,"[26, 6, 25, 0, 0, 0, 0, 0]"
mens,"['M', 'EH', 'N', 'Z']",['mens'],['mens'],0.0,2.82e-06,"[26, 7, 27, 38, 0, 0, 0, 0]"
bowl,"['B', 'OW', 'L']",['bowl'],['bowl'],0.0,4.27e-05,"[16, 12, 25, 0, 0, 0, 0, 0]"
ref,"['R', 'EH', 'F']",['ref'],['ref'],0.0,8.91e-06,"[30, 7, 20, 0, 0, 0, 0, 0]"
tank,"['T', 'AE', 'NG', 'K']",['tank'],['tank'],0.0,3.72e-05,"[33, 2, 28, 24, 0, 0, 0, 0]"
kid,"['K', 'IH', 'D']",['kid'],['kid'],0.0,9.77e-05,"[24, 10, 18, 0, 0, 0, 0, 0]"
letting,"['L', 'EH', 'T', 'IH', 'NG']","['let', 'ting']","['let', 'ting']",0.0,3.39e-05,"[25, 7, 33, 10, 28, 0, 0, 0]"
jamie,"['JH', 'EY', 'M', 'IY']","['jam', 'ie']","['jam', 'ie']",0.0,1.48e-05,"[23, 9, 26, 11, 0, 0, 0, 0]"
minerals,"['M', 'IH', 'N', 'ER', 'AH', 'L', 'Z']","['min', 'er', 'als']","['min', 'er', 'als']",0.0,8.51e-06,"[26, 10, 27, 8, 3, 25, 38, 0]"
ton,"['T', 'AH', 'N']",['ton'],['ton'],0.0,1.95e-05,"[33, 3, 27, 0, 0, 0, 0, 0]"
delay,"['D', 'IH', 'L', 'EY']",['delay'],['delay'],0.0,2.51e-05,"[18, 10, 25, 9, 0, 0, 0, 0]"
outlet,"['AW', 'T', 'L', 'EH', 'T']","['out', 'let']","['out', 'let']",0.0,1e-05,"[5, 33, 25, 7, 33, 0, 0, 0]"
cambridge,"['K', 'EY', 'M', 'B', 'R', 'IH', 'JH']","['cam', 'bridge']","['cam', 'bridge']",0.0,2.45e-05,"[24, 9, 26, 16, 30, 10, 23, 0]"
pan,"['P', 'AE', 'N']",['pan'],['pan'],0.0,2.45e-05,"[29, 2, 27, 0, 0, 0, 0, 0]"
potter,"['P', 'AA', 'T', 'ER']","['pot', 'ter']","['pot', 'ter']",0.0,1.29e-05,"[29, 1, 33, 8, 0, 0, 0, 0]"
plays,"['P', 'L', 'EY', 'Z']",['plays'],['plays'],0.0,6.92e-05,"[29, 25, 9, 38, 0, 0, 0, 0]"
bulletin,"['B', 'UH', 'L', 'IH', 'T', 'AH', 'N']","['bul', 'let', 'in']","['bul', 'let', 'in']",0.0,6.17e-06,"[16, 14, 25, 10, 33, 3, 27, 0]"
oxford,"['AA', 'K', 'S', 'F', 'ER', 'D']","['ox', 'ford']","['ox', 'ford']",0.0,2.4e-05,"[1, 24, 31, 20, 8, 18, 0, 0]"
cookbook,"['K', 'UH', 'K', 'B', 'UH', 'K']","['cook', 'book']","['cook', 'book']",0.0,2.29e-06,"[24, 14, 24, 16, 14, 24, 0, 0]"
nut,"['N', 'AH', 'T']",['nut'],['nut'],0.0,1.1e-05,"[27, 3, 33, 0, 0, 0, 0, 0]"
americas,"['AH', 'M', 'EH', 'R', 'AH', 'K', 'AH', 'Z']","['amer', 'icas']","['amer', 'icas']",0.0,5.5e-06,"[3, 26, 7, 30, 3, 24, 3, 38]"
unlikely,"['AH', 'N', 'L', 'AY', 'K', 'L', 'IY']","['un', 'likely']","['un', 'likely']",0.0,2.04e-05,"[3, 27, 25, 6, 24, 25, 11, 0]"
wired,"['W', 'AY', 'ER', 'D']",['wired'],['wired'],0.0,6.31e-06,"[36, 6, 8, 18, 0, 0, 0, 0]"
miniature,"['M', 'IH', 'N', 'IY', 'AH', 'CH', 'UH', 'R']","['mini', 'ature']","['mini', 'ature']",0.0,5.25e-06,"[26, 10, 27, 11, 3, 17, 14, 30]"
hack,"['HH', 'AE', 'K']",['hack'],['hack'],0.0,1.12e-05,"[22, 2, 24, 0, 0, 0, 0, 0]"
pirates,"['P', 'AY', 'R', 'AH', 'T', 'S']","['pir', 'ates']","['pir', 'ates']",0.0,9.77e-06,"[29, 6, 30, 3, 33, 31, 0, 0]"
hawk,"['HH', 'AO', 'K']",['hawk'],['hawk'],0.0,6.46e-06,"[22, 4, 24, 0, 0, 0, 0, 0]"
consequence,"['K', 'AA', 'N', 'S', 'AH', 'K', 'W', 'AH', 'N', 'S']","['con', 'sequence']","['con', 'sequence']",0.0,1.17e-05,"[24, 1, 27, 31, 3, 24, 36, 3]"
perceived,"['P', 'ER', 'S', 'IY', 'V', 'D']","['per', 'ceived']","['per', 'ceived']",0.0,1.45e-05,"[29, 8, 31, 11, 35, 18, 0, 0]"
seconds,"['S', 'EH', 'K', 'AH', 'N', 'D', 'Z']",['seconds'],['seconds'],0.0,7.24e-05,"[31, 7, 24, 3, 27, 18, 38, 0]"
lawsuit,"['L', 'AO', 'S', 'UW', 'T']","['law', 'suit']","['law', 'suit']",0.0,1.23e-05,"[25, 4, 31, 15, 33, 0, 0, 0]"
reject,"['R', 'IH', 'JH', 'EH', 'K', 'T']","['re', 'ject']","['re', 'ject']",0.0,1.07e-05,"[30, 10, 23, 7, 24, 33, 0, 0]"
himself,"['HH', 'IH', 'M', 'S', 'EH', 'L', 'F']","['him', 'self']","['him', 'self']",0.0,0.000178,"[22, 10, 26, 31, 7, 25, 20, 0]"
nor,"['N', 'AO', 'R']",['nor'],['nor'],0.0,6.03e-05,"[27, 4, 30, 0, 0, 0, 0, 0]"
bug,"['B', 'AH', 'G']",['bug'],['bug'],0.0,1.58e-05,"[16, 3, 21, 0, 0, 0, 0, 0]"
mid,"['M', 'IH', 'D']",['mid'],['mid'],0.0,6.61e-05,"[26, 10, 18, 0, 0, 0, 0, 0]"
israel,"['IH', 'Z', 'R', 'IY', 'AH', 'L']","['is', 'rael']","['is', 'rael']",0.0,5.89e-05,"[10, 38, 30, 11, 3, 25, 0, 0]"
soft,"['S', 'AA', 'F', 'T']",['soft'],['soft'],0.0,4.79e-05,"[31, 1, 20, 33, 0, 0, 0, 0]"
alone,"['AH', 'L', 'OW', 'N']",['alone'],['alone'],0.0,0.000145,"[3, 25, 12, 27, 0, 0, 0, 0]"
meetings,"['M', 'IY', 'T', 'IH', 'NG', 'Z']","['meet', 'ings']","['meet', 'ings']",0.0,3.02e-05,"[26, 11, 33, 10, 28, 38, 0, 0]"
sandwich,"['S', 'AE', 'N', 'D', 'W', 'IH', 'CH']","['sand', 'wich']","['sand', 'wich']",0.0,1.35e-05,"[31, 2, 27, 18, 36, 10, 17, 0]"
flight,"['F', 'L', 'AY', 'T']",['flight'],['flight'],0.0,7.24e-05,"[20, 25, 6, 33, 0, 0, 0, 0]"
fuel,"['F', 'Y', 'UW', 'AH', 'L']",['fuel'],['fuel'],0.0,5.25e-05,"[20, 37, 15, 3, 25, 0, 0, 0]"
walk,"['W', 'AO', 'K']",['walk'],['walk'],0.0,0.00012,"[36, 4, 24, 0, 0, 0, 0, 0]"
fuck,"['F', 'AH', 'K']",['fuck'],['fuck'],0.0,0.000245,"[20, 3, 24, 0, 0, 0, 0, 0]"
wait,"['W', 'EY', 'T']",['wait'],['wait'],0.0,0.000224,"[36, 9, 33, 0, 0, 0, 0, 0]"
rose,"['R', 'OW', 'Z']",['rose'],['rose'],0.0,6.61e-05,"[30, 12, 38, 0, 0, 0, 0, 0]"
fresh,"['F', 'R', 'EH', 'SH']",['fresh'],['fresh'],0.0,6.76e-05,"[20, 30, 7, 32, 0, 0, 0, 0]"
upgrade,"['AH', 'P', 'G', 'R', 'EY', 'D']","['up', 'grade']","['up', 'grade']",0.0,1.74e-05,"[3, 29, 21, 30, 9, 18, 0, 0]"
factor,"['F', 'AE', 'K', 'T', 'ER']",['factor'],['factor'],0.0,4.68e-05,"[20, 2, 24, 33, 8, 0, 0, 0]"
keyboard,"['K', 'IY', 'B', 'AO', 'R', 'D']","['key', 'board']","['key', 'board']",0.0,1.29e-05,"[24, 11, 16, 4, 30, 18, 0, 0]"
terrible,"['T', 'EH', 'R', 'AH', 'B', 'AH', 'L']","['ter', 'rible']","['ter', 'rible']",0.0,5.13e-05,"[33, 7, 30, 3, 16, 3, 25, 0]"
webster,"['W', 'EH', 'B', 'S', 'T', 'ER']","['web', 'ster']","['web', 'ster']",0.0,5.75e-06,"[36, 7, 16, 31, 33, 8, 0, 0]"
plymouth,"['P', 'L', 'IH', 'M', 'AH', 'TH']","['ply', 'mouth']","['ply', 'mouth']",0.0,4.9e-06,"[29, 25, 10, 26, 3, 34, 0, 0]"
warnings,"['W', 'AO', 'R', 'N', 'IH', 'NG', 'Z']","['warn', 'ings']","['warn', 'ings']",0.0,6.03e-06,"[36, 4, 30, 27, 10, 28, 38, 0]"
apps,"['AE', 'P', 'S']",['apps'],['apps'],0.0,2.24e-05,"[2, 29, 31, 0, 0, 0, 0, 0]"
raise,"['R', 'EY', 'Z']",['raise'],['raise'],0.0,5.62e-05,"[30, 9, 38, 0, 0, 0, 0, 0]"
gary,"['G', 'EH', 'R', 'IY']",['gary'],['gary'],0.0,2.45e-05,"[21, 7, 30, 11, 0, 0, 0, 0]"
rome,"['R', 'OW', 'M']",['rome'],['rome'],0.0,2.82e-05,"[30, 12, 26, 0, 0, 0, 0, 0]"
arab,"['AE', 'R', 'AH', 'B']","['ar', 'ab']","['ar', 'ab']",0.0,2.45e-05,"[2, 30, 3, 16, 0, 0, 0, 0]"
stream,"['S', 'T', 'R', 'IY', 'M']",['stream'],['stream'],0.0,4.17e-05,"[31, 33, 30, 11, 26, 0, 0, 0]"
bands,"['B', 'AE', 'N', 'D', 'Z']",['bands'],['bands'],0.0,2.34e-05,"[16, 2, 27, 18, 38, 0, 0, 0]"
boot,"['B', 'UW', 'T']",['boot'],['boot'],0.0,1.55e-05,"[16, 15, 33, 0, 0, 0, 0, 0]"
topless,"['T', 'AA', 'P', 'L', 'AH', 'S']","['top', 'less']","['top', 'less']",0.0,2.29e-06,"[33, 1, 29, 25, 3, 31, 0, 0]"
bare,"['B', 'EH', 'R']",['bare'],['bare'],0.0,1.51e-05,"[16, 7, 30, 0, 0, 0, 0, 0]"
hung,"['HH', 'AH', 'NG']",['hung'],['hung'],0.0,1.62e-05,"[22, 3, 28, 0, 0, 0, 0, 0]"
cornwall,"['K', 'AO', 'R', 'N', 'W', 'AO', 'L']","['corn', 'wall']","['corn', 'wall']",0.0,5.89e-06,"[24, 4, 30, 27, 36, 4, 25, 0]"
sticks,"['S', 'T', 'IH', 'K', 'S']",['sticks'],['sticks'],0.0,1.38e-05,"[31, 33, 10, 24, 31, 0, 0, 0]"
leone,"['L', 'IY', 'OW', 'N']","['le', 'one']","['le', 'one']",0.0,4.37e-06,"[25, 11, 12, 27, 0, 0, 0, 0]"
reforms,"['R', 'AH', 'F', 'AO', 'R', 'M', 'Z']","['re', 'forms']","['re', 'forms']",0.0,1.15e-05,"[30, 3, 20, 4, 30, 26, 38, 0]"
prime,"['P', 'R', 'AY', 'M']",['prime'],['prime'],0.0,6.46e-05,"[29, 30, 6, 26, 0, 0, 0, 0]"
behalf,"['B', 'IH', 'HH', 'AE', 'F']","['be', 'half']","['be', 'half']",0.0,2.63e-05,"[16, 10, 22, 2, 20, 0, 0, 0]"
rice,"['R', 'AY', 'S']",['rice'],['rice'],0.0,3.55e-05,"[30, 6, 31, 0, 0, 0, 0, 0]"
loop,"['L', 'UW', 'P']",['loop'],['loop'],0.0,1.95e-05,"[25, 15, 29, 0, 0, 0, 0, 0]"
guard,"['G', 'AA', 'R', 'D']",['guard'],['guard'],0.0,5.37e-05,"[21, 1, 30, 18, 0, 0, 0, 0]"
orleans,"['AO', 'R', 'L', 'IY', 'AH', 'N', 'Z']","['or', 'leans']","['or', 'leans']",0.0,1.62e-05,"[4, 30, 25, 11, 3, 27, 38, 0]"
empire,"['EH', 'M', 'P', 'AY', 'ER']","['em', 'pire']","['em', 'pire']",0.0,3.47e-05,"[7, 26, 29, 6, 8, 0, 0, 0]"
flame,"['F', 'L', 'EY', 'M']",['flame'],['flame'],0.0,1.17e-05,"[20, 25, 9, 26, 0, 0, 0, 0]"
pit,"['P', 'IH', 'T']",['pit'],['pit'],0.0,1.86e-05,"[29, 10, 33, 0, 0, 0, 0, 0]"
tile,"['T', 'AY', 'L']",['tile'],['tile'],0.0,5.25e-06,"[33, 6, 25, 0, 0, 0, 0, 0]"
spell,"['S', 'P', 'EH', 'L']",['spell'],['spell'],0.0,2.34e-05,"[31, 29, 7, 25, 0, 0, 0, 0]"
hate,"['HH', 'EY', 'T']",['hate'],['hate'],0.0,0.000129,"[22, 9, 33, 0, 0, 0, 0, 0]"
steps,"['S', 'T', 'EH', 'P', 'S']",['steps'],['steps'],0.0,5.37e-05,"[31, 33, 7, 29, 31, 0, 0, 0]"
del,"['D', 'EH', 'L']",['del'],['del'],0.0,2.09e-05,"[18, 7, 25, 0, 0, 0, 0, 0]"
worked,"['W', 'ER', 'K', 'T']",['worked'],['worked'],0.0,0.000145,"[36, 8, 24, 33, 0, 0, 0, 0]"
quantity,"['K', 'W', 'AA', 'N', 'T', 'AH', 'T', 'IY']","['quant', 'ity']","['quant', 'ity']",0.0,1.17e-05,"[24, 36, 1, 27, 33, 3, 33, 11]"
myself,"['M', 'AY', 'S', 'EH', 'L', 'F']","['my', 'self']","['my', 'self']",0.0,0.000204,"[26, 6, 31, 7, 25, 20, 0, 0]"
load,"['L', 'OW', 'D']",['load'],['load'],0.0,3.8e-05,"[25, 12, 18, 0, 0, 0, 0, 0]"
failures,"['F', 'EY', 'L', 'Y', 'ER', 'Z']","['fail', 'ures']","['fail', 'ures']",0.0,9.77e-06,"[20, 9, 25, 37, 8, 38, 0, 0]"
rehab,"['R', 'IY', 'HH', 'AE', 'B']","['re', 'hab']","['re', 'hab']",0.0,6.17e-06,"[30, 11, 22, 2, 16, 0, 0, 0]"
saturn,"['S', 'AE', 'T', 'ER', 'N']","['sat', 'urn']","['sat', 'urn']",0.0,3.47e-06,"[31, 2, 33, 8, 27, 0, 0, 0]"
ana,"['AA', 'N', 'AH']",['ana'],['ana'],0.0,7.76e-06,"[1, 27, 3, 0, 0, 0, 0, 0]"
pick,"['P', 'IH', 'K']",['pick'],['pick'],0.0,0.00012,"[29, 10, 24, 0, 0, 0, 0, 0]"
therapy,"['TH', 'EH', 'R', 'AH', 'P', 'IY']","['ther', 'apy']","['ther', 'apy']",0.0,3.31e-05,"[34, 7, 30, 3, 29, 11, 0, 0]"
dates,"['D', 'EY', 'T', 'S']",['dates'],['dates'],0.0,3.47e-05,"[18, 9, 33, 31, 0, 0, 0, 0]"
signed,"['S', 'AY', 'N', 'D']",['signed'],['signed'],0.0,7.08e-05,"[31, 6, 27, 18, 0, 0, 0, 0]"
planes,"['P', 'L', 'EY', 'N', 'Z']",['planes'],['planes'],0.0,1.45e-05,"[29, 25, 9, 27, 38, 0, 0, 0]"
tackle,"['T', 'AE', 'K', 'AH', 'L']",['tackle'],['tackle'],0.0,1.41e-05,"[33, 2, 24, 3, 25, 0, 0, 0]"
arbitrary,"['AA', 'R', 'B', 'AH', 'T', 'R', 'EH', 'R', 'IY']","['ar', 'bit', 'rary']","['ar', 'bit', 'rary']",0.0,7.08e-06,"[1, 30, 16, 3, 33, 30, 7, 30]"
lean,"['L', 'IY', 'N']",['lean'],['lean'],0.0,1.38e-05,"[25, 11, 27, 0, 0, 0, 0, 0]"
bye,"['B', 'AY']",['bye'],['bye'],0.0,2.45e-05,"[16, 6, 0, 0, 0, 0, 0, 0]"
bean,"['B', 'IY', 'N']",['bean'],['bean'],0.0,9.55e-06,"[16, 11, 27, 0, 0, 0, 0, 0]"
postings,"['P', 'OW', 'S', 'T', 'IH', 'NG', 'Z']","['post', 'ings']","['post', 'ings']",0.0,1.38e-06,"[29, 12, 31, 33, 10, 28, 38, 0]"
postcards,"['P', 'OW', 'S', 'T', 'K', 'AA', 'R', 'D', 'Z']","['post', 'cards']","['post', 'cards']",0.0,1.91e-06,"[29, 12, 31, 33, 24, 1, 30, 18]"
chem,"['K', 'EH', 'M']",['chem'],['chem'],0.0,2.88e-06,"[24, 7, 26, 0, 0, 0, 0, 0]"
fastest,"['F', 'AE', 'S', 'T', 'AH', 'S', 'T']","['fast', 'est']","['fast', 'est']",0.0,1.74e-05,"[20, 2, 31, 33, 3, 31, 33, 0]"
butler,"['B', 'AH', 'T', 'L', 'ER']","['but', 'ler']","['but', 'ler']",0.0,1.2e-05,"[16, 3, 33, 25, 8, 0, 0, 0]"
injured,"['IH', 'N', 'JH', 'ER', 'D']","['in', 'jured']","['in', 'jured']",0.0,3.24e-05,"[10, 27, 23, 8, 18, 0, 0, 0]"
charged,"['CH', 'AA', 'R', 'JH', 'D']",['charged'],['charged'],0.0,4.17e-05,"[17, 1, 30, 23, 18, 0, 0, 0]"
broad,"['B', 'R', 'AO', 'D']",['broad'],['broad'],0.0,3.39e-05,"[16, 30, 4, 18, 0, 0, 0, 0]"
und,"['AH', 'N', 'D']",['und'],['und'],0.0,8.71e-06,"[3, 27, 18, 0, 0, 0, 0, 0]"
springfield,"['S', 'P', 'R', 'IH', 'NG', 'F', 'IY', 'L', 'D']","['spring', 'field']","['spring', 'field']",0.0,6.17e-06,"[31, 29, 30, 10, 28, 20, 11, 25]"
pretty,"['P', 'R', 'IH', 'T', 'IY']",['pretty'],['pretty'],0.0,0.00024,"[29, 30, 10, 33, 11, 0, 0, 0]"
yourself,"['Y', 'ER', 'S', 'EH', 'L', 'F']","['your', 'self']","['your', 'self']",0.0,0.000204,"[37, 8, 31, 7, 25, 20, 0, 0]"
etc,"['EH', 'T', 'S', 'EH', 'T', 'ER', 'AH']",['etc'],['etc'],0.0,0.000107,"[7, 33, 31, 7, 33, 8, 3, 0]"
winter,"['W', 'IH', 'N', 'T', 'ER']",['winter'],['winter'],0.0,7.76e-05,"[36, 10, 27, 33, 8, 0, 0, 0]"
rape,"['R', 'EY', 'P']",['rape'],['rape'],0.0,3.02e-05,"[30, 9, 29, 0, 0, 0, 0, 0]"
core,"['K', 'AO', 'R']",['core'],['core'],0.0,5.37e-05,"[24, 4, 30, 0, 0, 0, 0, 0]"
break,"['B', 'R', 'EY', 'K']",['break'],['break'],0.0,0.000151,"[16, 30, 9, 24, 0, 0, 0, 0]"
purposes,"['P', 'ER', 'P', 'AH', 'S', 'AH', 'Z']","['pur', 'poses']","['pur', 'poses']",0.0,3.24e-05,"[29, 8, 29, 3, 31, 3, 38, 0]"
dispatch,"['D', 'IH', 'S', 'P', 'AE', 'CH']","['dis', 'patch']","['dis', 'patch']",0.0,5.75e-06,"[18, 10, 31, 29, 2, 17, 0, 0]"
rendered,"['R', 'EH', 'N', 'D', 'ER', 'D']",['rendered'],['rendered'],0.0,7.59e-06,"[30, 7, 27, 18, 8, 18, 0, 0]"
places,"['P', 'L', 'EY', 'S', 'AH', 'Z']",['places'],['places'],0.0,0.000107,"[29, 25, 9, 31, 3, 38, 0, 0]"
aged,"['EY', 'JH', 'D']",['aged'],['aged'],0.0,3.16e-05,"[9, 23, 18, 0, 0, 0, 0, 0]"
lived,"['L', 'AY', 'V', 'D']",['lived'],['lived'],0.0,7.59e-05,"[25, 6, 35, 18, 0, 0, 0, 0]"
sci,"['S', 'IY']",['sci'],['sci'],0.0,8.71e-06,"[31, 11, 0, 0, 0, 0, 0, 0]"
fabric,"['F', 'AE', 'B', 'R', 'IH', 'K']","['fab', 'ric']","['fab', 'ric']",0.0,1.2e-05,"[20, 2, 16, 30, 10, 24, 0, 0]"
visits,"['V', 'IH', 'Z', 'AH', 'T', 'S']","['vis', 'its']","['vis', 'its']",0.0,2e-05,"[35, 10, 38, 3, 33, 31, 0, 0]"
tight,"['T', 'AY', 'T']",['tight'],['tight'],0.0,3.72e-05,"[33, 6, 33, 0, 0, 0, 0, 0]"
sin,"['S', 'IH', 'N']",['sin'],['sin'],0.0,2.34e-05,"[31, 10, 27, 0, 0, 0, 0, 0]"
berlin,"['B', 'ER', 'L', 'IH', 'N']","['ber', 'lin']","['ber', 'lin']",0.0,2.4e-05,"[16, 8, 25, 10, 27, 0, 0, 0]"
advised,"['AE', 'D', 'V', 'AY', 'Z', 'D']","['ad', 'vised']","['ad', 'vised']",0.0,1.51e-05,"[2, 18, 35, 6, 38, 18, 0, 0]"
lang,"['L', 'AE', 'NG']",['lang'],['lang'],0.0,7.08e-06,"[25, 2, 28, 0, 0, 0, 0, 0]"
laden,"['L', 'EY', 'D', 'AH', 'N']",['laden'],['laden'],0.0,5.5e-06,"[25, 9, 18, 3, 27, 0, 0, 0]"
pole,"['P', 'OW', 'L']",['pole'],['pole'],0.0,1.7e-05,"[29, 12, 25, 0, 0, 0, 0, 0]"
plane,"['P', 'L', 'EY', 'N']",['plane'],['plane'],0.0,5.25e-05,"[29, 25, 9, 27, 0, 0, 0, 0]"
seed,"['S', 'IY', 'D']",['seed'],['seed'],0.0,2.34e-05,"[31, 11, 18, 0, 0, 0, 0, 0]"
expertise,"['EH', 'K', 'S', 'P', 'ER', 'T', 'IY', 'Z']","['ex', 'pert', 'ise']","['ex', 'pert', 'ise']",0.0,1.15e-05,"[7, 24, 31, 29, 8, 33, 11, 38]"
camping,"['K', 'AE', 'M', 'P', 'IH', 'NG']","['camp', 'ing']","['camp', 'ing']",0.0,1e-05,"[24, 2, 26, 29, 10, 28, 0, 0]"
peer,"['P', 'IH', 'R']",['peer'],['peer'],0.0,1.38e-05,"[29, 10, 30, 0, 0, 0, 0, 0]"
marked,"['M', 'AA', 'R', 'K', 'T']",['marked'],['marked'],0.0,3.16e-05,"[26, 1, 30, 24, 33, 0, 0, 0]"
rubber,"['R', 'AH', 'B', 'ER']","['rub', 'ber']","['rub', 'ber']",0.0,1.7e-05,"[30, 3, 16, 8, 0, 0, 0, 0]"
meat,"['M', 'IY', 'T']",['meat'],['meat'],0.0,4.27e-05,"[26, 11, 33, 0, 0, 0, 0, 0]"
isolated,"['AY', 'S', 'AH', 'L', 'EY', 'T', 'AH', 'D']","['isol', 'ated']","['isol', 'ated']",0.0,1.74e-05,"[6, 31, 3, 25, 9, 33, 3, 18]"
stud,"['S', 'T', 'AH', 'D']",['stud'],['stud'],0.0,5.5e-06,"[31, 33, 3, 18, 0, 0, 0, 0]"
fold,"['F', 'OW', 'L', 'D']",['fold'],['fold'],0.0,1.2e-05,"[20, 12, 25, 18, 0, 0, 0, 0]"
designing,"['D', 'IH', 'Z', 'AY', 'N', 'IH', 'NG']","['design', 'ing']","['design', 'ing']",0.0,7.76e-06,"[18, 10, 38, 6, 27, 10, 28, 0]"
footwear,"['F', 'UH', 'T', 'W', 'EH', 'R']","['foot', 'wear']","['foot', 'wear']",0.0,2.63e-06,"[20, 14, 33, 36, 7, 30, 0, 0]"
vic,"['V', 'IH', 'K']",['vic'],['vic'],0.0,6.92e-06,"[35, 10, 24, 0, 0, 0, 0, 0]"
pos,"['P', 'AA', 'S']",['pos'],['pos'],0.0,5.01e-06,"[29, 1, 31, 0, 0, 0, 0, 0]"
privilege,"['P', 'R', 'IH', 'V', 'L', 'AH', 'JH']","['priv', 'ilege']","['priv', 'ilege']",0.0,1.58e-05,"[29, 30, 10, 35, 25, 3, 23, 0]"
fare,"['F', 'EH', 'R']",['fare'],['fare'],0.0,8.71e-06,"[20, 7, 30, 0, 0, 0, 0, 0]"
maybe,"['M', 'EY', 'B', 'IY']",['maybe'],['maybe'],0.0,0.000282,"[26, 9, 16, 11, 0, 0, 0, 0]"
severe,"['S', 'AH', 'V', 'IH', 'R']",['severe'],['severe'],0.0,3.63e-05,"[31, 3, 35, 10, 30, 0, 0, 0]"
theory,"['TH', 'IH', 'R', 'IY']","['the', 'ory']","['the', 'ory']",0.0,7.59e-05,"[34, 10, 30, 11, 0, 0, 0, 0]"
enjoy,"['EH', 'N', 'JH', 'OY']","['en', 'joy']","['en', 'joy']",0.0,0.000123,"[7, 27, 23, 13, 0, 0, 0, 0]"
aid,"['EY', 'D']",['aid'],['aid'],0.0,5.62e-05,"[9, 18, 0, 0, 0, 0, 0, 0]"
grey,"['G', 'R', 'EY']",['grey'],['grey'],0.0,3.02e-05,"[21, 30, 9, 0, 0, 0, 0, 0]"
bold,"['B', 'OW', 'L', 'D']",['bold'],['bold'],0.0,1.82e-05,"[16, 12, 25, 18, 0, 0, 0, 0]"
bathroom,"['B', 'AE', 'TH', 'R', 'UW', 'M']","['bath', 'room']","['bath', 'room']",0.0,3.47e-05,"[16, 2, 34, 30, 15, 26, 0, 0]"
stable,"['S', 'T', 'EY', 'B', 'AH', 'L']",['stable'],['stable'],0.0,3.02e-05,"[31, 33, 9, 16, 3, 25, 0, 0]"
von,"['V', 'AO', 'N']",['von'],['von'],0.0,1.48e-05,"[35, 4, 27, 0, 0, 0, 0, 0]"
scan,"['S', 'K', 'AE', 'N']",['scan'],['scan'],0.0,1.17e-05,"[31, 24, 2, 27, 0, 0, 0, 0]"
blank,"['B', 'L', 'AE', 'NG', 'K']",['blank'],['blank'],0.0,1.38e-05,"[16, 25, 2, 28, 24, 0, 0, 0]"
min,"['M', 'IH', 'N']",['min'],['min'],0.0,2.63e-05,"[26, 10, 27, 0, 0, 0, 0, 0]"
shield,"['SH', 'IY', 'L', 'D']",['shield'],['shield'],0.0,2e-05,"[32, 11, 25, 18, 0, 0, 0, 0]"
harvest,"['HH', 'AA', 'R', 'V', 'AH', 'S', 'T']","['har', 'vest']","['har', 'vest']",0.0,1.07e-05,"[22, 1, 30, 35, 3, 31, 33, 0]"
previews,"['P', 'R', 'IY', 'V', 'Y', 'UW', 'Z']","['pre', 'views']","['pre', 'views']",0.0,2.14e-06,"[29, 30, 11, 35, 37, 15, 38, 0]"
locally,"['L', 'OW', 'K', 'AH', 'L', 'IY']","['loc', 'ally']","['loc', 'ally']",0.0,1.29e-05,"[25, 12, 24, 3, 25, 11, 0, 0]"
concluded,"['K', 'AH', 'N', 'K', 'L', 'UW', 'D', 'AH', 'D']","['con', 'cluded']","['con', 'cluded']",0.0,2.24e-05,"[24, 3, 27, 24, 25, 15, 18, 3]"
mega,"['M', 'EH', 'G', 'AH']",['mega'],['mega'],0.0,1.05e-05,"[26, 7, 21, 3, 0, 0, 0, 0]"
variations,"['V', 'EH', 'R', 'IY', 'EY', 'SH', 'AH', 'N', 'Z']","['vari', 'ations']","['vari', 'ations']",0.0,1.23e-05,"[35, 7, 30, 11, 9, 32, 3, 27]"
sacred,"['S', 'EY', 'K', 'R', 'AH', 'D']","['sac', 'red']","['sac', 'red']",0.0,1.74e-05,"[31, 9, 24, 30, 3, 18, 0, 0]"
chrome,"['K', 'R', 'OW', 'M']",['chrome'],['chrome'],0.0,7.94e-06,"[24, 30, 12, 26, 0, 0, 0, 0]"
sets,"['S', 'EH', 'T', 'S']",['sets'],['sets'],0.0,4.9e-05,"[31, 7, 33, 31, 0, 0, 0, 0]"
calgary,"['K', 'AE', 'L', 'G', 'ER', 'IY']","['cal', 'gary']","['cal', 'gary']",0.0,6.03e-06,"[24, 2, 25, 21, 8, 11, 0, 0]"
streaming,"['S', 'T', 'R', 'IY', 'M', 'IH', 'NG']","['stream', 'ing']","['stream', 'ing']",0.0,1.66e-05,"[31, 33, 30, 11, 26, 10, 28, 0]"
venues,"['V', 'EH', 'N', 'UW', 'Z']","['ven', 'ues']","['ven', 'ues']",0.0,8.32e-06,"[35, 7, 27, 15, 38, 0, 0, 0]"
blast,"['B', 'L', 'AE', 'S', 'T']",['blast'],['blast'],0.0,2.09e-05,"[16, 25, 2, 31, 33, 0, 0, 0]"
wellness,"['W', 'EH', 'L', 'N', 'AH', 'S']","['well', 'ness']","['well', 'ness']",0.0,3.72e-06,"[36, 7, 25, 27, 3, 31, 0, 0]"
newport,"['N', 'UW', 'P', 'AO', 'R', 'T']","['new', 'port']","['new', 'port']",0.0,6.03e-06,"[27, 15, 29, 4, 30, 33, 0, 0]"
guards,"['G', 'AA', 'R', 'D', 'Z']",['guards'],['guards'],0.0,2.09e-05,"[21, 1, 30, 18, 38, 0, 0, 0]"
openings,"['OW', 'P', 'AH', 'N', 'IH', 'NG', 'Z']","['open', 'ings']","['open', 'ings']",0.0,5.13e-06,"[12, 29, 3, 27, 10, 28, 38, 0]"
throughout,"['TH', 'R', 'UW', 'AW', 'T']","['through', 'out']","['through', 'out']",0.0,9.77e-05,"[34, 30, 15, 5, 33, 0, 0, 0]"
race,"['R', 'EY', 'S']",['race'],['race'],0.0,0.00012,"[30, 9, 31, 0, 0, 0, 0, 0]"
wood,"['W', 'UH', 'D']",['wood'],['wood'],0.0,6.03e-05,"[36, 14, 18, 0, 0, 0, 0, 0]"
itself,"['IH', 'T', 'S', 'EH', 'L', 'F']","['it', 'self']","['it', 'self']",0.0,0.000126,"[10, 33, 31, 7, 25, 20, 0, 0]"
defined,"['D', 'IH', 'F', 'AY', 'N', 'D']",['defined'],['defined'],0.0,3.63e-05,"[18, 10, 20, 6, 27, 18, 0, 0]"
fee,"['F', 'IY']",['fee'],['fee'],0.0,3.24e-05,"[20, 11, 0, 0, 0, 0, 0, 0]"
device,"['D', 'IH', 'V', 'AY', 'S']",['device'],['device'],0.0,4.68e-05,"[18, 10, 35, 6, 31, 0, 0, 0]"
rent,"['R', 'EH', 'N', 'T']",['rent'],['rent'],0.0,3.8e-05,"[30, 7, 27, 33, 0, 0, 0, 0]"
las,"['L', 'AA', 'S']",['las'],['las'],0.0,1.91e-05,"[25, 1, 31, 0, 0, 0, 0, 0]"
dark,"['D', 'AA', 'R', 'K']",['dark'],['dark'],0.0,0.00011,"[18, 1, 30, 24, 0, 0, 0, 0]"
apple,"['AE', 'P', 'AH', 'L']",['apple'],['apple'],0.0,5.75e-05,"[2, 29, 3, 25, 0, 0, 0, 0]"
rail,"['R', 'EY', 'L']",['rail'],['rail'],0.0,2.57e-05,"[30, 9, 25, 0, 0, 0, 0, 0]"
hon,"['HH', 'AA', 'N']",['hon'],['hon'],0.0,7.76e-06,"[22, 1, 27, 0, 0, 0, 0, 0]"
dale,"['D', 'EY', 'L']",['dale'],['dale'],0.0,9.55e-06,"[18, 9, 25, 0, 0, 0, 0, 0]"
tone,"['T', 'OW', 'N']",['tone'],['tone'],0.0,3.09e-05,"[33, 12, 27, 0, 0, 0, 0, 0]"
ethics,"['EH', 'TH', 'IH', 'K', 'S']","['eth', 'ics']","['eth', 'ics']",0.0,1.55e-05,"[7, 34, 10, 24, 31, 0, 0, 0]"
dragon,"['D', 'R', 'AE', 'G', 'AH', 'N']",['dragon'],['dragon'],0.0,2.57e-05,"[18, 30, 2, 21, 3, 27, 0, 0]"
leg,"['L', 'EH', 'G']",['leg'],['leg'],0.0,4.57e-05,"[25, 7, 21, 0, 0, 0, 0, 0]"
neck,"['N', 'EH', 'K']",['neck'],['neck'],0.0,4.27e-05,"[27, 7, 24, 0, 0, 0, 0, 0]"
wing,"['W', 'IH', 'NG']",['wing'],['wing'],0.0,4.07e-05,"[36, 10, 28, 0, 0, 0, 0, 0]"
scripts,"['S', 'K', 'R', 'IH', 'P', 'T', 'S']",['scripts'],['scripts'],0.0,5.13e-06,"[31, 24, 30, 10, 29, 33, 31, 0]"
tiny,"['T', 'AY', 'N', 'IY']",['tiny'],['tiny'],0.0,4.17e-05,"[33, 6, 27, 11, 0, 0, 0, 0]"
mounting,"['M', 'AW', 'N', 'T', 'IH', 'NG']","['mount', 'ing']","['mount', 'ing']",0.0,7.24e-06,"[26, 5, 27, 33, 10, 28, 0, 0]"
airlines,"['EH', 'R', 'L', 'AY', 'N', 'Z']","['air', 'lines']","['air', 'lines']",0.0,1.55e-05,"[7, 30, 25, 6, 27, 38, 0, 0]"
jay,"['JH', 'EY']",['jay'],['jay'],0.0,2.4e-05,"[23, 9, 0, 0, 0, 0, 0, 0]"
gap,"['G', 'AE', 'P']",['gap'],['gap'],0.0,2.95e-05,"[21, 2, 29, 0, 0, 0, 0, 0]"
offshore,"['AO', 'F', 'SH', 'AO', 'R']","['off', 'shore']","['off', 'shore']",0.0,8.13e-06,"[4, 20, 32, 4, 30, 0, 0, 0]"
comp,"['K', 'AA', 'M', 'P']",['comp'],['comp'],0.0,7.08e-06,"[24, 1, 26, 29, 0, 0, 0, 0]"
alt,"['AA', 'L', 'T']",['alt'],['alt'],0.0,6.46e-06,"[1, 25, 33, 0, 0, 0, 0, 0]"
pop,"['P', 'AA', 'P']",['pop'],['pop'],0.0,7.41e-05,"[29, 1, 29, 0, 0, 0, 0, 0]"
mailing,"['M', 'EY', 'L', 'IH', 'NG']","['mail', 'ing']","['mail', 'ing']",0.0,3.98e-06,"[26, 9, 25, 10, 28, 0, 0, 0]"
floor,"['F', 'L', 'AO', 'R']",['floor'],['floor'],0.0,8.71e-05,"[20, 25, 4, 30, 0, 0, 0, 0]"
mud,"['M', 'AH', 'D']",['mud'],['mud'],0.0,1.35e-05,"[26, 3, 18, 0, 0, 0, 0, 0]"
pass,"['P', 'AE', 'S']",['pass'],['pass'],0.0,0.000112,"[29, 2, 31, 0, 0, 0, 0, 0]"
time,"['T', 'AY', 'M']",['time'],['time'],0.0,0.00195,"[33, 6, 26, 0, 0, 0, 0, 0]"
van,"['V', 'AE', 'N']",['van'],['van'],0.0,6.03e-05,"[35, 2, 27, 0, 0, 0, 0, 0]"
multi,"['M', 'AH', 'L', 'T', 'IY']",['multi'],['multi'],0.0,3.47e-05,"[26, 3, 25, 33, 11, 0, 0, 0]"
completed,"['K', 'AH', 'M', 'P', 'L', 'IY', 'T', 'AH', 'D']","['com', 'pleted']","['com', 'pleted']",0.0,5.89e-05,"[24, 3, 26, 29, 25, 11, 33, 3]"
skin,"['S', 'K', 'IH', 'N']",['skin'],['skin'],0.0,8.13e-05,"[31, 24, 10, 27, 0, 0, 0, 0]"
ads,"['AE', 'D', 'Z']",['ads'],['ads'],0.0,2.09e-05,"[2, 18, 38, 0, 0, 0, 0, 0]"
mary,"['M', 'EH', 'R', 'IY']",['mary'],['mary'],0.0,6.03e-05,"[26, 7, 30, 11, 0, 0, 0, 0]"
ring,"['R', 'IH', 'NG']",['ring'],['ring'],0.0,6.46e-05,"[30, 10, 28, 0, 0, 0, 0, 0]"
fin,"['F', 'IH', 'N']",['fin'],['fin'],0.0,5.01e-06,"[20, 10, 27, 0, 0, 0, 0, 0]"
german,"['JH', 'ER', 'M', 'AH', 'N']","['ger', 'man']","['ger', 'man']",0.0,8.91e-05,"[23, 8, 26, 3, 27, 0, 0, 0]"
uni,"['Y', 'UW', 'N', 'IY']",['uni'],['uni'],0.0,4.9e-06,"[37, 15, 27, 11, 0, 0, 0, 0]"
laughing,"['L', 'AE', 'F', 'IH', 'NG']","['laugh', 'ing']","['laugh', 'ing']",0.0,4.07e-05,"[25, 2, 20, 10, 28, 0, 0, 0]"
ballet,"['B', 'AE', 'L', 'EY']","['bal', 'let']","['bal', 'let']",0.0,8.91e-06,"[16, 2, 25, 9, 0, 0, 0, 0]"
garlic,"['G', 'AA', 'R', 'L', 'IH', 'K']","['gar', 'lic']","['gar', 'lic']",0.0,8.32e-06,"[21, 1, 30, 25, 10, 24, 0, 0]"
shine,"['SH', 'AY', 'N']",['shine'],['shine'],0.0,1.48e-05,"[32, 6, 27, 0, 0, 0, 0, 0]"
grade,"['G', 'R', 'EY', 'D']",['grade'],['grade'],0.0,6.31e-05,"[21, 30, 9, 18, 0, 0, 0, 0]"
jackets,"['JH', 'AE', 'K', 'IH', 'T', 'S']","['jack', 'ets']","['jack', 'ets']",0.0,6.46e-06,"[23, 2, 24, 10, 33, 31, 0, 0]"
packed,"['P', 'AE', 'K', 'T']",['packed'],['packed'],0.0,2.04e-05,"[29, 2, 24, 33, 0, 0, 0, 0]"
outreach,"['AW', 'T', 'R', 'IY', 'CH']","['out', 'reach']","['out', 'reach']",0.0,4.79e-06,"[5, 33, 30, 11, 17, 0, 0, 0]"
partner,"['P', 'AA', 'R', 'T', 'N', 'ER']","['part', 'ner']","['part', 'ner']",0.0,6.92e-05,"[29, 1, 30, 33, 27, 8, 0, 0]"
newton,"['N', 'UW', 'T', 'AH', 'N']","['new', 'ton']","['new', 'ton']",0.0,8.71e-06,"[27, 15, 33, 3, 27, 0, 0, 0]"
unto,"['AH', 'N', 'T', 'UW']","['un', 'to']","['un', 'to']",0.0,9.12e-06,"[3, 27, 33, 15, 0, 0, 0, 0]"
precious,"['P', 'R', 'EH', 'SH', 'AH', 'S']","['pre', 'cious']","['pre', 'cious']",0.0,2.14e-05,"[29, 30, 7, 32, 3, 31, 0, 0]"
cox,"['K', 'AA', 'K', 'S']",['cox'],['cox'],0.0,8.71e-06,"[24, 1, 24, 31, 0, 0, 0, 0]"
necklace,"['N', 'EH', 'K', 'L', 'AH', 'S']","['neck', 'lace']","['neck', 'lace']",0.0,7.08e-06,"[27, 7, 24, 25, 3, 31, 0, 0]"
composite,"['K', 'AH', 'M', 'P', 'AA', 'Z', 'AH', 'T']","['com', 'pos', 'ite']","['com', 'pos', 'ite']",0.0,8.71e-06,"[24, 3, 26, 29, 1, 38, 3, 33]"
ranked,"['R', 'AE', 'NG', 'K', 'T']",['ranked'],['ranked'],0.0,2.24e-05,"[30, 2, 28, 24, 33, 0, 0, 0]"
hit,"['HH', 'IH', 'T']",['hit'],['hit'],0.0,0.000234,"[22, 10, 33, 0, 0, 0, 0, 0]"
pool,"['P', 'UW', 'L']",['pool'],['pool'],0.0,4.68e-05,"[29, 15, 25, 0, 0, 0, 0, 0]"
mini,"['M', 'IH', 'N', 'IY']",['mini'],['mini'],0.0,2.75e-05,"[26, 10, 27, 11, 0, 0, 0, 0]"
exclude,"['IH', 'K', 'S', 'K', 'L', 'UW', 'D']","['ex', 'clude']","['ex', 'clude']",0.0,6.03e-06,"[10, 24, 31, 24, 25, 15, 18, 0]"
boards,"['B', 'AO', 'R', 'D', 'Z']",['boards'],['boards'],0.0,2.04e-05,"[16, 4, 30, 18, 38, 0, 0, 0]"
faculty,"['F', 'AE', 'K', 'AH', 'L', 'T', 'IY']","['fac', 'ulty']","['fac', 'ulty']",0.0,2.09e-05,"[20, 2, 24, 3, 25, 33, 11, 0]"
fish,"['F', 'IH', 'SH']",['fish'],['fish'],0.0,7.94e-05,"[20, 10, 32, 0, 0, 0, 0, 0]"
eye,['AY'],['eye'],['eye'],0.0,0.000105,"[6, 0, 0, 0, 0, 0, 0, 0]"
string,"['S', 'T', 'R', 'IH', 'NG']",['string'],['string'],0.0,2.51e-05,"[31, 33, 30, 10, 28, 0, 0, 0]"
sense,"['S', 'EH', 'N', 'S']",['sense'],['sense'],0.0,0.000155,"[31, 7, 27, 31, 0, 0, 0, 0]"
pack,"['P', 'AE', 'K']",['pack'],['pack'],0.0,4.57e-05,"[29, 2, 24, 0, 0, 0, 0, 0]"
stage,"['S', 'T', 'EY', 'JH']",['stage'],['stage'],0.0,0.000126,"[31, 33, 9, 23, 0, 0, 0, 0]"
born,"['B', 'AO', 'R', 'N']",['born'],['born'],0.0,0.000123,"[16, 4, 30, 27, 0, 0, 0, 0]"
bedford,"['B', 'EH', 'D', 'F', 'ER', 'D']","['bed', 'ford']","['bed', 'ford']",0.0,3.98e-06,"[16, 7, 18, 20, 8, 18, 0, 0]"
match,"['M', 'AE', 'CH']",['match'],['match'],0.0,0.000135,"[26, 2, 17, 0, 0, 0, 0, 0]"
boys,"['B', 'OY', 'Z']",['boys'],['boys'],0.0,0.000107,"[16, 13, 38, 0, 0, 0, 0, 0]"
outdoor,"['AW', 'T', 'D', 'AO', 'R']","['out', 'door']","['out', 'door']",0.0,1.7e-05,"[5, 33, 18, 4, 30, 0, 0, 0]"
deep,"['D', 'IY', 'P']",['deep'],['deep'],0.0,0.000112,"[18, 11, 29, 0, 0, 0, 0, 0]"
rest,"['R', 'EH', 'S', 'T']",['rest'],['rest'],0.0,0.00017,"[30, 7, 31, 33, 0, 0, 0, 0]"
plant,"['P', 'L', 'AE', 'N', 'T']",['plant'],['plant'],0.0,7.76e-05,"[29, 25, 2, 27, 33, 0, 0, 0]"
ate,"['EY', 'T']",['ate'],['ate'],0.0,2.19e-05,"[9, 33, 0, 0, 0, 0, 0, 0]"
benchmark,"['B', 'EH', 'N', 'CH', 'M', 'AA', 'R', 'K']","['bench', 'mark']","['bench', 'mark']",0.0,3.98e-06,"[16, 7, 27, 17, 26, 1, 30, 24]"
instructors,"['IH', 'N', 'S', 'T', 'R', 'AH', 'K', 'T', 'ER', 'Z']","['in', 'struct', 'ors']","['in', 'struct', 'ors']",0.0,3.72e-06,"[10, 27, 31, 33, 30, 3, 24, 33]"
host,"['HH', 'OW', 'S', 'T']",['host'],['host'],0.0,5.89e-05,"[22, 12, 31, 33, 0, 0, 0, 0]"
ing,"['IH', 'NG']",['ing'],['ing'],0.0,8.91e-06,"[10, 28, 0, 0, 0, 0, 0, 0]"
bang,"['B', 'AE', 'NG']",['bang'],['bang'],0.0,2.09e-05,"[16, 2, 28, 0, 0, 0, 0, 0]"
bone,"['B', 'OW', 'N']",['bone'],['bone'],0.0,2.95e-05,"[16, 12, 27, 0, 0, 0, 0, 0]"
disorders,"['D', 'IH', 'S', 'AO', 'R', 'D', 'ER', 'Z']","['dis', 'orders']","['dis', 'orders']",0.0,1.38e-05,"[18, 10, 31, 4, 30, 18, 8, 38]"
bugs,"['B', 'AH', 'G', 'Z']",['bugs'],['bugs'],0.0,1.1e-05,"[16, 3, 21, 38, 0, 0, 0, 0]"
cookies,"['K', 'UH', 'K', 'IY', 'Z']","['cook', 'ies']","['cook', 'ies']",0.0,1.32e-05,"[24, 14, 24, 11, 38, 0, 0, 0]"
med,"['M', 'EH', 'D']",['med'],['med'],0.0,7.59e-06,"[26, 7, 18, 0, 0, 0, 0, 0]"
gate,"['G', 'EY', 'T']",['gate'],['gate'],0.0,2.95e-05,"[21, 9, 33, 0, 0, 0, 0, 0]"
proposals,"['P', 'R', 'AH', 'P', 'OW', 'Z', 'AH', 'L', 'Z']","['pro', 'pos', 'als']","['pro', 'pos', 'als']",0.0,1.58e-05,"[29, 30, 3, 29, 12, 38, 3, 25]"
folder,"['F', 'OW', 'L', 'D', 'ER']",['folder'],['folder'],0.0,5.5e-06,"[20, 12, 25, 18, 8, 0, 0, 0]"
pty,"['T', 'AY']",['pty'],['pty'],0.0,1.66e-06,"[33, 6, 0, 0, 0, 0, 0, 0]"
nuts,"['N', 'AH', 'T', 'S']",['nuts'],['nuts'],0.0,2e-05,"[27, 3, 33, 31, 0, 0, 0, 0]"
vienna,"['V', 'IY', 'EH', 'N', 'AH']","['vi', 'enna']","['vi', 'enna']",0.0,9.55e-06,"[35, 11, 7, 27, 3, 0, 0, 0]"
span,"['S', 'P', 'AE', 'N']",['span'],['span'],0.0,1.17e-05,"[31, 29, 2, 27, 0, 0, 0, 0]"
stanford,"['S', 'T', 'AE', 'N', 'F', 'ER', 'D']","['stan', 'ford']","['stan', 'ford']",0.0,9.55e-06,"[31, 33, 2, 27, 20, 8, 18, 0]"
stockings,"['S', 'T', 'AA', 'K', 'IH', 'NG', 'Z']","['stock', 'ings']","['stock', 'ings']",0.0,2.95e-06,"[31, 33, 1, 24, 10, 28, 38, 0]"
statute,"['S', 'T', 'AE', 'CH', 'UW', 'T']","['stat', 'ute']","['stat', 'ute']",0.0,6.76e-06,"[31, 33, 2, 17, 15, 33, 0, 0]"
guided,"['G', 'AY', 'D', 'AH', 'D']",['guided'],['guided'],0.0,1.15e-05,"[21, 6, 18, 3, 18, 0, 0, 0]"
tab,"['T', 'AE', 'B']",['tab'],['tab'],0.0,9.12e-06,"[33, 2, 16, 0, 0, 0, 0, 0]"
concrete,"['K', 'AH', 'N', 'K', 'R', 'IY', 'T']","['con', 'crete']","['con', 'crete']",0.0,2.75e-05,"[24, 3, 27, 24, 30, 11, 33, 0]"
darkness,"['D', 'AA', 'R', 'K', 'N', 'AH', 'S']","['dark', 'ness']","['dark', 'ness']",0.0,2e-05,"[18, 1, 30, 24, 27, 3, 31, 0]"
broadcast,"['B', 'R', 'AO', 'D', 'K', 'AE', 'S', 'T']","['broad', 'cast']","['broad', 'cast']",0.0,2.45e-05,"[16, 30, 4, 18, 24, 2, 31, 33]"
strip,"['S', 'T', 'R', 'IH', 'P']",['strip'],['strip'],0.0,2.29e-05,"[31, 33, 30, 10, 29, 0, 0, 0]"
rely,"['R', 'IH', 'L', 'AY']",['rely'],['rely'],0.0,1.95e-05,"[30, 10, 25, 6, 0, 0, 0, 0]"
lexus,"['L', 'EH', 'K', 'S', 'AH', 'S']","['lex', 'us']","['lex', 'us']",0.0,1.86e-06,"[25, 7, 24, 31, 3, 31, 0, 0]"
validity,"['V', 'AH', 'L', 'IH', 'D', 'AH', 'T', 'IY']","['valid', 'ity']","['valid', 'ity']",0.0,5.01e-06,"[35, 3, 25, 10, 18, 3, 33, 11]"
trustee,"['T', 'R', 'AH', 'S', 'T', 'IY']","['trust', 'ee']","['trust', 'ee']",0.0,4.79e-06,"[33, 30, 3, 31, 33, 11, 0, 0]"
performs,"['P', 'ER', 'F', 'AO', 'R', 'M', 'Z']","['per', 'forms']","['per', 'forms']",0.0,9.33e-06,"[29, 8, 20, 4, 30, 26, 38, 0]"
chief,"['CH', 'IY', 'F']",['chief'],['chief'],0.0,0.000129,"[17, 11, 20, 0, 0, 0, 0, 0]"
laws,"['L', 'AO', 'Z']",['laws'],['laws'],0.0,7.76e-05,"[25, 4, 38, 0, 0, 0, 0, 0]"
flow,"['F', 'L', 'OW']",['flow'],['flow'],0.0,4.79e-05,"[20, 25, 12, 0, 0, 0, 0, 0]"
royalty,"['R', 'OY', 'AH', 'L', 'T', 'IY']","['roy', 'alty']","['roy', 'alty']",0.0,6.31e-06,"[30, 13, 3, 25, 33, 11, 0, 0]"
sunshine,"['S', 'AH', 'N', 'SH', 'AY', 'N']","['sun', 'shine']","['sun', 'shine']",0.0,1.45e-05,"[31, 3, 27, 32, 6, 27, 0, 0]"
somehow,"['S', 'AH', 'M', 'HH', 'AW']","['some', 'how']","['some', 'how']",0.0,3.39e-05,"[31, 3, 26, 22, 5, 0, 0, 0]"
honolulu,"['HH', 'AA', 'N', 'AH', 'L', 'UW', 'L', 'UW']","['hon', 'olulu']","['hon', 'olulu']",0.0,3.16e-06,"[22, 1, 27, 3, 25, 15, 25, 15]"
pas,"['P', 'AA', 'Z']",['pas'],['pas'],0.0,3.89e-06,"[29, 1, 38, 0, 0, 0, 0, 0]"
zone,"['Z', 'OW', 'N']",['zone'],['zone'],0.0,5.25e-05,"[38, 12, 27, 0, 0, 0, 0, 0]"
cat,"['K', 'AE', 'T']",['cat'],['cat'],0.0,6.03e-05,"[24, 2, 33, 0, 0, 0, 0, 0]"
die,"['D', 'AY']",['die'],['die'],0.0,0.000117,"[18, 6, 0, 0, 0, 0, 0, 0]"
jack,"['JH', 'AE', 'K']",['jack'],['jack'],0.0,6.61e-05,"[23, 2, 24, 0, 0, 0, 0, 0]"
flat,"['F', 'L', 'AE', 'T']",['flat'],['flat'],0.0,5.25e-05,"[20, 25, 2, 33, 0, 0, 0, 0]"
changed,"['CH', 'EY', 'N', 'JH', 'D']",['changed'],['changed'],0.0,0.000117,"[17, 9, 27, 23, 18, 0, 0, 0]"
scale,"['S', 'K', 'EY', 'L']",['scale'],['scale'],0.0,6.76e-05,"[31, 24, 9, 25, 0, 0, 0, 0]"
stand,"['S', 'T', 'AE', 'N', 'D']",['stand'],['stand'],0.0,0.000138,"[31, 33, 2, 27, 18, 0, 0, 0]"
highest,"['HH', 'AY', 'AH', 'S', 'T']",['highest'],['highest'],0.0,7.24e-05,"[22, 6, 3, 31, 33, 0, 0, 0]"
helpful,"['HH', 'EH', 'L', 'P', 'F', 'AH', 'L']","['help', 'ful']","['help', 'ful']",0.0,2.69e-05,"[22, 7, 25, 29, 20, 3, 25, 0]"
frame,"['F', 'R', 'EY', 'M']",['frame'],['frame'],0.0,3.8e-05,"[20, 30, 9, 26, 0, 0, 0, 0]"
path,"['P', 'AE', 'TH']",['path'],['path'],0.0,5.13e-05,"[29, 2, 34, 0, 0, 0, 0, 0]"
uri,"['Y', 'ER', 'IY']",['uri'],['uri'],0.0,1.82e-06,"[37, 8, 11, 0, 0, 0, 0, 0]"
prepaid,"['P', 'R', 'IY', 'P', 'EY', 'D']","['pre', 'paid']","['pre', 'paid']",0.0,2e-06,"[29, 30, 11, 29, 9, 18, 0, 0]"
gem,"['JH', 'EH', 'M']",['gem'],['gem'],0.0,7.41e-06,"[23, 7, 26, 0, 0, 0, 0, 0]"
selling,"['S', 'EH', 'L', 'IH', 'NG']",['selling'],['selling'],0.0,6.46e-05,"[31, 7, 25, 10, 28, 0, 0, 0]"
rider,"['R', 'AY', 'D', 'ER']",['rider'],['rider'],0.0,1.05e-05,"[30, 6, 18, 8, 0, 0, 0, 0]"
logging,"['L', 'AO', 'G', 'IH', 'NG']","['log', 'ging']","['log', 'ging']",0.0,5.75e-06,"[25, 4, 21, 10, 28, 0, 0, 0]"
railroad,"['R', 'EY', 'L', 'R', 'OW', 'D']","['rail', 'road']","['rail', 'road']",0.0,2.09e-05,"[30, 9, 25, 30, 12, 18, 0, 0]"
vegetables,"['V', 'EH', 'JH', 'T', 'AH', 'B', 'AH', 'L', 'Z']","['ve', 'get', 'ables']","['ve', 'get', 'ables']",0.0,1.41e-05,"[35, 7, 23, 33, 3, 16, 3, 25]"
vegas,"['V', 'EY', 'G', 'AH', 'S']","['ve', 'gas']","['ve', 'gas']",0.0,2.63e-05,"[35, 9, 21, 3, 31, 0, 0, 0]"
square,"['S', 'K', 'W', 'EH', 'R']",['square'],['square'],0.0,6.92e-05,"[31, 24, 36, 7, 30, 0, 0, 0]"
advance,"['AH', 'D', 'V', 'AE', 'N', 'S']","['ad', 'vance']","['ad', 'vance']",0.0,4.47e-05,"[3, 18, 35, 2, 27, 31, 0, 0]"
skip,"['S', 'K', 'IH', 'P']",['skip'],['skip'],0.0,1.62e-05,"[31, 24, 10, 29, 0, 0, 0, 0]"
gear,"['G', 'IH', 'R']",['gear'],['gear'],0.0,2.88e-05,"[21, 10, 30, 0, 0, 0, 0, 0]"
lee,"['L', 'IY']",['lee'],['lee'],0.0,5.37e-05,"[25, 11, 0, 0, 0, 0, 0, 0]"
tub,"['T', 'AH', 'B']",['tub'],['tub'],0.0,7.08e-06,"[33, 3, 16, 0, 0, 0, 0, 0]"
piece,"['P', 'IY', 'S']",['piece'],['piece'],0.0,0.00011,"[29, 11, 31, 0, 0, 0, 0, 0]"
sheet,"['SH', 'IY', 'T']",['sheet'],['sheet'],0.0,2.51e-05,"[32, 11, 33, 0, 0, 0, 0, 0]"
older,"['OW', 'L', 'D', 'ER']",['older'],['older'],0.0,8.32e-05,"[12, 25, 18, 8, 0, 0, 0, 0]"
undo,"['AH', 'N', 'D', 'UW']",['undo'],['undo'],0.0,3.72e-06,"[3, 27, 18, 15, 0, 0, 0, 0]"
lesser,"['L', 'EH', 'S', 'ER']","['less', 'er']","['less', 'er']",0.0,1.35e-05,"[25, 7, 31, 8, 0, 0, 0, 0]"
ant,"['AE', 'N', 'T']",['ant'],['ant'],0.0,7.24e-06,"[2, 27, 33, 0, 0, 0, 0, 0]"
pressing,"['P', 'R', 'EH', 'S', 'IH', 'NG']","['press', 'ing']","['press', 'ing']",0.0,1.2e-05,"[29, 30, 7, 31, 10, 28, 0, 0]"
apt,"['AE', 'P', 'T']",['apt'],['apt'],0.0,4.9e-06,"[2, 29, 33, 0, 0, 0, 0, 0]"
belfast,"['B', 'EH', 'L', 'F', 'AE', 'S', 'T']","['bel', 'fast']","['bel', 'fast']",0.0,7.59e-06,"[16, 7, 25, 20, 2, 31, 33, 0]"
cup,"['K', 'AH', 'P']",['cup'],['cup'],0.0,0.000129,"[24, 3, 29, 0, 0, 0, 0, 0]"
pet,"['P', 'EH', 'T']",['pet'],['pet'],0.0,2.82e-05,"[29, 7, 33, 0, 0, 0, 0, 0]"
heard,"['HH', 'ER', 'D']",['heard'],['heard'],0.0,0.000186,"[22, 8, 18, 0, 0, 0, 0, 0]"
royal,"['R', 'OY', 'AH', 'L']","['roy', 'al']","['roy', 'al']",0.0,7.08e-05,"[30, 13, 3, 25, 0, 0, 0, 0]"
clean,"['K', 'L', 'IY', 'N']",['clean'],['clean'],0.0,9.33e-05,"[24, 25, 11, 27, 0, 0, 0, 0]"
switch,"['S', 'W', 'IH', 'CH']",['switch'],['switch'],0.0,3.98e-05,"[31, 36, 10, 17, 0, 0, 0, 0]"
largest,"['L', 'AA', 'R', 'JH', 'AH', 'S', 'T']",['largest'],['largest'],0.0,7.94e-05,"[25, 1, 30, 23, 3, 31, 33, 0]"
guy,"['G', 'AY']",['guy'],['guy'],0.0,0.000251,"[21, 6, 0, 0, 0, 0, 0, 0]"
justice,"['JH', 'AH', 'S', 'T', 'AH', 'S']",['justice'],['justice'],0.0,9.33e-05,"[23, 3, 31, 33, 3, 31, 0, 0]"
dev,"['D', 'EH', 'V']",['dev'],['dev'],0.0,5.75e-06,"[18, 7, 35, 0, 0, 0, 0, 0]"
passport,"['P', 'AE', 'S', 'P', 'AO', 'R', 'T']","['pass', 'port']","['pass', 'port']",0.0,1.12e-05,"[29, 2, 31, 29, 4, 30, 33, 0]"
weekly,"['W', 'IY', 'K', 'L', 'IY']",['weekly'],['weekly'],0.0,3.72e-05,"[36, 11, 24, 25, 11, 0, 0, 0]"
fig,"['F', 'IH', 'G']",['fig'],['fig'],0.0,1.26e-05,"[20, 10, 21, 0, 0, 0, 0, 0]"
barbara,"['B', 'AA', 'R', 'B', 'ER', 'AH']","['bar', 'bara']","['bar', 'bara']",0.0,1.58e-05,"[16, 1, 30, 16, 8, 3, 0, 0]"
ports,"['P', 'AO', 'R', 'T', 'S']",['ports'],['ports'],0.0,1.17e-05,"[29, 4, 30, 33, 31, 0, 0, 0]"
textbooks,"['T', 'EH', 'K', 'S', 'T', 'B', 'UH', 'K', 'S']","['text', 'books']","['text', 'books']",0.0,4.57e-06,"[33, 7, 24, 31, 33, 16, 14, 24]"
rapid,"['R', 'AE', 'P', 'AH', 'D']","['rap', 'id']","['rap', 'id']",0.0,2.4e-05,"[30, 2, 29, 3, 18, 0, 0, 0]"
pull,"['P', 'UH', 'L']",['pull'],['pull'],0.0,6.61e-05,"[29, 14, 25, 0, 0, 0, 0, 0]"
latina,"['L', 'AA', 'T', 'IY', 'N', 'AH']","['lat', 'ina']","['lat', 'ina']",0.0,2.4e-06,"[25, 1, 33, 11, 27, 3, 0, 0]"
bench,"['B', 'EH', 'N', 'CH']",['bench'],['bench'],0.0,2.45e-05,"[16, 7, 27, 17, 0, 0, 0, 0]"
dead,"['D', 'EH', 'D']",['dead'],['dead'],0.0,0.000155,"[18, 7, 18, 0, 0, 0, 0, 0]"
merger,"['M', 'ER', 'JH', 'ER']","['mer', 'ger']","['mer', 'ger']",0.0,9.33e-06,"[26, 8, 23, 8, 0, 0, 0, 0]"
softball,"['S', 'AO', 'F', 'T', 'B', 'AO', 'L']","['soft', 'ball']","['soft', 'ball']",0.0,4.57e-06,"[31, 4, 20, 33, 16, 4, 25, 0]"
referrals,"['R', 'IH', 'F', 'ER', 'AH', 'L', 'Z']","['re', 'fer', 'rals']","['re', 'fer', 'rals']",0.0,1.58e-06,"[30, 10, 20, 8, 3, 25, 38, 0]"
quad,"['K', 'W', 'AA', 'D']",['quad'],['quad'],0.0,5.01e-06,"[24, 36, 1, 18, 0, 0, 0, 0]"
framing,"['F', 'R', 'EY', 'M', 'IH', 'NG']","['fram', 'ing']","['fram', 'ing']",0.0,3.8e-06,"[20, 30, 9, 26, 10, 28, 0, 0]"
jersey,"['JH', 'ER', 'Z', 'IY']","['jer', 'sey']","['jer', 'sey']",0.0,4.57e-05,"[23, 8, 38, 11, 0, 0, 0, 0]"
fat,"['F', 'AE', 'T']",['fat'],['fat'],0.0,7.08e-05,"[20, 2, 33, 0, 0, 0, 0, 0]"
fully,"['F', 'UH', 'L', 'IY']",['fully'],['fully'],0.0,7.76e-05,"[20, 14, 25, 11, 0, 0, 0, 0]"
saw,"['S', 'AO']",['saw'],['saw'],0.0,0.000219,"[31, 4, 0, 0, 0, 0, 0, 0]"
driver,"['D', 'R', 'AY', 'V', 'ER']",['driver'],['driver'],0.0,5.62e-05,"[18, 30, 6, 35, 8, 0, 0, 0]"
hyundai,"['HH', 'Y', 'AH', 'N', 'D', 'EY']","['hy', 'undai']","['hy', 'undai']",0.0,2.75e-06,"[22, 37, 3, 27, 18, 9, 0, 0]"
trip,"['T', 'R', 'IH', 'P']",['trip'],['trip'],0.0,7.94e-05,"[33, 30, 10, 29, 0, 0, 0, 0]"
worth,"['W', 'ER', 'TH']",['worth'],['worth'],0.0,0.000145,"[36, 8, 34, 0, 0, 0, 0, 0]"
procedures,"['P', 'R', 'AH', 'S', 'IY', 'JH', 'ER', 'Z']","['pro', 'ced', 'ures']","['pro', 'ced', 'ures']",0.0,2.29e-05,"[29, 30, 3, 31, 11, 23, 8, 38]"
poor,"['P', 'UH', 'R']",['poor'],['poor'],0.0,0.000123,"[29, 14, 30, 0, 0, 0, 0, 0]"
eyes,"['AY', 'Z']",['eyes'],['eyes'],0.0,0.000162,"[6, 38, 0, 0, 0, 0, 0, 0]"
farm,"['F', 'AA', 'R', 'M']",['farm'],['farm'],0.0,5.62e-05,"[20, 1, 30, 26, 0, 0, 0, 0]"
peace,"['P', 'IY', 'S']",['peace'],['peace'],0.0,0.000105,"[29, 11, 31, 0, 0, 0, 0, 0]"
tom,"['T', 'AA', 'M']",['tom'],['tom'],0.0,6.76e-05,"[33, 1, 26, 0, 0, 0, 0, 0]"
exchanges,"['IH', 'K', 'S', 'CH', 'EY', 'N', 'JH', 'AH', 'Z']","['ex', 'changes']","['ex', 'changes']",0.0,8.91e-06,"[10, 24, 31, 17, 9, 27, 23, 3]"
desktop,"['D', 'EH', 'S', 'K', 'T', 'AA', 'P']",['desktop'],['desktop'],0.0,8.51e-06,"[18, 7, 31, 24, 33, 1, 29, 0]"
block,"['B', 'L', 'AA', 'K']",['block'],['block'],0.0,7.59e-05,"[16, 25, 1, 24, 0, 0, 0, 0]"
agents,"['EY', 'JH', 'AH', 'N', 'T', 'S']",['agents'],['agents'],0.0,3.55e-05,"[9, 23, 3, 27, 33, 31, 0, 0]"
fair,"['F', 'EH', 'R']",['fair'],['fair'],0.0,9.77e-05,"[20, 7, 30, 0, 0, 0, 0, 0]"
civil,"['S', 'IH', 'V', 'AH', 'L']",['civil'],['civil'],0.0,8.51e-05,"[31, 10, 35, 3, 25, 0, 0, 0]"
steel,"['S', 'T', 'IY', 'L']",['steel'],['steel'],0.0,5.13e-05,"[31, 33, 11, 25, 0, 0, 0, 0]"
fixed,"['F', 'IH', 'K', 'S', 'T']",['fixed'],['fixed'],0.0,5.01e-05,"[20, 10, 24, 31, 33, 0, 0, 0]"
wrong,"['R', 'AO', 'NG']",['wrong'],['wrong'],0.0,0.000245,"[30, 4, 28, 0, 0, 0, 0, 0]"
hands,"['HH', 'AE', 'N', 'D', 'Z']",['hands'],['hands'],0.0,0.000145,"[22, 2, 27, 18, 38, 0, 0, 0]"
updates,"['AH', 'P', 'D', 'EY', 'T', 'S']","['up', 'dates']","['up', 'dates']",0.0,2.04e-05,"[3, 29, 18, 9, 33, 31, 0, 0]"
dam,"['D', 'AE', 'M']",['dam'],['dam'],0.0,1.48e-05,"[18, 2, 26, 0, 0, 0, 0, 0]"
classes,"['K', 'L', 'AE', 'S', 'AH', 'Z']",['classes'],['classes'],0.0,5.89e-05,"[24, 25, 2, 31, 3, 38, 0, 0]"
paris,"['P', 'EH', 'R', 'IH', 'S']","['par', 'is']","['par', 'is']",0.0,6.61e-05,"[29, 7, 30, 10, 31, 0, 0, 0]"
gets,"['G', 'EH', 'T', 'S']",['gets'],['gets'],0.0,0.000178,"[21, 7, 33, 31, 0, 0, 0, 0]"
weed,"['W', 'IY', 'D']",['weed'],['weed'],0.0,1.86e-05,"[36, 11, 18, 0, 0, 0, 0, 0]"
accent,"['AH', 'K', 'S', 'EH', 'N', 'T']","['ac', 'cent']","['ac', 'cent']",0.0,1.38e-05,"[3, 24, 31, 7, 27, 33, 0, 0]"
wives,"['W', 'AY', 'V', 'Z']",['wives'],['wives'],0.0,1.2e-05,"[36, 6, 35, 38, 0, 0, 0, 0]"
utilize,"['Y', 'UW', 'T', 'AH', 'L', 'AY', 'Z']","['util', 'ize']","['util', 'ize']",0.0,5.62e-06,"[37, 15, 33, 3, 25, 6, 38, 0]"
prostate,"['P', 'R', 'AA', 'S', 'T', 'EY', 'T']","['pro', 'state']","['pro', 'state']",0.0,4.68e-06,"[29, 30, 1, 31, 33, 9, 33, 0]"
unlock,"['AH', 'N', 'L', 'AA', 'K']","['un', 'lock']","['un', 'lock']",0.0,7.94e-06,"[3, 27, 25, 1, 24, 0, 0, 0]"
nick,"['N', 'IH', 'K']",['nick'],['nick'],0.0,3.89e-05,"[27, 10, 24, 0, 0, 0, 0, 0]"
themselves,"['DH', 'EH', 'M', 'S', 'EH', 'L', 'V', 'Z']","['them', 'selves']","['them', 'selves']",0.0,0.000145,"[19, 7, 26, 31, 7, 25, 35, 38]"
fan,"['F', 'AE', 'N']",['fan'],['fan'],0.0,8.32e-05,"[20, 2, 27, 0, 0, 0, 0, 0]"
transport,"['T', 'R', 'AE', 'N', 'S', 'P', 'AO', 'R', 'T']","['trans', 'port']","['trans', 'port']",0.0,4.79e-05,"[33, 30, 2, 27, 31, 29, 4, 30]"
wife,"['W', 'AY', 'F']",['wife'],['wife'],0.0,0.00017,"[36, 6, 20, 0, 0, 0, 0, 0]"
former,"['F', 'AO', 'R', 'M', 'ER']",['former'],['former'],0.0,0.000191,"[20, 4, 30, 26, 8, 0, 0, 0]"
ten,"['T', 'EH', 'N']",['ten'],['ten'],0.0,0.000112,"[33, 7, 27, 0, 0, 0, 0, 0]"
helmet,"['HH', 'EH', 'L', 'M', 'AH', 'T']","['hel', 'met']","['hel', 'met']",0.0,1.05e-05,"[22, 7, 25, 26, 3, 33, 0, 0]"
postcard,"['P', 'OW', 'S', 'T', 'K', 'AA', 'R', 'D']","['post', 'card']","['post', 'card']",0.0,2.75e-06,"[29, 12, 31, 33, 24, 1, 30, 18]"
elephant,"['EH', 'L', 'AH', 'F', 'AH', 'N', 'T']","['ele', 'phant']","['ele', 'phant']",0.0,1.2e-05,"[7, 25, 3, 20, 3, 27, 33, 0]"
enabling,"['EH', 'N', 'EY', 'B', 'AH', 'L', 'IH', 'NG']","['en', 'abling']","['en', 'abling']",0.0,8.32e-06,"[7, 27, 9, 16, 3, 25, 10, 28]"
led,"['L', 'EH', 'D']",['led'],['led'],0.0,0.000129,"[25, 7, 18, 0, 0, 0, 0, 0]"
plot,"['P', 'L', 'AA', 'T']",['plot'],['plot'],0.0,3.8e-05,"[29, 25, 1, 33, 0, 0, 0, 0]"
airline,"['EH', 'R', 'L', 'AY', 'N']","['air', 'line']","['air', 'line']",0.0,1.1e-05,"[7, 30, 25, 6, 27, 0, 0, 0]"
exists,"['IH', 'G', 'Z', 'IH', 'S', 'T', 'S']","['ex', 'ists']","['ex', 'ists']",0.0,3.02e-05,"[10, 21, 38, 10, 31, 33, 31, 0]"
strike,"['S', 'T', 'R', 'AY', 'K']",['strike'],['strike'],0.0,4.57e-05,"[31, 33, 30, 6, 24, 0, 0, 0]"
threat,"['TH', 'R', 'EH', 'T']",['threat'],['threat'],0.0,3.98e-05,"[34, 30, 7, 33, 0, 0, 0, 0]"
putting,"['P', 'AH', 'T', 'IH', 'NG']","['put', 'ting']","['put', 'ting']",0.0,7.24e-05,"[29, 3, 33, 10, 28, 0, 0, 0]"
exports,"['EH', 'K', 'S', 'P', 'AO', 'R', 'T', 'S']","['ex', 'ports']","['ex', 'ports']",0.0,1.23e-05,"[7, 24, 31, 29, 4, 30, 33, 31]"
loads,"['L', 'OW', 'D', 'Z']",['loads'],['loads'],0.0,1.66e-05,"[25, 12, 18, 38, 0, 0, 0, 0]"
friendship,"['F', 'R', 'EH', 'N', 'D', 'SH', 'IH', 'P']","['friend', 'ship']","['friend', 'ship']",0.0,2.45e-05,"[20, 30, 7, 27, 18, 32, 10, 29]"
lambda,"['L', 'AE', 'M', 'D', 'AH']",['lambda'],['lambda'],0.0,1.15e-06,"[25, 2, 26, 18, 3, 0, 0, 0]"
anne,"['AE', 'N']",['anne'],['anne'],0.0,2.09e-05,"[2, 27, 0, 0, 0, 0, 0, 0]"
castle,"['K', 'AE', 'S', 'AH', 'L']",['castle'],['castle'],0.0,2.82e-05,"[24, 2, 31, 3, 25, 0, 0, 0]"
unsubscribe,"['AH', 'N', 'S', 'AH', 'B', 'S', 'K', 'R', 'AY', 'B']","['un', 'sub', 'scribe']","['un', 'sub', 'scribe']",0.0,1.07e-06,"[3, 27, 31, 3, 16, 31, 24, 30]"
heads,"['HH', 'EH', 'D', 'Z']",['heads'],['heads'],0.0,4.68e-05,"[22, 7, 18, 38, 0, 0, 0, 0]"
exam,"['IH', 'G', 'Z', 'AE', 'M']","['ex', 'am']","['ex', 'am']",0.0,1.82e-05,"[10, 21, 38, 2, 26, 0, 0, 0]"
nav,"['N', 'AE', 'V']",['nav'],['nav'],0.0,1.82e-06,"[27, 2, 35, 0, 0, 0, 0, 0]"
cyber,"['S', 'AY', 'B', 'ER']","['cy', 'ber']","['cy', 'ber']",0.0,9.55e-06,"[31, 6, 16, 8, 0, 0, 0, 0]"
newcastle,"['N', 'UW', 'K', 'AE', 'S', 'AH', 'L']","['new', 'castle']","['new', 'castle']",0.0,1.17e-05,"[27, 15, 24, 2, 31, 3, 25, 0]"
clone,"['K', 'L', 'OW', 'N']",['clone'],['clone'],0.0,4.79e-06,"[24, 25, 12, 27, 0, 0, 0, 0]"
dom,"['D', 'AA', 'M']",['dom'],['dom'],0.0,6.03e-06,"[18, 1, 26, 0, 0, 0, 0, 0]"
performances,"['P', 'ER', 'F', 'AO', 'R', 'M', 'AH', 'N', 'S', 'AH', 'Z']","['per', 'form', 'ances']","['per', 'form', 'ances']",0.0,1.95e-05,"[29, 8, 20, 4, 30, 26, 3, 27]"
beings,"['B', 'IY', 'IH', 'NG', 'Z']","['be', 'ings']","['be', 'ings']",0.0,1.55e-05,"[16, 11, 10, 28, 38, 0, 0, 0]"
bite,"['B', 'AY', 'T']",['bite'],['bite'],0.0,2.04e-05,"[16, 6, 33, 0, 0, 0, 0, 0]"
gilbert,"['G', 'IH', 'L', 'B', 'ER', 'T']","['gil', 'bert']","['gil', 'bert']",0.0,7.94e-06,"[21, 10, 25, 16, 8, 33, 0, 0]"
brook,"['B', 'R', 'UH', 'K']",['brook'],['brook'],0.0,5.5e-06,"[16, 30, 14, 24, 0, 0, 0, 0]"
devices,"['D', 'IH', 'V', 'AY', 'S', 'AH', 'Z']",['devices'],['devices'],0.0,3.89e-05,"[18, 10, 35, 6, 31, 3, 38, 0]"
lord,"['L', 'AO', 'R', 'D']",['lord'],['lord'],0.0,0.000126,"[25, 4, 30, 18, 0, 0, 0, 0]"
sub,"['S', 'AH', 'B']",['sub'],['sub'],0.0,4.57e-05,"[31, 3, 16, 0, 0, 0, 0, 0]"
agree,"['AH', 'G', 'R', 'IY']",['agree'],['agree'],0.0,9.33e-05,"[3, 21, 30, 11, 0, 0, 0, 0]"
ink,"['IH', 'NG', 'K']",['ink'],['ink'],0.0,1.17e-05,"[10, 28, 24, 0, 0, 0, 0, 0]"
ought,"['AO', 'T']",['ought'],['ought'],0.0,2.24e-05,"[4, 33, 0, 0, 0, 0, 0, 0]"
fourth,"['F', 'AO', 'R', 'TH']",['fourth'],['fourth'],0.0,6.76e-05,"[20, 4, 30, 34, 0, 0, 0, 0]"
advisor,"['AE', 'D', 'V', 'AY', 'Z', 'ER']","['ad', 'visor']","['ad', 'visor']",0.0,1.02e-05,"[2, 18, 35, 6, 38, 8, 0, 0]"
evil,"['IY', 'V', 'AH', 'L']",['evil'],['evil'],0.0,5.5e-05,"[11, 35, 3, 25, 0, 0, 0, 0]"
aware,"['AH', 'W', 'EH', 'R']",['aware'],['aware'],0.0,6.03e-05,"[3, 36, 7, 30, 0, 0, 0, 0]"
shape,"['SH', 'EY', 'P']",['shape'],['shape'],0.0,5.25e-05,"[32, 9, 29, 0, 0, 0, 0, 0]"
irish,"['AY', 'R', 'IH', 'SH']","['ir', 'ish']","['ir', 'ish']",0.0,3.47e-05,"[6, 30, 10, 32, 0, 0, 0, 0]"
concerned,"['K', 'AH', 'N', 'S', 'ER', 'N', 'D']","['con', 'cerned']","['con', 'cerned']",0.0,5.62e-05,"[24, 3, 27, 31, 8, 27, 18, 0]"
euro,"['Y', 'UW', 'R', 'OW']",['euro'],['euro'],0.0,1.23e-05,"[37, 15, 30, 12, 0, 0, 0, 0]"
cap,"['K', 'AE', 'P']",['cap'],['cap'],0.0,3.24e-05,"[24, 2, 29, 0, 0, 0, 0, 0]"
playboy,"['P', 'L', 'EY', 'B', 'OY']","['play', 'boy']","['play', 'boy']",0.0,3.63e-06,"[29, 25, 9, 16, 13, 0, 0, 0]"
peak,"['P', 'IY', 'K']",['peak'],['peak'],0.0,3.39e-05,"[29, 11, 24, 0, 0, 0, 0, 0]"
grab,"['G', 'R', 'AE', 'B']",['grab'],['grab'],0.0,3.31e-05,"[21, 30, 2, 16, 0, 0, 0, 0]"
beans,"['B', 'IY', 'N', 'Z']",['beans'],['beans'],0.0,1.38e-05,"[16, 11, 27, 38, 0, 0, 0, 0]"
bookmarks,"['B', 'UH', 'K', 'M', 'AA', 'R', 'K', 'S']","['book', 'marks']","['book', 'marks']",0.0,6.46e-07,"[16, 14, 24, 26, 1, 30, 24, 31]"
oops,"['UW', 'P', 'S']",['oops'],['oops'],0.0,5.37e-06,"[15, 29, 31, 0, 0, 0, 0, 0]"
bathrooms,"['B', 'AE', 'TH', 'R', 'UW', 'M', 'Z']","['bath', 'rooms']","['bath', 'rooms']",0.0,4.68e-06,"[16, 2, 34, 30, 15, 26, 38, 0]"
tier,"['T', 'IY', 'R']",['tier'],['tier'],0.0,1.45e-05,"[33, 11, 30, 0, 0, 0, 0, 0]"
manor,"['M', 'AE', 'N', 'ER']","['man', 'or']","['man', 'or']",0.0,6.46e-06,"[26, 2, 27, 8, 0, 0, 0, 0]"
helps,"['HH', 'EH', 'L', 'P', 'S']",['helps'],['helps'],0.0,5.5e-05,"[22, 7, 25, 29, 31, 0, 0, 0]"
forecast,"['F', 'AO', 'R', 'K', 'AE', 'S', 'T']","['fore', 'cast']","['fore', 'cast']",0.0,1.23e-05,"[20, 4, 30, 24, 2, 31, 33, 0]"
cleaners,"['K', 'L', 'IY', 'N', 'ER', 'Z']","['clean', 'ers']","['clean', 'ers']",0.0,2.88e-06,"[24, 25, 11, 27, 8, 38, 0, 0]"
nam,"['N', 'AE', 'M']",['nam'],['nam'],0.0,5.01e-06,"[27, 2, 26, 0, 0, 0, 0, 0]"
preventing,"['P', 'R', 'IH', 'V', 'EH', 'N', 'T', 'IH', 'NG']","['pre', 'vent', 'ing']","['pre', 'vent', 'ing']",0.0,1.32e-05,"[29, 30, 10, 35, 7, 27, 33, 10]"
metric,"['M', 'EH', 'T', 'R', 'IH', 'K']","['met', 'ric']","['met', 'ric']",0.0,7.59e-06,"[26, 7, 33, 30, 10, 24, 0, 0]"
wear,"['W', 'EH', 'R']",['wear'],['wear'],0.0,8.32e-05,"[36, 7, 30, 0, 0, 0, 0, 0]"
finish,"['F', 'IH', 'N', 'IH', 'SH']","['fin', 'ish']","['fin', 'ish']",0.0,8.13e-05,"[20, 10, 27, 10, 32, 0, 0, 0]"
mom,"['M', 'AA', 'M']",['mom'],['mom'],0.0,0.000132,"[26, 1, 26, 0, 0, 0, 0, 0]"
performed,"['P', 'ER', 'F', 'AO', 'R', 'M', 'D']","['per', 'formed']","['per', 'formed']",0.0,4.79e-05,"[29, 8, 20, 4, 30, 26, 18, 0]"
bars,"['B', 'AA', 'R', 'Z']",['bars'],['bars'],0.0,2.82e-05,"[16, 1, 30, 38, 0, 0, 0, 0]"
row,"['R', 'OW']",['row'],['row'],0.0,3.98e-05,"[30, 12, 0, 0, 0, 0, 0, 0]"
cycle,"['S', 'AY', 'K', 'AH', 'L']",['cycle'],['cycle'],0.0,3.98e-05,"[31, 6, 24, 3, 25, 0, 0, 0]"
newer,"['N', 'UW', 'ER']","['new', 'er']","['new', 'er']",0.0,8.71e-06,"[27, 15, 8, 0, 0, 0, 0, 0]"
kay,"['K', 'EY']",['kay'],['kay'],0.0,8.51e-06,"[24, 9, 0, 0, 0, 0, 0, 0]"
oval,"['OW', 'V', 'AH', 'L']",['oval'],['oval'],0.0,9.55e-06,"[12, 35, 3, 25, 0, 0, 0, 0]"
cooler,"['K', 'UW', 'L', 'ER']","['cool', 'er']","['cool', 'er']",0.0,9.12e-06,"[24, 15, 25, 8, 0, 0, 0, 0]"
overhead,"['OW', 'V', 'ER', 'HH', 'EH', 'D']","['over', 'head']","['over', 'head']",0.0,8.51e-06,"[12, 35, 8, 22, 7, 18, 0, 0]"
prospect,"['P', 'R', 'AA', 'S', 'P', 'EH', 'K', 'T']","['pro', 'spect']","['pro', 'spect']",0.0,1.35e-05,"[29, 30, 1, 31, 29, 7, 24, 33]"
shipment,"['SH', 'IH', 'P', 'M', 'AH', 'N', 'T']","['ship', 'ment']","['ship', 'ment']",0.0,5.75e-06,"[32, 10, 29, 26, 3, 27, 33, 0]"
dies,"['D', 'AY', 'Z']",['dies'],['dies'],0.0,2.57e-05,"[18, 6, 38, 0, 0, 0, 0, 0]"
terrace,"['T', 'EH', 'R', 'AH', 'S']","['ter', 'race']","['ter', 'race']",0.0,7.59e-06,"[33, 7, 30, 3, 31, 0, 0, 0]"
yeah,"['Y', 'AE']",['yeah'],['yeah'],0.0,0.000234,"[37, 2, 0, 0, 0, 0, 0, 0]"
ride,"['R', 'AY', 'D']",['ride'],['ride'],0.0,7.08e-05,"[30, 6, 18, 0, 0, 0, 0, 0]"
orlando,"['AO', 'R', 'L', 'AE', 'N', 'D', 'OW']","['or', 'lando']","['or', 'lando']",0.0,1.1e-05,"[4, 30, 25, 2, 27, 18, 12, 0]"
tim,"['T', 'IH', 'M']",['tim'],['tim'],0.0,3.24e-05,"[33, 10, 26, 0, 0, 0, 0, 0]"
pair,"['P', 'EH', 'R']",['pair'],['pair'],0.0,5.25e-05,"[29, 7, 30, 0, 0, 0, 0, 0]"
don,"['D', 'AA', 'N']",['don'],['don'],0.0,3.98e-05,"[18, 1, 27, 0, 0, 0, 0, 0]"
pieces,"['P', 'IY', 'S', 'AH', 'Z']",['pieces'],['pieces'],0.0,5.25e-05,"[29, 11, 31, 3, 38, 0, 0, 0]"
lawyers,"['L', 'AO', 'Y', 'ER', 'Z']","['law', 'yers']","['law', 'yers']",0.0,2.45e-05,"[25, 4, 37, 8, 38, 0, 0, 0]"
stress,"['S', 'T', 'R', 'EH', 'S']",['stress'],['stress'],0.0,5.37e-05,"[31, 33, 30, 7, 31, 0, 0, 0]"
cream,"['K', 'R', 'IY', 'M']",['cream'],['cream'],0.0,4.17e-05,"[24, 30, 11, 26, 0, 0, 0, 0]"
runs,"['R', 'AH', 'N', 'Z']",['runs'],['runs'],0.0,6.92e-05,"[30, 3, 27, 38, 0, 0, 0, 0]"
verse,"['V', 'ER', 'S']",['verse'],['verse'],0.0,1.51e-05,"[35, 8, 31, 0, 0, 0, 0, 0]"
boxes,"['B', 'AA', 'K', 'S', 'AH', 'Z']",['boxes'],['boxes'],0.0,2.19e-05,"[16, 1, 24, 31, 3, 38, 0, 0]"
berry,"['B', 'EH', 'R', 'IY']",['berry'],['berry'],0.0,9.33e-06,"[16, 7, 30, 11, 0, 0, 0, 0]"
exhibits,"['IH', 'G', 'Z', 'IH', 'B', 'AH', 'T', 'S']","['ex', 'hib', 'its']","['ex', 'hib', 'its']",0.0,6.61e-06,"[10, 21, 38, 10, 16, 3, 33, 31]"
dis,"['D', 'IH', 'S']",['dis'],['dis'],0.0,5.37e-06,"[18, 10, 31, 0, 0, 0, 0, 0]"
fabulous,"['F', 'AE', 'B', 'Y', 'AH', 'L', 'AH', 'S']","['fab', 'ulous']","['fab', 'ulous']",0.0,1.2e-05,"[20, 2, 16, 37, 3, 25, 3, 31]"
seat,"['S', 'IY', 'T']",['seat'],['seat'],0.0,6.61e-05,"[31, 11, 33, 0, 0, 0, 0, 0]"
aim,"['EY', 'M']",['aim'],['aim'],0.0,3.24e-05,"[9, 26, 0, 0, 0, 0, 0, 0]"
referred,"['R', 'AH', 'F', 'ER', 'D']","['re', 'ferred']","['re', 'ferred']",0.0,4.07e-05,"[30, 3, 20, 8, 18, 0, 0, 0]"
les,"['L', 'EH', 'S']",['les'],['les'],0.0,1.26e-05,"[25, 7, 31, 0, 0, 0, 0, 0]"
eat,"['IY', 'T']",['eat'],['eat'],0.0,0.000135,"[11, 33, 0, 0, 0, 0, 0, 0]"
rise,"['R', 'AY', 'Z']",['rise'],['rise'],0.0,6.46e-05,"[30, 6, 38, 0, 0, 0, 0, 0]"
sleep,"['S', 'L', 'IY', 'P']",['sleep'],['sleep'],0.0,0.000112,"[31, 25, 11, 29, 0, 0, 0, 0]"
bird,"['B', 'ER', 'D']",['bird'],['bird'],0.0,4.27e-05,"[16, 8, 18, 0, 0, 0, 0, 0]"
scene,"['S', 'IY', 'N']",['scene'],['scene'],0.0,9.33e-05,"[31, 11, 27, 0, 0, 0, 0, 0]"
hunter,"['HH', 'AH', 'N', 'T', 'ER']",['hunter'],['hunter'],0.0,2.34e-05,"[22, 3, 27, 33, 8, 0, 0, 0]"
writer,"['R', 'AY', 'T', 'ER']",['writer'],['writer'],0.0,4.9e-05,"[30, 6, 33, 8, 0, 0, 0, 0]"
chairman,"['CH', 'EH', 'R', 'M', 'AH', 'N']","['chair', 'man']","['chair', 'man']",0.0,6.31e-05,"[17, 7, 30, 26, 3, 27, 0, 0]"
oklahoma,"['OW', 'K', 'L', 'AH', 'HH', 'OW', 'M', 'AH']","['ok', 'lahoma']","['ok', 'lahoma']",0.0,1.86e-05,"[12, 24, 25, 3, 22, 12, 26, 3]"
gender,"['JH', 'EH', 'N', 'D', 'ER']",['gender'],['gender'],0.0,3.89e-05,"[23, 7, 27, 18, 8, 0, 0, 0]"
lexmark,"['L', 'EH', 'K', 'S', 'M', 'AA', 'R', 'K']","['lex', 'mark']","['lex', 'mark']",0.0,1.23e-07,"[25, 7, 24, 31, 26, 1, 30, 24]"
belize,"['B', 'EH', 'L', 'IY', 'Z']","['bel', 'ize']","['bel', 'ize']",0.0,1.74e-06,"[16, 7, 25, 11, 38, 0, 0, 0]"
promised,"['P', 'R', 'AA', 'M', 'AH', 'S', 'T']","['prom', 'ised']","['prom', 'ised']",0.0,3.09e-05,"[29, 30, 1, 26, 3, 31, 33, 0]"
bookings,"['B', 'UH', 'K', 'IH', 'NG', 'Z']","['book', 'ings']","['book', 'ings']",0.0,2.14e-06,"[16, 14, 24, 10, 28, 38, 0, 0]"
ver,"['V', 'ER']",['ver'],['ver'],0.0,2.63e-06,"[35, 8, 0, 0, 0, 0, 0, 0]"
rim,"['R', 'IH', 'M']",['rim'],['rim'],0.0,7.08e-06,"[30, 10, 26, 0, 0, 0, 0, 0]"
zen,"['Z', 'EH', 'N']",['zen'],['zen'],0.0,5.01e-06,"[38, 7, 27, 0, 0, 0, 0, 0]"
timer,"['T', 'AY', 'M', 'ER']",['timer'],['timer'],0.0,4.79e-06,"[33, 6, 26, 8, 0, 0, 0, 0]"
tuning,"['T', 'UW', 'N', 'IH', 'NG']","['tun', 'ing']","['tun', 'ing']",0.0,4.68e-06,"[33, 15, 27, 10, 28, 0, 0, 0]"
vegetable,"['V', 'EH', 'JH', 'T', 'AH', 'B', 'AH', 'L']","['ve', 'get', 'able']","['ve', 'get', 'able']",0.0,8.71e-06,"[35, 7, 23, 33, 3, 16, 3, 25]"
secret,"['S', 'IY', 'K', 'R', 'AH', 'T']",['secret'],['secret'],0.0,8.32e-05,"[31, 11, 24, 30, 3, 33, 0, 0]"
honors,"['AA', 'N', 'ER', 'Z']","['hon', 'ors']","['hon', 'ors']",0.0,7.24e-06,"[1, 27, 8, 38, 0, 0, 0, 0]"
bones,"['B', 'OW', 'N', 'Z']",['bones'],['bones'],0.0,2.09e-05,"[16, 12, 27, 38, 0, 0, 0, 0]"
precise,"['P', 'R', 'IH', 'S', 'AY', 'S']","['pre', 'cise']","['pre', 'cise']",0.0,1.35e-05,"[29, 30, 10, 31, 6, 31, 0, 0]"
mainstream,"['M', 'EY', 'N', 'S', 'T', 'R', 'IY', 'M']","['main', 'stream']","['main', 'stream']",0.0,1.82e-05,"[26, 9, 27, 31, 33, 30, 11, 26]"
lip,"['L', 'IH', 'P']",['lip'],['lip'],0.0,1.35e-05,"[25, 10, 29, 0, 0, 0, 0, 0]"
backed,"['B', 'AE', 'K', 'T']",['backed'],['backed'],0.0,1.82e-05,"[16, 2, 24, 33, 0, 0, 0, 0]"
chronicle,"['K', 'R', 'AA', 'N', 'IH', 'K', 'AH', 'L']","['chron', 'icle']","['chron', 'icle']",0.0,5.01e-06,"[24, 30, 1, 27, 10, 24, 3, 25]"
failed,"['F', 'EY', 'L', 'D']",['failed'],['failed'],0.0,6.61e-05,"[20, 9, 25, 18, 0, 0, 0, 0]"
roll,"['R', 'OW', 'L']",['roll'],['roll'],0.0,5.62e-05,"[30, 12, 25, 0, 0, 0, 0, 0]"
banks,"['B', 'AE', 'NG', 'K', 'S']",['banks'],['banks'],0.0,4.9e-05,"[16, 2, 28, 24, 31, 0, 0, 0]"
bat,"['B', 'AE', 'T']",['bat'],['bat'],0.0,2e-05,"[16, 2, 33, 0, 0, 0, 0, 0]"
bath,"['B', 'AE', 'TH']",['bath'],['bath'],0.0,2.75e-05,"[16, 2, 34, 0, 0, 0, 0, 0]"
perform,"['P', 'ER', 'F', 'AO', 'R', 'M']","['per', 'form']","['per', 'form']",0.0,4.57e-05,"[29, 8, 20, 4, 30, 26, 0, 0]"
healthy,"['HH', 'EH', 'L', 'TH', 'IY']",['healthy'],['healthy'],0.0,6.31e-05,"[22, 7, 25, 34, 11, 0, 0, 0]"
font,"['F', 'AA', 'N', 'T']",['font'],['font'],0.0,6.31e-06,"[20, 1, 27, 33, 0, 0, 0, 0]"
injury,"['IH', 'N', 'JH', 'ER', 'IY']","['in', 'jury']","['in', 'jury']",0.0,5.5e-05,"[10, 27, 23, 8, 11, 0, 0, 0]"
drivers,"['D', 'R', 'AY', 'V', 'ER', 'Z']",['drivers'],['drivers'],0.0,3.63e-05,"[18, 30, 6, 35, 8, 38, 0, 0]"
lawyer,"['L', 'AO', 'Y', 'ER']","['law', 'yer']","['law', 'yer']",0.0,4.68e-05,"[25, 4, 37, 8, 0, 0, 0, 0]"
figures,"['F', 'IH', 'G', 'Y', 'ER', 'Z']","['fig', 'ures']","['fig', 'ures']",0.0,5.37e-05,"[20, 10, 21, 37, 8, 38, 0, 0]"
minus,"['M', 'AY', 'N', 'AH', 'S']",['minus'],['minus'],0.0,1e-05,"[26, 6, 27, 3, 31, 0, 0, 0]"
managing,"['M', 'AE', 'N', 'AH', 'JH', 'IH', 'NG']","['man', 'aging']","['man', 'aging']",0.0,2.51e-05,"[26, 2, 27, 3, 23, 10, 28, 0]"
zero,"['Z', 'IH', 'R', 'OW']",['zero'],['zero'],0.0,4.27e-05,"[38, 10, 30, 12, 0, 0, 0, 0]"
obtain,"['AH', 'B', 'T', 'EY', 'N']","['ob', 'tain']","['ob', 'tain']",0.0,2.51e-05,"[3, 16, 33, 9, 27, 0, 0, 0]"
symphony,"['S', 'IH', 'M', 'F', 'AH', 'N', 'IY']","['sym', 'phony']","['sym', 'phony']",0.0,5.89e-06,"[31, 10, 26, 20, 3, 27, 11, 0]"
ada,"['EY', 'D', 'AH']",['ada'],['ada'],0.0,5.13e-06,"[9, 18, 3, 0, 0, 0, 0, 0]"
matched,"['M', 'AE', 'CH', 'T']",['matched'],['matched'],0.0,1.02e-05,"[26, 2, 17, 33, 0, 0, 0, 0]"
carroll,"['K', 'AE', 'R', 'AH', 'L']","['car', 'roll']","['car', 'roll']",0.0,6.31e-06,"[24, 2, 30, 3, 25, 0, 0, 0]"
dump,"['D', 'AH', 'M', 'P']",['dump'],['dump'],0.0,1.2e-05,"[18, 3, 26, 29, 0, 0, 0, 0]"
inherited,"['IH', 'N', 'HH', 'EH', 'R', 'AH', 'T', 'IH', 'D']","['in', 'her', 'ited']","['in', 'her', 'ited']",0.0,8.13e-06,"[10, 27, 22, 7, 30, 3, 33, 10]"
overcome,"['OW', 'V', 'ER', 'K', 'AH', 'M']","['over', 'come']","['over', 'come']",0.0,1.86e-05,"[12, 35, 8, 24, 3, 26, 0, 0]"
eyed,"['AY', 'D']",['eyed'],['eyed'],0.0,9.12e-06,"[6, 18, 0, 0, 0, 0, 0, 0]"
varied,"['V', 'EH', 'R', 'IY', 'D']","['var', 'ied']","['var', 'ied']",0.0,1.07e-05,"[35, 7, 30, 11, 18, 0, 0, 0]"
raw,"['R', 'AA']",['raw'],['raw'],0.0,3.39e-05,"[30, 1, 0, 0, 0, 0, 0, 0]"
newest,"['N', 'UW', 'AH', 'S', 'T']","['new', 'est']","['new', 'est']",0.0,1.1e-05,"[27, 15, 3, 31, 33, 0, 0, 0]"
gnu,"['N', 'UW']",['gnu'],['gnu'],0.0,1.1e-06,"[27, 15, 0, 0, 0, 0, 0, 0]"
sharp,"['SH', 'AA', 'R', 'P']",['sharp'],['sharp'],0.0,3.02e-05,"[32, 1, 30, 29, 0, 0, 0, 0]"
ben,"['B', 'EH', 'N']",['ben'],['ben'],0.0,4.9e-05,"[16, 7, 27, 0, 0, 0, 0, 0]"
lane,"['L', 'EY', 'N']",['lane'],['lane'],0.0,3.72e-05,"[25, 9, 27, 0, 0, 0, 0, 0]"
kill,"['K', 'IH', 'L']",['kill'],['kill'],0.0,0.000123,"[24, 10, 25, 0, 0, 0, 0, 0]"
managers,"['M', 'AE', 'N', 'AH', 'JH', 'ER', 'Z']","['man', 'agers']","['man', 'agers']",0.0,2.95e-05,"[26, 2, 27, 3, 23, 8, 38, 0]"
aircraft,"['EH', 'R', 'K', 'R', 'AE', 'F', 'T']","['air', 'craft']","['air', 'craft']",0.0,4.37e-05,"[7, 30, 24, 30, 2, 20, 33, 0]"
width,"['W', 'IH', 'D', 'TH']",['width'],['width'],0.0,1.05e-05,"[36, 10, 18, 34, 0, 0, 0, 0]"
rapids,"['R', 'AE', 'P', 'AH', 'D', 'Z']","['rap', 'ids']","['rap', 'ids']",0.0,4.37e-06,"[30, 2, 29, 3, 18, 38, 0, 0]"
aus,"['AW', 'Z']",['aus'],['aus'],0.0,3.72e-06,"[5, 38, 0, 0, 0, 0, 0, 0]"
raymond,"['R', 'EY', 'M', 'AH', 'N', 'D']","['ray', 'mond']","['ray', 'mond']",0.0,9.55e-06,"[30, 9, 26, 3, 27, 18, 0, 0]"
trap,"['T', 'R', 'AE', 'P']",['trap'],['trap'],0.0,2.14e-05,"[33, 30, 2, 29, 0, 0, 0, 0]"
nonprofit,"['N', 'AA', 'N', 'P', 'R', 'AA', 'F', 'AH', 'T']","['non', 'profit']","['non', 'profit']",0.0,7.24e-06,"[27, 1, 27, 29, 30, 1, 20, 3]"
wheel,"['W', 'IY', 'L']",['wheel'],['wheel'],0.0,3.16e-05,"[36, 11, 25, 0, 0, 0, 0, 0]"
transit,"['T', 'R', 'AE', 'N', 'Z', 'IH', 'T']","['trans', 'it']","['trans', 'it']",0.0,1.58e-05,"[33, 30, 2, 27, 38, 10, 33, 0]"
poetry,"['P', 'OW', 'AH', 'T', 'R', 'IY']","['po', 'etry']","['po', 'etry']",0.0,2.51e-05,"[29, 12, 3, 33, 30, 11, 0, 0]"
lights,"['L', 'AY', 'T', 'S']",['lights'],['lights'],0.0,4.37e-05,"[25, 6, 33, 31, 0, 0, 0, 0]"
bell,"['B', 'EH', 'L']",['bell'],['bell'],0.0,3.89e-05,"[16, 7, 25, 0, 0, 0, 0, 0]"
excluded,"['IH', 'K', 'S', 'K', 'L', 'UW', 'D', 'AH', 'D']","['ex', 'cluded']","['ex', 'cluded']",0.0,7.76e-06,"[10, 24, 31, 24, 25, 15, 18, 3]"
forget,"['F', 'ER', 'G', 'EH', 'T']","['for', 'get']","['for', 'get']",0.0,0.000115,"[20, 8, 21, 7, 33, 0, 0, 0]"
pin,"['P', 'IH', 'N']",['pin'],['pin'],0.0,1.91e-05,"[29, 10, 27, 0, 0, 0, 0, 0]"
rebecca,"['R', 'AH', 'B', 'EH', 'K', 'AH']","['re', 'becca']","['re', 'becca']",0.0,9.12e-06,"[30, 3, 16, 7, 24, 3, 0, 0]"
arrest,"['ER', 'EH', 'S', 'T']","['ar', 'rest']","['ar', 'rest']",0.0,3.55e-05,"[8, 7, 31, 33, 0, 0, 0, 0]"
volleyball,"['V', 'AA', 'L', 'IY', 'B', 'AO', 'L']","['vol', 'ley', 'ball']","['vol', 'ley', 'ball']",0.0,7.08e-06,"[35, 1, 25, 11, 16, 4, 25, 0]"
toolbox,"['T', 'UW', 'L', 'B', 'AO', 'K', 'S']","['tool', 'box']","['tool', 'box']",0.0,9.77e-07,"[33, 15, 25, 16, 4, 24, 31, 0]"
marina,"['M', 'ER', 'IY', 'N', 'AH']","['mar', 'ina']","['mar', 'ina']",0.0,6.92e-06,"[26, 8, 11, 27, 3, 0, 0, 0]"
bosnia,"['B', 'AA', 'Z', 'N', 'IY', 'AH']","['bos', 'nia']","['bos', 'nia']",0.0,3.72e-06,"[16, 1, 38, 27, 11, 3, 0, 0]"
lightning,"['L', 'AY', 'T', 'N', 'IH', 'NG']","['light', 'ning']","['light', 'ning']",0.0,1.66e-05,"[25, 6, 33, 27, 10, 28, 0, 0]"
beta,"['B', 'EY', 'T', 'AH']",['beta'],['beta'],0.0,1.58e-05,"[16, 9, 33, 3, 0, 0, 0, 0]"
actress,"['AE', 'K', 'T', 'R', 'AH', 'S']","['act', 'ress']","['act', 'ress']",0.0,2.82e-05,"[2, 24, 33, 30, 3, 31, 0, 0]"
mess,"['M', 'EH', 'S']",['mess'],['mess'],0.0,3.72e-05,"[26, 7, 31, 0, 0, 0, 0, 0]"
armstrong,"['AA', 'R', 'M', 'S', 'T', 'R', 'AA', 'NG']","['arm', 'strong']","['arm', 'strong']",0.0,7.94e-06,"[1, 30, 26, 31, 33, 30, 1, 28]"
lit,"['L', 'IH', 'T']",['lit'],['lit'],0.0,1.55e-05,"[25, 10, 33, 0, 0, 0, 0, 0]"
accommodate,"['AH', 'K', 'AA', 'M', 'AH', 'D', 'EY', 'T']","['ac', 'com', 'mod', 'ate']","['ac', 'com', 'mod', 'ate']",0.0,1.05e-05,"[3, 24, 1, 26, 3, 18, 9, 33]"
una,"['UW', 'N', 'AH']",['una'],['una'],0.0,2.75e-06,"[15, 27, 3, 0, 0, 0, 0, 0]"
milan,"['M', 'AH', 'L', 'AA', 'N']","['mil', 'an']","['mil', 'an']",0.0,1.12e-05,"[26, 3, 25, 1, 27, 0, 0, 0]"
philadelphia,"['F', 'IH', 'L', 'AH', 'D', 'EH', 'L', 'F', 'IY', 'AH']","['phil', 'adelphia']","['phil', 'adelphia']",0.0,2.63e-05,"[20, 10, 25, 3, 18, 7, 25, 20]"
birthday,"['B', 'ER', 'TH', 'D', 'EY']","['birth', 'day']","['birth', 'day']",0.0,5.75e-05,"[16, 8, 34, 18, 9, 0, 0, 0]"
cape,"['K', 'EY', 'P']",['cape'],['cape'],0.0,2e-05,"[24, 9, 29, 0, 0, 0, 0, 0]"
fail,"['F', 'EY', 'L']",['fail'],['fail'],0.0,4.07e-05,"[20, 9, 25, 0, 0, 0, 0, 0]"
won,"['W', 'AH', 'N']",['won'],['won'],0.0,0.000158,"[36, 3, 27, 0, 0, 0, 0, 0]"
serving,"['S', 'ER', 'V', 'IH', 'NG']",['serving'],['serving'],0.0,4.17e-05,"[31, 8, 35, 10, 28, 0, 0, 0]"
bags,"['B', 'AE', 'G', 'Z']",['bags'],['bags'],0.0,2.69e-05,"[16, 2, 21, 38, 0, 0, 0, 0]"
comics,"['K', 'AA', 'M', 'IH', 'K', 'S']","['com', 'ics']","['com', 'ics']",0.0,1.48e-05,"[24, 1, 26, 10, 24, 31, 0, 0]"
matters,"['M', 'AE', 'T', 'ER', 'Z']","['mat', 'ters']","['mat', 'ters']",0.0,5.25e-05,"[26, 2, 33, 8, 38, 0, 0, 0]"
houses,"['HH', 'AW', 'S', 'AH', 'Z']",['houses'],['houses'],0.0,5.25e-05,"[22, 5, 31, 3, 38, 0, 0, 0]"
doc,"['D', 'AA', 'K']",['doc'],['doc'],0.0,2.29e-05,"[18, 1, 24, 0, 0, 0, 0, 0]"
disclaimers,"['D', 'IH', 'S', 'K', 'L', 'EY', 'M', 'ER', 'Z']","['dis', 'claim', 'ers']","['dis', 'claim', 'ers']",0.0,2.82e-07,"[18, 10, 31, 24, 25, 9, 26, 8]"
which,"['W', 'IH', 'CH']",['which'],['which'],0.0,0.002,"[36, 10, 17, 0, 0, 0, 0, 0]"
luxury,"['L', 'AH', 'G', 'ZH', 'ER', 'IY']","['lux', 'ury']","['lux', 'ury']",0.0,2.24e-05,"[25, 3, 21, 39, 8, 11, 0, 0]"
frames,"['F', 'R', 'EY', 'M', 'Z']",['frames'],['frames'],0.0,1.02e-05,"[20, 30, 9, 26, 38, 0, 0, 0]"
bent,"['B', 'EH', 'N', 'T']",['bent'],['bent'],0.0,9.77e-06,"[16, 7, 27, 33, 0, 0, 0, 0]"
hart,"['HH', 'AA', 'R', 'T']",['hart'],['hart'],0.0,1.1e-05,"[22, 1, 30, 33, 0, 0, 0, 0]"
bernard,"['B', 'ER', 'N', 'AA', 'R', 'D']","['bern', 'ard']","['bern', 'ard']",0.0,1.05e-05,"[16, 8, 27, 1, 30, 18, 0, 0]"
midlands,"['M', 'IH', 'D', 'L', 'AE', 'N', 'D', 'Z']","['mid', 'lands']","['mid', 'lands']",0.0,4.9e-06,"[26, 10, 18, 25, 2, 27, 18, 38]"
ronald,"['R', 'AA', 'N', 'AH', 'L', 'D']","['ron', 'ald']","['ron', 'ald']",0.0,8.13e-06,"[30, 1, 27, 3, 25, 18, 0, 0]"
queue,"['K', 'Y', 'UW']",['queue'],['queue'],0.0,6.03e-06,"[24, 37, 15, 0, 0, 0, 0, 0]"
locale,"['L', 'OW', 'K', 'AE', 'L']","['loc', 'ale']","['loc', 'ale']",0.0,9.55e-07,"[25, 12, 24, 2, 25, 0, 0, 0]"
what,"['W', 'AH', 'T']",['what'],['what'],0.0,0.0024,"[36, 3, 33, 0, 0, 0, 0, 0]"
outdoors,"['AW', 'T', 'D', 'AO', 'R', 'Z']","['out', 'doors']","['out', 'doors']",0.0,5.13e-06,"[5, 33, 18, 4, 30, 38, 0, 0]"
their,"['DH', 'EH', 'R']",['their'],['their'],0.0,0.00214,"[19, 7, 30, 0, 0, 0, 0, 0]"
news,"['N', 'UW', 'Z']",['news'],['news'],0.0,0.000275,"[27, 15, 38, 0, 0, 0, 0, 0]"
out,"['AW', 'T']",['out'],['out'],0.0,0.0024,"[5, 33, 0, 0, 0, 0, 0, 0]"
use,"['Y', 'UW', 'S']",['use'],['use'],0.0,0.000646,"[37, 15, 31, 0, 0, 0, 0, 0]"
any,"['EH', 'N', 'IY']",['any'],['any'],0.0,0.00117,"[7, 27, 11, 0, 0, 0, 0, 0]"
there,"['DH', 'EH', 'R']",['there'],['there'],0.0,0.00204,"[19, 7, 30, 0, 0, 0, 0, 0]"
see,"['S', 'IY']",['see'],['see'],0.0,0.00126,"[31, 11, 0, 0, 0, 0, 0, 0]"
only,"['OW', 'N', 'L', 'IY']",['only'],['only'],0.0,0.00132,"[12, 27, 25, 11, 0, 0, 0, 0]"
his,"['HH', 'IH', 'Z']",['his'],['his'],0.0,0.00324,"[22, 10, 38, 0, 0, 0, 0, 0]"
cia,"['S', 'IY', 'AY', 'EY']",['cia'],['cia'],0.0,1.62e-05,"[31, 11, 6, 9, 0, 0, 0, 0]"
hey,"['HH', 'EY']",['hey'],['hey'],0.0,0.000132,"[22, 9, 0, 0, 0, 0, 0, 0]"
bookmark,"['B', 'UH', 'K', 'M', 'AA', 'R', 'K']","['book', 'mark']","['book', 'mark']",0.0,1.1e-06,"[16, 14, 24, 26, 1, 30, 24, 0]"
buildings,"['B', 'IH', 'L', 'D', 'IH', 'NG', 'Z']","['build', 'ings']","['build', 'ings']",0.0,4.9e-05,"[16, 10, 25, 18, 10, 28, 38, 0]"
beat,"['B', 'IY', 'T']",['beat'],['beat'],0.0,0.000102,"[16, 11, 33, 0, 0, 0, 0, 0]"
disney,"['D', 'IH', 'Z', 'N', 'IY']","['dis', 'ney']","['dis', 'ney']",0.0,2.45e-05,"[18, 10, 38, 27, 11, 0, 0, 0]"
household,"['HH', 'AW', 'S', 'HH', 'OW', 'L', 'D']","['house', 'hold']","['house', 'hold']",0.0,2.95e-05,"[22, 5, 31, 22, 12, 25, 18, 0]"
adobe,"['AH', 'D', 'OW', 'B', 'IY']",['adobe'],['adobe'],0.0,3.39e-06,"[3, 18, 12, 16, 11, 0, 0, 0]"
smoking,"['S', 'M', 'OW', 'K', 'IH', 'NG']",['smoking'],['smoking'],0.0,3.31e-05,"[31, 26, 12, 24, 10, 28, 0, 0]"
arms,"['AA', 'R', 'M', 'Z']",['arms'],['arms'],0.0,6.61e-05,"[1, 30, 26, 38, 0, 0, 0, 0]"
tex,"['T', 'EH', 'K', 'S']",['tex'],['tex'],0.0,3.31e-06,"[33, 7, 24, 31, 0, 0, 0, 0]"
when,"['W', 'EH', 'N']",['when'],['when'],0.0,0.00234,"[36, 7, 27, 0, 0, 0, 0, 0]"
poly,"['P', 'AA', 'L', 'IY']",['poly'],['poly'],0.0,4.37e-06,"[29, 1, 25, 11, 0, 0, 0, 0]"
ears,"['IH', 'R', 'Z']",['ears'],['ears'],0.0,2.29e-05,"[10, 30, 38, 0, 0, 0, 0, 0]"
mere,"['M', 'IH', 'R']",['mere'],['mere'],0.0,1.35e-05,"[26, 10, 30, 0, 0, 0, 0, 0]"
dress,"['D', 'R', 'EH', 'S']",['dress'],['dress'],0.0,5.75e-05,"[18, 30, 7, 31, 0, 0, 0, 0]"
dealer,"['D', 'IY', 'L', 'ER']","['deal', 'er']","['deal', 'er']",0.0,1.55e-05,"[18, 11, 25, 8, 0, 0, 0, 0]"
sky,"['S', 'K', 'AY']",['sky'],['sky'],0.0,5.25e-05,"[31, 24, 6, 0, 0, 0, 0, 0]"
rom,"['R', 'AA', 'M']",['rom'],['rom'],0.0,5.62e-06,"[30, 1, 26, 0, 0, 0, 0, 0]"
carried,"['K', 'AE', 'R', 'IY', 'D']","['car', 'ried']","['car', 'ried']",0.0,5.89e-05,"[24, 2, 30, 11, 18, 0, 0, 0]"
hide,"['HH', 'AY', 'D']",['hide'],['hide'],0.0,3.47e-05,"[22, 6, 18, 0, 0, 0, 0, 0]"
home,"['HH', 'OW', 'M']",['home'],['home'],0.0,0.000646,"[22, 12, 26, 0, 0, 0, 0, 0]"
reprints,"['R', 'IY', 'P', 'R', 'IH', 'N', 'T', 'S']","['re', 'prints']","['re', 'prints']",0.0,1.07e-06,"[30, 11, 29, 30, 10, 27, 33, 31]"
redhead,"['R', 'EH', 'D', 'HH', 'EH', 'D']","['red', 'head']","['red', 'head']",0.0,1.7e-06,"[30, 7, 18, 22, 7, 18, 0, 0]"
some,"['S', 'AH', 'M']",['some'],['some'],0.0,0.00158,"[31, 3, 26, 0, 0, 0, 0, 0]"
these,"['DH', 'IY', 'Z']",['these'],['these'],0.0,0.0011,"[19, 11, 38, 0, 0, 0, 0, 0]"
click,"['K', 'L', 'IH', 'K']",['click'],['click'],0.0,6.61e-05,"[24, 25, 10, 24, 0, 0, 0, 0]"
have,"['HH', 'AE', 'V']",['have'],['have'],0.0,0.00513,"[22, 2, 35, 0, 0, 0, 0, 0]"
new,"['N', 'UW']",['new'],['new'],0.0,0.00178,"[27, 15, 0, 0, 0, 0, 0, 0]"
more,"['M', 'AO', 'R']",['more'],['more'],0.0,0.00229,"[26, 4, 30, 0, 0, 0, 0, 0]"
was,"['W', 'AA', 'Z']",['was'],['was'],0.0,0.00661,"[36, 1, 38, 0, 0, 0, 0, 0]"
will,"['W', 'IH', 'L']",['will'],['will'],0.0,0.00282,"[36, 10, 25, 0, 0, 0, 0, 0]"
work,"['W', 'ER', 'K']",['work'],['work'],0.0,0.000912,"[36, 8, 24, 0, 0, 0, 0, 0]"
can,"['K', 'AE', 'N']",['can'],['can'],0.0,0.00288,"[24, 2, 27, 0, 0, 0, 0, 0]"
about,"['AH', 'B', 'AW', 'T']",['about'],['about'],0.0,0.00251,"[3, 16, 5, 33, 0, 0, 0, 0]"
page,"['P', 'EY', 'JH']",['page'],['page'],0.0,0.000132,"[29, 9, 23, 0, 0, 0, 0, 0]"
has,"['HH', 'AE', 'Z']",['has'],['has'],0.0,0.00234,"[22, 2, 38, 0, 0, 0, 0, 0]"
search,"['S', 'ER', 'CH']",['search'],['search'],0.0,9.12e-05,"[31, 8, 17, 0, 0, 0, 0, 0]"
free,"['F', 'R', 'IY']",['free'],['free'],0.0,0.000427,"[20, 30, 11, 0, 0, 0, 0, 0]"
but,"['B', 'AH', 'T']",['but'],['but'],0.0,0.00427,"[16, 3, 33, 0, 0, 0, 0, 0]"
our,"['AW', 'ER']",['our'],['our'],0.0,0.00138,"[5, 8, 0, 0, 0, 0, 0, 0]"
one,"['W', 'AH', 'N']",['one'],['one'],0.0,0.00295,"[36, 3, 27, 0, 0, 0, 0, 0]"
been,"['B', 'IH', 'N']",['been'],['been'],0.0,0.00186,"[16, 10, 27, 0, 0, 0, 0, 0]"
here,"['HH', 'IY', 'R']",['here'],['here'],0.0,0.000933,"[22, 11, 30, 0, 0, 0, 0, 0]"
who,"['HH', 'UW']",['who'],['who'],0.0,0.00219,"[22, 15, 0, 0, 0, 0, 0, 0]"
web,"['W', 'EH', 'B']",['web'],['web'],0.0,5.5e-05,"[36, 7, 16, 0, 0, 0, 0, 0]"
also,"['AO', 'L', 'S', 'OW']",['also'],['also'],0.0,0.00155,"[4, 25, 31, 12, 0, 0, 0, 0]"
now,"['N', 'AW']",['now'],['now'],0.0,0.00151,"[27, 5, 0, 0, 0, 0, 0, 0]"
they,"['DH', 'EY']",['they'],['they'],0.0,0.00316,"[19, 9, 0, 0, 0, 0, 0, 0]"
get,"['G', 'EH', 'T']",['get'],['get'],0.0,0.00191,"[21, 7, 33, 0, 0, 0, 0, 0]"
view,"['V', 'Y', 'UW']",['view'],['view'],0.0,0.000155,"[35, 37, 15, 0, 0, 0, 0, 0]"
first,"['F', 'ER', 'S', 'T']",['first'],['first'],0.0,0.00129,"[20, 8, 31, 33, 0, 0, 0, 0]"
kept,"['K', 'EH', 'P', 'T']",['kept'],['kept'],0.0,0.0001,"[24, 7, 29, 33, 0, 0, 0, 0]"
would,"['W', 'UH', 'D']",['would'],['would'],0.0,0.00186,"[36, 14, 18, 0, 0, 0, 0, 0]"
how,"['HH', 'AW']",['how'],['how'],0.0,0.00174,"[22, 5, 0, 0, 0, 0, 0, 0]"
were,"['W', 'ER']",['were'],['were'],0.0,0.00219,"[36, 8, 0, 0, 0, 0, 0, 0]"
cocktail,"['K', 'AA', 'K', 'T', 'EY', 'L']","['cock', 'tail']","['cock', 'tail']",0.0,7.76e-06,"[24, 1, 24, 33, 9, 25, 0, 0]"
outlets,"['AW', 'T', 'L', 'EH', 'T', 'S']","['out', 'lets']","['out', 'lets']",0.0,1e-05,"[5, 33, 25, 7, 33, 31, 0, 0]"
arbor,"['AA', 'R', 'B', 'ER']","['ar', 'bor']","['ar', 'bor']",0.0,3.09e-06,"[1, 30, 16, 8, 0, 0, 0, 0]"
may,"['M', 'EY']",['may'],['may'],0.0,0.000955,"[26, 9, 0, 0, 0, 0, 0, 0]"
help,"['HH', 'EH', 'L', 'P']",['help'],['help'],0.0,0.000562,"[22, 7, 25, 29, 0, 0, 0, 0]"
robot,"['R', 'OW', 'B', 'AA', 'T']","['ro', 'bot']","['ro', 'bot']",0.0,1.74e-05,"[30, 12, 16, 1, 33, 0, 0, 0]"
rings,"['R', 'IH', 'NG', 'Z']",['rings'],['rings'],0.0,2.14e-05,"[30, 10, 28, 38, 0, 0, 0, 0]"
kidney,"['K', 'IH', 'D', 'N', 'IY']","['kid', 'ney']","['kid', 'ney']",0.0,1.07e-05,"[24, 10, 18, 27, 11, 0, 0, 0]"
fixes,"['F', 'IH', 'K', 'S', 'IH', 'Z']",['fixes'],['fixes'],0.0,3.89e-06,"[20, 10, 24, 31, 10, 38, 0, 0]"
referring,"['R', 'IH', 'F', 'ER', 'IH', 'NG']","['re', 'fer', 'ring']","['re', 'fer', 'ring']",0.0,2.24e-05,"[30, 10, 20, 8, 10, 28, 0, 0]"
nasdaq,"['N', 'AE', 'Z', 'D', 'AE', 'K']","['nas', 'daq']","['nas', 'daq']",0.0,2.57e-06,"[27, 2, 38, 18, 2, 24, 0, 0]"
snapshot,"['S', 'N', 'AE', 'P', 'SH', 'AA', 'T']","['snap', 'shot']","['snap', 'shot']",0.0,2.45e-06,"[31, 27, 2, 29, 32, 1, 33, 0]"
worn,"['W', 'AO', 'R', 'N']",['worn'],['worn'],0.0,1.82e-05,"[36, 4, 30, 27, 0, 0, 0, 0]"
shaw,"['SH', 'AO']",['shaw'],['shaw'],0.0,1.2e-05,"[32, 4, 0, 0, 0, 0, 0, 0]"
buried,"['B', 'EH', 'R', 'IY', 'D']","['bur', 'ied']","['bur', 'ied']",0.0,2.51e-05,"[16, 7, 30, 11, 18, 0, 0, 0]"
darwin,"['D', 'AA', 'R', 'W', 'IH', 'N']","['dar', 'win']","['dar', 'win']",0.0,5.75e-06,"[18, 1, 30, 36, 10, 27, 0, 0]"
ann,"['AE', 'N']",['ann'],['ann'],0.0,2.24e-05,"[2, 27, 0, 0, 0, 0, 0, 0]"
hole,"['HH', 'OW', 'L']",['hole'],['hole'],0.0,4.57e-05,"[22, 12, 25, 0, 0, 0, 0, 0]"
tip,"['T', 'IH', 'P']",['tip'],['tip'],0.0,3.55e-05,"[33, 10, 29, 0, 0, 0, 0, 0]"
mine,"['M', 'AY', 'N']",['mine'],['mine'],0.0,0.00011,"[26, 6, 27, 0, 0, 0, 0, 0]"
ski,"['S', 'K', 'IY']",['ski'],['ski'],0.0,1.35e-05,"[31, 24, 11, 0, 0, 0, 0, 0]"
soccer,"['S', 'AA', 'K', 'ER']","['soc', 'cer']","['soc', 'cer']",0.0,3.02e-05,"[31, 1, 24, 8, 0, 0, 0, 0]"
math,"['M', 'AE', 'TH']",['math'],['math'],0.0,2.82e-05,"[26, 2, 34, 0, 0, 0, 0, 0]"
posting,"['P', 'OW', 'S', 'T', 'IH', 'NG']","['post', 'ing']","['post', 'ing']",0.0,2.45e-05,"[29, 12, 31, 33, 10, 28, 0, 0]"
presence,"['P', 'R', 'EH', 'Z', 'AH', 'N', 'S']","['pres', 'ence']","['pres', 'ence']",0.0,5.37e-05,"[29, 30, 7, 38, 3, 27, 31, 0]"
healthcare,"['HH', 'EH', 'L', 'TH', 'K', 'EH', 'R']","['health', 'care']","['health', 'care']",0.0,2.95e-05,"[22, 7, 25, 34, 24, 7, 30, 0]"
viewing,"['V', 'Y', 'UW', 'IH', 'NG']","['view', 'ing']","['view', 'ing']",0.0,1.2e-05,"[35, 37, 15, 10, 28, 0, 0, 0]"
broadband,"['B', 'R', 'AO', 'D', 'B', 'AE', 'N', 'D']","['broad', 'band']","['broad', 'band']",0.0,4.9e-06,"[16, 30, 4, 18, 16, 2, 27, 18]"
headphones,"['HH', 'EH', 'D', 'F', 'OW', 'N', 'Z']","['head', 'phones']","['head', 'phones']",0.0,7.59e-06,"[22, 7, 18, 20, 12, 27, 38, 0]"
proceeding,"['P', 'R', 'AH', 'S', 'IY', 'D', 'IH', 'NG']","['pro', 'ceed', 'ing']","['pro', 'ceed', 'ing']",0.0,4.57e-06,"[29, 30, 3, 31, 11, 18, 10, 28]"
cube,"['K', 'Y', 'UW', 'B']",['cube'],['cube'],0.0,6.61e-06,"[24, 37, 15, 16, 0, 0, 0, 0]"
breakdown,"['B', 'R', 'EY', 'K', 'D', 'AW', 'N']","['break', 'down']","['break', 'down']",0.0,1.26e-05,"[16, 30, 9, 24, 18, 5, 27, 0]"
marker,"['M', 'AA', 'R', 'K', 'ER']","['mark', 'er']","['mark', 'er']",0.0,7.41e-06,"[26, 1, 30, 24, 8, 0, 0, 0]"
folding,"['F', 'OW', 'L', 'D', 'IH', 'NG']","['fold', 'ing']","['fold', 'ing']",0.0,5.01e-06,"[20, 12, 25, 18, 10, 28, 0, 0]"
airfare,"['EH', 'R', 'F', 'EH', 'R']","['air', 'fare']","['air', 'fare']",0.0,6.76e-07,"[7, 30, 20, 7, 30, 0, 0, 0]"
chester,"['CH', 'EH', 'S', 'T', 'ER']",['chester'],['chester'],0.0,6.46e-06,"[17, 7, 31, 33, 8, 0, 0, 0]"
trustees,"['T', 'R', 'AH', 'S', 'T', 'IY', 'Z']","['trust', 'ees']","['trust', 'ees']",0.0,6.92e-06,"[33, 30, 3, 31, 33, 11, 38, 0]"
christ,"['K', 'R', 'AY', 'S', 'T']",['christ'],['christ'],0.0,6.17e-05,"[24, 30, 6, 31, 33, 0, 0, 0]"
rain,"['R', 'EY', 'N']",['rain'],['rain'],0.0,5.13e-05,"[30, 9, 27, 0, 0, 0, 0, 0]"
onto,"['AA', 'N', 'T', 'UW']",['onto'],['onto'],0.0,5.89e-05,"[1, 27, 33, 15, 0, 0, 0, 0]"
copies,"['K', 'AA', 'P', 'IY', 'Z']","['cop', 'ies']","['cop', 'ies']",0.0,2.69e-05,"[24, 1, 29, 11, 38, 0, 0, 0]"
permit,"['P', 'ER', 'M', 'IH', 'T']","['per', 'mit']","['per', 'mit']",0.0,1.66e-05,"[29, 8, 26, 10, 33, 0, 0, 0]"
proof,"['P', 'R', 'UW', 'F']",['proof'],['proof'],0.0,5.01e-05,"[29, 30, 15, 20, 0, 0, 0, 0]"
diff,"['D', 'IH', 'F']",['diff'],['diff'],0.0,1.58e-06,"[18, 10, 20, 0, 0, 0, 0, 0]"
tennis,"['T', 'EH', 'N', 'AH', 'S']","['ten', 'nis']","['ten', 'nis']",0.0,2.24e-05,"[33, 7, 27, 3, 31, 0, 0, 0]"
bass,"['B', 'AE', 'S']",['bass'],['bass'],0.0,1.91e-05,"[16, 2, 31, 0, 0, 0, 0, 0]"
empty,"['EH', 'M', 'P', 'T', 'IY']",['empty'],['empty'],0.0,3.89e-05,"[7, 26, 29, 33, 11, 0, 0, 0]"
cons,"['K', 'AA', 'N', 'Z']",['cons'],['cons'],0.0,5.75e-06,"[24, 1, 27, 38, 0, 0, 0, 0]"
aspects,"['AE', 'S', 'P', 'EH', 'K', 'T', 'S']","['as', 'pects']","['as', 'pects']",0.0,3.16e-05,"[2, 31, 29, 7, 24, 33, 31, 0]"
ahead,"['AH', 'HH', 'EH', 'D']",['ahead'],['ahead'],0.0,0.000102,"[3, 22, 7, 18, 0, 0, 0, 0]"
moon,"['M', 'UW', 'N']",['moon'],['moon'],0.0,5.01e-05,"[26, 15, 27, 0, 0, 0, 0, 0]"
preview,"['P', 'R', 'IY', 'V', 'Y', 'UW']","['pre', 'view']","['pre', 'view']",0.0,9.12e-06,"[29, 30, 11, 35, 37, 15, 0, 0]"
fly,"['F', 'L', 'AY']",['fly'],['fly'],0.0,5.62e-05,"[20, 25, 6, 0, 0, 0, 0, 0]"
manner,"['M', 'AE', 'N', 'ER']","['man', 'ner']","['man', 'ner']",0.0,3.55e-05,"[26, 2, 27, 8, 0, 0, 0, 0]"
matrix,"['M', 'EY', 'T', 'R', 'IH', 'K', 'S']","['mat', 'rix']","['mat', 'rix']",0.0,1.17e-05,"[26, 9, 33, 30, 10, 24, 31, 0]"
strength,"['S', 'T', 'R', 'EH', 'NG', 'K', 'TH']",['strength'],['strength'],0.0,6.31e-05,"[31, 33, 30, 7, 28, 24, 34, 0]"
turkey,"['T', 'ER', 'K', 'IY']","['tur', 'key']","['tur', 'key']",0.0,3.63e-05,"[33, 8, 24, 11, 0, 0, 0, 0]"
inches,"['IH', 'N', 'CH', 'AH', 'Z']",['inches'],['inches'],0.0,2.24e-05,"[10, 27, 17, 3, 38, 0, 0, 0]"
dogs,"['D', 'AA', 'G', 'Z']",['dogs'],['dogs'],0.0,5.89e-05,"[18, 1, 21, 38, 0, 0, 0, 0]"
surplus,"['S', 'ER', 'P', 'L', 'AH', 'S']","['sur', 'plus']","['sur', 'plus']",0.0,7.41e-06,"[31, 8, 29, 25, 3, 31, 0, 0]"
sonic,"['S', 'AA', 'N', 'IH', 'K']","['son', 'ic']","['son', 'ic']",0.0,8.51e-06,"[31, 1, 27, 10, 24, 0, 0, 0]"
dig,"['D', 'IH', 'G']",['dig'],['dig'],0.0,1.66e-05,"[18, 10, 21, 0, 0, 0, 0, 0]"
subsequently,"['S', 'AH', 'B', 'S', 'AH', 'K', 'W', 'AH', 'N', 'T', 'L', 'IY']","['sub', 'sequently']","['sub', 'sequently']",0.0,1.7e-05,"[31, 3, 16, 31, 3, 24, 36, 3]"
nat,"['N', 'AE', 'T']",['nat'],['nat'],0.0,5.62e-06,"[27, 2, 33, 0, 0, 0, 0, 0]"
flooring,"['F', 'L', 'AO', 'R', 'IH', 'NG']","['floor', 'ing']","['floor', 'ing']",0.0,1.91e-06,"[20, 25, 4, 30, 10, 28, 0, 0]"
lightweight,"['L', 'AY', 'T', 'W', 'EY', 'T']","['light', 'weight']","['light', 'weight']",0.0,6.03e-06,"[25, 6, 33, 36, 9, 33, 0, 0]"
athletes,"['AE', 'TH', 'L', 'IY', 'T', 'S']","['ath', 'letes']","['ath', 'letes']",0.0,2.19e-05,"[2, 34, 25, 11, 33, 31, 0, 0]"
colors,"['K', 'AH', 'L', 'ER', 'Z']","['col', 'ors']","['col', 'ors']",0.0,2.88e-05,"[24, 3, 25, 8, 38, 0, 0, 0]"
eric,"['EH', 'R', 'IH', 'K']",['eric'],['eric'],0.0,3.09e-05,"[7, 30, 10, 24, 0, 0, 0, 0]"
dan,"['D', 'AE', 'N']",['dan'],['dan'],0.0,3.24e-05,"[18, 2, 27, 0, 0, 0, 0, 0]"
rows,"['R', 'OW', 'Z']",['rows'],['rows'],0.0,7.24e-06,"[30, 12, 38, 0, 0, 0, 0, 0]"
exams,"['IH', 'G', 'Z', 'AE', 'M', 'Z']","['ex', 'ams']","['ex', 'ams']",0.0,1e-05,"[10, 21, 38, 2, 26, 38, 0, 0]"
rewards,"['R', 'IH', 'W', 'AO', 'R', 'D', 'Z']","['re', 'wards']","['re', 'wards']",0.0,1.26e-05,"[30, 10, 36, 4, 30, 18, 38, 0]"
slow,"['S', 'L', 'OW']",['slow'],['slow'],0.0,7.08e-05,"[31, 25, 12, 0, 0, 0, 0, 0]"
hip,"['HH', 'IH', 'P']",['hip'],['hip'],0.0,2.88e-05,"[22, 10, 29, 0, 0, 0, 0, 0]"
nine,"['N', 'AY', 'N']",['nine'],['nine'],0.0,7.41e-05,"[27, 6, 27, 0, 0, 0, 0, 0]"
adding,"['AE', 'D', 'IH', 'NG']",['adding'],['adding'],0.0,4.68e-05,"[2, 18, 10, 28, 0, 0, 0, 0]"
mostly,"['M', 'OW', 'S', 'T', 'L', 'IY']",['mostly'],['mostly'],0.0,6.76e-05,"[26, 12, 31, 33, 25, 11, 0, 0]"
null,"['N', 'AH', 'L']",['null'],['null'],0.0,5.37e-06,"[27, 3, 25, 0, 0, 0, 0, 0]"
spot,"['S', 'P', 'AA', 'T']",['spot'],['spot'],0.0,7.76e-05,"[31, 29, 1, 33, 0, 0, 0, 0]"
prints,"['P', 'R', 'IH', 'N', 'T', 'S']",['prints'],['prints'],0.0,1.2e-05,"[29, 30, 10, 27, 33, 31, 0, 0]"
revised,"['R', 'IH', 'V', 'AY', 'Z', 'D']","['re', 'vised']","['re', 'vised']",0.0,1.38e-05,"[30, 10, 35, 6, 38, 18, 0, 0]"
grow,"['G', 'R', 'OW']",['grow'],['grow'],0.0,7.94e-05,"[21, 30, 12, 0, 0, 0, 0, 0]"
clock,"['K', 'L', 'AA', 'K']",['clock'],['clock'],0.0,2.69e-05,"[24, 25, 1, 24, 0, 0, 0, 0]"
dot,"['D', 'AA', 'T']",['dot'],['dot'],0.0,1.12e-05,"[18, 1, 33, 0, 0, 0, 0, 0]"
aye,['AY'],['aye'],['aye'],0.0,7.76e-06,"[6, 0, 0, 0, 0, 0, 0, 0]"
bullet,"['B', 'UH', 'L', 'AH', 'T']","['bul', 'let']","['bul', 'let']",0.0,1.74e-05,"[16, 14, 25, 3, 33, 0, 0, 0]"
lace,"['L', 'EY', 'S']",['lace'],['lace'],0.0,6.61e-06,"[25, 9, 31, 0, 0, 0, 0, 0]"
winston,"['W', 'IH', 'N', 'S', 'T', 'AH', 'N']","['win', 'ston']","['win', 'ston']",0.0,8.32e-06,"[36, 10, 27, 31, 33, 3, 27, 0]"
expect,"['IH', 'K', 'S', 'P', 'EH', 'K', 'T']","['ex', 'pect']","['ex', 'pect']",0.0,0.000102,"[10, 24, 31, 29, 7, 24, 33, 0]"
parking,"['P', 'AA', 'R', 'K', 'IH', 'NG']","['park', 'ing']","['park', 'ing']",0.0,2.95e-05,"[29, 1, 30, 24, 10, 28, 0, 0]"
headlines,"['HH', 'EH', 'D', 'L', 'AY', 'N', 'Z']","['head', 'lines']","['head', 'lines']",0.0,8.13e-06,"[22, 7, 18, 25, 6, 27, 38, 0]"
gone,"['G', 'AO', 'N']",['gone'],['gone'],0.0,0.000148,"[21, 4, 27, 0, 0, 0, 0, 0]"
codes,"['K', 'OW', 'D', 'Z']",['codes'],['codes'],0.0,1.51e-05,"[24, 12, 18, 38, 0, 0, 0, 0]"
fort,"['F', 'AO', 'R', 'T']",['fort'],['fort'],0.0,2.82e-05,"[20, 4, 30, 33, 0, 0, 0, 0]"
