word,arpabet,syllables,tokenized_word,hamming_distance,word_frequency,phon_vec
zimbabwe,"['Z', 'IH', 'M', 'B', 'AA', 'B', 'W', 'EY']","['zi', 'm', 'b', 'ab', 'we']","['z', 'imbabwe']",0.625,5.37e-06,"[38, 10, 26, 16, 1, 16, 36, 9]"
pioneer,"['P', 'AY', 'AH', 'N', 'IH', 'R']","['pi', 'on', 'eer']","['p', 'ione', 'er']",0.5714285714285714,8.13e-06,"[29, 6, 3, 27, 10, 30, 0, 0]"
titanium,"['T', 'AY', 'T', 'EY', 'N', 'IY', 'AH', 'M']","['ti', 'tani', 'um']","['t', 'itan', 'ium']",0.5,3.55e-06,"[33, 6, 33, 9, 27, 11, 3, 26]"
wagner,"['W', 'AE', 'G', 'N', 'ER']","['wag', 'n', 'er']","['w', 'agner']",0.5,5.13e-06,"[36, 2, 21, 27, 8, 0, 0, 0]"
iraq,"['IH', 'R', 'AA', 'K']","['ir', 'aq']","['ira', 'q']",0.5,2.69e-05,"[10, 30, 1, 24, 0, 0, 0, 0]"
encyclopedia,"['IH', 'N', 'S', 'AY', 'K', 'L', 'AH', 'P', 'IY', 'D', 'IY', 'AH']","['en', 'cyc', 'lo', 'pe', 'dia']","['ency', 'cl', 'opedia']",0.5,3.31e-06,"[10, 27, 31, 6, 24, 25, 3, 29]"
vacuum,"['V', 'AE', 'K', 'Y', 'UW', 'M']","['va', 'cu', 'um']","['vac', 'uum']",0.5,1.23e-05,"[35, 2, 24, 37, 15, 26, 0, 0]"
remedy,"['R', 'EH', 'M', 'AH', 'D', 'IY']","['rem', 'edy']","['re', 'med', 'y']",0.5,6.61e-06,"[30, 7, 26, 3, 18, 11, 0, 0]"
refrigerator,"['R', 'AH', 'F', 'R', 'IH', 'JH', 'ER', 'EY', 'T', 'ER']","['re', 'fri', 'ger', 'at', 'or']","['ref', 'rig', 'erator']",0.5,4.07e-06,"[30, 3, 20, 30, 10, 23, 8, 9]"
eugene,"['Y', 'UW', 'JH', 'IY', 'N']","['eu', 'gene']","['e', 'ug', 'ene']",0.5,6.31e-06,"[37, 15, 23, 11, 27, 0, 0, 0]"
hypothetical,"['HH', 'AY', 'P', 'AH', 'TH', 'EH', 'T', 'AH', 'K', 'AH', 'L']","['hy', 'po', 'thet', 'ic', 'al']","['hyp', 'ot', 'hetical']",0.5,4.07e-06,"[22, 6, 29, 3, 34, 7, 33, 3]"
mutual,"['M', 'Y', 'UW', 'CH', 'AH', 'W', 'AH', 'L']","['mu', 'tu', 'al']","['mut', 'ual']",0.5,1.82e-05,"[26, 37, 15, 17, 3, 36, 3, 25]"
medieval,"['M', 'IH', 'D', 'IY', 'V', 'AH', 'L']","['me', 'di', 'ev', 'al']","['med', 'ieval']",0.5,1.12e-05,"[26, 10, 18, 11, 35, 3, 25, 0]"
junior,"['JH', 'UW', 'N', 'Y', 'ER']","['ju', 'ni', 'or']","['jun', 'ior']",0.5,3.09e-05,"[23, 15, 27, 37, 8, 0, 0, 0]"
july,"['JH', 'UW', 'L', 'AY']","['ju', 'ly']","['j', 'uly']",0.5,0.000148,"[23, 15, 25, 6, 0, 0, 0, 0]"
cambodia,"['K', 'AE', 'M', 'B', 'OW', 'D', 'IY', 'AH']","['cam', 'bod', 'ia']","['c', 'amb', 'odia']",0.5,5.13e-06,"[24, 2, 26, 16, 12, 18, 11, 3]"
arabia,"['ER', 'EY', 'B', 'IY', 'AH']","['ar', 'a', 'bia']","['arab', 'ia']",0.5,1.32e-05,"[8, 9, 16, 11, 3, 0, 0, 0]"
radios,"['R', 'EY', 'D', 'IY', 'OW', 'Z']","['ra', 'di', 'os']","['rad', 'ios']",0.5,2.57e-06,"[30, 9, 18, 11, 12, 38, 0, 0]"
reggae,"['R', 'EH', 'G', 'EY']","['reg', 'gae']","['re', 'gg', 'ae']",0.5,2.95e-06,"[30, 7, 21, 9, 0, 0, 0, 0]"
slovenia,"['S', 'L', 'OW', 'V', 'IY', 'N', 'IY', 'AH']","['slov', 'e', 'nia']","['sl', 'oven', 'ia']",0.5,2.57e-06,"[31, 25, 12, 35, 11, 27, 11, 3]"
saddam,"['S', 'AA', 'D', 'AH', 'M']","['sad', 'dam']","['s', 'add', 'am']",0.5,2.75e-06,"[31, 1, 18, 3, 26, 0, 0, 0]"
eleven,"['IH', 'L', 'EH', 'V', 'AH', 'N']","['el', 'ev', 'en']","['ele', 'ven']",0.5,1.32e-05,"[10, 25, 7, 35, 3, 27, 0, 0]"
julian,"['JH', 'UW', 'L', 'IY', 'AH', 'N']","['ju', 'li', 'an']","['jul', 'ian']",0.5,9.77e-06,"[23, 15, 25, 11, 3, 27, 0, 0]"
gmbh,"['G', 'AH', 'M']",['gmbh'],"['g', 'mb', 'h']",0.5,1.74e-06,"[21, 3, 26, 0, 0, 0, 0, 0]"
aerial,"['EH', 'R', 'IY', 'AH', 'L']","['aer', 'i', 'al']","['a', 'erial']",0.5,8.13e-06,"[7, 30, 11, 3, 25, 0, 0, 0]"
millennium,"['M', 'AH', 'L', 'EH', 'N', 'IY', 'AH', 'M']","['mil', 'len', 'ni', 'um']","['mill', 'enn', 'ium']",0.5,5.01e-06,"[26, 3, 25, 7, 27, 11, 3, 26]"
carmen,"['K', 'AA', 'R', 'M', 'AH', 'N']","['car', 'men']","['c', 'arm', 'en']",0.5,4.27e-06,"[24, 1, 30, 26, 3, 27, 0, 0]"
luis,"['L', 'UW', 'IY', 'S']","['lu', 'is']","['l', 'uis']",0.5,9.77e-06,"[25, 15, 11, 31, 0, 0, 0, 0]"
honduras,"['HH', 'AA', 'N', 'D', 'UH', 'R', 'AH', 'S']","['hon', 'dur', 'as']","['h', 'ond', 'uras']",0.5,3.98e-06,"[22, 1, 27, 18, 14, 30, 3, 31]"
inexpensive,"['IH', 'N', 'IH', 'K', 'S', 'P', 'EH', 'N', 'S', 'IH', 'V']","['in', 'ex', 'pens', 'ive']","['ine', 'xp', 'ensive']",0.45454545454545453,3.72e-06,"[10, 27, 10, 24, 31, 29, 7, 27]"
apparatus,"['AE', 'P', 'ER', 'AE', 'T', 'AH', 'S']","['ap', 'par', 'at', 'us']","['app', 'aratus']",0.4444444444444444,6.03e-06,"[2, 29, 8, 2, 33, 3, 31, 0]"
wondering,"['W', 'AH', 'N', 'D', 'ER', 'IH', 'NG']","['won', 'der', 'ing']","['w', 'ond', 'ering']",0.4444444444444444,3.39e-05,"[36, 3, 27, 18, 8, 10, 28, 0]"
amplifier,"['AE', 'M', 'P', 'L', 'AH', 'F', 'AY', 'ER']","['amp', 'li', 'fi', 'er']","['ampl', 'ifier']",0.4444444444444444,2.82e-06,"[2, 26, 29, 25, 3, 20, 6, 8]"
macedonia,"['M', 'AE', 'S', 'AH', 'D', 'OW', 'N', 'IY', 'AH']","['mace', 'do', 'nia']","['m', 'aced', 'onia']",0.4444444444444444,2.34e-06,"[26, 2, 31, 3, 18, 12, 27, 11]"
religions,"['R', 'IY', 'L', 'IH', 'JH', 'AH', 'N', 'Z']","['re', 'li', 'gions']","['rel', 'ig', 'ions']",0.4444444444444444,8.13e-06,"[30, 11, 25, 10, 23, 3, 27, 38]"
answering,"['AE', 'N', 'S', 'ER', 'IH', 'NG']","['an', 'swer', 'ing']","['ans', 'w', 'ering']",0.4444444444444444,1.17e-05,"[2, 27, 31, 8, 10, 28, 0, 0]"
empirical,"['EH', 'M', 'P', 'IH', 'R', 'IH', 'K', 'AH', 'L']","['em', 'pir', 'ic', 'al']","['emp', 'irical']",0.4444444444444444,4.17e-06,"[7, 26, 29, 10, 30, 10, 24, 3]"
pediatric,"['P', 'IY', 'D', 'IY', 'AE', 'T', 'R', 'IH', 'K']","['pe', 'di', 'at', 'ric']","['ped', 'iatric']",0.4444444444444444,3.39e-06,"[29, 11, 18, 11, 2, 33, 30, 10]"
societies,"['S', 'AH', 'S', 'AY', 'AH', 'T', 'IY', 'Z']","['so', 'ci', 'et', 'ies']","['soc', 'ieties']",0.4444444444444444,1.2e-05,"[31, 3, 31, 6, 3, 33, 11, 38]"
hospitals,"['HH', 'AA', 'S', 'P', 'IH', 'T', 'AH', 'L', 'Z']","['hos', 'pit', 'als']","['h', 'osp', 'itals']",0.4444444444444444,2.14e-05,"[22, 1, 31, 29, 10, 33, 3, 25]"
municipal,"['M', 'Y', 'UW', 'N', 'IH', 'S', 'AH', 'P', 'AH', 'L']","['mu', 'ni', 'cip', 'al']","['m', 'unicipal']",0.4444444444444444,1.74e-05,"[26, 37, 15, 27, 10, 31, 3, 29]"
librarian,"['L', 'AY', 'B', 'R', 'EH', 'R', 'IY', 'AH', 'N']","['lib', 'rar', 'i', 'an']","['libr', 'arian']",0.4444444444444444,3.89e-06,"[25, 6, 16, 30, 7, 30, 11, 3]"
bristol,"['B', 'R', 'IH', 'S', 'T', 'AH', 'L']","['bris', 'tol']","['br', 'ist', 'ol']",0.42857142857142855,1.07e-05,"[16, 30, 10, 31, 33, 3, 25, 0]"
deficit,"['D', 'EH', 'F', 'AH', 'S', 'AH', 'T']","['de', 'fi', 'cit']","['def', 'icit']",0.42857142857142855,1.15e-05,"[18, 7, 20, 3, 31, 3, 33, 0]"
senegal,"['S', 'EH', 'N', 'AH', 'G', 'AO', 'L']","['seneg', 'al']","['s', 'ene', 'gal']",0.42857142857142855,2.4e-06,"[31, 7, 27, 3, 21, 4, 25, 0]"
antigua,"['AE', 'N', 'T', 'IY', 'G', 'W', 'AH']","['an', 'ti', 'gua']","['ant', 'igua']",0.42857142857142855,1.2e-06,"[2, 27, 33, 11, 21, 36, 3, 0]"
museums,"['M', 'Y', 'UW', 'Z', 'IY', 'AH', 'M', 'Z']","['mu', 'seums']","['m', 'use', 'ums']",0.42857142857142855,7.76e-06,"[26, 37, 15, 38, 11, 3, 26, 38]"
deviant,"['D', 'IY', 'V', 'IY', 'AH', 'N', 'T']","['de', 'vi', 'ant']","['dev', 'iant']",0.42857142857142855,1.07e-06,"[18, 11, 35, 11, 3, 27, 33, 0]"
belfast,"['B', 'EH', 'L', 'F', 'AE', 'S', 'T']","['bel', 'fast']","['b', 'elf', 'ast']",0.42857142857142855,7.59e-06,"[16, 7, 25, 20, 2, 31, 33, 0]"
toddler,"['T', 'AA', 'D', 'L', 'ER']","['tod', 'dler']","['t', 'odd', 'ler']",0.42857142857142855,6.76e-06,"[33, 1, 18, 25, 8, 0, 0, 0]"
jessica,"['JH', 'EH', 'S', 'IH', 'K', 'AH']","['jes', 'sica']","['j', 'ess', 'ica']",0.42857142857142855,1.48e-05,"[23, 7, 31, 10, 24, 3, 0, 0]"
october,"['AA', 'K', 'T', 'OW', 'B', 'ER']","['oc', 'to', 'ber']","['oct', 'ober']",0.42857142857142855,0.000129,"[1, 24, 33, 12, 16, 8, 0, 0]"
houston,"['HH', 'Y', 'UW', 'S', 'T', 'AH', 'N']","['hou', 's', 'ton']","['h', 'ouston']",0.42857142857142855,2.63e-05,"[22, 37, 15, 31, 33, 3, 27, 0]"
expedia,"['EH', 'K', 'S', 'P', 'IY', 'D', 'IY', 'AH']","['ex', 'pe', 'dia']","['exp', 'edia']",0.42857142857142855,4.17e-07,"[7, 24, 31, 29, 11, 18, 11, 3]"
courier,"['K', 'ER', 'IY', 'ER']","['cour', 'i', 'er']","['cou', 'rier']",0.42857142857142855,4.79e-06,"[24, 8, 11, 8, 0, 0, 0, 0]"
indiana,"['IH', 'N', 'D', 'IY', 'AE', 'N', 'AH']","['in', 'di', 'ana']","['ind', 'iana']",0.42857142857142855,2.04e-05,"[10, 27, 18, 11, 2, 27, 3, 0]"
calcium,"['K', 'AE', 'L', 'S', 'IY', 'AH', 'M']","['cal', 'ci', 'um']","['calc', 'ium']",0.42857142857142855,6.61e-06,"[24, 2, 25, 31, 11, 3, 26, 0]"
russian,"['R', 'AH', 'SH', 'AH', 'N']","['rus', 'si', 'an']","['r', 'ussian']",0.42857142857142855,0.000102,"[30, 3, 32, 3, 27, 0, 0, 0]"
jamaica,"['JH', 'AH', 'M', 'EY', 'K', 'AH']","['ja', 'maica']","['j', 'ama', 'ica']",0.42857142857142855,8.32e-06,"[23, 3, 26, 9, 24, 3, 0, 0]"
elegant,"['EH', 'L', 'AH', 'G', 'AH', 'N', 'T']","['el', 'eg', 'ant']","['e', 'legant']",0.42857142857142855,8.91e-06,"[7, 25, 3, 21, 3, 27, 33, 0]"
arizona,"['EH', 'R', 'IH', 'Z', 'OW', 'N', 'AH']","['ari', 'zona']","['ar', 'iz', 'ona']",0.42857142857142855,2.4e-05,"[7, 30, 10, 38, 12, 27, 3, 0]"
islamic,"['IH', 'Z', 'L', 'AA', 'M', 'IH', 'K']","['is', 'lam', 'ic']","['isl', 'amic']",0.42857142857142855,2.75e-05,"[10, 38, 25, 1, 26, 10, 24, 0]"
cardiac,"['K', 'AA', 'R', 'D', 'IY', 'AE', 'K']","['car', 'di', 'ac']","['card', 'iac']",0.42857142857142855,6.92e-06,"[24, 1, 30, 18, 11, 2, 24, 0]"
indians,"['IH', 'N', 'D', 'IY', 'AH', 'N', 'Z']","['in', 'di', 'ans']","['ind', 'ians']",0.42857142857142855,1.78e-05,"[10, 27, 18, 11, 3, 27, 38, 0]"
russell,"['R', 'AH', 'S', 'AH', 'L']","['rus', 'sell']","['r', 'uss', 'ell']",0.42857142857142855,2.14e-05,"[30, 3, 31, 3, 25, 0, 0, 0]"
optimum,"['AA', 'P', 'T', 'AH', 'M', 'AH', 'M']","['op', 'tim', 'um']","['opt', 'imum']",0.42857142857142855,3.47e-06,"[1, 29, 33, 3, 26, 3, 26, 0]"
bennett,"['B', 'EH', 'N', 'AH', 'T']","['ben', 'nett']","['b', 'enn', 'ett']",0.42857142857142855,1.07e-05,"[16, 7, 27, 3, 33, 0, 0, 0]"
estonia,"['EH', 'S', 'T', 'OW', 'N', 'IY', 'AH']","['es', 'to', 'nia']","['est', 'onia']",0.42857142857142855,3.02e-06,"[7, 31, 33, 12, 27, 11, 3, 0]"
stadium,"['S', 'T', 'EY', 'D', 'IY', 'AH', 'M']","['sta', 'di', 'um']","['st', 'adium']",0.42857142857142855,4.27e-05,"[31, 33, 9, 18, 11, 3, 26, 0]"
apparel,"['AH', 'P', 'AE', 'R', 'AH', 'L']","['ap', 'par', 'el']","['app', 'arel']",0.42857142857142855,5.25e-06,"[3, 29, 2, 30, 3, 25, 0, 0]"
kenneth,"['K', 'EH', 'N', 'IH', 'TH']","['ken', 'neth']","['k', 'enn', 'eth']",0.42857142857142855,7.94e-06,"[24, 7, 27, 10, 34, 0, 0, 0]"
studios,"['S', 'T', 'UW', 'D', 'IY', 'OW', 'Z']","['stu', 'di', 'os']","['stud', 'ios']",0.42857142857142855,1.26e-05,"[31, 33, 15, 18, 11, 12, 38, 0]"
zealand,"['Z', 'IY', 'L', 'AH', 'N', 'D']","['zea', 'l', 'and']","['ze', 'aland']",0.42857142857142855,3.16e-05,"[38, 11, 25, 3, 27, 18, 0, 0]"
austria,"['AO', 'S', 'T', 'R', 'IY', 'AH']","['aus', 'tria']","['a', 'ust', 'ria']",0.42857142857142855,1.17e-05,"[4, 31, 33, 30, 11, 3, 0, 0]"
pontiac,"['P', 'AA', 'N', 'T', 'IY', 'AE', 'K']","['pon', 'tiac']","['p', 'ont', 'iac']",0.42857142857142855,1.32e-06,"[29, 1, 27, 33, 11, 2, 24, 0]"
pentium,"['P', 'EH', 'N', 'T', 'IY', 'AH', 'M']","['pen', 'ti', 'um']","['pent', 'ium']",0.42857142857142855,5.75e-07,"[29, 7, 27, 33, 11, 3, 26, 0]"
satisfy,"['S', 'AE', 'T', 'AH', 'S', 'F', 'AY']","['sat', 'is', 'fy']","['satisf', 'y']",0.42857142857142855,9.55e-06,"[31, 2, 33, 3, 31, 20, 6, 0]"
nigeria,"['N', 'AY', 'JH', 'IH', 'R', 'IY', 'AH']","['ni', 'ger', 'ia']","['nig', 'eria']",0.42857142857142855,2.14e-05,"[27, 6, 23, 10, 30, 11, 3, 0]"
vatican,"['V', 'AE', 'T', 'IH', 'K', 'AH', 'N']","['vat', 'ic', 'an']","['v', 'atican']",0.42857142857142855,6.17e-06,"[35, 2, 33, 10, 24, 3, 27, 0]"
occupational,"['AA', 'K', 'Y', 'AH', 'P', 'EY', 'SH', 'AH', 'N', 'AH', 'L']","['oc', 'cu', 'pa', 'tion', 'al']","['occup', 'ational']",0.4166666666666667,5.25e-06,"[1, 24, 37, 3, 29, 9, 32, 3]"
agricultural,"['AE', 'G', 'R', 'AH', 'K', 'AH', 'L', 'CH', 'ER', 'AH', 'L']","['ag', 'ri', 'cul', 'tur', 'al']","['agric', 'ultural']",0.4166666666666667,2.19e-05,"[2, 21, 30, 3, 24, 3, 25, 17]"
indianapolis,"['IH', 'N', 'D', 'IY', 'AH', 'N', 'AE', 'P', 'AH', 'L', 'IH', 'S']","['in', 'di', 'ana', 'pol', 'is']","['indian', 'apolis']",0.4166666666666667,6.61e-06,"[10, 27, 18, 11, 3, 27, 2, 29]"
bacon,"['B', 'EY', 'K', 'AH', 'N']","['ba', 'con']","['b', 'acon']",0.4,1.41e-05,"[16, 9, 24, 3, 27, 0, 0, 0]"
dying,"['D', 'AY', 'IH', 'NG']","['dy', 'ing']","['d', 'ying']",0.4,4.27e-05,"[18, 6, 10, 28, 0, 0, 0, 0]"
indigenous,"['IH', 'N', 'D', 'IH', 'JH', 'AH', 'N', 'AH', 'S']","['in', 'di', 'gen', 'ous']","['ind', 'igenous']",0.4,1.45e-05,"[10, 27, 18, 10, 23, 3, 27, 3]"
pharmacies,"['F', 'AA', 'R', 'M', 'AH', 'S', 'IY', 'Z']","['phar', 'ma', 'cies']","['ph', 'arm', 'acies']",0.4,1.51e-06,"[20, 1, 30, 26, 3, 31, 11, 38]"
annex,"['AE', 'N', 'EH', 'K', 'S']","['an', 'nex']","['ann', 'ex']",0.4,3.16e-06,"[2, 27, 7, 24, 31, 0, 0, 0]"
logan,"['L', 'OW', 'G', 'AH', 'N']","['lo', 'gan']","['log', 'an']",0.4,1.1e-05,"[25, 12, 21, 3, 27, 0, 0, 0]"
recruiting,"['R', 'AH', 'K', 'R', 'UW', 'T', 'IH', 'NG']","['re', 'cruit', 'ing']","['rec', 'ru', 'iting']",0.4,9.77e-06,"[30, 3, 24, 30, 15, 33, 10, 28]"
satin,"['S', 'AE', 'T', 'AH', 'N']","['sat', 'in']","['s', 'atin']",0.4,2.45e-06,"[31, 2, 33, 3, 27, 0, 0, 0]"
lotus,"['L', 'OW', 'T', 'AH', 'S']","['lo', 'tus']","['lot', 'us']",0.4,4.17e-06,"[25, 12, 33, 3, 31, 0, 0, 0]"
lucia,"['L', 'UW', 'SH', 'AH']","['lu', 'cia']","['luc', 'ia']",0.4,2.82e-06,"[25, 15, 32, 3, 0, 0, 0, 0]"
mazda,"['M', 'AA', 'Z', 'D', 'AH']",['mazda'],"['m', 'az', 'da']",0.4,2.19e-06,"[26, 1, 38, 18, 3, 0, 0, 0]"
jesus,"['JH', 'IY', 'Z', 'AH', 'S']","['je', 'sus']","['j', 'esus']",0.4,9.77e-05,"[23, 11, 38, 3, 31, 0, 0, 0]"
irrigation,"['IH', 'R', 'AH', 'G', 'EY', 'SH', 'AH', 'N']","['ir', 'rig', 'a', 'tion']","['irr', 'igation']",0.4,4.9e-06,"[10, 30, 3, 21, 9, 32, 3, 27]"
casey,"['K', 'EY', 'S', 'IY']","['ca', 'sey']","['case', 'y']",0.4,9.12e-06,"[24, 9, 31, 11, 0, 0, 0, 0]"
lyric,"['L', 'IH', 'R', 'IH', 'K']","['lyr', 'ic']","['ly', 'ric']",0.4,4.27e-06,"[25, 10, 30, 10, 24, 0, 0, 0]"
beneficial,"['B', 'EH', 'N', 'AH', 'F', 'IH', 'SH', 'AH', 'L']","['be', 'ne', 'fi', 'cial']","['benef', 'icial']",0.4,1.2e-05,"[16, 7, 27, 3, 20, 10, 32, 3]"
aboriginal,"['AE', 'B', 'ER', 'IH', 'JH', 'AH', 'N', 'AH', 'L']","['ab', 'ori', 'gin', 'al']","['abor', 'iginal']",0.4,6.03e-06,"[2, 16, 8, 10, 23, 3, 27, 3]"
cedar,"['S', 'IY', 'D', 'ER']","['ce', 'dar']","['ced', 'ar']",0.4,5.75e-06,"[31, 11, 18, 8, 0, 0, 0, 0]"
allan,"['AE', 'L', 'AH', 'N']","['al', 'lan']","['all', 'an']",0.4,6.31e-06,"[2, 25, 3, 27, 0, 0, 0, 0]"
pharmaceuticals,"['F', 'AA', 'R', 'M', 'AH', 'S', 'UW', 'T', 'IH', 'K', 'AH', 'L', 'Z']","['phar', 'ma', 'ceut', 'ic', 'als']","['ph', 'armaceutical', 's']",0.4,3.02e-06,"[20, 1, 30, 26, 3, 31, 15, 33]"
insulation,"['IH', 'N', 'S', 'AH', 'L', 'EY', 'SH', 'AH', 'N']","['in', 'su', 'la', 'tion']","['ins', 'ulation']",0.4,4.68e-06,"[10, 27, 31, 3, 25, 9, 32, 3]"
sanyo,"['S', 'AA', 'N', 'Y', 'OW']",['sanyo'],"['s', 'any', 'o']",0.4,1.74e-07,"[31, 1, 27, 37, 12, 0, 0, 0]"
conceptual,"['K', 'AH', 'N', 'S', 'EH', 'P', 'CH', 'UW', 'AH', 'L']","['con', 'cep', 'tu', 'al']","['concept', 'ual']",0.4,4.17e-06,"[24, 3, 27, 31, 7, 29, 17, 15]"
sudan,"['S', 'UW', 'D', 'AE', 'N']","['su', 'dan']","['sud', 'an']",0.4,7.94e-06,"[31, 15, 18, 2, 27, 0, 0, 0]"
mason,"['M', 'EY', 'S', 'AH', 'N']","['ma', 'son']","['m', 'ason']",0.4,1.38e-05,"[26, 9, 31, 3, 27, 0, 0, 0]"
diane,"['D', 'AY', 'AE', 'N']","['di', 'ane']","['d', 'iane']",0.4,6.76e-06,"[18, 6, 2, 27, 0, 0, 0, 0]"
julie,"['JH', 'UW', 'L', 'IY']","['ju', 'lie']","['jul', 'ie']",0.4,1.23e-05,"[23, 15, 25, 11, 0, 0, 0, 0]"
vocational,"['V', 'OW', 'K', 'EY', 'SH', 'AH', 'N', 'AH', 'L']","['vo', 'ca', 'tion', 'al']","['voc', 'ational']",0.4,4.47e-06,"[35, 12, 24, 9, 32, 3, 27, 3]"
antibodies,"['AE', 'N', 'T', 'IH', 'B', 'AA', 'D', 'IY', 'Z']","['an', 'ti', 'bod', 'ies']","['antib', 'odies']",0.4,3.63e-06,"[2, 27, 33, 10, 16, 1, 18, 11]"
casio,"['K', 'AE', 'S', 'IY', 'OW']","['ca', 'sio']","['cas', 'io']",0.4,5.37e-07,"[24, 2, 31, 11, 12, 0, 0, 0]"
karen,"['K', 'EH', 'R', 'AH', 'N']","['kar', 'en']","['k', 'aren']",0.4,1.23e-05,"[24, 7, 30, 3, 27, 0, 0, 0]"
diana,"['D', 'AY', 'AE', 'N', 'AH']","['di', 'ana']","['d', 'iana']",0.4,1.05e-05,"[18, 6, 2, 27, 3, 0, 0, 0]"
relocation,"['R', 'IY', 'L', 'OW', 'K', 'EY', 'SH', 'AH', 'N']","['re', 'lo', 'ca', 'tion']","['rel', 'ocation']",0.4,3.72e-06,"[30, 11, 25, 12, 24, 9, 32, 3]"
multimedia,"['M', 'AH', 'L', 'T', 'IY', 'M', 'IY', 'D', 'IY', 'AH']","['mul', 'ti', 'me', 'dia']","['mult', 'imedia']",0.4,3.63e-06,"[26, 3, 25, 33, 11, 26, 11, 18]"
upset,"['AH', 'P', 'S', 'EH', 'T']","['up', 'set']","['ups', 'et']",0.4,4.07e-05,"[3, 29, 31, 7, 33, 0, 0, 0]"
guarantees,"['G', 'EH', 'R', 'AH', 'N', 'T', 'IY', 'Z']","['guar', 'an', 'tees']","['gu', 'arant', 'ees']",0.4,6.76e-06,"[21, 7, 30, 3, 27, 33, 11, 38]"
lucas,"['L', 'UW', 'K', 'AH', 'S']","['lu', 'cas']","['luc', 'as']",0.4,1.23e-05,"[25, 15, 24, 3, 31, 0, 0, 0]"
behavioral,"['B', 'IH', 'HH', 'EY', 'V', 'Y', 'ER', 'AH', 'L']","['be', 'ha', 'vi', 'or', 'al']",['behavioral'],0.4,7.24e-06,"[16, 10, 22, 9, 35, 37, 8, 3]"
davis,"['D', 'EY', 'V', 'AH', 'S']","['dav', 'is']","['d', 'avis']",0.4,3.09e-05,"[18, 9, 35, 3, 31, 0, 0, 0]"
affiliates,"['AH', 'F', 'IH', 'L', 'IY', 'AH', 'T', 'S']","['af', 'fil', 'i', 'ates']","['aff', 'iliates']",0.4,3.98e-06,"[3, 20, 10, 25, 11, 3, 33, 31]"
cabin,"['K', 'AE', 'B', 'AH', 'N']","['cab', 'in']","['c', 'abin']",0.4,1.35e-05,"[24, 2, 16, 3, 27, 0, 0, 0]"
bryan,"['B', 'R', 'AY', 'AH', 'N']","['bry', 'an']","['b', 'ryan']",0.4,9.55e-06,"[16, 30, 6, 3, 27, 0, 0, 0]"
syria,"['S', 'IH', 'R', 'IY', 'AH']","['syr', 'ia']","['sy', 'ria']",0.4,2.51e-05,"[31, 10, 30, 11, 3, 0, 0, 0]"
yemen,"['Y', 'EH', 'M', 'AH', 'N']","['ye', 'men']","['y', 'emen']",0.4,7.59e-06,"[37, 7, 26, 3, 27, 0, 0, 0]"
humor,"['HH', 'Y', 'UW', 'M', 'ER']","['hu', 'mor']","['hum', 'or']",0.4,1.55e-05,"[22, 37, 15, 26, 8, 0, 0, 0]"
delivering,"['D', 'IH', 'L', 'IH', 'V', 'ER', 'IH', 'NG']","['de', 'liv', 'er', 'ing']","['del', 'ivering']",0.4,1.23e-05,"[18, 10, 25, 10, 35, 8, 10, 28]"
modem,"['M', 'OW', 'D', 'AH', 'M']","['mo', 'dem']","['mod', 'em']",0.4,2.51e-06,"[26, 12, 18, 3, 26, 0, 0, 0]"
tiger,"['T', 'AY', 'G', 'ER']","['ti', 'ger']","['t', 'iger']",0.4,2e-05,"[33, 6, 21, 8, 0, 0, 0, 0]"
depot,"['D', 'IY', 'P', 'OW']","['de', 'pot']","['dep', 'ot']",0.4,8.91e-06,"[18, 11, 29, 12, 0, 0, 0, 0]"
argue,"['AA', 'R', 'G', 'Y', 'UW']","['ar', 'gue']","['arg', 'ue']",0.4,2.88e-05,"[1, 30, 21, 37, 15, 0, 0, 0]"
ambassador,"['AE', 'M', 'B', 'AE', 'S', 'AH', 'D', 'ER']","['am', 'bas', 'sad', 'or']","['ambass', 'ador']",0.4,2.24e-05,"[2, 26, 16, 2, 31, 3, 18, 8]"
occasional,"['AH', 'K', 'EY', 'ZH', 'AH', 'N', 'AH', 'L']","['oc', 'ca', 'sion', 'al']","['occas', 'ional']",0.4,1.32e-05,"[3, 24, 9, 39, 3, 27, 3, 25]"
tulsa,"['T', 'AH', 'L', 'S', 'AH']",['tulsa'],"['t', 'ul', 'sa']",0.4,3.02e-06,"[33, 3, 25, 31, 3, 0, 0, 0]"
coral,"['K', 'AO', 'R', 'AH', 'L']","['cor', 'al']","['c', 'oral']",0.4,7.24e-06,"[24, 4, 30, 3, 25, 0, 0, 0]"
estimation,"['EH', 'S', 'T', 'AH', 'M', 'EY', 'SH', 'AH', 'N']","['es', 'tim', 'a', 'tion']","['est', 'imation']",0.4,2.88e-06,"[7, 31, 33, 3, 26, 9, 32, 3]"
niger,"['N', 'AY', 'JH', 'ER']","['ni', 'ger']","['n', 'iger']",0.4,2.82e-06,"[27, 6, 23, 8, 0, 0, 0, 0]"
focal,"['F', 'OW', 'K', 'AH', 'L']","['fo', 'cal']","['f', 'ocal']",0.4,4.68e-06,"[20, 12, 24, 3, 25, 0, 0, 0]"
geological,"['JH', 'IY', 'AH', 'L', 'AA', 'JH', 'IH', 'K', 'AH', 'L']","['geo', 'lo', 'gic', 'al']","['ge', 'ological']",0.4,6.61e-06,"[23, 11, 3, 25, 1, 23, 10, 24]"
appreciate,"['AH', 'P', 'R', 'IY', 'SH', 'IY', 'EY', 'T']","['ap', 'pre', 'ci', 'ate']","['apprec', 'iate']",0.4,5.5e-05,"[3, 29, 30, 11, 32, 11, 9, 33]"
iraqi,"['IH', 'R', 'AE', 'K', 'IY']","['ir', 'aqi']","['ira', 'qi']",0.4,8.91e-06,"[10, 30, 2, 24, 11, 0, 0, 0]"
bestiality,"['B', 'EH', 'S', 'CH', 'AE', 'L', 'IH', 'T', 'IY']","['bes', 'ti', 'al', 'ity']","['best', 'iality']",0.4,4.17e-07,"[16, 7, 31, 17, 2, 25, 10, 33]"
hypothesis,"['HH', 'AY', 'P', 'AA', 'TH', 'AH', 'S', 'AH', 'S']","['hy', 'po', 'thes', 'is']","['hyp', 'othesis']",0.4,7.41e-06,"[22, 6, 29, 1, 34, 3, 31, 3]"
consortium,"['K', 'AH', 'N', 'S', 'AO', 'R', 'SH', 'IY', 'AH', 'M']","['con', 'sor', 'ti', 'um']","['cons', 'ortium']",0.4,4.79e-06,"[24, 3, 27, 31, 4, 30, 32, 11]"
kevin,"['K', 'EH', 'V', 'IH', 'N']","['kev', 'in']","['ke', 'vin']",0.4,3.63e-05,"[24, 7, 35, 10, 27, 0, 0, 0]"
indicating,"['IH', 'N', 'D', 'AH', 'K', 'EY', 'T', 'IH', 'NG']","['in', 'dic', 'at', 'ing']","['ind', 'icating']",0.4,1.23e-05,"[10, 27, 18, 3, 24, 9, 33, 10]"
manufacturers,"['M', 'AE', 'N', 'Y', 'AH', 'F', 'AE', 'K', 'CH', 'ER', 'ER', 'Z']","['man', 'u', 'fac', 'tur', 'ers']","['manufact', 'urers']",0.38461538461538464,2.24e-05,"[26, 2, 27, 37, 3, 20, 2, 24]"
championships,"['CH', 'AE', 'M', 'P', 'IY', 'AH', 'N', 'SH', 'IH', 'P', 'S']","['cham', 'pi', 'on', 'ships']","['ch', 'ampions', 'hips']",0.38461538461538464,1.07e-05,"[17, 2, 26, 29, 11, 3, 27, 32]"
architectural,"['AA', 'R', 'K', 'AH', 'T', 'EH', 'K', 'CH', 'ER', 'AH', 'L']","['ar', 'chi', 'tec', 'tur', 'al']","['architect', 'ural']",0.38461538461538464,9.12e-06,"[1, 30, 24, 3, 33, 7, 24, 17]"
congressional,"['K', 'AH', 'N', 'G', 'R', 'EH', 'SH', 'AH', 'N', 'AH', 'L']","['con', 'gres', 'sion', 'al']","['cong', 'ress', 'ional']",0.38461538461538464,1.55e-05,"[24, 3, 27, 21, 30, 7, 32, 3]"
computational,"['K', 'AA', 'M', 'P', 'Y', 'UW', 'T', 'EY', 'SH', 'AH', 'N', 'AH', 'L']","['com', 'pu', 'ta', 'tion', 'al']","['comput', 'ational']",0.38461538461538464,4.17e-06,"[24, 1, 26, 29, 37, 15, 33, 9]"
accreditation,"['AH', 'K', 'R', 'EH', 'D', 'AH', 'T', 'EY', 'SH', 'AH', 'N']","['ac', 'cred', 'it', 'a', 'tion']","['acc', 'reditation']",0.38461538461538464,3.47e-06,"[3, 24, 30, 7, 18, 3, 33, 9]"
precipitation,"['P', 'R', 'IH', 'S', 'IH', 'P', 'IH', 'T', 'EY', 'SH', 'AH', 'N']","['pre', 'cip', 'it', 'a', 'tion']","['prec', 'ipitation']",0.38461538461538464,4.37e-06,"[29, 30, 10, 31, 10, 29, 10, 33]"
possibilities,"['P', 'AA', 'S', 'AH', 'B', 'IH', 'L', 'AH', 'T', 'IY', 'Z']","['pos', 'sib', 'il', 'it', 'ies']","['poss', 'ibilities']",0.38461538461538464,1.29e-05,"[29, 1, 31, 3, 16, 10, 25, 3]"
technological,"['T', 'EH', 'K', 'N', 'AH', 'L', 'AA', 'JH', 'IH', 'K', 'AH', 'L']","['tech', 'no', 'lo', 'gic', 'al']","['techn', 'ological']",0.38461538461538464,1.15e-05,"[33, 7, 24, 27, 3, 25, 1, 23]"
vulnerability,"['V', 'AH', 'L', 'N', 'ER', 'AH', 'B', 'IH', 'L', 'IH', 'T', 'IY']","['vul', 'ner', 'ab', 'il', 'ity']","['v', 'ulnerability']",0.38461538461538464,5.01e-06,"[35, 3, 25, 27, 8, 3, 16, 10]"
anderson,"['AE', 'N', 'D', 'ER', 'S', 'AH', 'N']","['an', 'der', 'son']","['and', 'erson']",0.375,2.29e-05,"[2, 27, 18, 8, 31, 3, 27, 0]"
innocent,"['IH', 'N', 'AH', 'S', 'AH', 'N', 'T']","['in', 'no', 'cent']","['inn', 'ocent']",0.375,2.82e-05,"[10, 27, 3, 31, 3, 27, 33, 0]"
columbus,"['K', 'AH', 'L', 'AH', 'M', 'B', 'AH', 'S']","['colum', 'bus']","['col', 'umb', 'us']",0.375,1.1e-05,"[24, 3, 25, 3, 26, 16, 3, 31]"
injuries,"['IH', 'N', 'JH', 'ER', 'IY', 'Z']","['in', 'jur', 'ies']","['inj', 'uries']",0.375,2.75e-05,"[10, 27, 23, 8, 11, 38, 0, 0]"
superior,"['S', 'UW', 'P', 'IH', 'R', 'IY', 'ER']","['su', 'per', 'i', 'or']",['superior'],0.375,2.88e-05,"[31, 15, 29, 10, 30, 11, 8, 0]"
memorial,"['M', 'AH', 'M', 'AO', 'R', 'IY', 'AH', 'L']","['me', 'mori', 'al']","['mem', 'orial']",0.375,2.57e-05,"[26, 3, 26, 4, 30, 11, 3, 25]"
sapphire,"['S', 'AE', 'F', 'AY', 'ER']","['sap', 'phire']","['s', 'app', 'hire']",0.375,2.75e-06,"[31, 2, 20, 6, 8, 0, 0, 0]"
intimate,"['IH', 'N', 'T', 'AH', 'M', 'AH', 'T']","['in', 'tim', 'ate']","['int', 'imate']",0.375,1.15e-05,"[10, 27, 33, 3, 26, 3, 33, 0]"
pursuant,"['P', 'ER', 'S', 'UW', 'AH', 'N', 'T']","['pur', 'su', 'ant']","['purs', 'uant']",0.375,3.63e-06,"[29, 8, 31, 15, 3, 27, 33, 0]"
patricia,"['P', 'AH', 'T', 'R', 'IH', 'SH', 'AH']","['pa', 'tri', 'cia']","['pat', 'ricia']",0.375,5.75e-06,"[29, 3, 33, 30, 10, 32, 3, 0]"
colombia,"['K', 'AH', 'L', 'AH', 'M', 'B', 'IY', 'AH']","['colom', 'bia']","['col', 'omb', 'ia']",0.375,8.91e-06,"[24, 3, 25, 3, 26, 16, 11, 3]"
colonial,"['K', 'AH', 'L', 'OW', 'N', 'IY', 'AH', 'L']","['co', 'lo', 'ni', 'al']",['colonial'],0.375,1.48e-05,"[24, 3, 25, 12, 27, 11, 3, 25]"
antibody,"['AE', 'N', 'T', 'IH', 'B', 'AA', 'D', 'IY']","['an', 'ti', 'body']","['antib', 'ody']",0.375,2.88e-06,"[2, 27, 33, 10, 16, 1, 18, 11]"
opponent,"['AH', 'P', 'OW', 'N', 'AH', 'N', 'T']","['op', 'pon', 'ent']","['opp', 'onent']",0.375,1.58e-05,"[3, 29, 12, 27, 3, 27, 33, 0]"
ensuring,"['EH', 'N', 'SH', 'UH', 'R', 'IH', 'NG']","['en', 'sur', 'ing']","['ens', 'uring']",0.375,1e-05,"[7, 27, 32, 14, 30, 10, 28, 0]"
aquarium,"['AH', 'K', 'W', 'EH', 'R', 'IY', 'AH', 'M']","['aquar', 'i', 'um']","['aqu', 'arium']",0.375,3.63e-06,"[3, 24, 36, 7, 30, 11, 3, 26]"
thailand,"['T', 'AY', 'L', 'AE', 'N', 'D']","['thai', 'l', 'and']","['th', 'ailand']",0.375,1.66e-05,"[33, 6, 25, 2, 27, 18, 0, 0]"
diseases,"['D', 'IH', 'Z', 'IY', 'Z', 'AH', 'Z']","['dis', 'eases']","['d', 'ise', 'ases']",0.375,2.29e-05,"[18, 10, 38, 11, 38, 3, 38, 0]"
resulted,"['R', 'IH', 'Z', 'AH', 'L', 'T', 'IH', 'D']","['res', 'ul', 'ted']","['result', 'ed']",0.375,2.34e-05,"[30, 10, 38, 3, 25, 33, 10, 18]"
egyptian,"['IH', 'JH', 'IH', 'P', 'SH', 'AH', 'N']","['egyp', 'tian']","['e', 'gypt', 'ian']",0.375,1.62e-05,"[10, 23, 10, 29, 32, 3, 27, 0]"
sullivan,"['S', 'AH', 'L', 'AH', 'V', 'AH', 'N']","['sul', 'li', 'van']","['s', 'ullivan']",0.375,8.51e-06,"[31, 3, 25, 3, 35, 3, 27, 0]"
position,"['P', 'AH', 'Z', 'IH', 'SH', 'AH', 'N']","['po', 's', 'i', 'tion']",['position'],0.375,0.000162,"[29, 3, 38, 10, 32, 3, 27, 0]"
hometown,"['HH', 'OW', 'M', 'T', 'AW', 'N']","['ho', 'met', 'own']","['h', 'ometown']",0.375,8.13e-06,"[22, 12, 26, 33, 5, 27, 0, 0]"
jennifer,"['JH', 'EH', 'N', 'AH', 'F', 'ER']","['jen', 'nifer']","['j', 'enn', 'ifer']",0.375,1.55e-05,"[23, 7, 27, 3, 20, 8, 0, 0]"
maldives,"['M', 'AO', 'L', 'D', 'AY', 'V', 'Z']","['mal', 'dives']","['m', 'ald', 'ives']",0.375,2.24e-06,"[26, 4, 25, 18, 6, 35, 38, 0]"
familiar,"['F', 'AH', 'M', 'IH', 'L', 'Y', 'ER']","['fa', 'mil', 'i', 'ar']",['familiar'],0.375,4.07e-05,"[20, 3, 26, 10, 25, 37, 8, 0]"
behavior,"['B', 'IH', 'HH', 'EY', 'V', 'Y', 'ER']","['be', 'ha', 'vi', 'or']",['behavior'],0.375,4.9e-05,"[16, 10, 22, 9, 35, 37, 8, 0]"
indicate,"['IH', 'N', 'D', 'AH', 'K', 'EY', 'T']","['in', 'dic', 'ate']","['ind', 'icate']",0.375,2.24e-05,"[10, 27, 18, 3, 24, 9, 33, 0]"
relating,"['R', 'IH', 'L', 'EY', 'T', 'IH', 'NG']","['re', 'lat', 'ing']","['rel', 'ating']",0.375,1.62e-05,"[30, 10, 25, 9, 33, 10, 28, 0]"
savannah,"['S', 'AH', 'V', 'AE', 'N', 'AH']","['sa', 'van', 'nah']","['sav', 'annah']",0.375,4.17e-06,"[31, 3, 35, 2, 27, 3, 0, 0]"
pavilion,"['P', 'AH', 'V', 'IH', 'L', 'Y', 'AH', 'N']","['pa', 'vil', 'ion']","['p', 'avilion']",0.375,4.17e-06,"[29, 3, 35, 10, 25, 37, 3, 27]"
vibrator,"['V', 'AY', 'B', 'R', 'EY', 'T', 'ER']","['vi', 'brat', 'or']","['vibr', 'ator']",0.375,1.29e-06,"[35, 6, 16, 30, 9, 33, 8, 0]"
tanzania,"['T', 'AE', 'N', 'Z', 'EY', 'N', 'IY', 'AH']","['tan', 'zania']","['t', 'anz', 'ania']",0.375,3.72e-06,"[33, 2, 27, 38, 9, 27, 11, 3]"
operator,"['AA', 'P', 'ER', 'EY', 'T', 'ER']","['op', 'er', 'at', 'or']",['operator'],0.375,2.09e-05,"[1, 29, 8, 9, 33, 8, 0, 0]"
victoria,"['V', 'IH', 'K', 'T', 'AO', 'R', 'IY', 'AH']","['vic', 'tor', 'ia']","['vict', 'oria']",0.375,2.75e-05,"[35, 10, 24, 33, 4, 30, 11, 3]"
notified,"['N', 'OW', 'T', 'AH', 'F', 'AY', 'D']","['no', 'ti', 'fied']","['not', 'ified']",0.375,6.76e-06,"[27, 12, 33, 3, 20, 6, 18, 0]"
dramatic,"['D', 'R', 'AH', 'M', 'AE', 'T', 'IH', 'K']","['dra', 'mat', 'ic']","['d', 'ramatic']",0.375,2.57e-05,"[18, 30, 3, 26, 2, 33, 10, 24]"
delivers,"['D', 'IH', 'L', 'IH', 'V', 'ER', 'Z']","['de', 'liv', 'ers']","['del', 'ivers']",0.375,7.24e-06,"[18, 10, 25, 10, 35, 8, 38, 0]"
annually,"['AE', 'N', 'Y', 'UW', 'AH', 'L', 'IY']","['an', 'nu', 'ally']","['ann', 'ually']",0.375,1.45e-05,"[2, 27, 37, 15, 3, 25, 11, 0]"
musician,"['M', 'Y', 'UW', 'Z', 'IH', 'SH', 'AH', 'N']","['mu', 'si', 'cian']","['mus', 'ician']",0.375,1.02e-05,"[26, 37, 15, 38, 10, 32, 3, 27]"
advocate,"['AE', 'D', 'V', 'AH', 'K', 'AH', 'T']","['ad', 'voc', 'ate']","['adv', 'ocate']",0.375,1.62e-05,"[2, 18, 35, 3, 24, 3, 33, 0]"
trinidad,"['T', 'R', 'IH', 'N', 'IH', 'D', 'AE', 'D']","['trin', 'id', 'ad']","['tr', 'inidad']",0.375,4.47e-06,"[33, 30, 10, 27, 10, 18, 2, 18]"
mcdonald,"['M', 'AH', 'K', 'D', 'AA', 'N', 'AH', 'L', 'D']","['mc', 'don', 'ald']","['m', 'cd', 'on', 'ald']",0.375,5.89e-06,"[26, 3, 24, 18, 1, 27, 3, 25]"
genetics,"['JH', 'AH', 'N', 'EH', 'T', 'IH', 'K', 'S']","['ge', 'net', 'ics']","['gen', 'etics']",0.375,6.92e-06,"[23, 3, 27, 7, 33, 10, 24, 31]"
material,"['M', 'AH', 'T', 'IH', 'R', 'IY', 'AH', 'L']","['ma', 'ter', 'i', 'al']",['material'],0.375,8.91e-05,"[26, 3, 33, 10, 30, 11, 3, 25]"
champion,"['CH', 'AE', 'M', 'P', 'IY', 'AH', 'N']","['cham', 'pi', 'on']","['champ', 'ion']",0.375,4.17e-05,"[17, 2, 26, 29, 11, 3, 27, 0]"
bachelor,"['B', 'AE', 'CH', 'AH', 'L', 'ER']","['bach', 'el', 'or']","['b', 'achelor']",0.375,9.33e-06,"[16, 2, 17, 3, 25, 8, 0, 0]"
tomatoes,"['T', 'AH', 'M', 'EY', 'T', 'OW', 'Z']","['to', 'ma', 'toes']","['tom', 'atoes']",0.375,7.94e-06,"[33, 3, 26, 9, 33, 12, 38, 0]"
reminder,"['R', 'IY', 'M', 'AY', 'N', 'D', 'ER']","['re', 'mind', 'er']","['rem', 'inder']",0.375,1.32e-05,"[30, 11, 26, 6, 27, 18, 8, 0]"
nitrogen,"['N', 'AY', 'T', 'R', 'AH', 'JH', 'AH', 'N']","['ni', 'tro', 'gen']","['nit', 'rogen']",0.375,5.75e-06,"[27, 6, 33, 30, 3, 23, 3, 27]"
carnival,"['K', 'AA', 'R', 'N', 'AH', 'V', 'AH', 'L']","['car', 'ni', 'val']","['carn', 'ival']",0.375,7.24e-06,"[24, 1, 30, 27, 3, 35, 3, 25]"
develops,"['D', 'IH', 'V', 'EH', 'L', 'AH', 'P', 'S']","['de', 'vel', 'ops']","['develop', 's']",0.375,7.76e-06,"[18, 10, 35, 7, 25, 3, 29, 31]"
mongolia,"['M', 'AA', 'NG', 'G', 'OW', 'L', 'IY', 'AH']","['mon', 'go', 'lia']","['mong', 'olia']",0.375,2.19e-06,"[26, 1, 28, 21, 12, 25, 11, 3]"
williams,"['W', 'IH', 'L', 'Y', 'AH', 'M', 'Z']","['wil', 'li', 'ams']","['will', 'iams']",0.375,4.68e-05,"[36, 10, 25, 37, 3, 26, 38, 0]"
canadian,"['K', 'AH', 'N', 'EY', 'D', 'IY', 'AH', 'N']","['ca', 'na', 'dian']","['can', 'adian']",0.375,5.01e-05,"[24, 3, 27, 9, 18, 11, 3, 27]"
humidity,"['HH', 'Y', 'UW', 'M', 'IH', 'D', 'AH', 'T', 'IY']","['hu', 'mid', 'ity']","['hum', 'idity']",0.375,6.76e-06,"[22, 37, 15, 26, 10, 18, 3, 33]"
harrison,"['HH', 'EH', 'R', 'IH', 'S', 'AH', 'N']","['har', 'ris', 'on']","['h', 'arrison']",0.375,1.2e-05,"[22, 7, 30, 10, 31, 3, 27, 0]"
annoying,"['AH', 'N', 'OY', 'IH', 'NG']","['an', 'noy', 'ing']","['ann', 'oying']",0.375,2.51e-05,"[3, 27, 13, 10, 28, 0, 0, 0]"
apparent,"['AH', 'P', 'EH', 'R', 'AH', 'N', 'T']","['ap', 'par', 'ent']","['app', 'arent']",0.375,2.09e-05,"[3, 29, 7, 30, 3, 27, 33, 0]"
imperial,"['IH', 'M', 'P', 'IH', 'R', 'IY', 'AH', 'L']","['im', 'per', 'i', 'al']",['imperial'],0.375,1.62e-05,"[10, 26, 29, 10, 30, 11, 3, 25]"
attorney,"['AH', 'T', 'ER', 'N', 'IY']","['at', 'tor', 'ney']","['att', 'orney']",0.375,4.9e-05,"[3, 33, 8, 27, 11, 0, 0, 0]"
relative,"['R', 'EH', 'L', 'AH', 'T', 'IH', 'V']","['re', 'l', 'at', 'ive']",['relative'],0.375,3.02e-05,"[30, 7, 25, 3, 33, 10, 35, 0]"
magnificent,"['M', 'AE', 'G', 'N', 'IH', 'F', 'AH', 'S', 'AH', 'N', 'T']","['mag', 'ni', 'fi', 'cent']","['magn', 'ificent']",0.36363636363636365,1.1e-05,"[26, 2, 21, 27, 10, 20, 3, 31]"
circulation,"['S', 'ER', 'K', 'Y', 'AH', 'L', 'EY', 'SH', 'AH', 'N']","['cir', 'cu', 'la', 'tion']","['circ', 'ulation']",0.36363636363636365,9.12e-06,"[31, 8, 24, 37, 3, 25, 9, 32]"
legislative,"['L', 'EH', 'JH', 'AH', 'S', 'L', 'EY', 'T', 'IH', 'V']","['le', 'gis', 'lat', 'ive']","['legisl', 'ative']",0.36363636363636365,2.09e-05,"[25, 7, 23, 3, 31, 25, 9, 33]"
eligibility,"['EH', 'L', 'IH', 'JH', 'AH', 'B', 'IH', 'L', 'IH', 'T', 'IY']","['eli', 'gib', 'il', 'ity']","['elig', 'ibility']",0.36363636363636365,5.62e-06,"[7, 25, 10, 23, 3, 16, 10, 25]"
refurbished,"['R', 'IY', 'F', 'ER', 'B', 'IH', 'SH', 'T']","['re', 'fur', 'bished']","['ref', 'urb', 'ished']",0.36363636363636365,2.45e-06,"[30, 11, 20, 8, 16, 10, 32, 33]"
examination,"['IH', 'G', 'Z', 'AE', 'M', 'AH', 'N', 'EY', 'SH', 'AH', 'N']","['ex', 'am', 'in', 'a', 'tion']",['examination'],0.36363636363636365,1.82e-05,"[10, 21, 38, 2, 26, 3, 27, 9]"
promotional,"['P', 'R', 'AH', 'M', 'OW', 'SH', 'AH', 'N', 'AH', 'L']","['pro', 'mo', 'tion', 'al']","['prom', 'otional']",0.36363636363636365,7.41e-06,"[29, 30, 3, 26, 12, 32, 3, 27]"
equilibrium,"['IY', 'K', 'W', 'AH', 'L', 'IH', 'B', 'R', 'IY', 'AH', 'M']","['equi', 'lib', 'ri', 'um']","['equ', 'ilibrium']",0.36363636363636365,3.98e-06,"[11, 24, 36, 3, 25, 10, 16, 30]"
cholesterol,"['K', 'AH', 'L', 'EH', 'S', 'T', 'ER', 'AO', 'L']","['cho', 'les', 'ter', 'ol']","['ch', 'olesterol']",0.36363636363636365,5.25e-06,"[24, 3, 25, 7, 31, 33, 8, 4]"
initiatives,"['IH', 'N', 'IH', 'SH', 'AH', 'T', 'IH', 'V', 'Z']","['ini', 'ti', 'at', 'ives']","['init', 'iatives']",0.36363636363636365,1.05e-05,"[10, 27, 10, 32, 3, 33, 10, 35]"
celebration,"['S', 'EH', 'L', 'AH', 'B', 'R', 'EY', 'SH', 'AH', 'N']","['cel', 'eb', 'ra', 'tion']","['celebr', 'ation']",0.36363636363636365,1.95e-05,"[31, 7, 25, 3, 16, 30, 9, 32]"
restoration,"['R', 'EH', 'S', 'T', 'ER', 'EY', 'SH', 'AH', 'N']","['res', 'tor', 'a', 'tion']","['rest', 'oration']",0.36363636363636365,1.29e-05,"[30, 7, 31, 33, 8, 9, 32, 3]"
operational,"['AA', 'P', 'ER', 'EY', 'SH', 'AH', 'N', 'AH', 'L']","['op', 'er', 'a', 'tion', 'al']",['operational'],0.36363636363636365,1.62e-05,"[1, 29, 8, 9, 32, 3, 27, 3]"
televisions,"['T', 'EH', 'L', 'AH', 'V', 'IH', 'ZH', 'AH', 'N', 'Z']","['tele', 'vi', 'sions']","['te', 'lev', 'isions']",0.36363636363636365,1.2e-06,"[33, 7, 25, 3, 35, 10, 39, 3]"
calculation,"['K', 'AE', 'L', 'K', 'Y', 'AH', 'L', 'EY', 'SH', 'AH', 'N']","['cal', 'cu', 'la', 'tion']","['calc', 'ulation']",0.36363636363636365,5.75e-06,"[24, 2, 25, 24, 37, 3, 25, 9]"
calculators,"['K', 'AE', 'L', 'K', 'Y', 'AH', 'L', 'EY', 'T', 'ER', 'Z']","['cal', 'cu', 'lat', 'ors']","['calcul', 'ators']",0.36363636363636365,9.55e-07,"[24, 2, 25, 24, 37, 3, 25, 9]"
distributor,"['D', 'IH', 'S', 'T', 'R', 'IH', 'B', 'Y', 'AH', 'T', 'ER']","['dis', 'trib', 'ut', 'or']","['d', 'istributor']",0.36363636363636365,4.57e-06,"[18, 10, 31, 33, 30, 10, 16, 37]"
uncertainty,"['AH', 'N', 'S', 'ER', 'T', 'AH', 'N', 'T', 'IY']","['un', 'cer', 'tainty']","['unc', 'ertain', 'ty']",0.36363636363636365,1.07e-05,"[3, 27, 31, 8, 33, 3, 27, 33]"
respiratory,"['R', 'EH', 'S', 'P', 'ER', 'AH', 'T', 'AO', 'R', 'IY']","['res', 'pir', 'at', 'ory']","['resp', 'iratory']",0.36363636363636365,6.46e-06,"[30, 7, 31, 29, 8, 3, 33, 4]"
integrating,"['IH', 'N', 'T', 'AH', 'G', 'R', 'EY', 'T', 'IH', 'NG']","['in', 'teg', 'rat', 'ing']","['integr', 'ating']",0.36363636363636365,3.31e-06,"[10, 27, 33, 3, 21, 30, 9, 33]"
designation,"['D', 'EH', 'Z', 'AH', 'G', 'N', 'EY', 'SH', 'AH', 'N']","['des', 'ig', 'na', 'tion']","['design', 'ation']",0.36363636363636365,5.75e-06,"[18, 7, 38, 3, 21, 27, 9, 32]"
expenditure,"['IH', 'K', 'S', 'P', 'EH', 'N', 'D', 'AH', 'CH', 'ER']","['ex', 'pendit', 'ure']","['exp', 'end', 'iture']",0.36363636363636365,5.5e-06,"[10, 24, 31, 29, 7, 27, 18, 3]"
invitations,"['IH', 'N', 'V', 'IH', 'T', 'EY', 'SH', 'AH', 'N', 'Z']","['in', 'vit', 'a', 'tions']","['inv', 'itations']",0.36363636363636365,2.57e-06,"[10, 27, 35, 10, 33, 9, 32, 3]"
nutritional,"['N', 'UW', 'T', 'R', 'IH', 'SH', 'AH', 'N', 'AH', 'L']","['nu', 'tri', 'tion', 'al']","['nut', 'ritional']",0.36363636363636365,4.37e-06,"[27, 15, 33, 30, 10, 32, 3, 27]"
imagination,"['IH', 'M', 'AE', 'JH', 'AH', 'N', 'EY', 'SH', 'AH', 'N']","['ima', 'gin', 'a', 'tion']","['imag', 'ination']",0.36363636363636365,1.66e-05,"[10, 26, 2, 23, 3, 27, 9, 32]"
syndication,"['S', 'IH', 'N', 'D', 'IH', 'K', 'EY', 'SH', 'AH', 'N']","['syn', 'dic', 'a', 'tion']","['synd', 'ication']",0.36363636363636365,6.31e-07,"[31, 10, 27, 18, 10, 24, 9, 32]"
legislation,"['L', 'EH', 'JH', 'AH', 'S', 'L', 'EY', 'SH', 'AH', 'N']","['le', 'gis', 'la', 'tion']","['legisl', 'ation']",0.36363636363636365,3.55e-05,"[25, 7, 23, 3, 31, 25, 9, 32]"
philippines,"['F', 'IH', 'L', 'AH', 'P', 'IY', 'N', 'Z']","['phil', 'ip', 'pines']","['ph', 'ilipp', 'ines']",0.36363636363636365,1.95e-05,"[20, 10, 25, 3, 29, 11, 27, 38]"
tournaments,"['T', 'ER', 'N', 'AH', 'M', 'AH', 'N', 'T', 'S']","['tour', 'na', 'ments']","['t', 'ourn', 'aments']",0.36363636363636365,6.92e-06,"[33, 8, 27, 3, 26, 3, 27, 33]"
connecticut,"['K', 'AH', 'N', 'EH', 'T', 'AH', 'K', 'AH', 'T']","['con', 'necti', 'c', 'ut']","['connect', 'icut']",0.36363636363636365,1.29e-05,"[24, 3, 27, 7, 33, 3, 24, 3]"
manufacture,"['M', 'AE', 'N', 'Y', 'AH', 'F', 'AE', 'K', 'CH', 'ER']","['man', 'u', 'fac', 'ture']","['manufact', 'ure']",0.36363636363636365,9.55e-06,"[26, 2, 27, 37, 3, 20, 2, 24]"
negotiation,"['N', 'IH', 'G', 'OW', 'SH', 'IY', 'EY', 'SH', 'AH', 'N']","['ne', 'go', 'ti', 'ation']","['negot', 'iation']",0.36363636363636365,6.03e-06,"[27, 10, 21, 12, 32, 11, 9, 32]"
affiliation,"['AH', 'F', 'IH', 'L', 'IY', 'EY', 'SH', 'AH', 'N']","['af', 'fil', 'i', 'ation']","['aff', 'iliation']",0.36363636363636365,4.27e-06,"[3, 20, 10, 25, 11, 9, 32, 3]"
possibility,"['P', 'AA', 'S', 'AH', 'B', 'IH', 'L', 'AH', 'T', 'IY']","['pos', 'sib', 'il', 'ity']","['poss', 'ibility']",0.36363636363636365,3.8e-05,"[29, 1, 31, 3, 16, 10, 25, 3]"
spectacular,"['S', 'P', 'EH', 'K', 'T', 'AE', 'K', 'Y', 'AH', 'L', 'ER']","['spec', 'tac', 'u', 'lar']","['spect', 'acular']",0.36363636363636365,1.15e-05,"[31, 29, 7, 24, 33, 2, 24, 37]"
fascinating,"['F', 'AE', 'S', 'AH', 'N', 'EY', 'T', 'IH', 'NG']","['fas', 'cin', 'at', 'ing']","['fasc', 'inating']",0.36363636363636365,1.35e-05,"[20, 2, 31, 3, 27, 9, 33, 10]"
administrators,"['AE', 'D', 'M', 'IH', 'N', 'IH', 'S', 'T', 'R', 'EY', 'T', 'ER', 'Z']","['ad', 'min', 'is', 'trat', 'ors']","['administr', 'ators']",0.35714285714285715,7.08e-06,"[2, 18, 26, 10, 27, 10, 31, 33]"
pharmaceutical,"['F', 'AA', 'R', 'M', 'AH', 'S', 'UW', 'T', 'IH', 'K', 'AH', 'L']","['phar', 'ma', 'ceut', 'ic', 'al']","['ph', 'armaceutical']",0.35714285714285715,7.94e-06,"[20, 1, 30, 26, 3, 31, 15, 33]"
sustainability,"['S', 'AH', 'S', 'T', 'EY', 'N', 'AH', 'B', 'IH', 'L', 'IH', 'T', 'IY']","['sus', 'tain', 'ab', 'il', 'ity']","['s', 'ustainability']",0.35714285714285715,5.89e-06,"[31, 3, 31, 33, 9, 27, 3, 16]"
cardiovascular,"['K', 'AA', 'R', 'D', 'IY', 'OW', 'V', 'AE', 'S', 'K', 'Y', 'AH', 'L', 'ER']","['car', 'di', 'ovas', 'cu', 'lar']","['card', 'iovascular']",0.35714285714285715,4.79e-06,"[24, 1, 30, 18, 11, 12, 35, 2]"
sewing,"['S', 'OW', 'IH', 'NG']","['sew', 'ing']","['se', 'wing']",0.3333333333333333,4.9e-06,"[31, 12, 10, 28, 0, 0, 0, 0]"
munich,"['M', 'Y', 'UW', 'N', 'IH', 'K']","['mu', 'nich']","['mun', 'ich']",0.3333333333333333,8.91e-06,"[26, 37, 15, 27, 10, 24, 0, 0]"
zoning,"['Z', 'OW', 'N', 'IH', 'NG']","['zon', 'ing']","['z', 'oning']",0.3333333333333333,3.31e-06,"[38, 12, 27, 10, 28, 0, 0, 0]"
desire,"['D', 'IH', 'Z', 'AY', 'ER']","['de', 'sire']","['des', 'ire']",0.3333333333333333,4.07e-05,"[18, 10, 38, 6, 8, 0, 0, 0]"
villas,"['V', 'IH', 'L', 'AH', 'Z']","['vil', 'las']","['v', 'illas']",0.3333333333333333,2.75e-06,"[35, 10, 25, 3, 38, 0, 0, 0]"
diesel,"['D', 'IY', 'S', 'AH', 'L']","['dies', 'el']","['d', 'iesel']",0.3333333333333333,1.12e-05,"[18, 11, 31, 3, 25, 0, 0, 0]"
destinations,"['D', 'EH', 'S', 'T', 'AH', 'N', 'EY', 'SH', 'AH', 'N', 'Z']","['des', 'tin', 'a', 'tions']","['dest', 'inations']",0.3333333333333333,6.76e-06,"[18, 7, 31, 33, 3, 27, 9, 32]"
harris,"['HH', 'EH', 'R', 'IH', 'S']","['har', 'ris']","['h', 'arris']",0.3333333333333333,2.75e-05,"[22, 7, 30, 10, 31, 0, 0, 0]"
arthur,"['AA', 'R', 'TH', 'ER']","['ar', 'thur']","['arth', 'ur']",0.3333333333333333,2.57e-05,"[1, 30, 34, 8, 0, 0, 0, 0]"
astrology,"['AH', 'S', 'T', 'R', 'AA', 'L', 'AH', 'JH', 'IY']","['as', 'tro', 'logy']","['ast', 'rology']",0.3333333333333333,2.4e-06,"[3, 31, 33, 30, 1, 25, 3, 23]"
incidence,"['IH', 'N', 'S', 'AH', 'D', 'AH', 'N', 'S']","['in', 'cid', 'ence']","['inc', 'idence']",0.3333333333333333,4.37e-06,"[10, 27, 31, 3, 18, 3, 27, 31]"
induction,"['IH', 'N', 'D', 'AH', 'K', 'SH', 'AH', 'N']","['in', 'duc', 'tion']","['ind', 'uction']",0.3333333333333333,5.13e-06,"[10, 27, 18, 3, 24, 32, 3, 27]"
animation,"['AE', 'N', 'AH', 'M', 'EY', 'SH', 'AH', 'N']","['an', 'im', 'a', 'tion']",['animation'],0.3333333333333333,1.51e-05,"[2, 27, 3, 26, 9, 32, 3, 27]"
duties,"['D', 'UW', 'T', 'IY', 'Z']","['du', 'ties']","['d', 'uties']",0.3333333333333333,2.09e-05,"[18, 15, 33, 11, 38, 0, 0, 0]"
prayer,"['P', 'R', 'EH', 'R']","['pray', 'er']","['pr', 'ayer']",0.3333333333333333,2.63e-05,"[29, 30, 7, 30, 0, 0, 0, 0]"
argentina,"['AA', 'R', 'JH', 'AH', 'N', 'T', 'IY', 'N', 'AH']","['ar', 'gen', 'tina']","['argent', 'ina']",0.3333333333333333,1.66e-05,"[1, 30, 23, 3, 27, 33, 11, 27]"
pillow,"['P', 'IH', 'L', 'OW']","['pil', 'low']","['pill', 'ow']",0.3333333333333333,9.12e-06,"[29, 10, 25, 12, 0, 0, 0, 0]"
specifics,"['S', 'P', 'IH', 'S', 'IH', 'F', 'IH', 'K', 'S']","['spe', 'cif', 'ics']","['specific', 's']",0.3333333333333333,3.31e-06,"[31, 29, 10, 31, 10, 20, 10, 24]"
luther,"['L', 'UW', 'TH', 'ER']","['luth', 'er']","['l', 'uther']",0.3333333333333333,7.59e-06,"[25, 15, 34, 8, 0, 0, 0, 0]"
scenic,"['S', 'IY', 'N', 'IH', 'K']","['scen', 'ic']","['sc', 'enic']",0.3333333333333333,4.68e-06,"[31, 11, 27, 10, 24, 0, 0, 0]"
competing,"['K', 'AH', 'M', 'P', 'IY', 'T', 'IH', 'NG']","['com', 'pet', 'ing']","['comp', 'eting']",0.3333333333333333,1.66e-05,"[24, 3, 26, 29, 11, 33, 10, 28]"
optimization,"['AA', 'P', 'T', 'AH', 'M', 'AH', 'Z', 'EY', 'SH', 'AH', 'N']","['op', 'tim', 'iz', 'a', 'tion']",['optimization'],0.3333333333333333,4.57e-06,"[1, 29, 33, 3, 26, 3, 38, 9]"
regularly,"['R', 'EH', 'G', 'Y', 'AH', 'L', 'ER', 'L', 'IY']","['reg', 'u', 'larly']","['regular', 'ly']",0.3333333333333333,3.31e-05,"[30, 7, 21, 37, 3, 25, 8, 25]"
novels,"['N', 'AA', 'V', 'AH', 'L', 'Z']","['nov', 'els']","['novel', 's']",0.3333333333333333,1.26e-05,"[27, 1, 35, 3, 25, 38, 0, 0]"
sao,"['S', 'AW']",['sao'],"['sa', 'o']",0.3333333333333333,2.34e-06,"[31, 5, 0, 0, 0, 0, 0, 0]"
tradition,"['T', 'R', 'AH', 'D', 'IH', 'SH', 'AH', 'N']","['tra', 'di', 'tion']","['trad', 'ition']",0.3333333333333333,3.16e-05,"[33, 30, 3, 18, 10, 32, 3, 27]"
referring,"['R', 'IH', 'F', 'ER', 'IH', 'NG']","['re', 'fer', 'ring']","['ref', 'erring']",0.3333333333333333,2.24e-05,"[30, 10, 20, 8, 10, 28, 0, 0]"
mauritius,"['M', 'AO', 'R', 'IH', 'T', 'IY', 'AH', 'S']","['maur', 'i', 'ti', 'us']","['ma', 'ur', 'itius']",0.3333333333333333,1.62e-06,"[26, 4, 30, 10, 33, 11, 3, 31]"
scenarios,"['S', 'IH', 'N', 'EH', 'R', 'IY', 'OW', 'Z']","['scen', 'ari', 'os']","['sc', 'enarios']",0.3333333333333333,7.59e-06,"[31, 10, 27, 7, 30, 11, 12, 38]"
educators,"['EH', 'JH', 'AH', 'K', 'EY', 'T', 'ER', 'Z']","['edu', 'cat', 'ors']","['educ', 'ators']",0.3333333333333333,6.61e-06,"[7, 23, 3, 24, 9, 33, 8, 38]"
executive,"['IH', 'G', 'Z', 'EH', 'K', 'Y', 'AH', 'T', 'IH', 'V']","['ex', 'ec', 'ut', 'ive']",['executive'],0.3333333333333333,7.41e-05,"[10, 21, 38, 7, 24, 37, 3, 33]"
attempted,"['AH', 'T', 'EH', 'M', 'P', 'T', 'AH', 'D']","['at', 'temp', 'ted']","['attempt', 'ed']",0.3333333333333333,2.63e-05,"[3, 33, 7, 26, 29, 33, 3, 18]"
arctic,"['AA', 'R', 'K', 'T', 'IH', 'K']","['arc', 'tic']","['ar', 'ctic']",0.3333333333333333,1.07e-05,"[1, 30, 24, 33, 10, 24, 0, 0]"
latter,"['L', 'AE', 'T', 'ER']","['lat', 'ter']","['l', 'atter']",0.3333333333333333,3.63e-05,"[25, 2, 33, 8, 0, 0, 0, 0]"
sri,"['SH', 'R', 'IY']",['sri'],"['s', 'ri']",0.3333333333333333,1.32e-05,"[32, 30, 11, 0, 0, 0, 0, 0]"
logistics,"['L', 'AH', 'JH', 'IH', 'S', 'T', 'IH', 'K', 'S']","['lo', 'gist', 'ics']","['log', 'istics']",0.3333333333333333,7.24e-06,"[25, 3, 23, 10, 31, 33, 10, 24]"
engineers,"['EH', 'N', 'JH', 'AH', 'N', 'IH', 'R', 'Z']","['en', 'gin', 'eers']","['engine', 'ers']",0.3333333333333333,2.57e-05,"[7, 27, 23, 3, 27, 10, 30, 38]"
publicity,"['P', 'AH', 'B', 'L', 'IH', 'S', 'AH', 'T', 'IY']","['pub', 'li', 'city']","['public', 'ity']",0.3333333333333333,1e-05,"[29, 3, 16, 25, 10, 31, 3, 33]"
casual,"['K', 'AE', 'ZH', 'AH', 'W', 'AH', 'L']","['cas', 'u', 'al']",['casual'],0.3333333333333333,1.7e-05,"[24, 2, 39, 3, 36, 3, 25, 0]"
calculations,"['K', 'AE', 'L', 'K', 'Y', 'AH', 'L', 'EY', 'SH', 'AH', 'N', 'Z']","['cal', 'cu', 'la', 'tions']","['calcul', 'ations']",0.3333333333333333,7.41e-06,"[24, 2, 25, 24, 37, 3, 25, 9]"
hungarian,"['HH', 'AH', 'NG', 'G', 'EH', 'R', 'IY', 'AH', 'N']","['hun', 'gari', 'an']","['hung', 'arian']",0.3333333333333333,6.17e-06,"[22, 3, 28, 21, 7, 30, 11, 3]"
allied,"['AH', 'L', 'AY', 'D']","['al', 'lied']","['all', 'ied']",0.3333333333333333,1.17e-05,"[3, 25, 6, 18, 0, 0, 0, 0]"
pupils,"['P', 'Y', 'UW', 'P', 'AH', 'L', 'Z']","['pu', 'pils']","['pup', 'ils']",0.3333333333333333,1.51e-05,"[29, 37, 15, 29, 3, 25, 38, 0]"
yea,"['Y', 'EY']",['yea'],"['ye', 'a']",0.3333333333333333,1.82e-05,"[37, 9, 0, 0, 0, 0, 0, 0]"
harper,"['HH', 'AA', 'R', 'P', 'ER']","['harp', 'er']","['har', 'per']",0.3333333333333333,1.1e-05,"[22, 1, 30, 29, 8, 0, 0, 0]"
marion,"['M', 'EH', 'R', 'IY', 'AH', 'N']","['mari', 'on']","['mar', 'ion']",0.3333333333333333,6.31e-06,"[26, 7, 30, 11, 3, 27, 0, 0]"
albany,"['AO', 'L', 'B', 'AH', 'N', 'IY']","['al', 'bany']","['alb', 'any']",0.3333333333333333,6.46e-06,"[4, 25, 16, 3, 27, 11, 0, 0]"
recycling,"['R', 'IY', 'S', 'AY', 'K', 'AH', 'L', 'IH', 'NG']","['re', 'cyc', 'ling']","['recycl', 'ing']",0.3333333333333333,5.75e-06,"[30, 11, 31, 6, 24, 3, 25, 10]"
orgasm,"['AO', 'R', 'G', 'AE', 'Z', 'AH', 'M']","['or', 'gasm']","['org', 'asm']",0.3333333333333333,4.68e-06,"[4, 30, 21, 2, 38, 3, 26, 0]"
tattoo,"['T', 'AE', 'T', 'UW']","['tat', 'too']","['t', 'attoo']",0.3333333333333333,1.38e-05,"[33, 2, 33, 15, 0, 0, 0, 0]"
arcade,"['AA', 'R', 'K', 'EY', 'D']","['ar', 'cade']","['arc', 'ade']",0.3333333333333333,5.37e-06,"[1, 30, 24, 9, 18, 0, 0, 0]"
delicious,"['D', 'IH', 'L', 'IH', 'SH', 'AH', 'S']","['de', 'li', 'cious']","['del', 'icious']",0.3333333333333333,2.19e-05,"[18, 10, 25, 10, 32, 3, 31, 0]"
threesome,"['TH', 'R', 'IY', 'S', 'AH', 'M']","['three', 'some']","['th', 're', 'esome']",0.3333333333333333,2.14e-06,"[34, 30, 11, 31, 3, 26, 0, 0]"
intake,"['IH', 'N', 'T', 'EY', 'K']","['in', 'take']","['int', 'ake']",0.3333333333333333,9.55e-06,"[10, 27, 33, 9, 24, 0, 0, 0]"
exploring,"['IH', 'K', 'S', 'P', 'L', 'AO', 'R', 'IH', 'NG']","['ex', 'plor', 'ing']","['expl', 'oring']",0.3333333333333333,1.15e-05,"[10, 24, 31, 29, 25, 4, 30, 10]"
incidents,"['IH', 'N', 'S', 'AH', 'D', 'AH', 'N', 'T', 'S']","['in', 'cid', 'ents']","['inc', 'idents']",0.3333333333333333,1.41e-05,"[10, 27, 31, 3, 18, 3, 27, 33]"
compaq,"['K', 'AA', 'M', 'P', 'AE', 'K']","['com', 'paq']","['comp', 'aq']",0.3333333333333333,5.5e-07,"[24, 1, 26, 29, 2, 24, 0, 0]"
batteries,"['B', 'AE', 'T', 'ER', 'IY', 'Z']","['bat', 'ter', 'ies']","['b', 'atteries']",0.3333333333333333,1.15e-05,"[16, 2, 33, 8, 11, 38, 0, 0]"
appeal,"['AH', 'P', 'IY', 'L']","['ap', 'peal']","['appe', 'al']",0.3333333333333333,4.68e-05,"[3, 29, 11, 25, 0, 0, 0, 0]"
adidas,"['AH', 'D', 'IY', 'D', 'AH', 'S']","['adi', 'das']","['ad', 'idas']",0.3333333333333333,3.72e-06,"[3, 18, 11, 18, 3, 31, 0, 0]"
intermediate,"['IH', 'N', 'T', 'ER', 'M', 'IY', 'D', 'IY', 'IH', 'T']","['in', 'ter', 'me', 'di', 'ate']",['intermediate'],0.3333333333333333,1.1e-05,"[10, 27, 33, 8, 26, 11, 18, 11]"
tue,"['T', 'UW']",['tue'],"['t', 'ue']",0.3333333333333333,1.74e-06,"[33, 15, 0, 0, 0, 0, 0, 0]"
deluxe,"['D', 'AH', 'L', 'AH', 'K', 'S']","['de', 'luxe']","['del', 'uxe']",0.3333333333333333,5.25e-06,"[18, 3, 25, 3, 24, 31, 0, 0]"
amanda,"['AH', 'M', 'AE', 'N', 'D', 'AH']","['aman', 'da']","['am', 'anda']",0.3333333333333333,1e-05,"[3, 26, 2, 27, 18, 3, 0, 0]"
indonesia,"['IH', 'N', 'D', 'OW', 'N', 'IY', 'ZH', 'AH']","['in', 'done', 'sia']","['ind', 'onesia']",0.3333333333333333,1.78e-05,"[10, 27, 18, 12, 27, 11, 39, 3]"
ruling,"['R', 'UW', 'L', 'IH', 'NG']","['rul', 'ing']","['r', 'uling']",0.3333333333333333,1.95e-05,"[30, 15, 25, 10, 28, 0, 0, 0]"
registrar,"['R', 'EH', 'JH', 'IH', 'S', 'T', 'R', 'AA', 'R']","['re', 'gis', 'trar']","['registr', 'ar']",0.3333333333333333,2.34e-06,"[30, 7, 23, 10, 31, 33, 30, 1]"
mechanics,"['M', 'AH', 'K', 'AE', 'N', 'IH', 'K', 'S']","['mech', 'an', 'ics']","['me', 'chanics']",0.3333333333333333,1.35e-05,"[26, 3, 24, 2, 27, 10, 24, 31]"
tucson,"['T', 'UW', 'S', 'AA', 'N']","['tuc', 'son']","['t', 'ucson']",0.3333333333333333,3.47e-06,"[33, 15, 31, 1, 27, 0, 0, 0]"
numerical,"['N', 'UW', 'M', 'EH', 'R', 'AH', 'K', 'AH', 'L']","['nu', 'mer', 'ic', 'al']",['numerical'],0.3333333333333333,4.47e-06,"[27, 15, 26, 7, 30, 3, 24, 3]"
animal,"['AE', 'N', 'AH', 'M', 'AH', 'L']","['an', 'im', 'al']",['animal'],0.3333333333333333,6.46e-05,"[2, 27, 3, 26, 3, 25, 0, 0]"
introduce,"['IH', 'N', 'T', 'R', 'AH', 'D', 'UW', 'S']","['in', 'tro', 'duce']","['introdu', 'ce']",0.3333333333333333,2.34e-05,"[10, 27, 33, 30, 3, 18, 15, 31]"
implications,"['IH', 'M', 'P', 'L', 'AH', 'K', 'EY', 'SH', 'AH', 'N', 'Z']","['im', 'plic', 'a', 'tions']","['impl', 'ications']",0.3333333333333333,1.26e-05,"[10, 26, 29, 25, 3, 24, 9, 32]"
valium,"['V', 'EY', 'L', 'IY', 'AH', 'M']","['vali', 'um']","['val', 'ium']",0.3333333333333333,8.91e-07,"[35, 9, 25, 11, 3, 26, 0, 0]"
lancaster,"['L', 'AE', 'N', 'K', 'AE', 'S', 'T', 'ER']","['lan', 'caster']","['l', 'anc', 'aster']",0.3333333333333333,6.03e-06,"[25, 2, 27, 24, 2, 31, 33, 8]"
positions,"['P', 'AH', 'Z', 'IH', 'SH', 'AH', 'N', 'Z']","['po', 's', 'i', 'tions']",['positions'],0.3333333333333333,4.27e-05,"[29, 3, 38, 10, 32, 3, 27, 38]"
duo,"['D', 'UW', 'OW']",['duo'],"['du', 'o']",0.3333333333333333,1.2e-05,"[18, 15, 12, 0, 0, 0, 0, 0]"
dental,"['D', 'EH', 'N', 'T', 'AH', 'L']","['dent', 'al']","['d', 'ental']",0.3333333333333333,1.29e-05,"[18, 7, 27, 33, 3, 25, 0, 0]"
virtue,"['V', 'ER', 'CH', 'UW']","['vir', 'tue']","['virt', 'ue']",0.3333333333333333,8.71e-06,"[35, 8, 17, 15, 0, 0, 0, 0]"
gentleman,"['JH', 'EH', 'N', 'T', 'AH', 'L', 'M', 'AH', 'N']","['gen', 'tle', 'man']","['gent', 'leman']",0.3333333333333333,1.45e-05,"[23, 7, 27, 33, 3, 25, 26, 3]"
mating,"['M', 'EY', 'T', 'IH', 'NG']","['mat', 'ing']","['m', 'ating']",0.3333333333333333,3.16e-06,"[26, 9, 33, 10, 28, 0, 0, 0]"
criticism,"['K', 'R', 'IH', 'T', 'IH', 'S', 'IH', 'Z', 'AH', 'M']","['cri', 'ti', 'cism']","['crit', 'icism']",0.3333333333333333,3.09e-05,"[24, 30, 10, 33, 10, 31, 10, 38]"
editor,"['EH', 'D', 'AH', 'T', 'ER']","['ed', 'it', 'or']",['editor'],0.3333333333333333,4.17e-05,"[7, 18, 3, 33, 8, 0, 0, 0]"
ltd,"['L', 'IH', 'M', 'IH', 'T', 'IH', 'D']",['ltd'],"['l', 'td']",0.3333333333333333,2.95e-05,"[25, 10, 26, 10, 33, 10, 18, 0]"
projected,"['P', 'R', 'AH', 'JH', 'EH', 'K', 'T', 'AH', 'D']","['pro', 'jec', 'ted']","['project', 'ed']",0.3333333333333333,9.77e-06,"[29, 30, 3, 23, 7, 24, 33, 3]"
vernon,"['V', 'ER', 'N', 'AH', 'N']","['ver', 'non']","['vern', 'on']",0.3333333333333333,6.03e-06,"[35, 8, 27, 3, 27, 0, 0, 0]"
testimonials,"['T', 'EH', 'S', 'T', 'AH', 'M', 'OW', 'N', 'IY', 'AH', 'L', 'Z']","['testi', 'mo', 'ni', 'als']","['testim', 'onials']",0.3333333333333333,7.94e-07,"[33, 7, 31, 33, 3, 26, 12, 27]"
motors,"['M', 'OW', 'T', 'ER', 'Z']","['mo', 'tors']","['mot', 'ors']",0.3333333333333333,1.07e-05,"[26, 12, 33, 8, 38, 0, 0, 0]"
significance,"['S', 'AH', 'G', 'N', 'IH', 'F', 'IH', 'K', 'AH', 'N', 'S']","['sig', 'ni', 'fic', 'ance']","['sign', 'ificance']",0.3333333333333333,1.51e-05,"[31, 3, 21, 27, 10, 20, 10, 24]"
operating,"['AA', 'P', 'ER', 'EY', 'T', 'IH', 'NG']","['op', 'er', 'at', 'ing']",['operating'],0.3333333333333333,5.62e-05,"[1, 29, 8, 9, 33, 10, 28, 0]"
superb,"['S', 'UH', 'P', 'ER', 'B']","['su', 'perb']","['super', 'b']",0.3333333333333333,9.12e-06,"[31, 14, 29, 8, 16, 0, 0, 0]"
champions,"['CH', 'AE', 'M', 'P', 'IY', 'AH', 'N', 'Z']","['cham', 'pi', 'ons']","['ch', 'ampions']",0.3333333333333333,3.16e-05,"[17, 2, 26, 29, 11, 3, 27, 38]"
elevation,"['EH', 'L', 'AH', 'V', 'EY', 'SH', 'AH', 'N']","['el', 'ev', 'a', 'tion']",['elevation'],0.3333333333333333,7.94e-06,"[7, 25, 3, 35, 9, 32, 3, 27]"
italic,"['AY', 'T', 'AE', 'L', 'IH', 'K']","['it', 'al', 'ic']",['italic'],0.3333333333333333,5.37e-07,"[6, 33, 2, 25, 10, 24, 0, 0]"
zambia,"['Z', 'AE', 'M', 'B', 'IY', 'AH']","['zam', 'bia']","['z', 'ambia']",0.3333333333333333,2.69e-06,"[38, 2, 26, 16, 11, 3, 0, 0]"
refuse,"['R', 'AH', 'F', 'Y', 'UW', 'Z']","['re', 'fuse']","['ref', 'use']",0.3333333333333333,2.45e-05,"[30, 3, 20, 37, 15, 38, 0, 0]"
hiking,"['HH', 'AY', 'K', 'IH', 'NG']","['hik', 'ing']","['h', 'iking']",0.3333333333333333,7.41e-06,"[22, 6, 24, 10, 28, 0, 0, 0]"
norman,"['N', 'AO', 'R', 'M', 'AH', 'N']","['nor', 'man']","['norm', 'an']",0.3333333333333333,1.38e-05,"[27, 4, 30, 26, 3, 27, 0, 0]"
vacations,"['V', 'EY', 'K', 'EY', 'SH', 'AH', 'N', 'Z']","['va', 'ca', 'tions']","['vac', 'ations']",0.3333333333333333,3.24e-06,"[35, 9, 24, 9, 32, 3, 27, 38]"
dvd,"['D', 'IY', 'V', 'IY', 'D', 'IY']",['dvd'],"['d', 'vd']",0.3333333333333333,1.78e-05,"[18, 11, 35, 11, 18, 11, 0, 0]"
opponents,"['AH', 'P', 'OW', 'N', 'AH', 'N', 'T', 'S']","['op', 'pon', 'ents']","['opp', 'onents']",0.3333333333333333,1.7e-05,"[3, 29, 12, 27, 3, 27, 33, 31]"
condos,"['K', 'AA', 'N', 'D', 'OW', 'Z']","['con', 'dos']","['cond', 'os']",0.3333333333333333,1.32e-06,"[24, 1, 27, 18, 12, 38, 0, 0]"
regime,"['R', 'AH', 'ZH', 'IY', 'M']","['re', 'gime']","['reg', 'ime']",0.3333333333333333,2e-05,"[30, 3, 39, 11, 26, 0, 0, 0]"
differ,"['D', 'IH', 'F', 'ER']","['dif', 'fer']","['d', 'iffer']",0.3333333333333333,1.07e-05,"[18, 10, 20, 8, 0, 0, 0, 0]"
indicator,"['IH', 'N', 'D', 'AH', 'K', 'EY', 'T', 'ER']","['in', 'dic', 'at', 'or']",['indicator'],0.3333333333333333,8.32e-06,"[10, 27, 18, 3, 24, 9, 33, 8]"
combinations,"['K', 'AA', 'M', 'B', 'AH', 'N', 'EY', 'SH', 'AH', 'N', 'Z']","['com', 'bin', 'a', 'tions']","['comb', 'inations']",0.3333333333333333,6.76e-06,"[24, 1, 26, 16, 3, 27, 9, 32]"
favors,"['F', 'EY', 'V', 'ER', 'Z']","['fa', 'vors']","['fav', 'ors']",0.3333333333333333,5.5e-06,"[20, 9, 35, 8, 38, 0, 0, 0]"
motels,"['M', 'OW', 'T', 'EH', 'L', 'Z']","['mo', 'tels']","['mot', 'els']",0.3333333333333333,7.94e-07,"[26, 12, 33, 7, 25, 38, 0, 0]"
alfred,"['AE', 'L', 'F', 'R', 'AH', 'D']","['al', 'fred']","['alf', 'red']",0.3333333333333333,9.77e-06,"[2, 25, 20, 30, 3, 18, 0, 0]"
maternity,"['M', 'AH', 'T', 'ER', 'N', 'IH', 'T', 'IY']","['ma', 'ter', 'nity']","['m', 'aternity']",0.3333333333333333,4.57e-06,"[26, 3, 33, 8, 27, 10, 33, 11]"
subsidiaries,"['S', 'AH', 'B', 'S', 'IH', 'D', 'IY', 'EH', 'R', 'IY', 'Z']","['sub', 'si', 'di', 'ar', 'ies']","['subs', 'idi', 'aries']",0.3333333333333333,3.8e-06,"[31, 3, 16, 31, 10, 18, 11, 7]"
immediate,"['IH', 'M', 'IY', 'D', 'IY', 'AH', 'T']","['im', 'me', 'di', 'ate']",['immediate'],0.3333333333333333,3.31e-05,"[10, 26, 11, 18, 11, 3, 33, 0]"
zoloft,"['Z', 'AA', 'L', 'AA', 'F', 'T']","['zo', 'loft']","['z', 'oloft']",0.3333333333333333,3.39e-07,"[38, 1, 25, 1, 20, 33, 0, 0]"
viking,"['V', 'AY', 'K', 'IH', 'NG']","['vik', 'ing']","['v', 'iking']",0.3333333333333333,3.98e-06,"[35, 6, 24, 10, 28, 0, 0, 0]"
robbie,"['R', 'AA', 'B', 'IY']","['rob', 'bie']","['ro', 'bbie']",0.3333333333333333,6.92e-06,"[30, 1, 16, 11, 0, 0, 0, 0]"
varieties,"['V', 'ER', 'AY', 'AH', 'T', 'IY', 'Z']","['vari', 'et', 'ies']","['var', 'ieties']",0.3333333333333333,8.91e-06,"[35, 8, 6, 3, 33, 11, 38, 0]"
swaziland,"['S', 'W', 'AA', 'Z', 'IH', 'L', 'AH', 'N', 'D']","['swazi', 'l', 'and']","['sw', 'aziland']",0.3333333333333333,6.61e-07,"[31, 36, 1, 38, 10, 25, 3, 27]"
notify,"['N', 'OW', 'T', 'AH', 'F', 'AY']","['no', 'ti', 'fy']",['notify'],0.3333333333333333,5.37e-06,"[27, 12, 33, 3, 20, 6, 0, 0]"
recorders,"['R', 'IH', 'K', 'AO', 'R', 'D', 'ER', 'Z']","['re', 'cord', 'ers']","['rec', 'orders']",0.3333333333333333,1.55e-06,"[30, 10, 24, 4, 30, 18, 8, 38]"
contacted,"['K', 'AA', 'N', 'T', 'AE', 'K', 'T', 'IH', 'D']","['con', 'tac', 'ted']","['contact', 'ed']",0.3333333333333333,1e-05,"[24, 1, 27, 33, 2, 24, 33, 10]"
leu,"['L', 'UW']",['leu'],"['le', 'u']",0.3333333333333333,2.88e-07,"[25, 15, 0, 0, 0, 0, 0, 0]"
mug,"['M', 'AH', 'G']",['mug'],"['m', 'ug']",0.3333333333333333,5.13e-06,"[26, 3, 21, 0, 0, 0, 0, 0]"
attitudes,"['AE', 'T', 'AH', 'T', 'UW', 'D', 'Z']","['at', 'ti', 'tudes']","['att', 'itudes']",0.3333333333333333,1.02e-05,"[2, 33, 3, 33, 15, 18, 38, 0]"
decide,"['D', 'IH', 'S', 'AY', 'D']","['de', 'cide']","['dec', 'ide']",0.3333333333333333,6.03e-05,"[18, 10, 31, 6, 18, 0, 0, 0]"
conducted,"['K', 'AH', 'N', 'D', 'AH', 'K', 'T', 'AH', 'D']","['con', 'duc', 'ted']","['conduct', 'ed']",0.3333333333333333,3.8e-05,"[24, 3, 27, 18, 3, 24, 33, 3]"
ratios,"['R', 'EY', 'SH', 'IY', 'OW', 'Z']","['ra', 'tios']","['rat', 'ios']",0.3333333333333333,4.27e-06,"[30, 9, 32, 11, 12, 38, 0, 0]"
dramatically,"['D', 'R', 'AH', 'M', 'AE', 'T', 'IH', 'K', 'L', 'IY']","['dra', 'mat', 'ic', 'ally']","['dram', 'atically']",0.3333333333333333,8.91e-06,"[18, 30, 3, 26, 2, 33, 10, 24]"
practitioner,"['P', 'R', 'AE', 'K', 'T', 'IH', 'SH', 'AH', 'N', 'ER']","['prac', 'ti', 'tion', 'er']","['pract', 'itioner']",0.3333333333333333,4.27e-06,"[29, 30, 2, 24, 33, 10, 32, 3]"
mae,"['M', 'EY']",['mae'],"['ma', 'e']",0.3333333333333333,4.47e-06,"[26, 9, 0, 0, 0, 0, 0, 0]"
circus,"['S', 'ER', 'K', 'AH', 'S']","['cir', 'cus']","['circ', 'us']",0.3333333333333333,9.55e-06,"[31, 8, 24, 3, 31, 0, 0, 0]"
cannon,"['K', 'AE', 'N', 'AH', 'N']","['can', 'non']","['c', 'annon']",0.3333333333333333,1.05e-05,"[24, 2, 27, 3, 27, 0, 0, 0]"
execution,"['EH', 'K', 'S', 'AH', 'K', 'Y', 'UW', 'SH', 'AH', 'N']","['ex', 'e', 'cu', 'tion']",['execution'],0.3333333333333333,1.95e-05,"[7, 24, 31, 3, 24, 37, 15, 32]"
indicates,"['IH', 'N', 'D', 'IH', 'K', 'EY', 'T', 'S']","['in', 'dic', 'ates']","['ind', 'icates']",0.3333333333333333,1.74e-05,"[10, 27, 18, 10, 24, 9, 33, 31]"
exotic,"['IH', 'G', 'Z', 'AA', 'T', 'IH', 'K']","['exot', 'ic']","['ex', 'otic']",0.3333333333333333,8.13e-06,"[10, 21, 38, 1, 33, 10, 24, 0]"
appraisal,"['AH', 'P', 'R', 'EY', 'Z', 'AH', 'L']","['ap', 'prais', 'al']","['app', 'raisal']",0.3333333333333333,2.69e-06,"[3, 29, 30, 9, 38, 3, 25, 0]"
compensation,"['K', 'AA', 'M', 'P', 'AH', 'N', 'S', 'EY', 'SH', 'AH', 'N']","['com', 'pens', 'a', 'tion']","['comp', 'ensation']",0.3333333333333333,2.14e-05,"[24, 1, 26, 29, 3, 27, 31, 9]"
masturbation,"['M', 'AE', 'S', 'T', 'ER', 'B', 'EY', 'SH', 'AH', 'N']","['mas', 'turb', 'a', 'tion']","['mast', 'urbation']",0.3333333333333333,2.88e-06,"[26, 2, 31, 33, 8, 16, 9, 32]"
expenditures,"['IH', 'K', 'S', 'P', 'EH', 'N', 'D', 'AH', 'CH', 'ER', 'Z']","['ex', 'pendit', 'ures']","['exp', 'end', 'itures']",0.3333333333333333,3.31e-06,"[10, 24, 31, 29, 7, 27, 18, 3]"
beside,"['B', 'IH', 'S', 'AY', 'D']","['be', 'side']","['bes', 'ide']",0.3333333333333333,1.55e-05,"[16, 10, 31, 6, 18, 0, 0, 0]"
fundamentals,"['F', 'AH', 'N', 'D', 'AH', 'M', 'EH', 'N', 'T', 'AH', 'L', 'Z']","['fun', 'da', 'ment', 'als']","['fund', 'amentals']",0.3333333333333333,3.89e-06,"[20, 3, 27, 18, 3, 26, 7, 27]"
morgan,"['M', 'AO', 'R', 'G', 'AH', 'N']","['mor', 'gan']","['m', 'organ']",0.3333333333333333,2.63e-05,"[26, 4, 30, 21, 3, 27, 0, 0]"
spirituality,"['S', 'P', 'IH', 'R', 'IH', 'CH', 'AH', 'W', 'AE', 'L', 'AH', 'T', 'IY']","['spir', 'itu', 'al', 'ity']","['spirit', 'uality']",0.3333333333333333,3.55e-06,"[31, 29, 10, 30, 10, 17, 3, 36]"
decent,"['D', 'IY', 'S', 'AH', 'N', 'T']","['de', 'cent']","['dec', 'ent']",0.3333333333333333,2.51e-05,"[18, 11, 31, 3, 27, 33, 0, 0]"
sodium,"['S', 'OW', 'D', 'IY', 'AH', 'M']","['so', 'di', 'um']",['sodium'],0.3333333333333333,7.41e-06,"[31, 12, 18, 11, 3, 26, 0, 0]"
graham,"['G', 'R', 'EY', 'AH', 'M']","['gra', 'ham']","['g', 'raham']",0.3333333333333333,2e-05,"[21, 30, 9, 3, 26, 0, 0, 0]"
generator,"['JH', 'EH', 'N', 'ER', 'EY', 'T', 'ER']","['gen', 'er', 'at', 'or']",['generator'],0.3333333333333333,8.71e-06,"[23, 7, 27, 8, 9, 33, 8, 0]"
sue,"['S', 'UW']",['sue'],"['s', 'ue']",0.3333333333333333,1.66e-05,"[31, 15, 0, 0, 0, 0, 0, 0]"
reflected,"['R', 'AH', 'F', 'L', 'EH', 'K', 'T', 'AH', 'D']","['re', 'flec', 'ted']","['reflect', 'ed']",0.3333333333333333,1.32e-05,"[30, 3, 20, 25, 7, 24, 33, 3]"
confusion,"['K', 'AH', 'N', 'F', 'Y', 'UW', 'ZH', 'AH', 'N']","['con', 'fu', 'sion']","['conf', 'usion']",0.3333333333333333,1.55e-05,"[24, 3, 27, 20, 37, 15, 39, 3]"
assessing,"['AH', 'S', 'EH', 'S', 'IH', 'NG']","['as', 'sess', 'ing']","['ass', 'essing']",0.3333333333333333,5.5e-06,"[3, 31, 7, 31, 10, 28, 0, 0]"
scotia,"['S', 'K', 'OW', 'SH', 'AH']","['sco', 'tia']","['scot', 'ia']",0.3333333333333333,3.09e-06,"[31, 24, 12, 32, 3, 0, 0, 0]"
nissan,"['N', 'IY', 'S', 'AA', 'N']","['nis', 'san']","['n', 'issan']",0.3333333333333333,4.9e-06,"[27, 11, 31, 1, 27, 0, 0, 0]"
exercises,"['EH', 'K', 'S', 'ER', 'S', 'AY', 'Z', 'AH', 'Z']","['ex', 'er', 'cises']","['exerc', 'ises']",0.3333333333333333,1.32e-05,"[7, 24, 31, 8, 31, 6, 38, 3]"
actual,"['AE', 'K', 'CH', 'AH', 'W', 'AH', 'L']","['ac', 'tu', 'al']",['actual'],0.3333333333333333,7.08e-05,"[2, 24, 17, 3, 36, 3, 25, 0]"
virtually,"['V', 'ER', 'CH', 'UW', 'AH', 'L', 'IY']","['vir', 'tu', 'ally']","['virt', 'ually']",0.3333333333333333,1.82e-05,"[35, 8, 17, 15, 3, 25, 11, 0]"
herbal,"['ER', 'B', 'AH', 'L']","['herb', 'al']","['her', 'bal']",0.3333333333333333,2.29e-06,"[8, 16, 3, 25, 0, 0, 0, 0]"
mariah,"['M', 'ER', 'AY', 'AH']","['mari', 'ah']","['mar', 'iah']",0.3333333333333333,1.58e-06,"[26, 8, 6, 3, 0, 0, 0, 0]"
tobago,"['T', 'AH', 'B', 'EY', 'G', 'OW']","['to', 'bago']","['tob', 'ago']",0.3333333333333333,2.57e-06,"[33, 3, 16, 9, 21, 12, 0, 0]"
defensive,"['D', 'IH', 'F', 'EH', 'N', 'S', 'IH', 'V']","['de', 'fens', 'ive']","['def', 'ensive']",0.3333333333333333,2.4e-05,"[18, 10, 20, 7, 27, 31, 10, 35]"
centuries,"['S', 'EH', 'N', 'CH', 'ER', 'IY', 'Z']","['cen', 'tur', 'ies']","['cent', 'uries']",0.3333333333333333,2.09e-05,"[31, 7, 27, 17, 8, 11, 38, 0]"
indoor,"['IH', 'N', 'D', 'AO', 'R']","['in', 'door']","['ind', 'oor']",0.3333333333333333,1.23e-05,"[10, 27, 18, 4, 30, 0, 0, 0]"
associate,"['AH', 'S', 'OW', 'S', 'IY', 'AH', 'T']","['as', 'so', 'ci', 'ate']",['associate'],0.3333333333333333,2.45e-05,"[3, 31, 12, 31, 11, 3, 33, 0]"
pursue,"['P', 'ER', 'S', 'UW']","['pur', 'sue']","['purs', 'ue']",0.3333333333333333,1.82e-05,"[29, 8, 31, 15, 0, 0, 0, 0]"
optics,"['AA', 'P', 'T', 'IH', 'K', 'S']","['op', 'tics']","['opt', 'ics']",0.3333333333333333,3.8e-06,"[1, 29, 33, 10, 24, 31, 0, 0]"
vacancies,"['V', 'EY', 'K', 'AH', 'N', 'S', 'IY', 'Z']","['va', 'can', 'cies']","['vac', 'ancies']",0.3333333333333333,3.09e-06,"[35, 9, 24, 3, 27, 31, 11, 38]"
heater,"['HH', 'IY', 'T', 'ER']","['heat', 'er']","['he', 'ater']",0.3333333333333333,3.55e-06,"[22, 11, 33, 8, 0, 0, 0, 0]"
examining,"['IH', 'G', 'Z', 'AE', 'M', 'IH', 'N', 'IH', 'NG']","['ex', 'amin', 'ing']","['exam', 'ining']",0.3333333333333333,7.41e-06,"[10, 21, 38, 2, 26, 10, 27, 10]"
hollow,"['HH', 'AA', 'L', 'OW']","['hol', 'low']","['h', 'ollow']",0.3333333333333333,8.91e-06,"[22, 1, 25, 12, 0, 0, 0, 0]"
extensive,"['IH', 'K', 'S', 'T', 'EH', 'N', 'S', 'IH', 'V']","['ex', 'tens', 'ive']","['ext', 'ensive']",0.3333333333333333,3.09e-05,"[10, 24, 31, 33, 7, 27, 31, 10]"
labour,"['L', 'EY', 'B', 'AW', 'R']","['la', 'bour']","['lab', 'our']",0.3333333333333333,5.01e-05,"[25, 9, 16, 5, 30, 0, 0, 0]"
nathan,"['N', 'EY', 'TH', 'AH', 'N']","['nath', 'an']","['n', 'athan']",0.3333333333333333,1.35e-05,"[27, 9, 34, 3, 27, 0, 0, 0]"
retrieval,"['R', 'IH', 'T', 'R', 'IY', 'V', 'AH', 'L']","['re', 'triev', 'al']","['retrie', 'val']",0.3333333333333333,2.14e-06,"[30, 10, 33, 30, 11, 35, 3, 25]"
poland,"['P', 'OW', 'L', 'AH', 'N', 'D']","['po', 'land']","['pol', 'and']",0.3333333333333333,1.74e-05,"[29, 12, 25, 3, 27, 18, 0, 0]"
cleveland,"['K', 'L', 'IY', 'V', 'L', 'AH', 'N', 'D']","['clev', 'e', 'land']","['cle', 'veland']",0.3333333333333333,1.86e-05,"[24, 25, 11, 35, 25, 3, 27, 18]"
universities,"['Y', 'UW', 'N', 'AH', 'V', 'ER', 'S', 'AH', 'T', 'IY', 'Z']","['uni', 'ver', 'sit', 'ies']","['univers', 'ities']",0.3333333333333333,2.29e-05,"[37, 15, 27, 3, 35, 8, 31, 3]"
soviet,"['S', 'OW', 'V', 'IY', 'AH', 'T']","['so', 'viet']","['sov', 'iet']",0.3333333333333333,3.47e-05,"[31, 12, 35, 11, 3, 33, 0, 0]"
sox,"['S', 'AA', 'K', 'S']",['sox'],"['so', 'x']",0.3333333333333333,6.92e-06,"[31, 1, 24, 31, 0, 0, 0, 0]"
satisfaction,"['S', 'AE', 'T', 'AH', 'S', 'F', 'AE', 'K', 'SH', 'AH', 'N']","['sat', 'is', 'fac', 'tion']","['s', 'atisfaction']",0.3333333333333333,1.45e-05,"[31, 2, 33, 3, 31, 20, 2, 24]"
happening,"['HH', 'AE', 'P', 'AH', 'N', 'IH', 'NG']","['hap', 'pen', 'ing']","['happ', 'ening']",0.3333333333333333,6.31e-05,"[22, 2, 29, 3, 27, 10, 28, 0]"
negotiations,"['N', 'AH', 'G', 'OW', 'SH', 'IY', 'EY', 'SH', 'AH', 'N', 'Z']","['ne', 'go', 'ti', 'ations']","['negot', 'iations']",0.3333333333333333,1.62e-05,"[27, 3, 21, 12, 32, 11, 9, 32]"
jeremy,"['JH', 'EH', 'R', 'AH', 'M', 'IY']",['jeremy'],"['je', 'rem', 'y']",0.3333333333333333,1.41e-05,"[23, 7, 30, 3, 26, 11, 0, 0]"
autumn,"['AO', 'T', 'AH', 'M']","['au', 'tumn']","['aut', 'umn']",0.3333333333333333,1.82e-05,"[4, 33, 3, 26, 0, 0, 0, 0]"
divisions,"['D', 'IH', 'V', 'IH', 'ZH', 'AH', 'N', 'Z']","['di', 'vi', 'sions']","['div', 'isions']",0.3333333333333333,1.29e-05,"[18, 10, 35, 10, 39, 3, 27, 38]"
victorian,"['V', 'IH', 'K', 'T', 'AO', 'R', 'IY', 'AH', 'N']","['vic', 'tori', 'an']","['vict', 'orian']",0.3333333333333333,1.32e-05,"[35, 10, 24, 33, 4, 30, 11, 3]"
easter,"['IY', 'S', 'T', 'ER']","['east', 'er']","['e', 'aster']",0.3333333333333333,1.32e-05,"[11, 31, 33, 8, 0, 0, 0, 0]"
stuart,"['S', 'T', 'UW', 'ER', 'T']","['stu', 'art']","['st', 'uart']",0.3333333333333333,1.35e-05,"[31, 33, 15, 8, 33, 0, 0, 0]"
tomato,"['T', 'AH', 'M', 'EY', 'T', 'OW']","['to', 'mato']","['tom', 'ato']",0.3333333333333333,7.08e-06,"[33, 3, 26, 9, 33, 12, 0, 0]"
escort,"['EH', 'S', 'K', 'AO', 'R', 'T']","['es', 'cort']","['esc', 'ort']",0.3333333333333333,1e-05,"[7, 31, 24, 4, 30, 33, 0, 0]"
synthesis,"['S', 'IH', 'N', 'TH', 'AH', 'S', 'AH', 'S']","['syn', 'thes', 'is']","['sy', 'nthesis']",0.3333333333333333,6.92e-06,"[31, 10, 27, 34, 3, 31, 3, 31]"
unions,"['Y', 'UW', 'N', 'Y', 'AH', 'N', 'Z']","['uni', 'ons']","['un', 'ions']",0.3333333333333333,1.74e-05,"[37, 15, 27, 37, 3, 27, 38, 0]"
hepatitis,"['HH', 'EH', 'P', 'AH', 'T', 'AY', 'T', 'AH', 'S']","['hep', 'at', 'it', 'is']","['he', 'pat', 'itis']",0.3333333333333333,3.31e-06,"[22, 7, 29, 3, 33, 6, 33, 3]"
intellectual,"['IH', 'N', 'T', 'AH', 'L', 'EH', 'K', 'CH', 'UW', 'AH', 'L']","['in', 'tel', 'lec', 'tu', 'al']",['intellectual'],0.3333333333333333,2e-05,"[10, 27, 33, 3, 25, 7, 24, 17]"
anthropology,"['AE', 'N', 'TH', 'R', 'AH', 'P', 'AA', 'L', 'AH', 'JH', 'IY']","['an', 'thro', 'po', 'logy']","['anthrop', 'ology']",0.3333333333333333,4.47e-06,"[2, 27, 34, 30, 3, 29, 1, 25]"
additionally,"['AH', 'D', 'IH', 'SH', 'AH', 'N', 'AH', 'L', 'IY']","['ad', 'di', 'tion', 'ally']","['add', 'itionally']",0.3333333333333333,1.58e-05,"[3, 18, 10, 32, 3, 27, 3, 25]"
mortality,"['M', 'AO', 'R', 'T', 'AE', 'L', 'AH', 'T', 'IY']","['mor', 'tal', 'ity']","['mort', 'ality']",0.3333333333333333,7.94e-06,"[26, 4, 30, 33, 2, 25, 3, 33]"
radius,"['R', 'EY', 'D', 'IY', 'AH', 'S']","['ra', 'di', 'us']",['radius'],0.3333333333333333,7.24e-06,"[30, 9, 18, 11, 3, 31, 0, 0]"
sierra,"['S', 'IY', 'EH', 'R', 'AH']","['si', 'erra']","['s', 'ierra']",0.3333333333333333,1.15e-05,"[31, 11, 7, 30, 3, 0, 0, 0]"
satisfactory,"['S', 'AE', 'T', 'AH', 'S', 'F', 'AE', 'K', 'T', 'R', 'IY']","['sat', 'is', 'fact', 'ory']","['satisf', 'actory']",0.3333333333333333,3.72e-06,"[31, 2, 33, 3, 31, 20, 2, 24]"
extending,"['IH', 'K', 'S', 'T', 'EH', 'N', 'D', 'IH', 'NG']","['ex', 'tend', 'ing']","['ext', 'ending']",0.3333333333333333,1.1e-05,"[10, 24, 31, 33, 7, 27, 18, 10]"
combining,"['K', 'AH', 'M', 'B', 'AY', 'N', 'IH', 'NG']","['com', 'bin', 'ing']","['comb', 'ining']",0.3333333333333333,7.94e-06,"[24, 3, 26, 16, 6, 27, 10, 28]"
photographic,"['F', 'OW', 'T', 'AH', 'G', 'R', 'AE', 'F', 'IH', 'K']","['pho', 'to', 'graph', 'ic']","['phot', 'ographic']",0.3333333333333333,5.75e-06,"[20, 12, 33, 3, 21, 30, 2, 20]"
conservation,"['K', 'AA', 'N', 'S', 'ER', 'V', 'EY', 'SH', 'AH', 'N']","['con', 'ser', 'va', 'tion']","['cons', 'ervation']",0.3333333333333333,2.14e-05,"[24, 1, 27, 31, 8, 35, 9, 32]"
sydney,"['S', 'IH', 'D', 'N', 'IY']",['sydney'],"['sy', 'd', 'ney']",0.3333333333333333,3.39e-05,"[31, 10, 18, 27, 11, 0, 0, 0]"
explosion,"['IH', 'K', 'S', 'P', 'L', 'OW', 'ZH', 'AH', 'N']","['ex', 'plo', 'sion']","['expl', 'osion']",0.3333333333333333,1.66e-05,"[10, 24, 31, 29, 25, 12, 39, 3]"
appreciation,"['AH', 'P', 'R', 'IY', 'SH', 'IY', 'EY', 'SH', 'AH', 'N']","['ap', 'pre', 'ci', 'ation']","['apprec', 'iation']",0.3333333333333333,1.32e-05,"[3, 29, 30, 11, 32, 11, 9, 32]"
dui,"['D', 'IY', 'Y', 'UW', 'AY']",['dui'],"['du', 'i']",0.3333333333333333,2.24e-06,"[18, 11, 37, 15, 6, 0, 0, 0]"
notion,"['N', 'OW', 'SH', 'AH', 'N']","['no', 'tion']","['not', 'ion']",0.3333333333333333,1.48e-05,"[27, 12, 32, 3, 27, 0, 0, 0]"
defend,"['D', 'IH', 'F', 'EH', 'N', 'D']","['de', 'fend']","['def', 'end']",0.3333333333333333,2.95e-05,"[18, 10, 20, 7, 27, 18, 0, 0]"
organization,"['AO', 'R', 'G', 'AH', 'N', 'AH', 'Z', 'EY', 'SH', 'AH', 'N']","['or', 'gan', 'iz', 'a', 'tion']",['organization'],0.3333333333333333,8.32e-05,"[4, 30, 21, 3, 27, 3, 38, 9]"
pharmacology,"['F', 'AA', 'R', 'M', 'AH', 'K', 'AA', 'L', 'AH', 'JH', 'IY']","['phar', 'ma', 'co', 'logy']","['pharmac', 'ology']",0.3333333333333333,1.41e-06,"[20, 1, 30, 26, 3, 24, 1, 25]"
vessel,"['V', 'EH', 'S', 'AH', 'L']","['ves', 'sel']","['v', 'essel']",0.3333333333333333,1.86e-05,"[35, 7, 31, 3, 25, 0, 0, 0]"
fisheries,"['F', 'IH', 'SH', 'ER', 'IY', 'Z']","['fish', 'er', 'ies']","['fis', 'heries']",0.3333333333333333,4.9e-06,"[20, 10, 32, 8, 11, 38, 0, 0]"
german,"['JH', 'ER', 'M', 'AH', 'N']","['ger', 'man']","['g', 'erman']",0.3333333333333333,8.91e-05,"[23, 8, 26, 3, 27, 0, 0, 0]"
vagina,"['V', 'AH', 'JH', 'AY', 'N', 'AH']","['va', 'gina']","['vag', 'ina']",0.3333333333333333,6.61e-06,"[35, 3, 23, 6, 27, 3, 0, 0]"
calvin,"['K', 'AE', 'L', 'V', 'AH', 'N']","['calv', 'in']","['cal', 'vin']",0.3333333333333333,6.61e-06,"[24, 2, 25, 35, 3, 27, 0, 0]"
desirable,"['D', 'IH', 'Z', 'AY', 'R', 'AH', 'B', 'AH', 'L']","['de', 'sir', 'able']","['des', 'irable']",0.3333333333333333,7.08e-06,"[18, 10, 38, 6, 30, 3, 16, 3]"
attorneys,"['AH', 'T', 'ER', 'N', 'IY', 'Z']","['at', 'tor', 'neys']","['att', 'orneys']",0.3333333333333333,1.02e-05,"[3, 33, 8, 27, 11, 38, 0, 0]"
violation,"['V', 'AY', 'AH', 'L', 'EY', 'SH', 'AH', 'N']","['vi', 'ol', 'a', 'tion']",['violation'],0.3333333333333333,1.41e-05,"[35, 6, 3, 25, 9, 32, 3, 27]"
prozac,"['P', 'R', 'OW', 'Z', 'AE', 'K']","['proz', 'ac']","['pro', 'zac']",0.3333333333333333,5.25e-07,"[29, 30, 12, 38, 2, 24, 0, 0]"
andrea,"['AE', 'N', 'D', 'R', 'IY', 'AH']","['an', 'drea']","['and', 'rea']",0.3333333333333333,7.59e-06,"[2, 27, 18, 30, 11, 3, 0, 0]"
boston,"['B', 'AA', 'S', 'T', 'AH', 'N']","['bo', 'ston']","['b', 'oston']",0.3333333333333333,4.68e-05,"[16, 1, 31, 33, 3, 27, 0, 0]"
medium,"['M', 'IY', 'D', 'IY', 'AH', 'M']","['me', 'di', 'um']",['medium'],0.3333333333333333,4.07e-05,"[26, 11, 18, 11, 3, 26, 0, 0]"
celebrate,"['S', 'EH', 'L', 'AH', 'B', 'R', 'EY', 'T']","['cel', 'eb', 'rate']","['celebr', 'ate']",0.3333333333333333,3.09e-05,"[31, 7, 25, 3, 16, 30, 9, 33]"
bikini,"['B', 'IH', 'K', 'IY', 'N', 'IY']",['bikini'],"['b', 'ik', 'ini']",0.3333333333333333,5.01e-06,"[16, 10, 24, 11, 27, 11, 0, 0]"
therapist,"['TH', 'EH', 'R', 'AH', 'P', 'AH', 'S', 'T']","['ther', 'ap', 'ist']","['the', 'rapist']",0.3333333333333333,9.33e-06,"[34, 7, 30, 3, 29, 3, 31, 33]"
encourage,"['EH', 'N', 'K', 'ER', 'IH', 'JH']","['en', 'cour', 'age']","['enc', 'ourage']",0.3333333333333333,2.82e-05,"[7, 27, 24, 8, 10, 23, 0, 0]"
astronomy,"['AH', 'S', 'T', 'R', 'AA', 'N', 'AH', 'M', 'IY']","['as', 'tro', 'nomy']","['ast', 'ronomy']",0.3333333333333333,4.27e-06,"[3, 31, 33, 30, 1, 27, 3, 26]"
tigers,"['T', 'AY', 'G', 'ER', 'Z']","['ti', 'gers']","['tig', 'ers']",0.3333333333333333,1.41e-05,"[33, 6, 21, 8, 38, 0, 0, 0]"
jefferson,"['JH', 'EH', 'F', 'ER', 'S', 'AH', 'N']","['jef', 'fer', 'son']","['jeff', 'erson']",0.3333333333333333,1e-05,"[23, 7, 20, 8, 31, 3, 27, 0]"
radiation,"['R', 'EY', 'D', 'IY', 'EY', 'SH', 'AH', 'N']","['ra', 'di', 'ation']","['rad', 'iation']",0.3333333333333333,1.86e-05,"[30, 9, 18, 11, 9, 32, 3, 27]"
observations,"['AA', 'B', 'Z', 'ER', 'V', 'EY', 'SH', 'AH', 'N', 'Z']","['ob', 'ser', 'va', 'tions']","['obs', 'ervations']",0.3333333333333333,1.05e-05,"[1, 16, 38, 8, 35, 9, 32, 3]"
materials,"['M', 'AH', 'T', 'IH', 'R', 'IY', 'AH', 'L', 'Z']","['ma', 'ter', 'i', 'als']",['materials'],0.3333333333333333,6.03e-05,"[26, 3, 33, 10, 30, 11, 3, 25]"
toward,"['T', 'AH', 'W', 'AO', 'R', 'D']","['to', 'ward']","['tow', 'ard']",0.3333333333333333,5.25e-05,"[33, 3, 36, 4, 30, 18, 0, 0]"
officials,"['AH', 'F', 'IH', 'SH', 'AH', 'L', 'Z']","['of', 'fi', 'cials']","['official', 's']",0.3333333333333333,4.79e-05,"[3, 20, 10, 32, 3, 25, 38, 0]"
aluminium,"['AH', 'L', 'UW', 'M', 'IH', 'N', 'AH', 'M']","['alu', 'mini', 'um']","['al', 'uminium']",0.3333333333333333,5.37e-06,"[3, 25, 15, 26, 10, 27, 3, 26]"
willow,"['W', 'IH', 'L', 'OW']","['wil', 'low']","['will', 'ow']",0.3333333333333333,4.9e-06,"[36, 10, 25, 12, 0, 0, 0, 0]"
floral,"['F', 'L', 'AO', 'R', 'AH', 'L']","['flor', 'al']","['fl', 'oral']",0.3333333333333333,5.89e-06,"[20, 25, 4, 30, 3, 25, 0, 0]"
telescope,"['T', 'EH', 'L', 'AH', 'S', 'K', 'OW', 'P']","['tele', 'scope']","['t', 'eles', 'cope']",0.3333333333333333,5.62e-06,"[33, 7, 25, 3, 31, 24, 12, 29]"
kansas,"['K', 'AE', 'N', 'Z', 'AH', 'S']","['kan', 'sas']","['k', 'ansas']",0.3333333333333333,2.34e-05,"[24, 2, 27, 38, 3, 31, 0, 0]"
indicated,"['IH', 'N', 'D', 'AH', 'K', 'EY', 'T', 'AH', 'D']","['in', 'dic', 'ated']","['ind', 'icated']",0.3333333333333333,2.19e-05,"[10, 27, 18, 3, 24, 9, 33, 3]"
argued,"['AA', 'R', 'G', 'Y', 'UW', 'D']","['ar', 'gued']","['arg', 'ued']",0.3333333333333333,2.29e-05,"[1, 30, 21, 37, 15, 18, 0, 0]"
bureau,"['B', 'Y', 'UH', 'R', 'OW']","['bur', 'eau']","['b', 'ureau']",0.3333333333333333,2.57e-05,"[16, 37, 14, 30, 12, 0, 0, 0]"
sexuality,"['S', 'EH', 'K', 'SH', 'UW', 'AE', 'L', 'AH', 'T', 'IY']","['sexu', 'al', 'ity']","['sex', 'uality']",0.3333333333333333,9.33e-06,"[31, 7, 24, 32, 15, 2, 25, 3]"
navigator,"['N', 'AE', 'V', 'AH', 'G', 'EY', 'T', 'ER']","['nav', 'ig', 'at', 'or']",['navigator'],0.3333333333333333,1.95e-06,"[27, 2, 35, 3, 21, 9, 33, 8]"
necessity,"['N', 'AH', 'S', 'EH', 'S', 'AH', 'T', 'IY']","['ne', 'ces', 'sity']","['necess', 'ity']",0.3333333333333333,8.13e-06,"[27, 3, 31, 7, 31, 3, 33, 11]"
affair,"['AH', 'F', 'EH', 'R']","['af', 'fair']","['aff', 'air']",0.3333333333333333,2e-05,"[3, 20, 7, 30, 0, 0, 0, 0]"
undertake,"['AH', 'N', 'D', 'ER', 'T', 'EY', 'K']","['un', 'der', 'take']","['undert', 'ake']",0.3333333333333333,5.37e-06,"[3, 27, 18, 8, 33, 9, 24, 0]"
incest,"['IH', 'N', 'S', 'EH', 'S', 'T']","['in', 'cest']","['inc', 'est']",0.3333333333333333,2.29e-06,"[10, 27, 31, 7, 31, 33, 0, 0]"
geographical,"['JH', 'IY', 'AH', 'G', 'R', 'AE', 'F', 'IH', 'K', 'AH', 'L']","['geo', 'graph', 'ic', 'al']","['ge', 'ographical']",0.3333333333333333,7.08e-06,"[23, 11, 3, 21, 30, 2, 20, 10]"
metallica,"['M', 'AH', 'T', 'AE', 'L', 'IH', 'K', 'AH']","['metal', 'lica']","['met', 'all', 'ica']",0.3333333333333333,1.66e-06,"[26, 3, 33, 2, 25, 10, 24, 3]"
nelson,"['N', 'EH', 'L', 'S', 'AH', 'N']","['nel', 'son']","['nels', 'on']",0.3333333333333333,1.74e-05,"[27, 7, 25, 31, 3, 27, 0, 0]"
responded,"['R', 'IH', 'S', 'P', 'AA', 'N', 'D', 'IH', 'D']","['re', 'spon', 'ded']","['respond', 'ed']",0.3333333333333333,1.82e-05,"[30, 10, 31, 29, 1, 27, 18, 10]"
municipality,"['M', 'Y', 'UW', 'N', 'IH', 'S', 'AH', 'P', 'AE', 'L', 'AH', 'T', 'IY']","['mu', 'ni', 'cip', 'al', 'ity']","['m', 'unicip', 'ality']",0.3333333333333333,5.13e-06,"[26, 37, 15, 27, 10, 31, 3, 29]"
individually,"['IH', 'N', 'D', 'IH', 'V', 'IH', 'JH', 'UW', 'AH', 'L', 'IY']","['in', 'di', 'vidu', 'ally']","['ind', 'ividually']",0.3333333333333333,7.94e-06,"[10, 27, 18, 10, 35, 10, 23, 15]"
aurora,"['ER', 'AO', 'R', 'AH']","['au', 'rora']","['aur', 'ora']",0.3333333333333333,5.37e-06,"[8, 4, 30, 3, 0, 0, 0, 0]"
modems,"['M', 'OW', 'D', 'AH', 'M', 'Z']","['mo', 'dems']","['mod', 'ems']",0.3333333333333333,5.13e-07,"[26, 12, 18, 3, 26, 38, 0, 0]"
joshua,"['JH', 'AA', 'SH', 'UW', 'AH']",['joshua'],"['j', 'osh', 'ua']",0.3333333333333333,8.32e-06,"[23, 1, 32, 15, 3, 0, 0, 0]"
annual,"['AE', 'N', 'Y', 'UW', 'AH', 'L']","['an', 'nu', 'al']",['annual'],0.3333333333333333,8.71e-05,"[2, 27, 37, 15, 3, 25, 0, 0]"
maiden,"['M', 'EY', 'D', 'AH', 'N']","['maid', 'en']","['ma', 'iden']",0.3333333333333333,6.61e-06,"[26, 9, 18, 3, 27, 0, 0, 0]"
farmer,"['F', 'AA', 'R', 'M', 'ER']","['farm', 'er']","['far', 'mer']",0.3333333333333333,1.41e-05,"[20, 1, 30, 26, 8, 0, 0, 0]"
neural,"['N', 'UH', 'R', 'AH', 'L']","['neur', 'al']","['ne', 'ural']",0.3333333333333333,5.75e-06,"[27, 14, 30, 3, 25, 0, 0, 0]"
newark,"['N', 'UW', 'ER', 'K']","['ne', 'wark']","['new', 'ark']",0.3333333333333333,5.5e-06,"[27, 15, 8, 24, 0, 0, 0, 0]"
authentic,"['AH', 'TH', 'EH', 'N', 'T', 'IH', 'K']","['au', 'then', 't', 'ic']",['authentic'],0.3333333333333333,1.1e-05,"[3, 34, 7, 27, 33, 10, 24, 0]"
moscow,"['M', 'AA', 'S', 'K', 'OW']","['mo', 'scow']","['mos', 'cow']",0.3333333333333333,2.63e-05,"[26, 1, 31, 24, 12, 0, 0, 0]"
austin,"['AO', 'S', 'T', 'AH', 'N']","['aus', 'tin']","['a', 'ustin']",0.3333333333333333,2.29e-05,"[4, 31, 33, 3, 27, 0, 0, 0]"
ordinance,"['AO', 'R', 'D', 'AH', 'N', 'AH', 'N', 'S']","['or', 'din', 'ance']","['ord', 'inance']",0.3333333333333333,3.98e-06,"[4, 30, 18, 3, 27, 3, 27, 31]"
jaguar,"['JH', 'AE', 'G', 'W', 'AA', 'R']","['jag', 'uar']","['j', 'aguar']",0.3333333333333333,3.24e-06,"[23, 2, 21, 36, 1, 30, 0, 0]"
congratulations,"['K', 'AH', 'N', 'G', 'R', 'AE', 'CH', 'AH', 'L', 'EY', 'SH', 'AH', 'N', 'Z']","['con', 'grat', 'u', 'la', 'tions']","['cong', 'ratulations']",0.3333333333333333,2.51e-05,"[24, 3, 27, 21, 30, 2, 17, 3]"
editorial,"['EH', 'D', 'AH', 'T', 'AO', 'R', 'IY', 'AH', 'L']","['ed', 'it', 'or', 'i', 'al']","['editor', 'ial']",0.3333333333333333,1.29e-05,"[7, 18, 3, 33, 4, 30, 11, 3]"
recognize,"['R', 'EH', 'K', 'AH', 'G', 'N', 'AY', 'Z']","['re', 'cog', 'nize']","['recogn', 'ize']",0.3333333333333333,3.31e-05,"[30, 7, 24, 3, 21, 27, 6, 38]"
dallas,"['D', 'AE', 'L', 'AH', 'S']","['dal', 'las']","['d', 'allas']",0.3333333333333333,2.63e-05,"[18, 2, 25, 3, 31, 0, 0, 0]"
henderson,"['HH', 'EH', 'N', 'D', 'ER', 'S', 'AH', 'N']","['hende', 'r', 'son']","['hend', 'erson']",0.3333333333333333,8.51e-06,"[22, 7, 27, 18, 8, 31, 3, 27]"
auburn,"['AA', 'B', 'ER', 'N']","['au', 'burn']","['aub', 'urn']",0.3333333333333333,5.25e-06,"[1, 16, 8, 27, 0, 0, 0, 0]"
angela,"['AE', 'N', 'JH', 'AH', 'L', 'AH']","['an', 'gela']","['ang', 'ela']",0.3333333333333333,1.05e-05,"[2, 27, 23, 3, 25, 3, 0, 0]"
institutions,"['IH', 'N', 'S', 'T', 'IH', 'T', 'UW', 'SH', 'AH', 'N', 'Z']","['in', 'sti', 'tu', 'tions']","['inst', 'itutions']",0.3333333333333333,3.8e-05,"[10, 27, 31, 33, 10, 33, 15, 32]"
refine,"['R', 'AH', 'F', 'AY', 'N']","['re', 'fine']","['ref', 'ine']",0.3333333333333333,1.91e-06,"[30, 3, 20, 6, 27, 0, 0, 0]"
pastor,"['P', 'AE', 'S', 'T', 'ER']","['pas', 'tor']","['past', 'or']",0.3333333333333333,1.2e-05,"[29, 2, 31, 33, 8, 0, 0, 0]"
wiring,"['W', 'AY', 'R', 'IH', 'NG']","['wir', 'ing']","['w', 'iring']",0.3333333333333333,3.39e-06,"[36, 6, 30, 10, 28, 0, 0, 0]"
coalition,"['K', 'OW', 'AH', 'L', 'IH', 'SH', 'AH', 'N']","['co', 'ali', 'tion']","['coal', 'ition']",0.3333333333333333,1.7e-05,"[24, 12, 3, 25, 10, 32, 3, 27]"
differential,"['D', 'IH', 'F', 'ER', 'EH', 'N', 'SH', 'AH', 'L']","['dif', 'fer', 'en', 'tial']","['different', 'ial']",0.3333333333333333,6.76e-06,"[18, 10, 20, 8, 7, 27, 32, 3]"
regard,"['R', 'AH', 'G', 'AA', 'R', 'D']","['re', 'gard']","['reg', 'ard']",0.3333333333333333,2.29e-05,"[30, 3, 21, 1, 30, 18, 0, 0]"
brazilian,"['B', 'R', 'AH', 'Z', 'IH', 'L', 'Y', 'AH', 'N']","['brazili', 'an']","['b', 'razil', 'ian']",0.3333333333333333,1.7e-05,"[16, 30, 3, 38, 10, 25, 37, 3]"
illustration,"['IH', 'L', 'AH', 'S', 'T', 'R', 'EY', 'SH', 'AH', 'N']","['il', 'lus', 'tra', 'tion']","['ill', 'ustration']",0.3333333333333333,8.32e-06,"[10, 25, 3, 31, 33, 30, 9, 32]"
squirting,"['S', 'K', 'W', 'ER', 'T', 'IH', 'NG']","['squirt', 'ing']","['s', 'quir', 'ting']",0.3333333333333333,5.89e-07,"[31, 24, 36, 8, 33, 10, 28, 0]"
tribal,"['T', 'R', 'AY', 'B', 'AH', 'L']","['tri', 'bal']","['trib', 'al']",0.3333333333333333,1.07e-05,"[33, 30, 6, 16, 3, 25, 0, 0]"
rebate,"['R', 'IY', 'B', 'EY', 'T']","['re', 'bate']","['reb', 'ate']",0.3333333333333333,2.04e-06,"[30, 11, 16, 9, 33, 0, 0, 0]"
referrals,"['R', 'IH', 'F', 'ER', 'AH', 'L', 'Z']","['re', 'fer', 'rals']","['ref', 'errals']",0.3333333333333333,1.58e-06,"[30, 10, 20, 8, 3, 25, 38, 0]"
bumper,"['B', 'AH', 'M', 'P', 'ER']","['bump', 'er']","['bum', 'per']",0.3333333333333333,4.9e-06,"[16, 3, 26, 29, 8, 0, 0, 0]"
championship,"['CH', 'AE', 'M', 'P', 'IY', 'AH', 'N', 'SH', 'IH', 'P']","['cham', 'pi', 'on', 'ship']","['ch', 'ampionship']",0.3333333333333333,3.47e-05,"[17, 2, 26, 29, 11, 3, 27, 32]"
gordon,"['G', 'AO', 'R', 'D', 'AH', 'N']","['gor', 'don']","['g', 'ordon']",0.3333333333333333,2.34e-05,"[21, 4, 30, 18, 3, 27, 0, 0]"
pollution,"['P', 'AH', 'L', 'UW', 'SH', 'AH', 'N']","['pol', 'lu', 'tion']","['poll', 'ution']",0.3333333333333333,1.58e-05,"[29, 3, 25, 15, 32, 3, 27, 0]"
newspaper,"['N', 'UW', 'Z', 'P', 'EY', 'P', 'ER']","['news', 'pa', 'per']","['new', 'spaper']",0.3333333333333333,3.98e-05,"[27, 15, 38, 29, 9, 29, 8, 0]"
operators,"['AA', 'P', 'ER', 'EY', 'T', 'ER', 'Z']","['op', 'er', 'at', 'ors']",['operators'],0.3333333333333333,1.55e-05,"[1, 29, 8, 9, 33, 8, 38, 0]"
celtic,"['S', 'EH', 'L', 'T', 'IH', 'K']","['celt', 'ic']","['c', 'eltic']",0.3333333333333333,1e-05,"[31, 7, 25, 33, 10, 24, 0, 0]"
recipient,"['R', 'AH', 'S', 'IH', 'P', 'IY', 'AH', 'N', 'T']","['re', 'cip', 'i', 'ent']",['recipient'],0.3333333333333333,8.71e-06,"[30, 3, 31, 10, 29, 11, 3, 27]"
realty,"['R', 'IY', 'AH', 'L', 'T', 'IY']","['re', 'alty']","['real', 'ty']",0.3333333333333333,2.29e-06,"[30, 11, 3, 25, 33, 11, 0, 0]"
attending,"['AH', 'T', 'EH', 'N', 'D', 'IH', 'NG']","['at', 'tend', 'ing']","['att', 'ending']",0.3333333333333333,2.04e-05,"[3, 33, 7, 27, 18, 10, 28, 0]"
bother,"['B', 'AA', 'DH', 'ER']","['both', 'er']","['b', 'other']",0.3333333333333333,2.45e-05,"[16, 1, 19, 8, 0, 0, 0, 0]"
relevance,"['R', 'EH', 'L', 'AH', 'V', 'AH', 'N', 'S']","['rel', 'ev', 'ance']","['re', 'levance']",0.3333333333333333,5.62e-06,"[30, 7, 25, 3, 35, 3, 27, 31]"
comply,"['K', 'AH', 'M', 'P', 'L', 'AY']","['com', 'ply']","['comp', 'ly']",0.3333333333333333,1.1e-05,"[24, 3, 26, 29, 25, 6, 0, 0]"
internationally,"['IH', 'N', 'T', 'ER', 'N', 'AE', 'SH', 'AH', 'N', 'AH', 'L', 'IY']","['in', 'ter', 'na', 'tion', 'ally']","['intern', 'ationally']",0.3333333333333333,8.91e-06,"[10, 27, 33, 8, 27, 2, 32, 3]"
commented,"['K', 'AA', 'M', 'EH', 'N', 'T', 'AH', 'D']","['com', 'men', 'ted']","['comment', 'ed']",0.3333333333333333,1.17e-05,"[24, 1, 26, 7, 27, 33, 3, 18]"
ballot,"['B', 'AE', 'L', 'AH', 'T']","['bal', 'lot']","['ball', 'ot']",0.3333333333333333,1.15e-05,"[16, 2, 25, 3, 33, 0, 0, 0]"
angola,"['AE', 'NG', 'G', 'OW', 'L', 'AH']","['an', 'gola']","['ang', 'ola']",0.3333333333333333,2.19e-06,"[2, 28, 21, 12, 25, 3, 0, 0]"
median,"['M', 'IY', 'D', 'IY', 'AH', 'N']","['me', 'di', 'an']",['median'],0.3333333333333333,1.12e-05,"[26, 11, 18, 11, 3, 27, 0, 0]"
easier,"['IY', 'Z', 'IY', 'ER']","['easi', 'er']","['eas', 'ier']",0.3333333333333333,5.75e-05,"[11, 38, 11, 8, 0, 0, 0, 0]"
nextel,"['N', 'EH', 'K', 'S', 'T', 'EH', 'L']","['nex', 'tel']","['next', 'el']",0.3333333333333333,2.09e-07,"[27, 7, 24, 31, 33, 7, 25, 0]"
liz,"['L', 'IH', 'Z']",['liz'],"['l', 'iz']",0.3333333333333333,6.76e-06,"[25, 10, 38, 0, 0, 0, 0, 0]"
watershed,"['W', 'AO', 'T', 'ER', 'SH', 'EH', 'D']","['wa', 'ter', 'shed']","['waters', 'hed']",0.3333333333333333,3.39e-06,"[36, 4, 33, 8, 32, 7, 18, 0]"
operation,"['AA', 'P', 'ER', 'EY', 'SH', 'AH', 'N']","['op', 'er', 'a', 'tion']",['operation'],0.3333333333333333,8.32e-05,"[1, 29, 8, 9, 32, 3, 27, 0]"
dennis,"['D', 'EH', 'N', 'IH', 'S']","['den', 'nis']","['d', 'ennis']",0.3333333333333333,1.26e-05,"[18, 7, 27, 10, 31, 0, 0, 0]"
capabilities,"['K', 'EY', 'P', 'AH', 'B', 'IH', 'L', 'AH', 'T', 'IY', 'Z']","['cap', 'ab', 'il', 'it', 'ies']",['capabilities'],0.3333333333333333,1.29e-05,"[24, 9, 29, 3, 16, 10, 25, 3]"
baltimore,"['B', 'AO', 'L', 'T', 'AH', 'M', 'AO', 'R']","['bal', 'timore']","['b', 'alt', 'imore']",0.3333333333333333,1.66e-05,"[16, 4, 25, 33, 3, 26, 4, 30]"
hudson,"['HH', 'AH', 'D', 'S', 'AH', 'N']","['hud', 'son']","['h', 'udson']",0.3333333333333333,1.07e-05,"[22, 3, 18, 31, 3, 27, 0, 0]"
syndicate,"['S', 'IH', 'N', 'D', 'IH', 'K', 'AH', 'T']","['syn', 'dic', 'ate']","['synd', 'icate']",0.3333333333333333,3.24e-06,"[31, 10, 27, 18, 10, 24, 3, 33]"
hiring,"['HH', 'AY', 'R', 'IH', 'NG']","['hir', 'ing']","['h', 'iring']",0.3333333333333333,1.7e-05,"[22, 6, 30, 10, 28, 0, 0, 0]"
reservations,"['R', 'EH', 'Z', 'ER', 'V', 'EY', 'SH', 'AH', 'N', 'Z']","['re', 'ser', 'va', 'tions']","['res', 'ervations']",0.3333333333333333,6.17e-06,"[30, 7, 38, 8, 35, 9, 32, 3]"
wesley,"['W', 'EH', 'S', 'L', 'IY']","['wes', 'ley']","['w', 'esley']",0.3333333333333333,5.01e-06,"[36, 7, 31, 25, 11, 0, 0, 0]"
additions,"['AH', 'D', 'IH', 'SH', 'AH', 'N', 'Z']","['ad', 'di', 'tions']","['add', 'itions']",0.3333333333333333,6.31e-06,"[3, 18, 10, 32, 3, 27, 38, 0]"
refinance,"['R', 'IY', 'F', 'AH', 'N', 'AE', 'N', 'S']","['re', 'fin', 'ance']","['ref', 'inance']",0.3333333333333333,8.32e-07,"[30, 11, 20, 3, 27, 2, 27, 31]"
measuring,"['M', 'EH', 'ZH', 'ER', 'IH', 'NG']","['meas', 'ur', 'ing']","['me', 'asuring']",0.3333333333333333,1.17e-05,"[26, 7, 39, 8, 10, 28, 0, 0]"
fingering,"['F', 'IH', 'NG', 'G', 'ER', 'IH', 'NG']","['fin', 'ger', 'ing']","['fing', 'ering']",0.3333333333333333,1.07e-06,"[20, 10, 28, 21, 8, 10, 28, 0]"
august,"['AA', 'G', 'AH', 'S', 'T']","['au', 'gust']","['aug', 'ust']",0.3333333333333333,0.000126,"[1, 21, 3, 31, 33, 0, 0, 0]"
divine,"['D', 'IH', 'V', 'AY', 'N']","['di', 'vine']","['div', 'ine']",0.3333333333333333,1.74e-05,"[18, 10, 35, 6, 27, 0, 0, 0]"
receivers,"['R', 'AH', 'S', 'IY', 'V', 'ER', 'Z']","['re', 'ceiv', 'ers']","['rece', 'ivers']",0.3333333333333333,4.68e-06,"[30, 3, 31, 11, 35, 8, 38, 0]"
brutal,"['B', 'R', 'UW', 'T', 'AH', 'L']","['bru', 'tal']","['br', 'utal']",0.3333333333333333,1.26e-05,"[16, 30, 15, 33, 3, 25, 0, 0]"
lafayette,"['L', 'AA', 'F', 'IY', 'EH', 'T']","['la', 'fay', 'ette']","['laf', 'ayette']",0.3333333333333333,3.31e-06,"[25, 1, 20, 11, 7, 33, 0, 0]"
victor,"['V', 'IH', 'K', 'T', 'ER']","['vic', 'tor']","['vict', 'or']",0.3333333333333333,1.51e-05,"[35, 10, 24, 33, 8, 0, 0, 0]"
musicians,"['M', 'Y', 'UW', 'Z', 'IH', 'SH', 'AH', 'N', 'Z']","['mu', 'si', 'cians']","['mus', 'icians']",0.3333333333333333,1.23e-05,"[26, 37, 15, 38, 10, 32, 3, 27]"
suppliers,"['S', 'AH', 'P', 'L', 'AY', 'ER', 'Z']","['sup', 'pli', 'ers']","['supp', 'liers']",0.3333333333333333,8.13e-06,"[31, 3, 29, 25, 6, 8, 38, 0]"
louisiana,"['L', 'UW', 'IY', 'Z', 'IY', 'AE', 'N', 'AH']","['louisi', 'ana']","['lou', 'is', 'iana']",0.3333333333333333,1.55e-05,"[25, 15, 11, 38, 11, 2, 27, 3]"
experimental,"['IH', 'K', 'S', 'P', 'EH', 'R', 'IH', 'M', 'EH', 'N', 'T', 'AH', 'L']","['ex', 'per', 'i', 'ment', 'al']",['experimental'],0.3333333333333333,1.91e-05,"[10, 24, 31, 29, 7, 30, 10, 26]"
notification,"['N', 'OW', 'T', 'AH', 'F', 'AH', 'K', 'EY', 'SH', 'AH', 'N']","['no', 'ti', 'fic', 'a', 'tion']",['notification'],0.3333333333333333,8.32e-06,"[27, 12, 33, 3, 20, 3, 24, 9]"
accidents,"['AE', 'K', 'S', 'AH', 'D', 'AH', 'N', 'T', 'S']","['ac', 'ci', 'dents']","['acc', 'idents']",0.3333333333333333,1.45e-05,"[2, 24, 31, 3, 18, 3, 27, 33]"
nascar,"['N', 'AE', 'S', 'K', 'AA', 'R']","['nas', 'car']","['n', 'ascar']",0.3333333333333333,5.75e-06,"[27, 2, 31, 24, 1, 30, 0, 0]"
gospel,"['G', 'AA', 'S', 'P', 'AH', 'L']","['gos', 'pel']","['g', 'ospel']",0.3333333333333333,1.51e-05,"[21, 1, 31, 29, 3, 25, 0, 0]"
catherine,"['K', 'AE', 'TH', 'ER', 'AH', 'N']","['cath', 'er', 'ine']","['c', 'atherine']",0.3333333333333333,1.29e-05,"[24, 2, 34, 8, 3, 27, 0, 0]"
sharon,"['SH', 'AE', 'R', 'AH', 'N']","['shar', 'on']","['sh', 'aron']",0.3333333333333333,8.32e-06,"[32, 2, 30, 3, 27, 0, 0, 0]"
brunei,"['B', 'R', 'UW', 'N', 'AY']",['brunei'],"['br', 'une', 'i']",0.3333333333333333,1.55e-06,"[16, 30, 15, 27, 6, 0, 0, 0]"
reservoir,"['R', 'EH', 'Z', 'AH', 'V', 'W', 'AA', 'R']","['reser', 'voir']","['res', 'erv', 'oir']",0.3333333333333333,7.94e-06,"[30, 7, 38, 3, 35, 36, 1, 30]"
slovak,"['S', 'L', 'OW', 'V', 'AE', 'K']","['slov', 'ak']","['sl', 'ovak']",0.3333333333333333,1.48e-06,"[31, 25, 12, 35, 2, 24, 0, 0]"
remind,"['R', 'IY', 'M', 'AY', 'N', 'D']","['re', 'mind']","['rem', 'ind']",0.3333333333333333,2.34e-05,"[30, 11, 26, 6, 27, 18, 0, 0]"
titans,"['T', 'AY', 'T', 'AH', 'N', 'Z']","['ti', 'tans']","['tit', 'ans']",0.3333333333333333,7.94e-06,"[33, 6, 33, 3, 27, 38, 0, 0]"
russia,"['R', 'AH', 'SH', 'AH']","['rus', 'sia']","['r', 'ussia']",0.3333333333333333,8.51e-05,"[30, 3, 32, 3, 0, 0, 0, 0]"
affiliate,"['AH', 'F', 'IH', 'L', 'IY', 'EY', 'T']","['af', 'fil', 'i', 'ate']",['affiliate'],0.3333333333333333,9.77e-06,"[3, 20, 10, 25, 11, 9, 33, 0]"
governing,"['G', 'AH', 'V', 'ER', 'N', 'IH', 'NG']","['gov', 'ern', 'ing']","['gover', 'ning']",0.3333333333333333,1.32e-05,"[21, 3, 35, 8, 27, 10, 28, 0]"
requiring,"['R', 'IY', 'K', 'W', 'AY', 'ER', 'IH', 'NG']","['re', 'quir', 'ing']","['requ', 'iring']",0.3333333333333333,1.38e-05,"[30, 11, 24, 36, 6, 8, 10, 28]"
occasions,"['AH', 'K', 'EY', 'ZH', 'AH', 'N', 'Z']","['oc', 'ca', 'sions']","['occas', 'ions']",0.3333333333333333,1.82e-05,"[3, 24, 9, 39, 3, 27, 38, 0]"
galleries,"['G', 'AE', 'L', 'ER', 'IY', 'Z']","['gal', 'ler', 'ies']","['gall', 'eries']",0.3333333333333333,7.08e-06,"[21, 2, 25, 8, 11, 38, 0, 0]"
indian,"['IH', 'N', 'D', 'IY', 'AH', 'N']","['in', 'di', 'an']",['indian'],0.3333333333333333,8.13e-05,"[10, 27, 18, 11, 3, 27, 0, 0]"
kruger,"['K', 'R', 'UW', 'G', 'ER']",['kruger'],"['k', 'ru', 'ger']",0.3333333333333333,1.55e-06,"[24, 30, 15, 21, 8, 0, 0, 0]"
deviation,"['D', 'IY', 'V', 'IY', 'EY', 'SH', 'AH', 'N']","['de', 'vi', 'ation']","['dev', 'iation']",0.3333333333333333,2.51e-06,"[18, 11, 35, 11, 9, 32, 3, 27]"
hydraulic,"['HH', 'AY', 'D', 'R', 'AO', 'L', 'IH', 'K']","['hy', 'draul', 'ic']","['hyd', 'raulic']",0.3333333333333333,5.25e-06,"[22, 6, 18, 30, 4, 25, 10, 24]"
mrs,"['M', 'IH', 'S', 'IH', 'Z']",['mrs'],"['m', 'rs']",0.3333333333333333,7.76e-05,"[26, 10, 31, 10, 38, 0, 0, 0]"
suffer,"['S', 'AH', 'F', 'ER']","['suf', 'fer']","['s', 'uffer']",0.3333333333333333,2.82e-05,"[31, 3, 20, 8, 0, 0, 0, 0]"
addiction,"['AH', 'D', 'IH', 'K', 'SH', 'AH', 'N']","['ad', 'dic', 'tion']","['add', 'iction']",0.3333333333333333,1.38e-05,"[3, 18, 10, 24, 32, 3, 27, 0]"
photographer,"['F', 'AH', 'T', 'AA', 'G', 'R', 'AH', 'F', 'ER']","['pho', 'to', 'graph', 'er']","['phot', 'ographer']",0.3333333333333333,1.91e-05,"[20, 3, 33, 1, 21, 30, 3, 20]"
oliver,"['AA', 'L', 'AH', 'V', 'ER']","['oliv', 'er']","['ol', 'iver']",0.3333333333333333,1.66e-05,"[1, 25, 3, 35, 8, 0, 0, 0]"
toilet,"['T', 'OY', 'L', 'AH', 'T']","['toi', 'let']","['to', 'ilet']",0.3333333333333333,2.04e-05,"[33, 13, 25, 3, 33, 0, 0, 0]"
authorization,"['AO', 'TH', 'ER', 'AH', 'Z', 'EY', 'SH', 'AH', 'N']","['au', 'thor', 'iz', 'a', 'tion']",['authorization'],0.3076923076923077,5.5e-06,"[4, 34, 8, 3, 38, 9, 32, 3]"
psychological,"['S', 'AY', 'K', 'AH', 'L', 'AA', 'JH', 'IH', 'K', 'AH', 'L']","['psy', 'cho', 'lo', 'gic', 'al']",['psychological'],0.3076923076923077,1.86e-05,"[31, 6, 24, 3, 25, 1, 23, 10]"
documentation,"['D', 'AA', 'K', 'Y', 'AH', 'M', 'EH', 'N', 'T', 'EY', 'SH', 'AH', 'N']","['doc', 'u', 'ment', 'a', 'tion']",['documentation'],0.3076923076923077,8.91e-06,"[18, 1, 24, 37, 3, 26, 7, 27]"
opportunities,"['AA', 'P', 'ER', 'T', 'UW', 'N', 'AH', 'T', 'IY', 'Z']","['op', 'por', 'tun', 'it', 'ies']",['opportunities'],0.3076923076923077,4.07e-05,"[1, 29, 8, 33, 15, 27, 3, 33]"
administrator,"['AH', 'D', 'M', 'IH', 'N', 'AH', 'S', 'T', 'R', 'EY', 'T', 'ER']","['ad', 'min', 'is', 'trat', 'or']",['administrator'],0.3076923076923077,1.17e-05,"[3, 18, 26, 10, 27, 3, 31, 33]"
illustrations,"['IH', 'L', 'AH', 'S', 'T', 'R', 'EY', 'SH', 'AH', 'N', 'Z']","['il', 'lus', 'tra', 'tions']","['illustr', 'ations']",0.3076923076923077,7.41e-06,"[10, 25, 3, 31, 33, 30, 9, 32]"
participation,"['P', 'AA', 'R', 'T', 'IH', 'S', 'AH', 'P', 'EY', 'SH', 'AH', 'N']","['par', 'ti', 'cip', 'a', 'tion']",['participation'],0.3076923076923077,2.14e-05,"[29, 1, 30, 33, 10, 31, 3, 29]"
international,"['IH', 'N', 'T', 'ER', 'N', 'AE', 'SH', 'AH', 'N', 'AH', 'L']","['in', 'ter', 'na', 'tion', 'al']",['international'],0.3076923076923077,0.000229,"[10, 27, 33, 8, 27, 2, 32, 3]"
determination,"['D', 'IH', 'T', 'ER', 'M', 'AH', 'N', 'EY', 'SH', 'AH', 'N']","['de', 'term', 'in', 'a', 'tion']",['determination'],0.3076923076923077,1.45e-05,"[18, 10, 33, 8, 26, 3, 27, 9]"
complimentary,"['K', 'AA', 'M', 'P', 'L', 'AH', 'M', 'EH', 'N', 'T', 'ER', 'IY']","['com', 'pli', 'ment', 'ary']","['compl', 'imentary']",0.3076923076923077,2.24e-06,"[24, 1, 26, 29, 25, 3, 26, 7]"
contamination,"['K', 'AH', 'N', 'T', 'AE', 'M', 'AH', 'N', 'EY', 'SH', 'AH', 'N']","['con', 'tam', 'in', 'a', 'tion']",['contamination'],0.3076923076923077,5.01e-06,"[24, 3, 27, 33, 2, 26, 3, 27]"
controversial,"['K', 'AA', 'N', 'T', 'R', 'AH', 'V', 'ER', 'SH', 'AH', 'L']","['con', 'tro', 'ver', 'sial']","['cont', 'roversial']",0.3076923076923077,1.7e-05,"[24, 1, 27, 33, 30, 3, 35, 8]"
developmental,"['D', 'IH', 'V', 'EH', 'L', 'AH', 'P', 'M', 'EH', 'N', 'T', 'AH', 'L']","['de', 'vel', 'op', 'ment', 'al']",['developmental'],0.3076923076923077,6.03e-06,"[18, 10, 35, 7, 25, 3, 29, 26]"
complications,"['K', 'AA', 'M', 'P', 'L', 'AH', 'K', 'EY', 'SH', 'AH', 'N', 'Z']","['com', 'plic', 'a', 'tions']","['compl', 'ications']",0.3076923076923077,9.55e-06,"[24, 1, 26, 29, 25, 3, 24, 9]"
distributions,"['D', 'IH', 'S', 'T', 'R', 'AH', 'B', 'Y', 'UW', 'SH', 'AH', 'N', 'Z']","['dis', 'tri', 'bu', 'tions']","['d', 'istributions']",0.3076923076923077,3.24e-06,"[18, 10, 31, 33, 30, 3, 16, 37]"
photographers,"['F', 'AH', 'T', 'AA', 'G', 'R', 'AH', 'F', 'ER', 'Z']","['pho', 'to', 'graph', 'ers']","['phot', 'ographers']",0.3076923076923077,6.76e-06,"[20, 3, 33, 1, 21, 30, 3, 20]"
compatibility,"['K', 'AH', 'M', 'P', 'AE', 'T', 'AH', 'B', 'IH', 'L', 'AH', 'T', 'IY']","['com', 'pat', 'ib', 'il', 'ity']",['compatibility'],0.3076923076923077,3.89e-06,"[24, 3, 26, 29, 2, 33, 3, 16]"
configuration,"['K', 'AH', 'N', 'F', 'IH', 'G', 'Y', 'ER', 'EY', 'SH', 'AH', 'N']","['con', 'fig', 'ur', 'a', 'tion']",['configuration'],0.3076923076923077,9.33e-06,"[24, 3, 27, 20, 10, 21, 37, 8]"
practitioners,"['P', 'R', 'AE', 'K', 'T', 'IH', 'SH', 'AH', 'N', 'ER', 'Z']","['prac', 'ti', 'tion', 'ers']","['pract', 'itioners']",0.3076923076923077,6.31e-06,"[29, 30, 2, 24, 33, 10, 32, 3]"
conversations,"['K', 'AA', 'N', 'V', 'ER', 'S', 'EY', 'SH', 'AH', 'N', 'Z']","['con', 'ver', 'sa', 'tions']","['convers', 'ations']",0.3076923076923077,2e-05,"[24, 1, 27, 35, 8, 31, 9, 32]"
organizations,"['AO', 'R', 'G', 'AH', 'N', 'AH', 'Z', 'EY', 'SH', 'AH', 'N', 'Z']","['or', 'gan', 'iz', 'a', 'tions']",['organizations'],0.3076923076923077,4.68e-05,"[4, 30, 21, 3, 27, 3, 38, 9]"
modifications,"['M', 'AA', 'D', 'AH', 'F', 'AH', 'K', 'EY', 'SH', 'AH', 'N', 'Z']","['modi', 'fic', 'a', 'tions']","['mod', 'ifications']",0.3076923076923077,6.61e-06,"[26, 1, 18, 3, 20, 3, 24, 9]"
accessibility,"['AE', 'K', 'S', 'EH', 'S', 'AH', 'B', 'IH', 'L', 'IH', 'T', 'IY']","['ac', 'cess', 'ib', 'il', 'ity']",['accessibility'],0.3076923076923077,3.24e-06,"[2, 24, 31, 7, 31, 3, 16, 10]"
qualification,"['K', 'W', 'AA', 'L', 'AH', 'F', 'AH', 'K', 'EY', 'SH', 'AH', 'N']","['qual', 'i', 'fic', 'a', 'tion']",['qualification'],0.3076923076923077,7.59e-06,"[24, 36, 1, 25, 3, 20, 3, 24]"
institutional,"['IH', 'N', 'S', 'T', 'IH', 'T', 'UW', 'SH', 'AH', 'N', 'AH', 'L']","['in', 'sti', 'tu', 'tion', 'al']",['institutional'],0.3076923076923077,1e-05,"[10, 27, 31, 33, 10, 33, 15, 32]"
certification,"['S', 'ER', 'T', 'AH', 'F', 'AH', 'K', 'EY', 'SH', 'AH', 'N']","['cer', 'ti', 'fic', 'a', 'tion']",['certification'],0.3076923076923077,9.33e-06,"[31, 8, 33, 3, 20, 3, 24, 9]"
restructuring,"['R', 'IY', 'S', 'T', 'R', 'AH', 'K', 'CH', 'ER', 'IH', 'NG']","['re', 'struc', 'tur', 'ing']","['rest', 'ructuring']",0.3076923076923077,4.17e-06,"[30, 11, 31, 33, 30, 3, 24, 17]"
contributions,"['K', 'AA', 'N', 'T', 'R', 'AH', 'B', 'Y', 'UW', 'SH', 'AH', 'N', 'Z']","['con', 'tri', 'bu', 'tions']","['contribut', 'ions']",0.3076923076923077,2.19e-05,"[24, 1, 27, 33, 30, 3, 16, 37]"
manufacturing,"['M', 'AE', 'N', 'Y', 'AH', 'F', 'AE', 'K', 'CH', 'ER', 'IH', 'NG']","['man', 'u', 'fac', 'tur', 'ing']",['manufacturing'],0.3076923076923077,3.63e-05,"[26, 2, 27, 37, 3, 20, 2, 24]"
semiconductor,"['S', 'EH', 'M', 'IY', 'K', 'AH', 'N', 'D', 'AH', 'K', 'T', 'ER']","['semi', 'con', 'duct', 'or']","['sem', 'iconductor']",0.3076923076923077,3.39e-06,"[31, 7, 26, 11, 24, 3, 27, 18]"
notifications,"['N', 'OW', 'T', 'AH', 'F', 'AH', 'K', 'EY', 'SH', 'AH', 'N', 'Z']","['no', 'ti', 'fic', 'a', 'tions']",['notifications'],0.3076923076923077,4.57e-06,"[27, 12, 33, 3, 20, 3, 24, 9]"
environmental,"['IH', 'N', 'V', 'AY', 'R', 'AH', 'N', 'M', 'EH', 'N', 'T', 'AH', 'L']","['en', 'vir', 'on', 'ment', 'al']",['environmental'],0.3076923076923077,5.01e-05,"[10, 27, 35, 6, 30, 3, 27, 26]"
investigation,"['IH', 'N', 'V', 'EH', 'S', 'T', 'AH', 'G', 'EY', 'SH', 'AH', 'N']","['in', 'vest', 'ig', 'a', 'tion']",['investigation'],0.3076923076923077,5.62e-05,"[10, 27, 35, 7, 31, 33, 3, 21]"
communication,"['K', 'AH', 'M', 'Y', 'UW', 'N', 'AH', 'K', 'EY', 'SH', 'AH', 'N']","['com', 'mu', 'nic', 'a', 'tion']",['communication'],0.3076923076923077,4.79e-05,"[24, 3, 26, 37, 15, 27, 3, 24]"
inappropriate,"['IH', 'N', 'AH', 'P', 'R', 'OW', 'P', 'R', 'IY', 'IH', 'T']","['in', 'ap', 'pro', 'pri', 'ate']",['inappropriate'],0.3076923076923077,9.77e-06,"[10, 27, 3, 29, 30, 12, 29, 30]"
australian,"['AO', 'S', 'T', 'R', 'EY', 'L', 'Y', 'AH', 'N']","['aus', 'trali', 'an']","['a', 'ustralian']",0.3,8.51e-05,"[4, 31, 33, 30, 9, 25, 37, 3]"
nationally,"['N', 'AE', 'SH', 'AH', 'N', 'AH', 'L', 'IY']","['na', 'tion', 'ally']","['n', 'ationally']",0.3,6.92e-06,"[27, 2, 32, 3, 27, 3, 25, 11]"
allocation,"['AE', 'L', 'AH', 'K', 'EY', 'SH', 'AH', 'N']","['al', 'loc', 'a', 'tion']",['allocation'],0.3,5.5e-06,"[2, 25, 3, 24, 9, 32, 3, 27]"
attractive,"['AH', 'T', 'R', 'AE', 'K', 'T', 'IH', 'V']","['at', 'tract', 'ive']","['att', 'ractive']",0.3,3.39e-05,"[3, 33, 30, 2, 24, 33, 10, 35]"
pittsburgh,"['P', 'IH', 'T', 'S', 'B', 'ER', 'G']","['pitt', 's', 'burgh']","['p', 'ittsburgh']",0.3,1.35e-05,"[29, 10, 33, 31, 16, 8, 21, 0]"
editorials,"['EH', 'D', 'AH', 'T', 'AO', 'R', 'IY', 'AH', 'L', 'Z']","['ed', 'it', 'or', 'i', 'als']","['editor', 'ials']",0.3,1.05e-06,"[7, 18, 3, 33, 4, 30, 11, 3]"
calculator,"['K', 'AE', 'L', 'K', 'Y', 'AH', 'L', 'EY', 'T', 'ER']","['cal', 'cu', 'lat', 'or']",['calculator'],0.3,3.63e-06,"[24, 2, 25, 24, 37, 3, 25, 9]"
mysterious,"['M', 'IH', 'S', 'T', 'IH', 'R', 'IY', 'AH', 'S']","['mys', 'ter', 'i', 'ous']","['m', 'yster', 'ious']",0.3,1.48e-05,"[26, 10, 31, 33, 10, 30, 11, 3]"
individual,"['IH', 'N', 'D', 'AH', 'V', 'IH', 'JH', 'AH', 'W', 'AH', 'L']","['in', 'di', 'vidu', 'al']",['individual'],0.3,0.0001,"[10, 27, 18, 3, 35, 10, 23, 3]"
activation,"['AE', 'K', 'T', 'AH', 'V', 'EY', 'SH', 'AH', 'N']","['ac', 'tiv', 'a', 'tion']",['activation'],0.3,6.76e-06,"[2, 24, 33, 3, 35, 9, 32, 3]"
constitute,"['K', 'AA', 'N', 'S', 'T', 'AH', 'T', 'UW', 'T']","['con', 'sti', 'tute']","['const', 'itute']",0.3,7.08e-06,"[24, 1, 27, 31, 33, 3, 33, 15]"
discounted,"['D', 'IH', 'S', 'K', 'AW', 'N', 'T', 'IH', 'D']","['dis', 'coun', 'ted']","['discount', 'ed']",0.3,3.8e-06,"[18, 10, 31, 24, 5, 27, 33, 10]"
artificial,"['AA', 'R', 'T', 'AH', 'F', 'IH', 'SH', 'AH', 'L']","['ar', 'ti', 'fi', 'cial']",['artificial'],0.3,1.74e-05,"[1, 30, 33, 3, 20, 10, 32, 3]"
biological,"['B', 'AY', 'AH', 'L', 'AA', 'JH', 'IH', 'K', 'AH', 'L']","['bio', 'lo', 'gic', 'al']",['biological'],0.3,2.04e-05,"[16, 6, 3, 25, 1, 23, 10, 24]"
attraction,"['AH', 'T', 'R', 'AE', 'K', 'SH', 'AH', 'N']","['at', 'trac', 'tion']","['att', 'raction']",0.3,1.29e-05,"[3, 33, 30, 2, 24, 32, 3, 27]"
photograph,"['F', 'OW', 'T', 'AH', 'G', 'R', 'AE', 'F']","['pho', 'to', 'graph']","['phot', 'ograph']",0.3,1.7e-05,"[20, 12, 33, 3, 21, 30, 2, 20]"
obituaries,"['OW', 'B', 'IH', 'CH', 'UW', 'EH', 'R', 'IY', 'Z']","['ob', 'it', 'u', 'ar', 'ies']","['ob', 'ituaries']",0.3,6.76e-07,"[12, 16, 10, 17, 15, 7, 30, 11]"
discussing,"['D', 'IH', 'S', 'K', 'AH', 'S', 'IH', 'NG']","['dis', 'cuss', 'ing']","['disc', 'ussing']",0.3,1.7e-05,"[18, 10, 31, 24, 3, 31, 10, 28]"
relatively,"['R', 'EH', 'L', 'AH', 'T', 'IH', 'V', 'L', 'IY']","['re', 'l', 'at', 'ively']",['relatively'],0.3,4.57e-05,"[30, 7, 25, 3, 33, 10, 35, 25]"
wellington,"['W', 'EH', 'L', 'IH', 'NG', 'T', 'AH', 'N']","['wel', 'ling', 'ton']","['w', 'ellington']",0.3,6.61e-06,"[36, 7, 25, 10, 28, 33, 3, 27]"
mechanical,"['M', 'AH', 'K', 'AE', 'N', 'IH', 'K', 'AH', 'L']","['mech', 'an', 'ic', 'al']",['mechanical'],0.3,2.14e-05,"[26, 3, 24, 2, 27, 10, 24, 3]"
generating,"['JH', 'EH', 'N', 'ER', 'EY', 'T', 'IH', 'NG']","['gen', 'er', 'at', 'ing']",['generating'],0.3,9.77e-06,"[23, 7, 27, 8, 9, 33, 10, 28]"
christians,"['K', 'R', 'IH', 'S', 'CH', 'AH', 'N', 'Z']","['chris', 'ti', 'ans']","['christ', 'ians']",0.3,2.34e-05,"[24, 30, 10, 31, 17, 3, 27, 38]"
psychiatry,"['S', 'AY', 'K', 'AY', 'AH', 'T', 'R', 'IY']","['psy', 'chi', 'atry']","['psych', 'iatry']",0.3,3.63e-06,"[31, 6, 24, 6, 3, 33, 30, 11]"
continuing,"['K', 'AH', 'N', 'T', 'IH', 'N', 'Y', 'UW', 'IH', 'NG']","['con', 'tinu', 'ing']","['contin', 'uing']",0.3,3.02e-05,"[24, 3, 27, 33, 10, 27, 37, 15]"
provincial,"['P', 'R', 'AH', 'V', 'IH', 'N', 'SH', 'AH', 'L']","['pro', 'vin', 'cial']","['prov', 'incial']",0.3,1.2e-05,"[29, 30, 3, 35, 10, 27, 32, 3]"
trademarks,"['T', 'R', 'EY', 'D', 'M', 'AA', 'R', 'K', 'S']","['trade', 'marks']","['tr', 'adem', 'arks']",0.3,2e-06,"[33, 30, 9, 18, 26, 1, 30, 24]"
impressive,"['IH', 'M', 'P', 'R', 'EH', 'S', 'IH', 'V']","['im', 'press', 'ive']","['imp', 'ressive']",0.3,2.95e-05,"[10, 26, 29, 30, 7, 31, 10, 35]"
adaptation,"['AE', 'D', 'AH', 'P', 'T', 'EY', 'SH', 'AH', 'N']","['ad', 'apt', 'a', 'tion']",['adaptation'],0.3,1.02e-05,"[2, 18, 3, 29, 33, 9, 32, 3]"
initiative,"['IH', 'N', 'IH', 'SH', 'AH', 'T', 'IH', 'V']","['ini', 'ti', 'at', 'ive']",['initiative'],0.3,2.29e-05,"[10, 27, 10, 32, 3, 33, 10, 35]"
underlying,"['AH', 'N', 'D', 'ER', 'L', 'AY', 'IH', 'NG']","['un', 'der', 'ly', 'ing']",['underlying'],0.3,1.48e-05,"[3, 27, 18, 8, 25, 6, 10, 28]"
repository,"['R', 'IY', 'P', 'AA', 'Z', 'AH', 'T', 'AO', 'R', 'IY']","['re', 'pos', 'it', 'ory']",['repository'],0.3,2.69e-06,"[30, 11, 29, 1, 38, 3, 33, 4]"
automotive,"['AO', 'T', 'AH', 'M', 'OW', 'T', 'IH', 'V']","['auto', 'mot', 'ive']","['autom', 'otive']",0.3,8.51e-06,"[4, 33, 3, 26, 12, 33, 10, 35]"
developing,"['D', 'IH', 'V', 'EH', 'L', 'AH', 'P', 'IH', 'NG']","['de', 'vel', 'op', 'ing']",['developing'],0.3,4.57e-05,"[18, 10, 35, 7, 25, 3, 29, 10]"
regulatory,"['R', 'EH', 'G', 'Y', 'AH', 'L', 'AH', 'T', 'AO', 'R', 'IY']","['reg', 'u', 'lat', 'ory']",['regulatory'],0.3,1.7e-05,"[30, 7, 21, 37, 3, 25, 3, 33]"
expiration,"['EH', 'K', 'S', 'P', 'ER', 'EY', 'SH', 'AH', 'N']","['ex', 'pir', 'a', 'tion']",['expiration'],0.3,3.02e-06,"[7, 24, 31, 29, 8, 9, 32, 3]"
mozambique,"['M', 'OW', 'Z', 'AE', 'M', 'B', 'IY', 'K']","['mozam', 'bi', 'que']","['moz', 'ambique']",0.3,1.95e-06,"[26, 12, 38, 2, 26, 16, 11, 24]"
publishers,"['P', 'AH', 'B', 'L', 'IH', 'SH', 'ER', 'Z']","['pub', 'lish', 'ers']","['publisher', 's']",0.3,1.17e-05,"[29, 3, 16, 25, 10, 32, 8, 38]"
consisting,"['K', 'AH', 'N', 'S', 'IH', 'S', 'T', 'IH', 'NG']","['con', 'sist', 'ing']","['cons', 'isting']",0.3,1.23e-05,"[24, 3, 27, 31, 10, 31, 33, 10]"
ecological,"['IY', 'K', 'AH', 'L', 'AA', 'JH', 'IH', 'K', 'AH', 'L']","['eco', 'lo', 'gic', 'al']",['ecological'],0.3,6.03e-06,"[11, 24, 3, 25, 1, 23, 10, 24]"
horizontal,"['HH', 'AO', 'R', 'AH', 'Z', 'AA', 'N', 'T', 'AH', 'L']","['ho', 'ri', 'zont', 'al']",['horizontal'],0.3,7.94e-06,"[22, 4, 30, 3, 38, 1, 27, 33]"
descending,"['D', 'IH', 'S', 'EH', 'N', 'D', 'IH', 'NG']","['des', 'cend', 'ing']","['desc', 'ending']",0.3,3.24e-06,"[18, 10, 31, 7, 27, 18, 10, 28]"
revelation,"['R', 'EH', 'V', 'AH', 'L', 'EY', 'SH', 'AH', 'N']","['rev', 'el', 'a', 'tion']","['re', 'vel', 'ation']",0.3,9.12e-06,"[30, 7, 35, 3, 25, 9, 32, 3]"
helicopter,"['HH', 'EH', 'L', 'IH', 'K', 'AA', 'P', 'T', 'ER']","['heli', 'copter']","['he', 'lic', 'opter']",0.3,1.35e-05,"[22, 7, 25, 10, 24, 1, 29, 33]"
historical,"['HH', 'IH', 'S', 'T', 'AO', 'R', 'IH', 'K', 'AH', 'L']","['his', 'tor', 'ic', 'al']",['historical'],0.3,4.9e-05,"[22, 10, 31, 33, 4, 30, 10, 24]"
immigrants,"['IH', 'M', 'AH', 'G', 'R', 'AH', 'N', 'T', 'S']","['im', 'mig', 'rants']","['imm', 'igrants']",0.3,2.34e-05,"[10, 26, 3, 21, 30, 3, 27, 33]"
likelihood,"['L', 'AY', 'K', 'L', 'IY', 'HH', 'UH', 'D']","['like', 'li', 'hood']","['lik', 'elihood']",0.3,8.13e-06,"[25, 6, 24, 25, 11, 22, 14, 18]"
generators,"['JH', 'EH', 'N', 'ER', 'EY', 'T', 'ER', 'Z']","['gen', 'er', 'at', 'ors']",['generators'],0.3,4.37e-06,"[23, 7, 27, 8, 9, 33, 8, 38]"
motivation,"['M', 'OW', 'T', 'AH', 'V', 'EY', 'SH', 'AH', 'N']","['mo', 'tiv', 'a', 'tion']",['motivation'],0.3,1.66e-05,"[26, 12, 33, 3, 35, 9, 32, 3]"
compromise,"['K', 'AA', 'M', 'P', 'R', 'AH', 'M', 'AY', 'Z']","['com', 'prom', 'ise']","['comp', 'romise']",0.3,1.41e-05,"[24, 1, 26, 29, 30, 3, 26, 6]"
ultimately,"['AH', 'L', 'T', 'AH', 'M', 'AH', 'T', 'L', 'IY']","['ul', 'ti', 'mately']","['ult', 'imately']",0.3,3.72e-05,"[3, 25, 33, 3, 26, 3, 33, 25]"
essentials,"['EH', 'S', 'EH', 'N', 'CH', 'AH', 'L', 'Z']","['es', 'sen', 'tials']","['ess', 'entials']",0.3,3.72e-06,"[7, 31, 7, 27, 17, 3, 25, 38]"
portuguese,"['P', 'AO', 'R', 'CH', 'AH', 'G', 'IY', 'Z']","['por', 'tuguese']","['port', 'ug', 'uese']",0.3,1.07e-05,"[29, 4, 30, 17, 3, 21, 11, 38]"
reputation,"['R', 'EH', 'P', 'Y', 'AH', 'T', 'EY', 'SH', 'AH', 'N']","['repu', 'ta', 'tion']","['re', 'putation']",0.3,2.95e-05,"[30, 7, 29, 37, 3, 33, 9, 32]"
monitoring,"['M', 'AA', 'N', 'AH', 'T', 'ER', 'IH', 'NG']","['mon', 'it', 'or', 'ing']",['monitoring'],0.3,2.19e-05,"[26, 1, 27, 3, 33, 8, 10, 28]"
psychology,"['S', 'AY', 'K', 'AA', 'L', 'AH', 'JH', 'IY']","['psy', 'cho', 'logy']","['psych', 'ology']",0.3,2.04e-05,"[31, 6, 24, 1, 25, 3, 23, 11]"
peripheral,"['P', 'ER', 'IH', 'F', 'ER', 'AH', 'L']","['peri', 'pher', 'al']","['per', 'ipheral']",0.3,4.57e-06,"[29, 8, 10, 20, 8, 3, 25, 0]"
unexpected,"['AH', 'N', 'IH', 'K', 'S', 'P', 'EH', 'K', 'T', 'IH', 'D']","['un', 'ex', 'pec', 'ted']",['unexpected'],0.3,1.7e-05,"[3, 27, 10, 24, 31, 29, 7, 24]"
federation,"['F', 'EH', 'D', 'ER', 'EY', 'SH', 'AH', 'N']","['fed', 'er', 'a', 'tion']",['federation'],0.3,1.82e-05,"[20, 7, 18, 8, 9, 32, 3, 27]"
experiment,"['IH', 'K', 'S', 'P', 'EH', 'R', 'AH', 'M', 'AH', 'N', 'T']","['ex', 'per', 'i', 'ment']",['experiment'],0.3,2.4e-05,"[10, 24, 31, 29, 7, 30, 3, 26]"
wilderness,"['W', 'IH', 'L', 'D', 'ER', 'N', 'AH', 'S']","['wil', 'der', 'ness']","['wild', 'erness']",0.3,8.91e-06,"[36, 10, 25, 18, 8, 27, 3, 31]"
subsidiary,"['S', 'AH', 'B', 'S', 'IH', 'D', 'IY', 'EH', 'R', 'IY']","['sub', 'si', 'di', 'ary']","['subs', 'idi', 'ary']",0.3,8.32e-06,"[31, 3, 16, 31, 10, 18, 11, 7]"
volkswagen,"['V', 'OW', 'L', 'K', 'S', 'W', 'AE', 'G', 'AH', 'N']","['volk', 'swa', 'gen']","['vol', 'kswagen']",0.3,3.16e-06,"[35, 12, 25, 24, 31, 36, 2, 21]"
yugoslavia,"['Y', 'UW', 'G', 'OW', 'S', 'L', 'AA', 'V', 'IY', 'AH']",['yugoslavia'],"['y', 'ug', 'osl', 'avia']",0.3,3.16e-06,"[37, 15, 21, 12, 31, 25, 1, 35]"
associated,"['AH', 'S', 'OW', 'S', 'IY', 'EY', 'T', 'AH', 'D']","['as', 'so', 'ci', 'ated']",['associated'],0.3,7.76e-05,"[3, 31, 12, 31, 11, 9, 33, 3]"
industrial,"['IH', 'N', 'D', 'AH', 'S', 'T', 'R', 'IY', 'AH', 'L']","['in', 'dus', 'tri', 'al']",['industrial'],0.3,5.13e-05,"[10, 27, 18, 3, 31, 33, 30, 11]"
promotions,"['P', 'R', 'AH', 'M', 'OW', 'SH', 'AH', 'N', 'Z']","['pro', 'mo', 'tions']","['prom', 'otions']",0.3,6.03e-06,"[29, 30, 3, 26, 12, 32, 3, 27]"
capability,"['K', 'EY', 'P', 'AH', 'B', 'IH', 'L', 'AH', 'T', 'IY']","['cap', 'ab', 'il', 'ity']",['capability'],0.3,1.17e-05,"[24, 9, 29, 3, 16, 10, 25, 3]"
regulation,"['R', 'EH', 'G', 'Y', 'AH', 'L', 'EY', 'SH', 'AH', 'N']","['reg', 'u', 'la', 'tion']",['regulation'],0.3,2.4e-05,"[30, 7, 21, 37, 3, 25, 9, 32]"
quotations,"['K', 'W', 'OW', 'T', 'EY', 'SH', 'AH', 'N', 'Z']","['quo', 'ta', 'tions']","['quot', 'ations']",0.3,1.95e-06,"[24, 36, 12, 33, 9, 32, 3, 27]"
indicators,"['IH', 'N', 'D', 'AH', 'K', 'EY', 'T', 'ER', 'Z']","['in', 'dic', 'at', 'ors']",['indicators'],0.3,6.76e-06,"[10, 27, 18, 3, 24, 9, 33, 8]"
creativity,"['K', 'R', 'IY', 'EY', 'T', 'IH', 'V', 'AH', 'T', 'IY']","['cre', 'ativ', 'ity']","['creat', 'ivity']",0.3,1.02e-05,"[24, 30, 11, 9, 33, 10, 35, 3]"
describing,"['D', 'IH', 'S', 'K', 'R', 'AY', 'B', 'IH', 'NG']","['de', 'scrib', 'ing']","['des', 'cribing']",0.3,1.7e-05,"[18, 10, 31, 24, 30, 6, 16, 10]"
kilometers,"['K', 'AH', 'L', 'AA', 'M', 'AH', 'T', 'ER', 'Z']","['kilo', 'met', 'ers']","['kil', 'ometers']",0.3,6.61e-06,"[24, 3, 25, 1, 26, 3, 33, 8]"
undertaken,"['AH', 'N', 'D', 'ER', 'T', 'EY', 'K', 'AH', 'N']","['un', 'der', 'taken']","['undert', 'aken']",0.3,7.08e-06,"[3, 27, 18, 8, 33, 9, 24, 3]"
purchasing,"['P', 'ER', 'CH', 'AH', 'S', 'IH', 'NG']","['pur', 'chas', 'ing']","['purch', 'asing']",0.3,1.15e-05,"[29, 8, 17, 3, 31, 10, 28, 0]"
california,"['K', 'AE', 'L', 'AH', 'F', 'AO', 'R', 'N', 'Y', 'AH']","['cali', 'for', 'nia']","['cal', 'ifornia']",0.3,0.0001,"[24, 2, 25, 3, 20, 4, 30, 27]"
volunteers,"['V', 'AA', 'L', 'AH', 'N', 'T', 'IH', 'R', 'Z']","['vo', 'lun', 'teers']","['volunte', 'ers']",0.3,1.95e-05,"[35, 1, 25, 3, 27, 33, 10, 30]"
invitation,"['IH', 'N', 'V', 'IH', 'T', 'EY', 'SH', 'AH', 'N']","['in', 'vit', 'a', 'tion']",['invitation'],0.3,1.38e-05,"[10, 27, 35, 10, 33, 9, 32, 3]"
geographic,"['JH', 'IY', 'AH', 'G', 'R', 'AE', 'F', 'IH', 'K']","['geo', 'graph', 'ic']","['ge', 'ographic']",0.3,9.33e-06,"[23, 11, 3, 21, 30, 2, 20, 10]"
population,"['P', 'AA', 'P', 'Y', 'AH', 'L', 'EY', 'SH', 'AH', 'N']","['pop', 'u', 'la', 'tion']",['population'],0.3,0.000102,"[29, 1, 29, 37, 3, 25, 9, 32]"
navigation,"['N', 'AE', 'V', 'AH', 'G', 'EY', 'SH', 'AH', 'N']","['nav', 'ig', 'a', 'tion']",['navigation'],0.3,1.07e-05,"[27, 2, 35, 3, 21, 9, 32, 3]"
operations,"['AA', 'P', 'ER', 'EY', 'SH', 'AH', 'N', 'Z']","['op', 'er', 'a', 'tions']",['operations'],0.3,7.41e-05,"[1, 29, 8, 9, 32, 3, 27, 38]"
simulation,"['S', 'IH', 'M', 'Y', 'AH', 'L', 'EY', 'SH', 'AH', 'N']","['sim', 'u', 'la', 'tion']",['simulation'],0.3,8.71e-06,"[31, 10, 26, 37, 3, 25, 9, 32]"
indonesian,"['IH', 'N', 'D', 'OW', 'N', 'IY', 'ZH', 'AH', 'N']","['in', 'done', 'sian']","['ind', 'onesian']",0.3,7.76e-06,"[10, 27, 18, 12, 27, 11, 39, 3]"
affiliated,"['AH', 'F', 'IH', 'L', 'IY', 'EY', 'T', 'AH', 'D']","['af', 'fil', 'i', 'ated']",['affiliated'],0.3,9.12e-06,"[3, 20, 10, 25, 11, 9, 33, 3]"
chancellor,"['CH', 'AE', 'N', 'S', 'AH', 'L', 'ER']","['chan', 'cel', 'lor']","['ch', 'ancellor']",0.3,1.35e-05,"[17, 2, 27, 31, 3, 25, 8, 0]"
occupation,"['AA', 'K', 'Y', 'AH', 'P', 'EY', 'SH', 'AH', 'N']","['oc', 'cu', 'pa', 'tion']",['occupation'],0.3,1.58e-05,"[1, 24, 37, 3, 29, 9, 32, 3]"
architects,"['AA', 'R', 'K', 'AH', 'T', 'EH', 'K', 'T', 'S']","['ar', 'chi', 'tects']","['architect', 's']",0.3,8.13e-06,"[1, 30, 24, 3, 33, 7, 24, 33]"
legitimate,"['L', 'AH', 'JH', 'IH', 'T', 'AH', 'M', 'AH', 'T']","['le', 'git', 'im', 'ate']",['legitimate'],0.3,1.66e-05,"[25, 3, 23, 10, 33, 3, 26, 3]"
sacramento,"['S', 'AE', 'K', 'R', 'AH', 'M', 'EH', 'N', 'T', 'OW']","['sac', 'ra', 'mento']","['sacr', 'amento']",0.3,7.24e-06,"[31, 2, 24, 30, 3, 26, 7, 27]"
cincinnati,"['S', 'IH', 'N', 'S', 'AH', 'N', 'AE', 'T', 'IY']","['cin', 'cin', 'nati']","['c', 'incinnati']",0.3,9.12e-06,"[31, 10, 27, 31, 3, 27, 2, 33]"
antarctica,"['AE', 'N', 'T', 'AA', 'R', 'K', 'T', 'IH', 'K', 'AH']","['ant', 'arc', 'tica']","['antar', 'ctica']",0.3,3.39e-06,"[2, 27, 33, 1, 30, 24, 33, 10]"
completing,"['K', 'AH', 'M', 'P', 'L', 'IY', 'T', 'IH', 'NG']","['com', 'plet', 'ing']","['comple', 'ting']",0.3,1.15e-05,"[24, 3, 26, 29, 25, 11, 33, 10]"
reductions,"['R', 'IY', 'D', 'AH', 'K', 'SH', 'AH', 'N', 'Z']","['re', 'duc', 'tions']","['red', 'uctions']",0.3,4.27e-06,"[30, 11, 18, 3, 24, 32, 3, 27]"
cumulative,"['K', 'Y', 'UW', 'M', 'Y', 'AH', 'L', 'AH', 'T', 'IH', 'V']","['cu', 'mu', 'lat', 'ive']",['cumulative'],0.3,3.55e-06,"[24, 37, 15, 26, 37, 3, 25, 3]"
explicitly,"['IH', 'K', 'S', 'P', 'L', 'IH', 'S', 'AH', 'T', 'L', 'IY']","['ex', 'pli', 'citly']","['explicit', 'ly']",0.3,9.12e-06,"[10, 24, 31, 29, 25, 10, 31, 3]"
vulnerable,"['V', 'AH', 'L', 'N', 'ER', 'AH', 'B', 'AH', 'L']","['vul', 'ner', 'able']","['v', 'ulnerable']",0.3,1.62e-05,"[35, 3, 25, 27, 8, 3, 16, 3]"
evaluating,"['IH', 'V', 'AE', 'L', 'Y', 'UW', 'EY', 'T', 'IH', 'NG']","['eval', 'u', 'at', 'ing']",['evaluating'],0.3,5.01e-06,"[10, 35, 2, 25, 37, 15, 9, 33]"
warranties,"['W', 'AO', 'R', 'AH', 'N', 'T', 'IY', 'Z']","['war', 'ranties']","['w', 'arrant', 'ies']",0.3,8.32e-07,"[36, 4, 30, 3, 27, 33, 11, 38]"
introduces,"['IH', 'N', 'T', 'R', 'AH', 'D', 'UW', 'S', 'IH', 'Z']","['in', 'tro', 'duces']","['introdu', 'ces']",0.3,6.31e-06,"[10, 27, 33, 30, 3, 18, 15, 31]"
identifies,"['AY', 'D', 'EH', 'N', 'T', 'AH', 'F', 'AY', 'Z']","['iden', 'ti', 'fies']","['ident', 'ifies']",0.3,5.62e-06,"[6, 18, 7, 27, 33, 3, 20, 6]"
vocabulary,"['V', 'OW', 'K', 'AE', 'B', 'Y', 'AH', 'L', 'EH', 'R', 'IY']","['vocab', 'u', 'lary']","['voc', 'abulary']",0.3,6.61e-06,"[35, 12, 24, 2, 16, 37, 3, 25]"
generation,"['JH', 'EH', 'N', 'ER', 'EY', 'SH', 'AH', 'N']","['gen', 'er', 'a', 'tion']",['generation'],0.3,6.61e-05,"[23, 7, 27, 8, 9, 32, 3, 27]"
innovation,"['IH', 'N', 'AH', 'V', 'EY', 'SH', 'AH', 'N']","['in', 'nov', 'a', 'tion']",['innovation'],0.3,2.09e-05,"[10, 27, 3, 35, 9, 32, 3, 27]"
experience,"['IH', 'K', 'S', 'P', 'IH', 'R', 'IY', 'AH', 'N', 'S']","['ex', 'per', 'i', 'ence']",['experience'],0.3,0.000186,"[10, 24, 31, 29, 10, 30, 11, 3]"
validation,"['V', 'AE', 'L', 'AH', 'D', 'EY', 'SH', 'AH', 'N']","['val', 'id', 'a', 'tion']",['validation'],0.3,4.79e-06,"[35, 2, 25, 3, 18, 9, 32, 3]"
fellowship,"['F', 'EH', 'L', 'OW', 'SH', 'IH', 'P']","['fel', 'low', 'ship']","['fell', 'owship']",0.3,7.24e-06,"[20, 7, 25, 12, 32, 10, 29, 0]"
resolution,"['R', 'EH', 'Z', 'AH', 'L', 'UW', 'SH', 'AH', 'N']","['res', 'ol', 'u', 'tion']",['resolution'],0.3,3.89e-05,"[30, 7, 38, 3, 25, 15, 32, 3]"
institutes,"['IH', 'N', 'S', 'T', 'AH', 'T', 'UW', 'T', 'S']","['in', 'sti', 'tutes']","['inst', 'itutes']",0.3,5.25e-06,"[10, 27, 31, 33, 3, 33, 15, 33]"
explaining,"['IH', 'K', 'S', 'P', 'L', 'EY', 'N', 'IH', 'NG']","['ex', 'plain', 'ing']","['expl', 'aining']",0.3,1.7e-05,"[10, 24, 31, 29, 25, 9, 27, 10]"
simplified,"['S', 'IH', 'M', 'P', 'L', 'AH', 'F', 'AY', 'D']","['sim', 'pli', 'fied']","['simpl', 'ified']",0.3,4.9e-06,"[31, 10, 26, 29, 25, 3, 20, 6]"
comparison,"['K', 'AH', 'M', 'P', 'EH', 'R', 'AH', 'S', 'AH', 'N']","['com', 'par', 'is', 'on']",['comparison'],0.3,3.24e-05,"[24, 3, 26, 29, 7, 30, 3, 31]"
identifier,"['AY', 'D', 'EH', 'N', 'T', 'AH', 'F', 'AY', 'ER']","['iden', 'ti', 'fi', 'er']",['identifier'],0.3,1.32e-06,"[6, 18, 7, 27, 33, 3, 20, 6]"
difficulty,"['D', 'IH', 'F', 'AH', 'K', 'AH', 'L', 'T', 'IY']","['dif', 'fi', 'culty']","['difficult', 'y']",0.3,2.14e-05,"[18, 10, 20, 3, 24, 3, 25, 33]"
birmingham,"['B', 'ER', 'M', 'IH', 'NG', 'HH', 'AE', 'M']","['birm', 'ing', 'ham']","['b', 'irmingham']",0.3,1.51e-05,"[16, 8, 26, 10, 28, 22, 2, 26]"
excitement,"['IH', 'K', 'S', 'AY', 'T', 'M', 'AH', 'N', 'T']","['ex', 'cite', 'ment']","['exc', 'itement']",0.3,1.55e-05,"[10, 24, 31, 6, 33, 26, 3, 27]"
indication,"['IH', 'N', 'D', 'AH', 'K', 'EY', 'SH', 'AH', 'N']","['in', 'dic', 'a', 'tion']",['indication'],0.3,1.15e-05,"[10, 27, 18, 3, 24, 9, 32, 3]"
kazakhstan,"['K', 'AA', 'Z', 'AA', 'K', 'S', 'T', 'AA', 'N']","['kaza', 'kh', 'stan']","['k', 'az', 'akh', 'stan']",0.3,3.72e-06,"[24, 1, 38, 1, 24, 31, 33, 1]"
organizing,"['AO', 'R', 'G', 'AH', 'N', 'AY', 'Z', 'IH', 'NG']","['or', 'gan', 'iz', 'ing']",['organizing'],0.3,9.33e-06,"[4, 30, 21, 3, 27, 6, 38, 10]"
thoroughly,"['TH', 'ER', 'OW', 'L', 'IY']","['thor', 'oughly']","['th', 'orough', 'ly']",0.3,1.23e-05,"[34, 8, 12, 25, 11, 0, 0, 0]"
metabolism,"['M', 'AH', 'T', 'AE', 'B', 'AH', 'L', 'IH', 'Z', 'AH', 'M']","['meta', 'bol', 'ism']","['met', 'abolism']",0.3,6.03e-06,"[26, 3, 33, 2, 16, 3, 25, 10]"
passengers,"['P', 'AE', 'S', 'AH', 'N', 'JH', 'ER', 'Z']","['pas', 'sen', 'gers']","['pass', 'engers']",0.3,2.19e-05,"[29, 2, 31, 3, 27, 23, 8, 38]"
opposition,"['AA', 'P', 'AH', 'Z', 'IH', 'SH', 'AH', 'N']","['op', 'pos', 'i', 'tion']",['opposition'],0.3,3.72e-05,"[1, 29, 3, 38, 10, 32, 3, 27]"
newspapers,"['N', 'UW', 'Z', 'P', 'EY', 'P', 'ER', 'Z']","['news', 'pa', 'pers']","['new', 'spapers']",0.3,1.78e-05,"[27, 15, 38, 29, 9, 29, 8, 38]"
assumption,"['AH', 'S', 'AH', 'M', 'P', 'SH', 'AH', 'N']","['as', 'sump', 'tion']","['ass', 'umption']",0.3,1.17e-05,"[3, 31, 3, 26, 29, 32, 3, 27]"
supporters,"['S', 'AH', 'P', 'AO', 'R', 'T', 'ER', 'Z']","['sup', 'port', 'ers']","['supp', 'orters']",0.3,2.88e-05,"[31, 3, 29, 4, 30, 33, 8, 38]"
technician,"['T', 'EH', 'K', 'N', 'IH', 'SH', 'AH', 'N']","['tech', 'ni', 'cian']","['techn', 'ician']",0.3,5.01e-06,"[33, 7, 24, 27, 10, 32, 3, 27]"
suspension,"['S', 'AH', 'S', 'P', 'EH', 'N', 'SH', 'AH', 'N']","['sus', 'pen', 'sion']","['susp', 'ension']",0.3,1.74e-05,"[31, 3, 31, 29, 7, 27, 32, 3]"
recipients,"['R', 'IH', 'S', 'IH', 'P', 'IY', 'AH', 'N', 'T', 'S']","['re', 'cip', 'i', 'ents']",['recipients'],0.3,6.61e-06,"[30, 10, 31, 10, 29, 11, 3, 27]"
traditions,"['T', 'R', 'AH', 'D', 'IH', 'SH', 'AH', 'N', 'Z']","['tra', 'di', 'tions']","['trad', 'itions']",0.3,1.26e-05,"[33, 30, 3, 18, 10, 32, 3, 27]"
facilities,"['F', 'AH', 'S', 'IH', 'L', 'AH', 'T', 'IY', 'Z']","['fa', 'cil', 'it', 'ies']",['facilities'],0.3,4.57e-05,"[20, 3, 31, 10, 25, 3, 33, 11]"
particular,"['P', 'ER', 'T', 'IH', 'K', 'Y', 'AH', 'L', 'ER']","['par', 'tic', 'u', 'lar']",['particular'],0.3,0.0001,"[29, 8, 33, 10, 24, 37, 3, 25]"
accomplish,"['AH', 'K', 'AA', 'M', 'P', 'L', 'IH', 'SH']","['ac', 'com', 'plish']","['accompl', 'ish']",0.3,1.12e-05,"[3, 24, 1, 26, 29, 25, 10, 32]"
visibility,"['V', 'IH', 'Z', 'AH', 'B', 'IH', 'L', 'IH', 'T', 'IY']","['vis', 'ib', 'il', 'ity']",['visibility'],0.3,6.03e-06,"[35, 10, 38, 3, 16, 10, 25, 10]"
industries,"['IH', 'N', 'D', 'AH', 'S', 'T', 'R', 'IY', 'Z']","['in', 'dus', 'tries']","['indust', 'ries']",0.3,2.63e-05,"[10, 27, 18, 3, 31, 33, 30, 11]"
researcher,"['R', 'IY', 'S', 'ER', 'CH', 'ER']","['re', 'search', 'er']","['resear', 'cher']",0.3,8.32e-06,"[30, 11, 31, 8, 17, 8, 0, 0]"
continuity,"['K', 'AA', 'N', 'T', 'AH', 'N', 'UW', 'AH', 'T', 'IY']","['con', 'tinu', 'ity']","['contin', 'uity']",0.3,5.89e-06,"[24, 1, 27, 33, 3, 27, 15, 3]"
infectious,"['IH', 'N', 'F', 'EH', 'K', 'SH', 'AH', 'S']","['in', 'fec', 'tious']","['infect', 'ious']",0.3,6.46e-06,"[10, 27, 20, 7, 24, 32, 3, 31]"
analytical,"['AE', 'N', 'AH', 'L', 'IH', 'T', 'IH', 'K', 'AH', 'L']","['ana', 'lyt', 'ic', 'al']",['analytical'],0.3,5.37e-06,"[2, 27, 3, 25, 10, 33, 10, 24]"
additional,"['AH', 'D', 'IH', 'SH', 'AH', 'N', 'AH', 'L']","['ad', 'di', 'tion', 'al']",['additional'],0.3,9.55e-05,"[3, 18, 10, 32, 3, 27, 3, 25]"
vegetarian,"['V', 'EH', 'JH', 'AH', 'T', 'EH', 'R', 'IY', 'AH', 'N']","['ve', 'get', 'ari', 'an']",['vegetarian'],0.3,6.03e-06,"[35, 7, 23, 3, 33, 7, 30, 11]"
tremendous,"['T', 'R', 'AH', 'M', 'EH', 'N', 'D', 'AH', 'S']","['tre', 'mend', 'ous']","['trem', 'endous']",0.3,1.17e-05,"[33, 30, 3, 26, 7, 27, 18, 3]"
obligation,"['AA', 'B', 'L', 'AH', 'G', 'EY', 'SH', 'AH', 'N']","['ob', 'lig', 'a', 'tion']",['obligation'],0.3,1.17e-05,"[1, 16, 25, 3, 21, 9, 32, 3]"
configurations,"['K', 'AH', 'N', 'F', 'IH', 'G', 'Y', 'ER', 'EY', 'SH', 'AH', 'N', 'Z']","['con', 'fig', 'ur', 'a', 'tions']",['configurations'],0.2857142857142857,2.82e-06,"[24, 3, 27, 20, 10, 21, 37, 8]"
belgium,"['B', 'EH', 'L', 'JH', 'AH', 'M']","['bel', 'gi', 'um']","['bel', 'g', 'ium']",0.2857142857142857,1.41e-05,"[16, 7, 25, 23, 3, 26, 0, 0]"
cottage,"['K', 'AA', 'T', 'AH', 'JH']","['cot', 'tage']","['c', 'ottage']",0.2857142857142857,1e-05,"[24, 1, 33, 3, 23, 0, 0, 0]"
costume,"['K', 'AA', 'S', 'T', 'UW', 'M']","['cos', 'tume']","['cost', 'ume']",0.2857142857142857,1.51e-05,"[24, 1, 31, 33, 15, 26, 0, 0]"
ethical,"['EH', 'TH', 'AH', 'K', 'AH', 'L']","['eth', 'ic', 'al']",['ethical'],0.2857142857142857,1.17e-05,"[7, 34, 3, 24, 3, 25, 0, 0]"
existed,"['IH', 'G', 'Z', 'IH', 'S', 'T', 'AH', 'D']","['ex', 'is', 'ted']",['existed'],0.2857142857142857,1.95e-05,"[10, 21, 38, 10, 31, 33, 3, 18]"
violent,"['V', 'AY', 'AH', 'L', 'AH', 'N', 'T']","['vi', 'ol', 'ent']",['violent'],0.2857142857142857,2.88e-05,"[35, 6, 3, 25, 3, 27, 33, 0]"
seniors,"['S', 'IY', 'N', 'Y', 'ER', 'Z']","['seni', 'ors']","['sen', 'iors']",0.2857142857142857,7.59e-06,"[31, 11, 27, 37, 8, 38, 0, 0]"
reuters,"['R', 'OY', 'T', 'ER', 'Z']","['re', 'u', 'ters']",['reuters'],0.2857142857142857,7.41e-06,"[30, 13, 33, 8, 38, 0, 0, 0]"
carrier,"['K', 'AE', 'R', 'IY', 'ER']","['car', 'ri', 'er']",['carrier'],0.2857142857142857,1.95e-05,"[24, 2, 30, 11, 8, 0, 0, 0]"
cologne,"['K', 'AH', 'L', 'OW', 'N']","['co', 'logne']","['c', 'ologne']",0.2857142857142857,3.72e-06,"[24, 3, 25, 12, 27, 0, 0, 0]"
italian,"['IH', 'T', 'AE', 'L', 'Y', 'AH', 'N']","['itali', 'an']","['ital', 'ian']",0.2857142857142857,4.57e-05,"[10, 33, 2, 25, 37, 3, 27, 0]"
optimal,"['AA', 'P', 'T', 'AH', 'M', 'AH', 'L']","['op', 'tim', 'al']",['optimal'],0.2857142857142857,8.71e-06,"[1, 29, 33, 3, 26, 3, 25, 0]"
manuals,"['M', 'AE', 'N', 'Y', 'UW', 'AH', 'L', 'Z']","['manu', 'als']","['manual', 's']",0.2857142857142857,2.4e-06,"[26, 2, 27, 37, 15, 3, 25, 38]"
finnish,"['F', 'IH', 'N', 'IH', 'SH']",['finnish'],"['f', 'inn', 'ish']",0.2857142857142857,4.68e-06,"[20, 10, 27, 10, 32, 0, 0, 0]"
muslims,"['M', 'AH', 'Z', 'L', 'AH', 'M', 'Z']",['muslims'],"['mus', 'lim', 's']",0.2857142857142857,2.75e-05,"[26, 3, 38, 25, 3, 26, 38, 0]"
clinton,"['K', 'L', 'IH', 'N', 'T', 'AH', 'N']","['clin', 'ton']","['cl', 'inton']",0.2857142857142857,3.72e-05,"[24, 25, 10, 27, 33, 3, 27, 0]"
marilyn,"['M', 'EH', 'R', 'AH', 'L', 'AH', 'N']","['mar', 'ilyn']","['m', 'arilyn']",0.2857142857142857,5.25e-06,"[26, 7, 30, 3, 25, 3, 27, 0]"
locator,"['L', 'OW', 'K', 'EY', 'T', 'ER']","['loc', 'at', 'or']",['locator'],0.2857142857142857,1.07e-06,"[25, 12, 24, 9, 33, 8, 0, 0]"
prophet,"['P', 'R', 'AA', 'F', 'AH', 'T']","['proph', 'et']","['prop', 'het']",0.2857142857142857,9.55e-06,"[29, 30, 1, 20, 3, 33, 0, 0]"
repairs,"['R', 'IH', 'P', 'EH', 'R', 'Z']","['re', 'pairs']","['rep', 'airs']",0.2857142857142857,1.2e-05,"[30, 10, 29, 7, 30, 38, 0, 0]"
organic,"['AO', 'R', 'G', 'AE', 'N', 'IH', 'K']","['or', 'gan', 'ic']",['organic'],0.2857142857142857,2.51e-05,"[4, 30, 21, 2, 27, 10, 24, 0]"
missile,"['M', 'IH', 'S', 'AH', 'L']","['mis', 'sile']","['miss', 'ile']",0.2857142857142857,1.38e-05,"[26, 10, 31, 3, 25, 0, 0, 0]"
assists,"['AH', 'S', 'IH', 'S', 'T', 'S']","['as', 'sists']","['ass', 'ists']",0.2857142857142857,1.07e-05,"[3, 31, 10, 31, 33, 31, 0, 0]"
logical,"['L', 'AA', 'JH', 'IH', 'K', 'AH', 'L']","['lo', 'gic', 'al']",['logical'],0.2857142857142857,1.38e-05,"[25, 1, 23, 10, 24, 3, 25, 0]"
january,"['JH', 'AE', 'N', 'Y', 'UW', 'EH', 'R', 'IY']","['janu', 'ary']","['jan', 'uary']",0.2857142857142857,0.000123,"[23, 2, 27, 37, 15, 7, 30, 11]"
general,"['JH', 'EH', 'N', 'ER', 'AH', 'L']","['gen', 'er', 'al']",['general'],0.2857142857142857,0.000295,"[23, 7, 27, 8, 3, 25, 0, 0]"
soldier,"['S', 'OW', 'L', 'JH', 'ER']","['sol', 'dier']","['sold', 'ier']",0.2857142857142857,2.88e-05,"[31, 12, 25, 23, 8, 0, 0, 0]"
pursuit,"['P', 'ER', 'S', 'UW', 'T']","['pur', 'suit']","['purs', 'uit']",0.2857142857142857,1.32e-05,"[29, 8, 31, 15, 33, 0, 0, 0]"
moldova,"['M', 'OW', 'L', 'D', 'OW', 'V', 'AH']","['mol', 'dova']","['mold', 'ova']",0.2857142857142857,1.48e-06,"[26, 12, 25, 18, 12, 35, 3, 0]"
renewal,"['R', 'IH', 'N', 'UW', 'AH', 'L']","['re', 'new', 'al']",['renewal'],0.2857142857142857,6.92e-06,"[30, 10, 27, 15, 3, 25, 0, 0]"
sisters,"['S', 'IH', 'S', 'T', 'ER', 'Z']","['sis', 'ters']","['s', 'isters']",0.2857142857142857,2.69e-05,"[31, 10, 31, 33, 8, 38, 0, 0]"
fortune,"['F', 'AO', 'R', 'CH', 'AH', 'N']","['for', 'tune']","['fort', 'une']",0.2857142857142857,2e-05,"[20, 4, 30, 17, 3, 27, 0, 0]"
bowling,"['B', 'OW', 'L', 'IH', 'NG']","['bowl', 'ing']","['bow', 'ling']",0.2857142857142857,1.12e-05,"[16, 12, 25, 10, 28, 0, 0, 0]"
monitor,"['M', 'AA', 'N', 'AH', 'T', 'ER']","['mon', 'it', 'or']",['monitor'],0.2857142857142857,2.34e-05,"[26, 1, 27, 3, 33, 8, 0, 0]"
perfume,"['P', 'ER', 'F', 'Y', 'UW', 'M']","['per', 'fume']","['perf', 'ume']",0.2857142857142857,5.62e-06,"[29, 8, 20, 37, 15, 26, 0, 0]"
organizational,"['AO', 'R', 'G', 'AH', 'N', 'AH', 'Z', 'EY', 'SH', 'AH', 'N', 'AH', 'L']","['or', 'gan', 'iz', 'a', 'tion', 'al']","['organ', 'izational']",0.2857142857142857,6.76e-06,"[4, 30, 21, 3, 27, 3, 38, 9]"
mistake,"['M', 'IH', 'S', 'T', 'EY', 'K']","['mis', 'take']","['mist', 'ake']",0.2857142857142857,4.68e-05,"[26, 10, 31, 33, 9, 24, 0, 0]"
welding,"['W', 'EH', 'L', 'D', 'IH', 'NG']","['weld', 'ing']","['wel', 'ding']",0.2857142857142857,3.47e-06,"[36, 7, 25, 18, 10, 28, 0, 0]"
creator,"['K', 'R', 'IY', 'EY', 'T', 'ER']","['cre', 'at', 'or']",['creator'],0.2857142857142857,1.62e-05,"[24, 30, 11, 9, 33, 8, 0, 0]"
obvious,"['AA', 'B', 'V', 'IY', 'AH', 'S']","['ob', 'vi', 'ous']",['obvious'],0.2857142857142857,4.27e-05,"[1, 16, 35, 11, 3, 31, 0, 0]"
andrews,"['AE', 'N', 'D', 'R', 'UW', 'Z']","['an', 'drews']","['andrew', 's']",0.2857142857142857,8.51e-06,"[2, 27, 18, 30, 15, 38, 0, 0]"
germany,"['JH', 'ER', 'M', 'AH', 'N', 'IY']","['ger', 'many']","['germ', 'any']",0.2857142857142857,7.94e-05,"[23, 8, 26, 3, 27, 11, 0, 0]"
tunisia,"['T', 'UW', 'N', 'IY', 'ZH', 'AH']",['tunisia'],"['t', 'unis', 'ia']",0.2857142857142857,3.72e-06,"[33, 15, 27, 11, 39, 3, 0, 0]"
consist,"['K', 'AH', 'N', 'S', 'IH', 'S', 'T']","['con', 'sist']","['cons', 'ist']",0.2857142857142857,8.71e-06,"[24, 3, 27, 31, 10, 31, 33, 0]"
ensures,"['EH', 'N', 'SH', 'UH', 'R', 'Z']","['en', 'sures']","['ens', 'ures']",0.2857142857142857,3.98e-06,"[7, 27, 32, 14, 30, 38, 0, 0]"
victims,"['V', 'IH', 'K', 'T', 'AH', 'M', 'Z']","['vic', 'tims']","['vict', 'ims']",0.2857142857142857,3.63e-05,"[35, 10, 24, 33, 3, 26, 38, 0]"
awarded,"['AH', 'W', 'AO', 'R', 'D', 'AH', 'D']","['awar', 'ded']","['award', 'ed']",0.2857142857142857,2.24e-05,"[3, 36, 4, 30, 18, 3, 18, 0]"
armenia,"['AA', 'R', 'M', 'IY', 'N', 'IY', 'AH']","['ar', 'menia']","['arm', 'enia']",0.2857142857142857,3.63e-06,"[1, 30, 26, 11, 27, 11, 3, 0]"
assumes,"['AH', 'S', 'UW', 'M', 'Z']","['as', 'sumes']","['ass', 'umes']",0.2857142857142857,6.03e-06,"[3, 31, 15, 26, 38, 0, 0, 0]"
gourmet,"['G', 'UH', 'R', 'M', 'EY']","['gour', 'met']","['g', 'ourmet']",0.2857142857142857,2.29e-06,"[21, 14, 30, 26, 9, 0, 0, 0]"
passage,"['P', 'AE', 'S', 'AH', 'JH']","['pas', 'sage']","['pass', 'age']",0.2857142857142857,1.86e-05,"[29, 2, 31, 3, 23, 0, 0, 0]"
stating,"['S', 'T', 'EY', 'T', 'IH', 'NG']","['stat', 'ing']","['st', 'ating']",0.2857142857142857,1.41e-05,"[31, 33, 9, 33, 10, 28, 0, 0]"
possess,"['P', 'AH', 'Z', 'EH', 'S']","['pos', 'sess']","['poss', 'ess']",0.2857142857142857,1.05e-05,"[29, 3, 38, 7, 31, 0, 0, 0]"
justify,"['JH', 'AH', 'S', 'T', 'AH', 'F', 'AY']","['jus', 'ti', 'fy']",['justify'],0.2857142857142857,1.38e-05,"[23, 3, 31, 33, 3, 20, 6, 0]"
antonio,"['AE', 'N', 'T', 'OW', 'N', 'IY', 'OW']","['ant', 'o', 'nio']",['antonio'],0.2857142857142857,1.48e-05,"[2, 27, 33, 12, 27, 11, 12, 0]"
efforts,"['EH', 'F', 'ER', 'T', 'S']","['ef', 'forts']","['eff', 'orts']",0.2857142857142857,5.89e-05,"[7, 20, 8, 33, 31, 0, 0, 0]"
african,"['AE', 'F', 'R', 'AH', 'K', 'AH', 'N']","['afric', 'an']","['af', 'rican']",0.2857142857142857,6.61e-05,"[2, 20, 30, 3, 24, 3, 27, 0]"
stylish,"['S', 'T', 'AY', 'L', 'IH', 'SH']","['styl', 'ish']","['sty', 'lish']",0.2857142857142857,5.01e-06,"[31, 33, 6, 25, 10, 32, 0, 0]"
concord,"['K', 'AA', 'N', 'K', 'AO', 'R', 'D']","['con', 'cord']","['conc', 'ord']",0.2857142857142857,2.95e-06,"[24, 1, 27, 24, 4, 30, 18, 0]"
illegal,"['IH', 'L', 'IY', 'G', 'AH', 'L']","['il', 'leg', 'al']",['illegal'],0.2857142857142857,4.79e-05,"[10, 25, 11, 21, 3, 25, 0, 0]"
premier,"['P', 'R', 'EH', 'M', 'IH', 'R']","['premi', 'er']","['prem', 'ier']",0.2857142857142857,3.63e-05,"[29, 30, 7, 26, 10, 30, 0, 0]"
liberia,"['L', 'AY', 'B', 'IH', 'R', 'IY', 'AH']","['liber', 'ia']","['lib', 'eria']",0.2857142857142857,3.16e-06,"[25, 6, 16, 10, 30, 11, 3, 0]"
implementation,"['IH', 'M', 'P', 'L', 'AH', 'M', 'EH', 'N', 'T', 'EY', 'SH', 'AH', 'N']","['im', 'ple', 'ment', 'a', 'tion']",['implementation'],0.2857142857142857,2.04e-05,"[10, 26, 29, 25, 3, 26, 7, 27]"
typical,"['T', 'IH', 'P', 'AH', 'K', 'AH', 'L']","['typ', 'ic', 'al']",['typical'],0.2857142857142857,3.89e-05,"[33, 10, 29, 3, 24, 3, 25, 0]"
ceramic,"['S', 'ER', 'AE', 'M', 'IH', 'K']","['ceram', 'ic']","['cer', 'amic']",0.2857142857142857,5.5e-06,"[31, 8, 2, 26, 10, 24, 0, 0]"
customs,"['K', 'AH', 'S', 'T', 'AH', 'M', 'Z']","['cus', 'toms']","['custom', 's']",0.2857142857142857,1.55e-05,"[24, 3, 31, 33, 3, 26, 38, 0]"
recover,"['R', 'IH', 'K', 'AH', 'V', 'ER']","['re', 'cov', 'er']",['recover'],0.2857142857142857,1.95e-05,"[30, 10, 24, 3, 35, 8, 0, 0]"
samsung,"['S', 'AE', 'M', 'S', 'AH', 'NG']","['sam', 'sung']","['s', 'amsung']",0.2857142857142857,1.32e-05,"[31, 2, 26, 31, 3, 28, 0, 0]"
musical,"['M', 'Y', 'UW', 'Z', 'IH', 'K', 'AH', 'L']","['mu', 'sic', 'al']",['musical'],0.2857142857142857,3.24e-05,"[26, 37, 15, 38, 10, 24, 3, 25]"
olympic,"['OW', 'L', 'IH', 'M', 'P', 'IH', 'K']",['olympic'],"['ol', 'ym', 'pic']",0.2857142857142857,3.09e-05,"[12, 25, 10, 26, 29, 10, 24, 0]"
israeli,"['IH', 'Z', 'R', 'EY', 'L', 'IY']","['is', 'raeli']","['israel', 'i']",0.2857142857142857,2.51e-05,"[10, 38, 30, 9, 25, 11, 0, 0]"
administrative,"['AH', 'D', 'M', 'IH', 'N', 'AH', 'S', 'T', 'R', 'EY', 'T', 'IH', 'V']","['ad', 'min', 'is', 'trat', 'ive']",['administrative'],0.2857142857142857,2.82e-05,"[3, 18, 26, 10, 27, 3, 31, 33]"
serious,"['S', 'IH', 'R', 'IY', 'AH', 'S']","['ser', 'i', 'ous']",['serious'],0.2857142857142857,0.000126,"[31, 10, 30, 11, 3, 31, 0, 0]"
tonight,"['T', 'AH', 'N', 'AY', 'T']","['to', 'night']","['ton', 'ight']",0.2857142857142857,0.000107,"[33, 3, 27, 6, 33, 0, 0, 0]"
cricket,"['K', 'R', 'IH', 'K', 'AH', 'T']","['crick', 'et']","['cr', 'icket']",0.2857142857142857,2.45e-05,"[24, 30, 10, 24, 3, 33, 0, 0]"
permits,"['P', 'ER', 'M', 'IH', 'T', 'S']","['per', 'mits']","['perm', 'its']",0.2857142857142857,8.71e-06,"[29, 8, 26, 10, 33, 31, 0, 0]"
lindsay,"['L', 'IH', 'N', 'D', 'Z', 'IY']","['lind', 'say']","['l', 'indsay']",0.2857142857142857,6.46e-06,"[25, 10, 27, 18, 38, 11, 0, 0]"
clarity,"['K', 'L', 'EH', 'R', 'AH', 'T', 'IY']","['clar', 'ity']","['cl', 'arity']",0.2857142857142857,7.94e-06,"[24, 25, 7, 30, 3, 33, 11, 0]"
defects,"['D', 'IY', 'F', 'EH', 'K', 'T', 'S']","['de', 'fects']","['def', 'ects']",0.2857142857142857,5.89e-06,"[18, 11, 20, 7, 24, 33, 31, 0]"
representative,"['R', 'EH', 'P', 'R', 'AH', 'Z', 'EH', 'N', 'T', 'AH', 'T', 'IH', 'V']","['rep', 'res', 'ent', 'at', 'ive']",['representative'],0.2857142857142857,3.72e-05,"[30, 7, 29, 30, 3, 38, 7, 27]"
implies,"['IH', 'M', 'P', 'L', 'AY', 'Z']","['im', 'plies']","['impl', 'ies']",0.2857142857142857,9.55e-06,"[10, 26, 29, 25, 6, 38, 0, 0]"
belongs,"['B', 'IH', 'L', 'AO', 'NG', 'Z']","['be', 'longs']","['bel', 'ongs']",0.2857142857142857,1.74e-05,"[16, 10, 25, 4, 28, 38, 0, 0]"
retreat,"['R', 'IY', 'T', 'R', 'IY', 'T']","['re', 'treat']","['ret', 'reat']",0.2857142857142857,1.35e-05,"[30, 11, 33, 30, 11, 33, 0, 0]"
adapted,"['AH', 'D', 'AE', 'P', 'T', 'AH', 'D']","['ad', 'ap', 'ted']",['adapted'],0.2857142857142857,1.48e-05,"[3, 18, 2, 29, 33, 3, 18, 0]"
estates,"['IH', 'S', 'T', 'EY', 'T', 'S']","['es', 'tates']","['est', 'ates']",0.2857142857142857,7.59e-06,"[10, 31, 33, 9, 33, 31, 0, 0]"
stephen,"['S', 'T', 'IY', 'V', 'AH', 'N']","['steph', 'en']","['step', 'hen']",0.2857142857142857,3.16e-05,"[31, 33, 11, 35, 3, 27, 0, 0]"
benefit,"['B', 'EH', 'N', 'AH', 'F', 'IH', 'T']","['be', 'ne', 'fit']",['benefit'],0.2857142857142857,6.61e-05,"[16, 7, 27, 3, 20, 10, 33, 0]"
resorts,"['R', 'IH', 'Z', 'AO', 'R', 'T', 'S']","['re', 'sorts']","['res', 'orts']",0.2857142857142857,5.62e-06,"[30, 10, 38, 4, 30, 33, 31, 0]"
alcohol,"['AE', 'L', 'K', 'AH', 'HH', 'AA', 'L']","['al', 'co', 'hol']",['alcohol'],0.2857142857142857,4.07e-05,"[2, 25, 24, 3, 22, 1, 25, 0]"
prayers,"['P', 'R', 'EH', 'R', 'Z']","['pray', 'ers']","['pr', 'ayers']",0.2857142857142857,1.32e-05,"[29, 30, 7, 30, 38, 0, 0, 0]"
officer,"['AO', 'F', 'AH', 'S', 'ER']","['of', 'ficer']","['off', 'icer']",0.2857142857142857,0.000107,"[4, 20, 3, 31, 8, 0, 0, 0]"
visitor,"['V', 'IH', 'Z', 'AH', 'T', 'ER']","['vis', 'it', 'or']",['visitor'],0.2857142857142857,1.02e-05,"[35, 10, 38, 3, 33, 8, 0, 0]"
classification,"['K', 'L', 'AE', 'S', 'AH', 'F', 'AH', 'K', 'EY', 'SH', 'AH', 'N']","['clas', 'si', 'fic', 'a', 'tion']",['classification'],0.2857142857142857,1.51e-05,"[24, 25, 2, 31, 3, 20, 3, 24]"
romance,"['R', 'OW', 'M', 'AE', 'N', 'S']","['ro', 'mance']","['rom', 'ance']",0.2857142857142857,2.09e-05,"[30, 12, 26, 2, 27, 31, 0, 0]"
georgia,"['JH', 'AO', 'R', 'JH', 'AH']","['geor', 'gia']","['ge', 'orgia']",0.2857142857142857,2.88e-05,"[23, 4, 30, 23, 3, 0, 0, 0]"
sailing,"['S', 'EY', 'L', 'IH', 'NG']","['sail', 'ing']","['s', 'ailing']",0.2857142857142857,9.77e-06,"[31, 9, 25, 10, 28, 0, 0, 0]"
mothers,"['M', 'AH', 'DH', 'ER', 'Z']","['moth', 'ers']","['mother', 's']",0.2857142857142857,2.09e-05,"[26, 3, 19, 8, 38, 0, 0, 0]"
iceland,"['AY', 'S', 'L', 'AH', 'N', 'D']","['ice', 'land']","['ic', 'eland']",0.2857142857142857,6.17e-06,"[6, 31, 25, 3, 27, 18, 0, 0]"
morocco,"['M', 'ER', 'AA', 'K', 'OW']","['mo', 'rocco']","['mor', 'occo']",0.2857142857142857,6.31e-06,"[26, 8, 1, 24, 12, 0, 0, 0]"
refused,"['R', 'AH', 'F', 'Y', 'UW', 'Z', 'D']","['re', 'fused']","['ref', 'used']",0.2857142857142857,3.47e-05,"[30, 3, 20, 37, 15, 38, 18, 0]"
ecology,"['IH', 'K', 'AA', 'L', 'AH', 'JH', 'IY']","['eco', 'logy']","['ec', 'ology']",0.2857142857142857,5.5e-06,"[10, 24, 1, 25, 3, 23, 11, 0]"
demands,"['D', 'IH', 'M', 'AE', 'N', 'D', 'Z']","['de', 'mands']","['dem', 'ands']",0.2857142857142857,2.57e-05,"[18, 10, 26, 2, 27, 18, 38, 0]"
turkish,"['T', 'ER', 'K', 'IH', 'SH']","['turk', 'ish']","['tur', 'kish']",0.2857142857142857,1.91e-05,"[33, 8, 24, 10, 32, 0, 0, 0]"
romania,"['R', 'OW', 'M', 'EY', 'N', 'IY', 'AH']","['ro', 'mania']","['rom', 'ania']",0.2857142857142857,6.03e-06,"[30, 12, 26, 9, 27, 11, 3, 0]"
seating,"['S', 'IY', 'T', 'IH', 'NG']","['seat', 'ing']","['se', 'ating']",0.2857142857142857,5.89e-06,"[31, 11, 33, 10, 28, 0, 0, 0]"
affairs,"['AH', 'F', 'EH', 'R', 'Z']","['af', 'fairs']","['aff', 'airs']",0.2857142857142857,4.68e-05,"[3, 20, 7, 30, 38, 0, 0, 0]"
minimal,"['M', 'IH', 'N', 'AH', 'M', 'AH', 'L']","['min', 'im', 'al']",['minimal'],0.2857142857142857,1.29e-05,"[26, 10, 27, 3, 26, 3, 25, 0]"
administration,"['AE', 'D', 'M', 'IH', 'N', 'IH', 'S', 'T', 'R', 'EY', 'SH', 'AH', 'N']","['ad', 'min', 'is', 'tra', 'tion']",['administration'],0.2857142857142857,8.51e-05,"[2, 18, 26, 10, 27, 10, 31, 33]"
belarus,"['B', 'EH', 'L', 'AA', 'R', 'AH', 'S']","['be', 'larus']","['bel', 'arus']",0.2857142857142857,2.88e-06,"[16, 7, 25, 1, 30, 3, 31, 0]"
thunder,"['TH', 'AH', 'N', 'D', 'ER']","['thun', 'der']","['th', 'under']",0.2857142857142857,1.38e-05,"[34, 3, 27, 18, 8, 0, 0, 0]"
caution,"['K', 'AA', 'SH', 'AH', 'N']","['cau', 'tion']","['c', 'aution']",0.2857142857142857,9.33e-06,"[24, 1, 32, 3, 27, 0, 0, 0]"
stomach,"['S', 'T', 'AH', 'M', 'AH', 'K']","['stom', 'ach']","['st', 'omach']",0.2857142857142857,2.63e-05,"[31, 33, 3, 26, 3, 24, 0, 0]"
winston,"['W', 'IH', 'N', 'S', 'T', 'AH', 'N']","['win', 'ston']","['w', 'inston']",0.2857142857142857,8.32e-06,"[36, 10, 27, 31, 33, 3, 27, 0]"
infants,"['IH', 'N', 'F', 'AH', 'N', 'T', 'S']","['in', 'fants']","['inf', 'ants']",0.2857142857142857,5.75e-06,"[10, 27, 20, 3, 27, 33, 31, 0]"
offices,"['AO', 'F', 'AH', 'S', 'AH', 'Z']","['of', 'fices']","['off', 'ices']",0.2857142857142857,3.02e-05,"[4, 20, 3, 31, 3, 38, 0, 0]"
guitars,"['G', 'IH', 'T', 'AA', 'R', 'Z']","['gui', 'tars']","['gu', 'itars']",0.2857142857142857,4.47e-06,"[21, 10, 33, 1, 30, 38, 0, 0]"
anatomy,"['AH', 'N', 'AE', 'T', 'AH', 'M', 'IY']","['ana', 'tomy']","['an', 'atomy']",0.2857142857142857,8.71e-06,"[3, 27, 2, 33, 3, 26, 11, 0]"
andorra,"['AE', 'N', 'D', 'AO', 'R', 'AH']","['an', 'dorra']","['and', 'orra']",0.2857142857142857,4.9e-07,"[2, 27, 18, 4, 30, 3, 0, 0]"
licence,"['L', 'AY', 'S', 'AH', 'N', 'S']","['li', 'cence']","['lic', 'ence']",0.2857142857142857,9.33e-06,"[25, 6, 31, 3, 27, 31, 0, 0]"
minimum,"['M', 'IH', 'N', 'AH', 'M', 'AH', 'M']","['min', 'im', 'um']",['minimum'],0.2857142857142857,4.9e-05,"[26, 10, 27, 3, 26, 3, 26, 0]"
happens,"['HH', 'AE', 'P', 'AH', 'N', 'Z']","['hap', 'pens']","['happ', 'ens']",0.2857142857142857,9.12e-05,"[22, 2, 29, 3, 27, 38, 0, 0]"
rebates,"['R', 'IY', 'B', 'EY', 'T', 'S']","['re', 'bates']","['reb', 'ates']",0.2857142857142857,1.51e-06,"[30, 11, 16, 9, 33, 31, 0, 0]"
delight,"['D', 'IH', 'L', 'AY', 'T']","['de', 'light']","['del', 'ight']",0.2857142857142857,9.33e-06,"[18, 10, 25, 6, 33, 0, 0, 0]"
focuses,"['F', 'OW', 'K', 'AH', 'S', 'IH', 'Z']","['fo', 'cuses']","['focus', 'es']",0.2857142857142857,1.2e-05,"[20, 12, 24, 3, 31, 10, 38, 0]"
touring,"['T', 'UH', 'R', 'IH', 'NG']","['tour', 'ing']","['t', 'ouring']",0.2857142857142857,7.76e-06,"[33, 14, 30, 10, 28, 0, 0, 0]"
digital,"['D', 'IH', 'JH', 'AH', 'T', 'AH', 'L']","['di', 'git', 'al']",['digital'],0.2857142857142857,6.76e-05,"[18, 10, 23, 3, 33, 3, 25, 0]"
bargain,"['B', 'AA', 'R', 'G', 'AH', 'N']","['bar', 'gain']","['barg', 'ain']",0.2857142857142857,8.91e-06,"[16, 1, 30, 21, 3, 27, 0, 0]"
heather,"['HH', 'EH', 'DH', 'ER']","['heath', 'er']","['he', 'ather']",0.2857142857142857,7.41e-06,"[22, 7, 19, 8, 0, 0, 0, 0]"
solomon,"['S', 'AA', 'L', 'AH', 'M', 'AH', 'N']","['so', 'lomon']","['sol', 'omon']",0.2857142857142857,6.46e-06,"[31, 1, 25, 3, 26, 3, 27, 0]"
placing,"['P', 'L', 'EY', 'S', 'IH', 'NG']","['pla', 'cing']","['pl', 'acing']",0.2857142857142857,1.48e-05,"[29, 25, 9, 31, 10, 28, 0, 0]"
virtual,"['V', 'ER', 'CH', 'UW', 'AH', 'L']","['vir', 'tu', 'al']",['virtual'],0.2857142857142857,2.09e-05,"[35, 8, 17, 15, 3, 25, 0, 0]"
hungary,"['HH', 'AH', 'NG', 'G', 'ER', 'IY']","['hun', 'gary']","['hung', 'ary']",0.2857142857142857,8.13e-06,"[22, 3, 28, 21, 8, 11, 0, 0]"
nations,"['N', 'EY', 'SH', 'AH', 'N', 'Z']","['na', 'tions']","['n', 'ations']",0.2857142857142857,6.31e-05,"[27, 9, 32, 3, 27, 38, 0, 0]"
specifications,"['S', 'P', 'EH', 'S', 'AH', 'F', 'AH', 'K', 'EY', 'SH', 'AH', 'N', 'Z']","['spe', 'cific', 'a', 'tions']","['spec', 'ifications']",0.2857142857142857,8.91e-06,"[31, 29, 7, 31, 3, 20, 3, 24]"
custody,"['K', 'AH', 'S', 'T', 'AH', 'D', 'IY']","['cus', 'tody']","['cust', 'ody']",0.2857142857142857,1.66e-05,"[24, 3, 31, 33, 3, 18, 11, 0]"
tablets,"['T', 'AE', 'B', 'L', 'AH', 'T', 'S']","['tab', 'lets']","['table', 'ts']",0.2857142857142857,8.13e-06,"[33, 2, 16, 25, 3, 33, 31, 0]"
seafood,"['S', 'IY', 'F', 'UW', 'D']","['sea', 'food']","['se', 'afood']",0.2857142857142857,4.47e-06,"[31, 11, 20, 15, 18, 0, 0, 0]"
beverly,"['B', 'EH', 'V', 'ER', 'L', 'IY']",['beverly'],"['b', 'ever', 'ly']",0.2857142857142857,7.41e-06,"[16, 7, 35, 8, 25, 11, 0, 0]"
bernard,"['B', 'ER', 'N', 'AA', 'R', 'D']","['bern', 'ard']","['ber', 'nard']",0.2857142857142857,1.05e-05,"[16, 8, 27, 1, 30, 18, 0, 0]"
beneath,"['B', 'IH', 'N', 'IY', 'TH']","['be', 'neath']","['b', 'eneath']",0.2857142857142857,1.74e-05,"[16, 10, 27, 11, 34, 0, 0, 0]"
fujitsu,"['F', 'UW', 'JH', 'IH', 'T', 'S', 'UW']",['fujitsu'],"['f', 'uj', 'itsu']",0.2857142857142857,4.27e-07,"[20, 15, 23, 10, 33, 31, 15, 0]"
another,"['AH', 'N', 'AH', 'DH', 'ER']","['an', 'oth', 'er']",['another'],0.2857142857142857,0.00055,"[3, 27, 3, 19, 8, 0, 0, 0]"
implied,"['IH', 'M', 'P', 'L', 'AY', 'D']","['im', 'plied']","['impl', 'ied']",0.2857142857142857,8.51e-06,"[10, 26, 29, 25, 6, 18, 0, 0]"
generic,"['JH', 'AH', 'N', 'EH', 'R', 'IH', 'K']","['gen', 'er', 'ic']",['generic'],0.2857142857142857,1.29e-05,"[23, 3, 27, 7, 30, 10, 24, 0]"
destiny,"['D', 'EH', 'S', 'T', 'AH', 'N', 'IY']","['des', 'tiny']","['dest', 'iny']",0.2857142857142857,1.55e-05,"[18, 7, 31, 33, 3, 27, 11, 0]"
seasons,"['S', 'IY', 'Z', 'AH', 'N', 'Z']","['sea', 'sons']","['se', 'asons']",0.2857142857142857,3.31e-05,"[31, 11, 38, 3, 27, 38, 0, 0]"
numeric,"['N', 'UW', 'M', 'EH', 'R', 'IH', 'K']","['nu', 'mer', 'ic']",['numeric'],0.2857142857142857,1.02e-06,"[27, 15, 26, 7, 30, 10, 24, 0]"
skating,"['S', 'K', 'EY', 'T', 'IH', 'NG']","['skat', 'ing']","['sk', 'ating']",0.2857142857142857,6.92e-06,"[31, 24, 9, 33, 10, 28, 0, 0]"
cartoon,"['K', 'AA', 'R', 'T', 'UW', 'N']","['car', 'toon']","['cart', 'oon']",0.2857142857142857,1.2e-05,"[24, 1, 30, 33, 15, 27, 0, 0]"
suppose,"['S', 'AH', 'P', 'OW', 'Z']","['sup', 'pose']","['supp', 'ose']",0.2857142857142857,3.63e-05,"[31, 3, 29, 12, 38, 0, 0, 0]"
involve,"['IH', 'N', 'V', 'AA', 'L', 'V']","['in', 'volve']","['inv', 'olve']",0.2857142857142857,1.91e-05,"[10, 27, 35, 1, 25, 35, 0, 0]"
antenna,"['AE', 'N', 'T', 'EH', 'N', 'AH']","['an', 'tenna']","['ant', 'enna']",0.2857142857142857,5.89e-06,"[2, 27, 33, 7, 27, 3, 0, 0]"
assumed,"['AH', 'S', 'UW', 'M', 'D']","['as', 'sumed']","['ass', 'umed']",0.2857142857142857,2.45e-05,"[3, 31, 15, 26, 18, 0, 0, 0]"
rapidly,"['R', 'AE', 'P', 'AH', 'D', 'L', 'IY']","['rap', 'idly']","['rapid', 'ly']",0.2857142857142857,2.19e-05,"[30, 2, 29, 3, 18, 25, 11, 0]"
bahamas,"['B', 'AH', 'HH', 'AA', 'M', 'AH', 'Z']","['ba', 'hamas']","['bah', 'amas']",0.2857142857142857,3.39e-06,"[16, 3, 22, 1, 26, 3, 38, 0]"
mixture,"['M', 'IH', 'K', 'S', 'CH', 'ER']","['mix', 'ture']","['mi', 'xture']",0.2857142857142857,1.51e-05,"[26, 10, 24, 31, 17, 8, 0, 0]"
staying,"['S', 'T', 'EY', 'IH', 'NG']","['stay', 'ing']","['st', 'aying']",0.2857142857142857,3.55e-05,"[31, 33, 9, 10, 28, 0, 0, 0]"
borders,"['B', 'AO', 'R', 'D', 'ER', 'Z']","['bor', 'ders']","['b', 'orders']",0.2857142857142857,1.82e-05,"[16, 4, 30, 18, 8, 38, 0, 0]"
warrant,"['W', 'AO', 'R', 'AH', 'N', 'T']","['war', 'rant']","['w', 'arrant']",0.2857142857142857,1.74e-05,"[36, 4, 30, 3, 27, 33, 0, 0]"
solaris,"['S', 'OW', 'L', 'EH', 'R', 'IH', 'S']","['sol', 'ar', 'is']",['solaris'],0.2857142857142857,5.75e-07,"[31, 12, 25, 7, 30, 10, 31, 0]"
detroit,"['D', 'IH', 'T', 'R', 'OY', 'T']","['de', 'troit']","['det', 'roit']",0.2857142857142857,2.24e-05,"[18, 10, 33, 30, 13, 33, 0, 0]"
invalid,"['IH', 'N', 'V', 'AH', 'L', 'AH', 'D']","['in', 'val', 'id']",['invalid'],0.2857142857142857,6.03e-06,"[10, 27, 35, 3, 25, 3, 18, 0]"
concentrations,"['K', 'AA', 'N', 'S', 'AH', 'N', 'T', 'R', 'EY', 'SH', 'AH', 'N', 'Z']","['con', 'cen', 'tra', 'tions']","['concent', 'rations']",0.2857142857142857,5.75e-06,"[24, 1, 27, 31, 3, 27, 33, 30]"
dynamic,"['D', 'AY', 'N', 'AE', 'M', 'IH', 'K']","['dy', 'nam', 'ic']",['dynamic'],0.2857142857142857,2.04e-05,"[18, 6, 27, 2, 26, 10, 24, 0]"
shopper,"['SH', 'AA', 'P', 'ER']","['shop', 'per']","['sh', 'opper']",0.2857142857142857,1.55e-06,"[32, 1, 29, 8, 0, 0, 0, 0]"
genetic,"['JH', 'AH', 'N', 'EH', 'T', 'IH', 'K']","['ge', 'net', 'ic']",['genetic'],0.2857142857142857,2.19e-05,"[23, 3, 27, 7, 33, 10, 24, 0]"
cornell,"['K', 'AO', 'R', 'N', 'EH', 'L']","['cor', 'nell']","['corn', 'ell']",0.2857142857142857,4.9e-06,"[24, 4, 30, 27, 7, 25, 0, 0]"
deserve,"['D', 'IH', 'Z', 'ER', 'V']","['de', 'serve']","['des', 'erve']",0.2857142857142857,3.89e-05,"[18, 10, 38, 8, 35, 0, 0, 0]"
average,"['AE', 'V', 'ER', 'IH', 'JH']","['av', 'er', 'age']",['average'],0.2857142857142857,0.000145,"[2, 35, 8, 10, 23, 0, 0, 0]"
divorce,"['D', 'IH', 'V', 'AO', 'R', 'S']","['di', 'vorce']","['div', 'orce']",0.2857142857142857,2.29e-05,"[18, 10, 35, 4, 30, 31, 0, 0]"
sticker,"['S', 'T', 'IH', 'K', 'ER']","['stick', 'er']","['st', 'icker']",0.2857142857142857,5.13e-06,"[31, 33, 10, 24, 8, 0, 0, 0]"
federal,"['F', 'EH', 'D', 'ER', 'AH', 'L']","['fed', 'er', 'al']",['federal'],0.2857142857142857,0.000135,"[20, 7, 18, 8, 3, 25, 0, 0]"
prairie,"['P', 'R', 'EH', 'R', 'IY']","['prair', 'ie']","['pra', 'irie']",0.2857142857142857,5.01e-06,"[29, 30, 7, 30, 11, 0, 0, 0]"
bidding,"['B', 'IH', 'D', 'IH', 'NG']","['bid', 'ding']","['b', 'idding']",0.2857142857142857,6.46e-06,"[16, 10, 18, 10, 28, 0, 0, 0]"
moments,"['M', 'OW', 'M', 'AH', 'N', 'T', 'S']","['mo', 'ments']","['mom', 'ents']",0.2857142857142857,4.17e-05,"[26, 12, 26, 3, 27, 33, 31, 0]"
preston,"['P', 'R', 'EH', 'S', 'T', 'AH', 'N']","['pre', 'ston']","['prest', 'on']",0.2857142857142857,6.17e-06,"[29, 30, 7, 31, 33, 3, 27, 0]"
torture,"['T', 'AO', 'R', 'CH', 'ER']","['tor', 'ture']","['tort', 'ure']",0.2857142857142857,1.41e-05,"[33, 4, 30, 17, 8, 0, 0, 0]"
cheaper,"['CH', 'IY', 'P', 'ER']","['cheap', 'er']","['che', 'aper']",0.2857142857142857,1.66e-05,"[17, 11, 29, 8, 0, 0, 0, 0]"
notices,"['N', 'OW', 'T', 'AH', 'S', 'AH', 'Z']","['no', 'tices']","['not', 'ices']",0.2857142857142857,7.94e-06,"[27, 12, 33, 3, 31, 3, 38, 0]"
pacific,"['P', 'AH', 'S', 'IH', 'F', 'IH', 'K']","['pa', 'cific']","['pac', 'ific']",0.2857142857142857,3.89e-05,"[29, 3, 31, 10, 20, 10, 24, 0]"
beliefs,"['B', 'IH', 'L', 'IY', 'F', 'S']","['be', 'liefs']","['belief', 's']",0.2857142857142857,1.78e-05,"[16, 10, 25, 11, 20, 31, 0, 0]"
elderly,"['EH', 'L', 'D', 'ER', 'L', 'IY']","['eld', 'erly']","['elder', 'ly']",0.2857142857142857,1.41e-05,"[7, 25, 18, 8, 25, 11, 0, 0]"
develop,"['D', 'IH', 'V', 'EH', 'L', 'AH', 'P']","['de', 'vel', 'op']",['develop'],0.2857142857142857,5.62e-05,"[18, 10, 35, 7, 25, 3, 29, 0]"
magical,"['M', 'AE', 'JH', 'IH', 'K', 'AH', 'L']","['ma', 'gic', 'al']",['magical'],0.2857142857142857,1.66e-05,"[26, 2, 23, 10, 24, 3, 25, 0]"
hamburg,"['HH', 'AE', 'M', 'B', 'ER', 'G']","['ham', 'burg']","['hamb', 'urg']",0.2857142857142857,4.17e-06,"[22, 2, 26, 16, 8, 21, 0, 0]"
deposit,"['D', 'AH', 'P', 'AA', 'Z', 'IH', 'T']","['de', 'pos', 'it']",['deposit'],0.2857142857142857,1.74e-05,"[18, 3, 29, 1, 38, 10, 33, 0]"
radical,"['R', 'AE', 'D', 'AH', 'K', 'AH', 'L']","['rad', 'ic', 'al']",['radical'],0.2857142857142857,2.14e-05,"[30, 2, 18, 3, 24, 3, 25, 0]"
hottest,"['HH', 'AA', 'T', 'AH', 'S', 'T']","['hot', 'test']","['h', 'ottest']",0.2857142857142857,7.94e-06,"[22, 1, 33, 3, 31, 33, 0, 0]"
accused,"['AH', 'K', 'Y', 'UW', 'Z', 'D']","['ac', 'cused']","['acc', 'used']",0.2857142857142857,2.88e-05,"[3, 24, 37, 15, 38, 18, 0, 0]"
responsibility,"['R', 'IY', 'S', 'P', 'AA', 'N', 'S', 'AH', 'B', 'IH', 'L', 'AH', 'T', 'IY']","['re', 'spons', 'ib', 'il', 'ity']",['responsibility'],0.2857142857142857,5.62e-05,"[30, 11, 31, 29, 1, 27, 31, 3]"
representation,"['R', 'EH', 'P', 'R', 'AH', 'Z', 'EH', 'N', 'T', 'EY', 'SH', 'AH', 'N']","['rep', 'res', 'ent', 'a', 'tion']",['representation'],0.2857142857142857,2.19e-05,"[30, 7, 29, 30, 3, 38, 7, 27]"
wallace,"['W', 'AO', 'L', 'AH', 'S']","['wal', 'lace']","['wall', 'ace']",0.2857142857142857,1.12e-05,"[36, 4, 25, 3, 31, 0, 0, 0]"
mustang,"['M', 'AH', 'S', 'T', 'AE', 'NG']","['mus', 'tang']","['must', 'ang']",0.2857142857142857,3.8e-06,"[26, 3, 31, 33, 2, 28, 0, 0]"
hostels,"['HH', 'AA', 'S', 'T', 'AH', 'L', 'Z']","['hos', 'tels']","['host', 'els']",0.2857142857142857,9.77e-07,"[22, 1, 31, 33, 3, 25, 38, 0]"
medical,"['M', 'EH', 'D', 'AH', 'K', 'AH', 'L']","['med', 'ic', 'al']",['medical'],0.2857142857142857,0.000145,"[26, 7, 18, 3, 24, 3, 25, 0]"
habitat,"['HH', 'AE', 'B', 'AH', 'T', 'AE', 'T']","['hab', 'it', 'at']",['habitat'],0.2857142857142857,9.55e-06,"[22, 2, 16, 3, 33, 2, 33, 0]"
females,"['F', 'IY', 'M', 'EY', 'L', 'Z']","['fe', 'males']","['fem', 'ales']",0.2857142857142857,2.4e-05,"[20, 11, 26, 9, 25, 38, 0, 0]"
leonard,"['L', 'EH', 'N', 'ER', 'D']","['le', 'onard']","['leon', 'ard']",0.2857142857142857,1.02e-05,"[25, 7, 27, 8, 18, 0, 0, 0]"
lending,"['L', 'EH', 'N', 'D', 'IH', 'NG']","['lend', 'ing']","['l', 'ending']",0.2857142857142857,7.41e-06,"[25, 7, 27, 18, 10, 28, 0, 0]"
attract,"['AH', 'T', 'R', 'AE', 'K', 'T']","['at', 'tract']","['att', 'ract']",0.2857142857142857,1.58e-05,"[3, 33, 30, 2, 24, 33, 0, 0]"
madison,"['M', 'AE', 'D', 'AH', 'S', 'AH', 'N']","['madis', 'on']","['mad', 'ison']",0.2857142857142857,1.48e-05,"[26, 2, 18, 3, 31, 3, 27, 0]"
pirates,"['P', 'AY', 'R', 'AH', 'T', 'S']","['pir', 'ates']","['p', 'irates']",0.2857142857142857,9.77e-06,"[29, 6, 30, 3, 33, 31, 0, 0]"
