word,arpabet,syllables,tokenized_word,hamming_distance,word_frequency,phon_vec
edge,"['EH', 'JH']",['edge'],['edge'],0.0,5.5e-05,"[7, 23, 0, 0, 0, 0, 0, 0]"
doctrine,"['D', 'AA', 'K', 'T', 'R', 'AH', 'N']","['doc', 'trine']","['doc', 'trine']",0.0,9.55e-06,"[18, 1, 24, 33, 30, 3, 27, 0]"
chair,"['CH', 'EH', 'R']",['chair'],['chair'],0.0,4.9e-05,"[17, 7, 30, 0, 0, 0, 0, 0]"
topless,"['T', 'AA', 'P', 'L', 'AH', 'S']","['top', 'less']","['top', 'less']",0.0,2.29e-06,"[33, 1, 29, 25, 3, 31, 0, 0]"
hung,"['HH', 'AH', 'NG']",['hung'],['hung'],0.0,1.62e-05,"[22, 3, 28, 0, 0, 0, 0, 0]"
ordered,"['AO', 'R', 'D', 'ER', 'D']",['ordered'],['ordered'],0.0,5.5e-05,"[4, 30, 18, 8, 18, 0, 0, 0]"
fighting,"['F', 'AY', 'T', 'IH', 'NG']","['fight', 'ing']","['fight', 'ing']",0.0,8.32e-05,"[20, 6, 33, 10, 28, 0, 0, 0]"
split,"['S', 'P', 'L', 'IH', 'T']",['split'],['split'],0.0,4.47e-05,"[31, 29, 25, 10, 33, 0, 0, 0]"
themes,"['TH', 'IY', 'M', 'Z']",['themes'],['themes'],0.0,1.55e-05,"[34, 11, 26, 38, 0, 0, 0, 0]"
forth,"['F', 'AO', 'R', 'TH']",['forth'],['forth'],0.0,2.51e-05,"[20, 4, 30, 34, 0, 0, 0, 0]"
baltimore,"['B', 'AO', 'L', 'T', 'AH', 'M', 'AO', 'R']","['bal', 'timore']","['bal', 'timore']",0.0,1.66e-05,"[16, 4, 25, 33, 3, 26, 4, 30]"
peaceful,"['P', 'IY', 'S', 'F', 'AH', 'L']","['peace', 'ful']","['peace', 'ful']",0.0,1.91e-05,"[29, 11, 31, 20, 3, 25, 0, 0]"
trainers,"['T', 'R', 'EY', 'N', 'ER', 'Z']","['train', 'ers']","['train', 'ers']",0.0,5.25e-06,"[33, 30, 9, 27, 8, 38, 0, 0]"
fit,"['F', 'IH', 'T']",['fit'],['fit'],0.0,8.91e-05,"[20, 10, 33, 0, 0, 0, 0, 0]"
tests,"['T', 'EH', 'S', 'T', 'S']",['tests'],['tests'],0.0,4.68e-05,"[33, 7, 31, 33, 31, 0, 0, 0]"
met,"['M', 'EH', 'T']",['met'],['met'],0.0,0.000123,"[26, 7, 33, 0, 0, 0, 0, 0]"
stopping,"['S', 'T', 'AA', 'P', 'IH', 'NG']","['stop', 'ping']","['stop', 'ping']",0.0,1.95e-05,"[31, 33, 1, 29, 10, 28, 0, 0]"
oak,"['OW', 'K']",['oak'],['oak'],0.0,1.51e-05,"[12, 24, 0, 0, 0, 0, 0, 0]"
vat,"['V', 'AE', 'T']",['vat'],['vat'],0.0,3.47e-06,"[35, 2, 33, 0, 0, 0, 0, 0]"
root,"['R', 'UW', 'T']",['root'],['root'],0.0,2.57e-05,"[30, 15, 33, 0, 0, 0, 0, 0]"
closed,"['K', 'L', 'OW', 'Z', 'D']",['closed'],['closed'],0.0,7.94e-05,"[24, 25, 12, 38, 18, 0, 0, 0]"
sold,"['S', 'OW', 'L', 'D']",['sold'],['sold'],0.0,9.33e-05,"[31, 12, 25, 18, 0, 0, 0, 0]"
oman,"['OW', 'M', 'AA', 'N']",['oman'],['oman'],0.0,2.29e-06,"[12, 26, 1, 27, 0, 0, 0, 0]"
apps,"['AE', 'P', 'S']",['apps'],['apps'],0.0,2.24e-05,"[2, 29, 31, 0, 0, 0, 0, 0]"
kim,"['K', 'IH', 'M']",['kim'],['kim'],0.0,3.89e-05,"[24, 10, 26, 0, 0, 0, 0, 0]"
merchandise,"['M', 'ER', 'CH', 'AH', 'N', 'D', 'AY', 'Z']","['mer', 'chand', 'ise']","['mer', 'chand', 'ise']",0.0,8.51e-06,"[26, 8, 17, 3, 27, 18, 6, 38]"
surfaces,"['S', 'ER', 'F', 'AH', 'S', 'AH', 'Z']","['sur', 'faces']","['sur', 'faces']",0.0,1.05e-05,"[31, 8, 20, 3, 31, 3, 38, 0]"
pendant,"['P', 'EH', 'N', 'D', 'AH', 'N', 'T']",['pendant'],['pendant'],0.0,2.69e-06,"[29, 7, 27, 18, 3, 27, 33, 0]"
bob,"['B', 'AA', 'B']",['bob'],['bob'],0.0,4.27e-05,"[16, 1, 16, 0, 0, 0, 0, 0]"
ping,"['P', 'IH', 'NG']",['ping'],['ping'],0.0,5.75e-06,"[29, 10, 28, 0, 0, 0, 0, 0]"
textbook,"['T', 'EH', 'K', 'S', 'T', 'B', 'UH', 'K']","['text', 'book']","['text', 'book']",0.0,5.89e-06,"[33, 7, 24, 31, 33, 16, 14, 24]"
ice,"['AY', 'S']",['ice'],['ice'],0.0,0.0001,"[6, 31, 0, 0, 0, 0, 0, 0]"
wind,"['W', 'AY', 'N', 'D']",['wind'],['wind'],0.0,6.92e-05,"[36, 6, 27, 18, 0, 0, 0, 0]"
situation,"['S', 'IH', 'CH', 'UW', 'EY', 'SH', 'AH', 'N']","['situ', 'ation']","['situ', 'ation']",0.0,0.000123,"[31, 10, 17, 15, 9, 32, 3, 27]"
lowest,"['L', 'OW', 'AH', 'S', 'T']","['low', 'est']","['low', 'est']",0.0,2.57e-05,"[25, 12, 3, 31, 33, 0, 0, 0]"
harley,"['HH', 'AA', 'R', 'L', 'IY']","['har', 'ley']","['har', 'ley']",0.0,5.25e-06,"[22, 1, 30, 25, 11, 0, 0, 0]"
drawing,"['D', 'R', 'AO', 'IH', 'NG']","['draw', 'ing']","['draw', 'ing']",0.0,3.8e-05,"[18, 30, 4, 10, 28, 0, 0, 0]"
charlotte,"['SH', 'AA', 'R', 'L', 'AH', 'T']","['char', 'lotte']","['char', 'lotte']",0.0,1.66e-05,"[32, 1, 30, 25, 3, 33, 0, 0]"
plymouth,"['P', 'L', 'IH', 'M', 'AH', 'TH']","['ply', 'mouth']","['ply', 'mouth']",0.0,4.9e-06,"[29, 25, 10, 26, 3, 34, 0, 0]"
warnings,"['W', 'AO', 'R', 'N', 'IH', 'NG', 'Z']","['warn', 'ings']","['warn', 'ings']",0.0,6.03e-06,"[36, 4, 30, 27, 10, 28, 38, 0]"
sao,"['S', 'AW']",['sao'],['sao'],0.0,2.34e-06,"[31, 5, 0, 0, 0, 0, 0, 0]"
fields,"['F', 'IY', 'L', 'D', 'Z']",['fields'],['fields'],0.0,3.98e-05,"[20, 11, 25, 18, 38, 0, 0, 0]"
packaging,"['P', 'AE', 'K', 'IH', 'JH', 'IH', 'NG']","['pack', 'aging']","['pack', 'aging']",0.0,9.12e-06,"[29, 2, 24, 10, 23, 10, 28, 0]"
minute,"['M', 'IH', 'N', 'AH', 'T']",['minute'],['minute'],0.0,9.55e-05,"[26, 10, 27, 3, 33, 0, 0, 0]"
bus,"['B', 'AH', 'S']",['bus'],['bus'],0.0,6.76e-05,"[16, 3, 31, 0, 0, 0, 0, 0]"
coleman,"['K', 'OW', 'L', 'M', 'AH', 'N']","['cole', 'man']","['cole', 'man']",0.0,5.89e-06,"[24, 12, 25, 26, 3, 27, 0, 0]"
lap,"['L', 'AE', 'P']",['lap'],['lap'],0.0,1.51e-05,"[25, 2, 29, 0, 0, 0, 0, 0]"
shot,"['SH', 'AA', 'T']",['shot'],['shot'],0.0,0.000166,"[32, 1, 33, 0, 0, 0, 0, 0]"
passive,"['P', 'AE', 'S', 'IH', 'V']","['pass', 'ive']","['pass', 'ive']",0.0,1.07e-05,"[29, 2, 31, 10, 35, 0, 0, 0]"
boot,"['B', 'UW', 'T']",['boot'],['boot'],0.0,1.55e-05,"[16, 15, 33, 0, 0, 0, 0, 0]"
audit,"['AO', 'D', 'IH', 'T']",['audit'],['audit'],0.0,1.1e-05,"[4, 18, 10, 33, 0, 0, 0, 0]"
phase,"['F', 'EY', 'Z']",['phase'],['phase'],0.0,4.37e-05,"[20, 9, 38, 0, 0, 0, 0, 0]"
tile,"['T', 'AY', 'L']",['tile'],['tile'],0.0,5.25e-06,"[33, 6, 25, 0, 0, 0, 0, 0]"
bag,"['B', 'AE', 'G']",['bag'],['bag'],0.0,6.17e-05,"[16, 2, 21, 0, 0, 0, 0, 0]"
monte,"['M', 'AA', 'N', 'T', 'IY']",['monte'],['monte'],0.0,4.9e-06,"[26, 1, 27, 33, 11, 0, 0, 0]"
fires,"['F', 'AY', 'ER', 'Z']",['fires'],['fires'],0.0,1.48e-05,"[20, 6, 8, 38, 0, 0, 0, 0]"
sec,"['S', 'EH', 'K']",['sec'],['sec'],0.0,2.04e-05,"[31, 7, 24, 0, 0, 0, 0, 0]"
canon,"['K', 'AE', 'N', 'AH', 'N']","['can', 'on']","['can', 'on']",0.0,1.29e-05,"[24, 2, 27, 3, 27, 0, 0, 0]"
hardcore,"['HH', 'AA', 'R', 'D', 'K', 'AO', 'R']","['hard', 'core']","['hard', 'core']",0.0,9.33e-06,"[22, 1, 30, 18, 24, 4, 30, 0]"
annex,"['AE', 'N', 'EH', 'K', 'S']","['an', 'nex']","['an', 'nex']",0.0,3.16e-06,"[2, 27, 7, 24, 31, 0, 0, 0]"
mag,"['M', 'AE', 'G']",['mag'],['mag'],0.0,5.13e-06,"[26, 2, 21, 0, 0, 0, 0, 0]"
push,"['P', 'UH', 'SH']",['push'],['push'],0.0,6.61e-05,"[29, 14, 32, 0, 0, 0, 0, 0]"
checklist,"['CH', 'EH', 'K', 'L', 'IH', 'S', 'T']","['check', 'list']","['check', 'list']",0.0,2.82e-06,"[17, 7, 24, 25, 10, 31, 33, 0]"
mil,"['M', 'IH', 'L']",['mil'],['mil'],0.0,5.5e-06,"[26, 10, 25, 0, 0, 0, 0, 0]"
cult,"['K', 'AH', 'L', 'T']",['cult'],['cult'],0.0,1.23e-05,"[24, 3, 25, 33, 0, 0, 0, 0]"
pain,"['P', 'EY', 'N']",['pain'],['pain'],0.0,0.000107,"[29, 9, 27, 0, 0, 0, 0, 0]"
cum,"['K', 'AH', 'M']",['cum'],['cum'],0.0,1.1e-05,"[24, 3, 26, 0, 0, 0, 0, 0]"
ford,"['F', 'AO', 'R', 'D']",['ford'],['ford'],0.0,3.16e-05,"[20, 4, 30, 18, 0, 0, 0, 0]"
catch,"['K', 'AE', 'CH']",['catch'],['catch'],0.0,7.41e-05,"[24, 2, 17, 0, 0, 0, 0, 0]"
sir,"['S', 'ER']",['sir'],['sir'],0.0,0.000115,"[31, 8, 0, 0, 0, 0, 0, 0]"
unable,"['AH', 'N', 'EY', 'B', 'AH', 'L']","['un', 'able']","['un', 'able']",0.0,4.07e-05,"[3, 27, 9, 16, 3, 25, 0, 0]"
butler,"['B', 'AH', 'T', 'L', 'ER']","['but', 'ler']","['but', 'ler']",0.0,1.2e-05,"[16, 3, 33, 25, 8, 0, 0, 0]"
conclude,"['K', 'AH', 'N', 'K', 'L', 'UW', 'D']","['con', 'clude']","['con', 'clude']",0.0,7.94e-06,"[24, 3, 27, 24, 25, 15, 18, 0]"
verde,"['V', 'ER', 'D', 'IY']",['verde'],['verde'],0.0,1.95e-06,"[35, 8, 18, 11, 0, 0, 0, 0]"
gazette,"['G', 'AH', 'Z', 'EH', 'T']","['gaz', 'ette']","['gaz', 'ette']",0.0,4.07e-06,"[21, 3, 38, 7, 33, 0, 0, 0]"
batman,"['B', 'AE', 'T', 'M', 'AE', 'N']","['bat', 'man']","['bat', 'man']",0.0,1.66e-05,"[16, 2, 33, 26, 2, 27, 0, 0]"
spell,"['S', 'P', 'EH', 'L']",['spell'],['spell'],0.0,2.34e-05,"[31, 29, 7, 25, 0, 0, 0, 0]"
exclusively,"['IH', 'K', 'S', 'K', 'L', 'UW', 'S', 'IH', 'V', 'L', 'IY']","['ex', 'clus', 'ively']","['ex', 'clus', 'ively']",0.0,1.74e-05,"[10, 24, 31, 24, 25, 15, 31, 10]"
webster,"['W', 'EH', 'B', 'S', 'T', 'ER']","['web', 'ster']","['web', 'ster']",0.0,5.75e-06,"[36, 7, 16, 31, 33, 8, 0, 0]"
tasks,"['T', 'AE', 'S', 'K', 'S']",['tasks'],['tasks'],0.0,1.7e-05,"[33, 2, 31, 24, 31, 0, 0, 0]"
monetary,"['M', 'AA', 'N', 'AH', 'T', 'EH', 'R', 'IY']","['mon', 'et', 'ary']","['mon', 'et', 'ary']",0.0,1.26e-05,"[26, 1, 27, 3, 33, 7, 30, 11]"
pit,"['P', 'IH', 'T']",['pit'],['pit'],0.0,1.86e-05,"[29, 10, 33, 0, 0, 0, 0, 0]"
pull,"['P', 'UH', 'L']",['pull'],['pull'],0.0,6.61e-05,"[29, 14, 25, 0, 0, 0, 0, 0]"
sheet,"['SH', 'IY', 'T']",['sheet'],['sheet'],0.0,2.51e-05,"[32, 11, 33, 0, 0, 0, 0, 0]"
firm,"['F', 'ER', 'M']",['firm'],['firm'],0.0,6.17e-05,"[20, 8, 26, 0, 0, 0, 0, 0]"
older,"['OW', 'L', 'D', 'ER']",['older'],['older'],0.0,8.32e-05,"[12, 25, 18, 8, 0, 0, 0, 0]"
skip,"['S', 'K', 'IH', 'P']",['skip'],['skip'],0.0,1.62e-05,"[31, 24, 10, 29, 0, 0, 0, 0]"
float,"['F', 'L', 'OW', 'T']",['float'],['float'],0.0,8.71e-06,"[20, 25, 12, 33, 0, 0, 0, 0]"
paths,"['P', 'AE', 'DH', 'Z']",['paths'],['paths'],0.0,1.05e-05,"[29, 2, 19, 38, 0, 0, 0, 0]"
por,"['P', 'AO', 'R']",['por'],['por'],0.0,3.16e-06,"[29, 4, 30, 0, 0, 0, 0, 0]"
barbara,"['B', 'AA', 'R', 'B', 'ER', 'AH']","['bar', 'bara']","['bar', 'bara']",0.0,1.58e-05,"[16, 1, 30, 16, 8, 3, 0, 0]"
ports,"['P', 'AO', 'R', 'T', 'S']",['ports'],['ports'],0.0,1.17e-05,"[29, 4, 30, 33, 31, 0, 0, 0]"
textbooks,"['T', 'EH', 'K', 'S', 'T', 'B', 'UH', 'K', 'S']","['text', 'books']","['text', 'books']",0.0,4.57e-06,"[33, 7, 24, 31, 33, 16, 14, 24]"
piece,"['P', 'IY', 'S']",['piece'],['piece'],0.0,0.00011,"[29, 11, 31, 0, 0, 0, 0, 0]"
scroll,"['S', 'K', 'R', 'OW', 'L']",['scroll'],['scroll'],0.0,7.24e-06,"[31, 24, 30, 12, 25, 0, 0, 0]"
saved,"['S', 'EY', 'V', 'D']",['saved'],['saved'],0.0,4.68e-05,"[31, 9, 35, 18, 0, 0, 0, 0]"
paying,"['P', 'EY', 'IH', 'NG']","['pay', 'ing']","['pay', 'ing']",0.0,5.62e-05,"[29, 9, 10, 28, 0, 0, 0, 0]"
shots,"['SH', 'AA', 'T', 'S']",['shots'],['shots'],0.0,4.27e-05,"[32, 1, 33, 31, 0, 0, 0, 0]"
choices,"['CH', 'OY', 'S', 'AH', 'Z']",['choices'],['choices'],0.0,2.88e-05,"[17, 13, 31, 3, 38, 0, 0, 0]"
hiring,"['HH', 'AY', 'R', 'IH', 'NG']","['hir', 'ing']","['hir', 'ing']",0.0,1.7e-05,"[22, 6, 30, 10, 28, 0, 0, 0]"
forest,"['F', 'AO', 'R', 'AH', 'S', 'T']",['forest'],['forest'],0.0,5.01e-05,"[20, 4, 30, 3, 31, 33, 0, 0]"
calls,"['K', 'AO', 'L', 'Z']",['calls'],['calls'],0.0,8.13e-05,"[24, 4, 25, 38, 0, 0, 0, 0]"
stone,"['S', 'T', 'OW', 'N']",['stone'],['stone'],0.0,6.31e-05,"[31, 33, 12, 27, 0, 0, 0, 0]"
bucks,"['B', 'AH', 'K', 'S']",['bucks'],['bucks'],0.0,1.55e-05,"[16, 3, 24, 31, 0, 0, 0, 0]"
sheets,"['SH', 'IY', 'T', 'S']",['sheets'],['sheets'],0.0,1.45e-05,"[32, 11, 33, 31, 0, 0, 0, 0]"
puerto,"['P', 'W', 'EH', 'R', 'T', 'OW']","['pu', 'erto']","['pu', 'erto']",0.0,1.1e-05,"[29, 36, 7, 30, 33, 12, 0, 0]"
displays,"['D', 'IH', 'S', 'P', 'L', 'EY', 'Z']","['dis', 'plays']","['dis', 'plays']",0.0,1.17e-05,"[18, 10, 31, 29, 25, 9, 38, 0]"
landscape,"['L', 'AE', 'N', 'D', 'S', 'K', 'EY', 'P']","['land', 'scape']","['land', 'scape']",0.0,2.29e-05,"[25, 2, 27, 18, 31, 24, 9, 29]"
journey,"['JH', 'ER', 'N', 'IY']","['jour', 'ney']","['jour', 'ney']",0.0,4.47e-05,"[23, 8, 27, 11, 0, 0, 0, 0]"
bright,"['B', 'R', 'AY', 'T']",['bright'],['bright'],0.0,4.07e-05,"[16, 30, 6, 33, 0, 0, 0, 0]"
treat,"['T', 'R', 'IY', 'T']",['treat'],['treat'],0.0,5.62e-05,"[33, 30, 11, 33, 0, 0, 0, 0]"
formed,"['F', 'AO', 'R', 'M', 'D']",['formed'],['formed'],0.0,4.79e-05,"[20, 4, 30, 26, 18, 0, 0, 0]"
lee,"['L', 'IY']",['lee'],['lee'],0.0,5.37e-05,"[25, 11, 0, 0, 0, 0, 0, 0]"
egypt,"['IY', 'JH', 'AH', 'P', 'T']",['egypt'],['egypt'],0.0,2.82e-05,"[11, 23, 3, 29, 33, 0, 0, 0]"
suite,"['S', 'W', 'IY', 'T']",['suite'],['suite'],0.0,1.51e-05,"[31, 36, 11, 33, 0, 0, 0, 0]"
vegas,"['V', 'EY', 'G', 'AH', 'S']","['ve', 'gas']","['ve', 'gas']",0.0,2.63e-05,"[35, 9, 21, 3, 31, 0, 0, 0]"
square,"['S', 'K', 'W', 'EH', 'R']",['square'],['square'],0.0,6.92e-05,"[31, 24, 36, 7, 30, 0, 0, 0]"
bios,"['B', 'AY', 'OW', 'S']",['bios'],['bios'],0.0,1.82e-06,"[16, 6, 12, 31, 0, 0, 0, 0]"
applicant,"['AE', 'P', 'L', 'IH', 'K', 'AH', 'N', 'T']","['ap', 'plic', 'ant']","['ap', 'plic', 'ant']",0.0,4.37e-06,"[2, 29, 25, 10, 24, 3, 27, 33]"
ashley,"['AE', 'SH', 'L', 'IY']","['ash', 'ley']","['ash', 'ley']",0.0,1.29e-05,"[2, 32, 25, 11, 0, 0, 0, 0]"
changed,"['CH', 'EY', 'N', 'JH', 'D']",['changed'],['changed'],0.0,0.000117,"[17, 9, 27, 23, 18, 0, 0, 0]"
pet,"['P', 'EH', 'T']",['pet'],['pet'],0.0,2.82e-05,"[29, 7, 33, 0, 0, 0, 0, 0]"
lots,"['L', 'AA', 'T', 'S']",['lots'],['lots'],0.0,7.59e-05,"[25, 1, 33, 31, 0, 0, 0, 0]"
rage,"['R', 'EY', 'JH']",['rage'],['rage'],0.0,1.29e-05,"[30, 9, 23, 0, 0, 0, 0, 0]"
ant,"['AE', 'N', 'T']",['ant'],['ant'],0.0,7.24e-06,"[2, 27, 33, 0, 0, 0, 0, 0]"
pressing,"['P', 'R', 'EH', 'S', 'IH', 'NG']","['press', 'ing']","['press', 'ing']",0.0,1.2e-05,"[29, 30, 7, 31, 10, 28, 0, 0]"
apt,"['AE', 'P', 'T']",['apt'],['apt'],0.0,4.9e-06,"[2, 29, 33, 0, 0, 0, 0, 0]"
blocks,"['B', 'L', 'AA', 'K', 'S']",['blocks'],['blocks'],0.0,2.69e-05,"[16, 25, 1, 24, 31, 0, 0, 0]"
diabetes,"['D', 'AY', 'AH', 'B', 'IY', 'T', 'IY', 'Z']","['dia', 'betes']","['dia', 'betes']",0.0,1.48e-05,"[18, 6, 3, 16, 11, 33, 11, 38]"
shift,"['SH', 'IH', 'F', 'T']",['shift'],['shift'],0.0,3.72e-05,"[32, 10, 20, 33, 0, 0, 0, 0]"
chip,"['CH', 'IH', 'P']",['chip'],['chip'],0.0,2.04e-05,"[17, 10, 29, 0, 0, 0, 0, 0]"
res,"['R', 'EY', 'Z']",['res'],['res'],0.0,6.17e-06,"[30, 9, 38, 0, 0, 0, 0, 0]"
graduates,"['G', 'R', 'AE', 'JH', 'AH', 'W', 'AH', 'T', 'S']","['gradu', 'ates']","['gradu', 'ates']",0.0,1.05e-05,"[21, 30, 2, 23, 3, 36, 3, 33]"
propose,"['P', 'R', 'AH', 'P', 'OW', 'Z']","['pro', 'pose']","['pro', 'pose']",0.0,9.77e-06,"[29, 30, 3, 29, 12, 38, 0, 0]"
lesser,"['L', 'EH', 'S', 'ER']","['less', 'er']","['less', 'er']",0.0,1.35e-05,"[25, 7, 31, 8, 0, 0, 0, 0]"
sit,"['S', 'IH', 'T']",['sit'],['sit'],0.0,7.94e-05,"[31, 10, 33, 0, 0, 0, 0, 0]"
cutting,"['K', 'AH', 'T', 'IH', 'NG']","['cut', 'ting']","['cut', 'ting']",0.0,4.07e-05,"[24, 3, 33, 10, 28, 0, 0, 0]"
marks,"['M', 'AA', 'R', 'K', 'S']",['marks'],['marks'],0.0,3.09e-05,"[26, 1, 30, 24, 31, 0, 0, 0]"
flexible,"['F', 'L', 'EH', 'K', 'S', 'AH', 'B', 'AH', 'L']","['flex', 'ible']","['flex', 'ible']",0.0,1.35e-05,"[20, 25, 7, 24, 31, 3, 16, 3]"
stat,"['S', 'T', 'AE', 'T']",['stat'],['stat'],0.0,8.91e-06,"[31, 33, 2, 33, 0, 0, 0, 0]"
norway,"['N', 'AO', 'R', 'W', 'EY']","['nor', 'way']","['nor', 'way']",0.0,1.41e-05,"[27, 4, 30, 36, 9, 0, 0, 0]"
vermont,"['V', 'ER', 'M', 'AA', 'N', 'T']","['ver', 'mont']","['ver', 'mont']",0.0,6.92e-06,"[35, 8, 26, 1, 27, 33, 0, 0]"
asking,"['AE', 'S', 'K', 'IH', 'NG']","['ask', 'ing']","['ask', 'ing']",0.0,9.12e-05,"[2, 31, 24, 10, 28, 0, 0, 0]"
goal,"['G', 'OW', 'L']",['goal'],['goal'],0.0,0.000115,"[21, 12, 25, 0, 0, 0, 0, 0]"
parcel,"['P', 'AA', 'R', 'S', 'AH', 'L']","['par', 'cel']","['par', 'cel']",0.0,4.68e-06,"[29, 1, 30, 31, 3, 25, 0, 0]"
chronicles,"['K', 'R', 'AA', 'N', 'IH', 'K', 'AH', 'L', 'Z']","['chron', 'icles']","['chron', 'icles']",0.0,4.37e-06,"[24, 30, 1, 27, 10, 24, 3, 25]"
readings,"['R', 'EH', 'D', 'IH', 'NG', 'Z']","['read', 'ings']","['read', 'ings']",0.0,7.08e-06,"[30, 7, 18, 10, 28, 38, 0, 0]"
magnetic,"['M', 'AE', 'G', 'N', 'EH', 'T', 'IH', 'K']","['mag', 'net', 'ic']","['mag', 'net', 'ic']",0.0,1.48e-05,"[26, 2, 21, 27, 7, 33, 10, 24]"
outlook,"['AW', 'T', 'L', 'UH', 'K']","['out', 'look']","['out', 'look']",0.0,1.17e-05,"[5, 33, 25, 14, 24, 0, 0, 0]"
denmark,"['D', 'EH', 'N', 'M', 'AA', 'R', 'K']","['den', 'mark']","['den', 'mark']",0.0,1.1e-05,"[18, 7, 27, 26, 1, 30, 24, 0]"
char,"['CH', 'AA', 'R']",['char'],['char'],0.0,2.95e-06,"[17, 1, 30, 0, 0, 0, 0, 0]"
preferred,"['P', 'R', 'AH', 'F', 'ER', 'D']","['pre', 'ferred']","['pre', 'ferred']",0.0,2.24e-05,"[29, 30, 3, 20, 8, 18, 0, 0]"
toddler,"['T', 'AA', 'D', 'L', 'ER']","['tod', 'dler']","['tod', 'dler']",0.0,6.76e-06,"[33, 1, 18, 25, 8, 0, 0, 0]"
listen,"['L', 'IH', 'S', 'AH', 'N']",['listen'],['listen'],0.0,0.000115,"[25, 10, 31, 3, 27, 0, 0, 0]"
findings,"['F', 'AY', 'N', 'D', 'IH', 'NG', 'Z']","['find', 'ings']","['find', 'ings']",0.0,2.4e-05,"[20, 6, 27, 18, 10, 28, 38, 0]"
rolled,"['R', 'OW', 'L', 'D']",['rolled'],['rolled'],0.0,1.62e-05,"[30, 12, 25, 18, 0, 0, 0, 0]"
ball,"['B', 'AO', 'L']",['ball'],['ball'],0.0,0.00011,"[16, 4, 25, 0, 0, 0, 0, 0]"
cells,"['S', 'EH', 'L', 'Z']",['cells'],['cells'],0.0,5.62e-05,"[31, 7, 25, 38, 0, 0, 0, 0]"
bits,"['B', 'IH', 'T', 'S']",['bits'],['bits'],0.0,1.51e-05,"[16, 10, 33, 31, 0, 0, 0, 0]"
pregnant,"['P', 'R', 'EH', 'G', 'N', 'AH', 'N', 'T']","['preg', 'nant']","['preg', 'nant']",0.0,3.63e-05,"[29, 30, 7, 21, 27, 3, 27, 33]"
echo,"['EH', 'K', 'OW']",['echo'],['echo'],0.0,1.1e-05,"[7, 24, 12, 0, 0, 0, 0, 0]"
que,"['K', 'Y', 'UW']",['que'],['que'],0.0,6.92e-06,"[24, 37, 15, 0, 0, 0, 0, 0]"
grid,"['G', 'R', 'IH', 'D']",['grid'],['grid'],0.0,1.51e-05,"[21, 30, 10, 18, 0, 0, 0, 0]"
bee,"['B', 'IY']",['bee'],['bee'],0.0,1.23e-05,"[16, 11, 0, 0, 0, 0, 0, 0]"
load,"['L', 'OW', 'D']",['load'],['load'],0.0,3.8e-05,"[25, 12, 18, 0, 0, 0, 0, 0]"
del,"['D', 'EH', 'L']",['del'],['del'],0.0,2.09e-05,"[18, 7, 25, 0, 0, 0, 0, 0]"
merit,"['M', 'EH', 'R', 'AH', 'T']","['mer', 'it']","['mer', 'it']",0.0,1.2e-05,"[26, 7, 30, 3, 33, 0, 0, 0]"
ons,"['AA', 'N', 'Z']",['ons'],['ons'],0.0,3.63e-06,"[1, 27, 38, 0, 0, 0, 0, 0]"
counting,"['K', 'AW', 'N', 'T', 'IH', 'NG']","['count', 'ing']","['count', 'ing']",0.0,1.86e-05,"[24, 5, 27, 33, 10, 28, 0, 0]"
clinics,"['K', 'L', 'IH', 'N', 'IH', 'K', 'S']","['clin', 'ics']","['clin', 'ics']",0.0,6.17e-06,"[24, 25, 10, 27, 10, 24, 31, 0]"
cow,"['K', 'AW']",['cow'],['cow'],0.0,1.38e-05,"[24, 5, 0, 0, 0, 0, 0, 0]"
manitoba,"['M', 'AE', 'N', 'IH', 'T', 'OW', 'B', 'AH']","['man', 'itoba']","['man', 'itoba']",0.0,2.69e-06,"[26, 2, 27, 10, 33, 12, 16, 3]"
markers,"['M', 'AA', 'R', 'K', 'ER', 'Z']","['mark', 'ers']","['mark', 'ers']",0.0,5.25e-06,"[26, 1, 30, 24, 8, 38, 0, 0]"
weights,"['W', 'EY', 'T', 'S']",['weights'],['weights'],0.0,7.24e-06,"[36, 9, 33, 31, 0, 0, 0, 0]"
lasting,"['L', 'AE', 'S', 'T', 'IH', 'NG']","['last', 'ing']","['last', 'ing']",0.0,1.29e-05,"[25, 2, 31, 33, 10, 28, 0, 0]"
bondage,"['B', 'AA', 'N', 'D', 'IH', 'JH']","['bond', 'age']","['bond', 'age']",0.0,2.88e-06,"[16, 1, 27, 18, 10, 23, 0, 0]"
labor,"['L', 'EY', 'B', 'ER']",['labor'],['labor'],0.0,5.89e-05,"[25, 9, 16, 8, 0, 0, 0, 0]"
presenting,"['P', 'R', 'IH', 'Z', 'EH', 'N', 'T', 'IH', 'NG']","['present', 'ing']","['present', 'ing']",0.0,1.2e-05,"[29, 30, 10, 38, 7, 27, 33, 10]"
cos,"['K', 'AO', 'S']",['cos'],['cos'],0.0,1.12e-05,"[24, 4, 31, 0, 0, 0, 0, 0]"
pac,"['P', 'AE', 'K']",['pac'],['pac'],0.0,8.51e-06,"[29, 2, 24, 0, 0, 0, 0, 0]"
broad,"['B', 'R', 'AO', 'D']",['broad'],['broad'],0.0,3.39e-05,"[16, 30, 4, 18, 0, 0, 0, 0]"
ana,"['AA', 'N', 'AH']",['ana'],['ana'],0.0,7.76e-06,"[1, 27, 3, 0, 0, 0, 0, 0]"
postings,"['P', 'OW', 'S', 'T', 'IH', 'NG', 'Z']","['post', 'ings']","['post', 'ings']",0.0,1.38e-06,"[29, 12, 31, 33, 10, 28, 38, 0]"
postcards,"['P', 'OW', 'S', 'T', 'K', 'AA', 'R', 'D', 'Z']","['post', 'cards']","['post', 'cards']",0.0,1.91e-06,"[29, 12, 31, 33, 24, 1, 30, 18]"
wait,"['W', 'EY', 'T']",['wait'],['wait'],0.0,0.000224,"[36, 9, 33, 0, 0, 0, 0, 0]"
pick,"['P', 'IH', 'K']",['pick'],['pick'],0.0,0.00012,"[29, 10, 24, 0, 0, 0, 0, 0]"
stream,"['S', 'T', 'R', 'IY', 'M']",['stream'],['stream'],0.0,4.17e-05,"[31, 33, 30, 11, 26, 0, 0, 0]"
apartments,"['AH', 'P', 'AA', 'R', 'T', 'M', 'AH', 'N', 'T', 'S']","['apart', 'ments']","['apart', 'ments']",0.0,1.02e-05,"[3, 29, 1, 30, 33, 26, 3, 27]"
withdrawal,"['W', 'IH', 'DH', 'D', 'R', 'AO', 'AH', 'L']","['with', 'draw', 'al']","['with', 'draw', 'al']",0.0,1.12e-05,"[36, 10, 19, 18, 30, 4, 3, 25]"
failures,"['F', 'EY', 'L', 'Y', 'ER', 'Z']","['fail', 'ures']","['fail', 'ures']",0.0,9.77e-06,"[20, 9, 25, 37, 8, 38, 0, 0]"
nails,"['N', 'EY', 'L', 'Z']",['nails'],['nails'],0.0,1.1e-05,"[27, 9, 25, 38, 0, 0, 0, 0]"
rides,"['R', 'AY', 'D', 'Z']",['rides'],['rides'],0.0,1.15e-05,"[30, 6, 18, 38, 0, 0, 0, 0]"
rehab,"['R', 'IY', 'HH', 'AE', 'B']","['re', 'hab']","['re', 'hab']",0.0,6.17e-06,"[30, 11, 22, 2, 16, 0, 0, 0]"
saturn,"['S', 'AE', 'T', 'ER', 'N']","['sat', 'urn']","['sat', 'urn']",0.0,3.47e-06,"[31, 2, 33, 8, 27, 0, 0, 0]"
nut,"['N', 'AH', 'T']",['nut'],['nut'],0.0,1.1e-05,"[27, 3, 33, 0, 0, 0, 0, 0]"
rose,"['R', 'OW', 'Z']",['rose'],['rose'],0.0,6.61e-05,"[30, 12, 38, 0, 0, 0, 0, 0]"
therapy,"['TH', 'EH', 'R', 'AH', 'P', 'IY']","['ther', 'apy']","['ther', 'apy']",0.0,3.31e-05,"[34, 7, 30, 3, 29, 11, 0, 0]"
strict,"['S', 'T', 'R', 'IH', 'K', 'T']",['strict'],['strict'],0.0,1.7e-05,"[31, 33, 30, 10, 24, 33, 0, 0]"
protest,"['P', 'R', 'OW', 'T', 'EH', 'S', 'T']",['protest'],['protest'],0.0,2.82e-05,"[29, 30, 12, 33, 7, 31, 33, 0]"
letting,"['L', 'EH', 'T', 'IH', 'NG']","['let', 'ting']","['let', 'ting']",0.0,3.39e-05,"[25, 7, 33, 10, 28, 0, 0, 0]"
gray,"['G', 'R', 'EY']",['gray'],['gray'],0.0,2.82e-05,"[21, 30, 9, 0, 0, 0, 0, 0]"
canal,"['K', 'AH', 'N', 'AE', 'L']",['canal'],['canal'],0.0,1.66e-05,"[24, 3, 27, 2, 25, 0, 0, 0]"
amino,"['AH', 'M', 'IY', 'N', 'OW']",['amino'],['amino'],0.0,5.25e-06,"[3, 26, 11, 27, 12, 0, 0, 0]"
phi,"['F', 'AY']",['phi'],['phi'],0.0,3.55e-06,"[20, 6, 0, 0, 0, 0, 0, 0]"
slot,"['S', 'L', 'AA', 'T']",['slot'],['slot'],0.0,1.23e-05,"[31, 25, 1, 33, 0, 0, 0, 0]"
samsung,"['S', 'AE', 'M', 'S', 'AH', 'NG']","['sam', 'sung']","['sam', 'sung']",0.0,1.32e-05,"[31, 2, 26, 31, 3, 28, 0, 0]"
miniature,"['M', 'IH', 'N', 'IY', 'AH', 'CH', 'UH', 'R']","['mini', 'ature']","['mini', 'ature']",0.0,5.25e-06,"[26, 10, 27, 11, 3, 17, 14, 30]"
pirates,"['P', 'AY', 'R', 'AH', 'T', 'S']","['pir', 'ates']","['pir', 'ates']",0.0,9.77e-06,"[29, 6, 30, 3, 33, 31, 0, 0]"
consequence,"['K', 'AA', 'N', 'S', 'AH', 'K', 'W', 'AH', 'N', 'S']","['con', 'sequence']","['con', 'sequence']",0.0,1.17e-05,"[24, 1, 27, 31, 3, 24, 36, 3]"
marine,"['M', 'ER', 'IY', 'N']","['mar', 'ine']","['mar', 'ine']",0.0,3.39e-05,"[26, 8, 11, 27, 0, 0, 0, 0]"
harold,"['HH', 'EH', 'R', 'AH', 'L', 'D']","['har', 'old']","['har', 'old']",0.0,1.07e-05,"[22, 7, 30, 3, 25, 18, 0, 0]"
watching,"['W', 'AA', 'CH', 'IH', 'NG']","['watch', 'ing']","['watch', 'ing']",0.0,0.000105,"[36, 1, 17, 10, 28, 0, 0, 0]"
mirror,"['M', 'IH', 'R', 'ER']","['mir', 'ror']","['mir', 'ror']",0.0,2.95e-05,"[26, 10, 30, 8, 0, 0, 0, 0]"
sterling,"['S', 'T', 'ER', 'L', 'IH', 'NG']","['ster', 'ling']","['ster', 'ling']",0.0,1.35e-05,"[31, 33, 8, 25, 10, 28, 0, 0]"
statutes,"['S', 'T', 'AE', 'CH', 'UW', 'T', 'S']","['stat', 'utes']","['stat', 'utes']",0.0,3.16e-06,"[31, 33, 2, 17, 15, 33, 31, 0]"
prime,"['P', 'R', 'AY', 'M']",['prime'],['prime'],0.0,6.46e-05,"[29, 30, 6, 26, 0, 0, 0, 0]"
tent,"['T', 'EH', 'N', 'T']",['tent'],['tent'],0.0,1.12e-05,"[33, 7, 27, 33, 0, 0, 0, 0]"
steps,"['S', 'T', 'EH', 'P', 'S']",['steps'],['steps'],0.0,5.37e-05,"[31, 33, 7, 29, 31, 0, 0, 0]"
shops,"['SH', 'AA', 'P', 'S']",['shops'],['shops'],0.0,2.19e-05,"[32, 1, 29, 31, 0, 0, 0, 0]"
reasons,"['R', 'IY', 'Z', 'AH', 'N', 'Z']","['reas', 'ons']","['reas', 'ons']",0.0,8.51e-05,"[30, 11, 38, 3, 27, 38, 0, 0]"
mount,"['M', 'AW', 'N', 'T']",['mount'],['mount'],0.0,2.95e-05,"[26, 5, 27, 33, 0, 0, 0, 0]"
finding,"['F', 'AY', 'N', 'D', 'IH', 'NG']","['find', 'ing']","['find', 'ing']",0.0,7.08e-05,"[20, 6, 27, 18, 10, 28, 0, 0]"
saying,"['S', 'EY', 'IH', 'NG']","['say', 'ing']","['say', 'ing']",0.0,0.000234,"[31, 9, 10, 28, 0, 0, 0, 0]"
touch,"['T', 'AH', 'CH']",['touch'],['touch'],0.0,8.13e-05,"[33, 3, 17, 0, 0, 0, 0, 0]"
chain,"['CH', 'EY', 'N']",['chain'],['chain'],0.0,4.47e-05,"[17, 9, 27, 0, 0, 0, 0, 0]"
eva,"['EY', 'V', 'AH']",['eva'],['eva'],0.0,7.94e-06,"[9, 35, 3, 0, 0, 0, 0, 0]"
potter,"['P', 'AA', 'T', 'ER']","['pot', 'ter']","['pot', 'ter']",0.0,1.29e-05,"[29, 1, 33, 8, 0, 0, 0, 0]"
licking,"['L', 'IH', 'K', 'IH', 'NG']","['lick', 'ing']","['lick', 'ing']",0.0,3.24e-06,"[25, 10, 24, 10, 28, 0, 0, 0]"
earthquake,"['ER', 'TH', 'K', 'W', 'EY', 'K']","['earth', 'quake']","['earth', 'quake']",0.0,1.41e-05,"[8, 34, 24, 36, 9, 24, 0, 0]"
carlos,"['K', 'AA', 'R', 'L', 'OW', 'S']","['car', 'los']","['car', 'los']",0.0,1.23e-05,"[24, 1, 30, 25, 12, 31, 0, 0]"
lock,"['L', 'AA', 'K']",['lock'],['lock'],0.0,3.24e-05,"[25, 1, 24, 0, 0, 0, 0, 0]"
nickname,"['N', 'IH', 'K', 'N', 'EY', 'M']","['nick', 'name']","['nick', 'name']",0.0,8.13e-06,"[27, 10, 24, 27, 9, 26, 0, 0]"
washing,"['W', 'AA', 'SH', 'IH', 'NG']","['wash', 'ing']","['wash', 'ing']",0.0,1.35e-05,"[36, 1, 32, 10, 28, 0, 0, 0]"
raid,"['R', 'EY', 'D']",['raid'],['raid'],0.0,1.55e-05,"[30, 9, 18, 0, 0, 0, 0, 0]"
timber,"['T', 'IH', 'M', 'B', 'ER']","['tim', 'ber']","['tim', 'ber']",0.0,1.02e-05,"[33, 10, 26, 16, 8, 0, 0, 0]"
winner,"['W', 'IH', 'N', 'ER']","['win', 'ner']","['win', 'ner']",0.0,6.31e-05,"[36, 10, 27, 8, 0, 0, 0, 0]"
factor,"['F', 'AE', 'K', 'T', 'ER']",['factor'],['factor'],0.0,4.68e-05,"[20, 2, 24, 33, 8, 0, 0, 0]"
circuits,"['S', 'ER', 'K', 'AH', 'T', 'S']","['cir', 'cuits']","['cir', 'cuits']",0.0,5.89e-06,"[31, 8, 24, 3, 33, 31, 0, 0]"
jar,"['JH', 'AA', 'R']",['jar'],['jar'],0.0,8.51e-06,"[23, 1, 30, 0, 0, 0, 0, 0]"
drop,"['D', 'R', 'AA', 'P']",['drop'],['drop'],0.0,9.77e-05,"[18, 30, 1, 29, 0, 0, 0, 0]"
theme,"['TH', 'IY', 'M']",['theme'],['theme'],0.0,4.17e-05,"[34, 11, 26, 0, 0, 0, 0, 0]"
rich,"['R', 'IH', 'CH']",['rich'],['rich'],0.0,8.13e-05,"[30, 10, 17, 0, 0, 0, 0, 0]"
tags,"['T', 'AE', 'G', 'Z']",['tags'],['tags'],0.0,6.61e-06,"[33, 2, 21, 38, 0, 0, 0, 0]"
covered,"['K', 'AH', 'V', 'ER', 'D']",['covered'],['covered'],0.0,6.76e-05,"[24, 3, 35, 8, 18, 0, 0, 0]"
translated,"['T', 'R', 'AE', 'N', 'Z', 'L', 'EY', 'T', 'AH', 'D']","['trans', 'lated']","['trans', 'lated']",0.0,1.41e-05,"[33, 30, 2, 27, 38, 25, 9, 33]"
nottingham,"['N', 'AA', 'T', 'IH', 'NG', 'HH', 'AE', 'M']","['not', 'ting', 'ham']","['not', 'ting', 'ham']",0.0,5.25e-06,"[27, 1, 33, 10, 28, 22, 2, 26]"
raise,"['R', 'EY', 'Z']",['raise'],['raise'],0.0,5.62e-05,"[30, 9, 38, 0, 0, 0, 0, 0]"
crime,"['K', 'R', 'AY', 'M']",['crime'],['crime'],0.0,7.76e-05,"[24, 30, 6, 26, 0, 0, 0, 0]"
count,"['K', 'AW', 'N', 'T']",['count'],['count'],0.0,6.76e-05,"[24, 5, 27, 33, 0, 0, 0, 0]"
johnson,"['JH', 'AA', 'N', 'S', 'AH', 'N']","['john', 'son']","['john', 'son']",0.0,5.25e-05,"[23, 1, 27, 31, 3, 27, 0, 0]"
claim,"['K', 'L', 'EY', 'M']",['claim'],['claim'],0.0,8.91e-05,"[24, 25, 9, 26, 0, 0, 0, 0]"
surgery,"['S', 'ER', 'JH', 'ER', 'IY']","['sur', 'gery']","['sur', 'gery']",0.0,4.27e-05,"[31, 8, 23, 8, 11, 0, 0, 0]"
patch,"['P', 'AE', 'CH']",['patch'],['patch'],0.0,1.58e-05,"[29, 2, 17, 0, 0, 0, 0, 0]"
eau,['OW'],['eau'],['eau'],0.0,1.41e-06,"[12, 0, 0, 0, 0, 0, 0, 0]"
foot,"['F', 'UH', 'T']",['foot'],['foot'],0.0,7.41e-05,"[20, 14, 33, 0, 0, 0, 0, 0]"
gary,"['G', 'EH', 'R', 'IY']",['gary'],['gary'],0.0,2.45e-05,"[21, 7, 30, 11, 0, 0, 0, 0]"
rome,"['R', 'OW', 'M']",['rome'],['rome'],0.0,2.82e-05,"[30, 12, 26, 0, 0, 0, 0, 0]"
unlikely,"['AH', 'N', 'L', 'AY', 'K', 'L', 'IY']","['un', 'likely']","['un', 'likely']",0.0,2.04e-05,"[3, 27, 25, 6, 24, 25, 11, 0]"
cant,"['K', 'AE', 'N', 'T']",['cant'],['cant'],0.0,2.24e-05,"[24, 2, 27, 33, 0, 0, 0, 0]"
miss,"['M', 'IH', 'S']",['miss'],['miss'],0.0,0.000166,"[26, 10, 31, 0, 0, 0, 0, 0]"
task,"['T', 'AE', 'S', 'K']",['task'],['task'],0.0,4.47e-05,"[33, 2, 31, 24, 0, 0, 0, 0]"
himself,"['HH', 'IH', 'M', 'S', 'EH', 'L', 'F']","['him', 'self']","['him', 'self']",0.0,0.000178,"[22, 10, 26, 31, 7, 25, 20, 0]"
reggae,"['R', 'EH', 'G', 'EY']","['reg', 'gae']","['reg', 'gae']",0.0,2.95e-06,"[30, 7, 21, 9, 0, 0, 0, 0]"
mid,"['M', 'IH', 'D']",['mid'],['mid'],0.0,6.61e-05,"[26, 10, 18, 0, 0, 0, 0, 0]"
soft,"['S', 'AA', 'F', 'T']",['soft'],['soft'],0.0,4.79e-05,"[31, 1, 20, 33, 0, 0, 0, 0]"
heat,"['HH', 'IY', 'T']",['heat'],['heat'],0.0,7.24e-05,"[22, 11, 33, 0, 0, 0, 0, 0]"
wild,"['W', 'AY', 'L', 'D']",['wild'],['wild'],0.0,6.31e-05,"[36, 6, 25, 18, 0, 0, 0, 0]"
alan,"['AE', 'L', 'AH', 'N']",['alan'],['alan'],0.0,2.82e-05,"[2, 25, 3, 27, 0, 0, 0, 0]"
clicking,"['K', 'L', 'IH', 'K', 'IH', 'NG']","['click', 'ing']","['click', 'ing']",0.0,8.13e-06,"[24, 25, 10, 24, 10, 28, 0, 0]"
sum,"['S', 'AH', 'M']",['sum'],['sum'],0.0,2.19e-05,"[31, 3, 26, 0, 0, 0, 0, 0]"
downtown,"['D', 'AW', 'N', 'T', 'AW', 'N']","['down', 'town']","['down', 'town']",0.0,2.51e-05,"[18, 5, 27, 33, 5, 27, 0, 0]"
cornwall,"['K', 'AO', 'R', 'N', 'W', 'AO', 'L']","['corn', 'wall']","['corn', 'wall']",0.0,5.89e-06,"[24, 4, 30, 27, 36, 4, 25, 0]"
pros,"['P', 'R', 'OW', 'Z']",['pros'],['pros'],0.0,7.41e-06,"[29, 30, 12, 38, 0, 0, 0, 0]"
rec,"['R', 'EH', 'K']",['rec'],['rec'],0.0,4.17e-06,"[30, 7, 24, 0, 0, 0, 0, 0]"
complicated,"['K', 'AA', 'M', 'P', 'L', 'AH', 'K', 'EY', 'T', 'AH', 'D']","['com', 'plic', 'ated']","['com', 'plic', 'ated']",0.0,2.95e-05,"[24, 1, 26, 29, 25, 3, 24, 9]"
chem,"['K', 'EH', 'M']",['chem'],['chem'],0.0,2.88e-06,"[24, 7, 26, 0, 0, 0, 0, 0]"
fastest,"['F', 'AE', 'S', 'T', 'AH', 'S', 'T']","['fast', 'est']","['fast', 'est']",0.0,1.74e-05,"[20, 2, 31, 33, 3, 31, 33, 0]"
jamie,"['JH', 'EY', 'M', 'IY']","['jam', 'ie']","['jam', 'ie']",0.0,1.48e-05,"[23, 9, 26, 11, 0, 0, 0, 0]"
shell,"['SH', 'EH', 'L']",['shell'],['shell'],0.0,2.45e-05,"[32, 7, 25, 0, 0, 0, 0, 0]"
inquiries,"['IH', 'N', 'K', 'W', 'AY', 'ER', 'IY', 'Z']","['in', 'quir', 'ies']","['in', 'quir', 'ies']",0.0,6.46e-06,"[10, 27, 24, 36, 6, 8, 11, 38]"
mass,"['M', 'AE', 'S']",['mass'],['mass'],0.0,7.41e-05,"[26, 2, 31, 0, 0, 0, 0, 0]"
reforms,"['R', 'AH', 'F', 'AO', 'R', 'M', 'Z']","['re', 'forms']","['re', 'forms']",0.0,1.15e-05,"[30, 3, 20, 4, 30, 26, 38, 0]"
alto,"['AE', 'L', 'T', 'OW']",['alto'],['alto'],0.0,2.95e-06,"[2, 25, 33, 12, 0, 0, 0, 0]"
girlfriend,"['G', 'ER', 'L', 'F', 'R', 'EH', 'N', 'D']","['girl', 'friend']","['girl', 'friend']",0.0,4.79e-05,"[21, 8, 25, 20, 30, 7, 27, 18]"
hierarchy,"['HH', 'AY', 'ER', 'AA', 'R', 'K', 'IY']","['hier', 'archy']","['hier', 'archy']",0.0,6.03e-06,"[22, 6, 8, 1, 30, 24, 11, 0]"
influenced,"['IH', 'N', 'F', 'L', 'UW', 'AH', 'N', 'S', 'T']","['in', 'flu', 'enced']","['in', 'flu', 'enced']",0.0,1.58e-05,"[10, 27, 20, 25, 15, 3, 27, 31]"
americas,"['AH', 'M', 'EH', 'R', 'AH', 'K', 'AH', 'Z']","['amer', 'icas']","['amer', 'icas']",0.0,5.5e-06,"[3, 26, 7, 30, 3, 24, 3, 38]"
adam,"['AE', 'D', 'AH', 'M']",['adam'],['adam'],0.0,3.72e-05,"[2, 18, 3, 26, 0, 0, 0, 0]"
cookbook,"['K', 'UH', 'K', 'B', 'UH', 'K']","['cook', 'book']","['cook', 'book']",0.0,2.29e-06,"[24, 14, 24, 16, 14, 24, 0, 0]"
ton,"['T', 'AH', 'N']",['ton'],['ton'],0.0,1.95e-05,"[33, 3, 27, 0, 0, 0, 0, 0]"
und,"['AH', 'N', 'D']",['und'],['und'],0.0,8.71e-06,"[3, 27, 18, 0, 0, 0, 0, 0]"
demo,"['D', 'EH', 'M', 'OW']",['demo'],['demo'],0.0,1.15e-05,"[18, 7, 26, 12, 0, 0, 0, 0]"
behalf,"['B', 'IH', 'HH', 'AE', 'F']","['be', 'half']","['be', 'half']",0.0,2.63e-05,"[16, 10, 22, 2, 20, 0, 0, 0]"
sara,"['S', 'EH', 'R', 'AH']",['sara'],['sara'],0.0,9.12e-06,"[31, 7, 30, 3, 0, 0, 0, 0]"
bra,"['B', 'R', 'AA']",['bra'],['bra'],0.0,7.08e-06,"[16, 30, 1, 0, 0, 0, 0, 0]"
myers,"['M', 'AY', 'ER', 'Z']","['my', 'ers']","['my', 'ers']",0.0,5.37e-06,"[26, 6, 8, 38, 0, 0, 0, 0]"
enrolled,"['EH', 'N', 'R', 'OW', 'L', 'D']","['en', 'rolled']","['en', 'rolled']",0.0,8.32e-06,"[7, 27, 30, 12, 25, 18, 0, 0]"
orleans,"['AO', 'R', 'L', 'IY', 'AH', 'N', 'Z']","['or', 'leans']","['or', 'leans']",0.0,1.62e-05,"[4, 30, 25, 11, 3, 27, 38, 0]"
affordable,"['AH', 'F', 'AO', 'R', 'D', 'AH', 'B', 'AH', 'L']","['af', 'ford', 'able']","['af', 'ford', 'able']",0.0,1.66e-05,"[3, 20, 4, 30, 18, 3, 16, 3]"
patent,"['P', 'AE', 'T', 'AH', 'N', 'T']","['pat', 'ent']","['pat', 'ent']",0.0,1.51e-05,"[29, 2, 33, 3, 27, 33, 0, 0]"
rice,"['R', 'AY', 'S']",['rice'],['rice'],0.0,3.55e-05,"[30, 6, 31, 0, 0, 0, 0, 0]"
loop,"['L', 'UW', 'P']",['loop'],['loop'],0.0,1.95e-05,"[25, 15, 29, 0, 0, 0, 0, 0]"
guard,"['G', 'AA', 'R', 'D']",['guard'],['guard'],0.0,5.37e-05,"[21, 1, 30, 18, 0, 0, 0, 0]"
entries,"['EH', 'N', 'T', 'R', 'IY', 'Z']",['entries'],['entries'],0.0,1.23e-05,"[7, 27, 33, 30, 11, 38, 0, 0]"
dates,"['D', 'EY', 'T', 'S']",['dates'],['dates'],0.0,3.47e-05,"[18, 9, 33, 31, 0, 0, 0, 0]"
joint,"['JH', 'OY', 'N', 'T']",['joint'],['joint'],0.0,5.13e-05,"[23, 13, 27, 33, 0, 0, 0, 0]"
fresh,"['F', 'R', 'EH', 'SH']",['fresh'],['fresh'],0.0,6.76e-05,"[20, 30, 7, 32, 0, 0, 0, 0]"
nor,"['N', 'AO', 'R']",['nor'],['nor'],0.0,6.03e-05,"[27, 4, 30, 0, 0, 0, 0, 0]"
particle,"['P', 'AA', 'R', 'T', 'AH', 'K', 'AH', 'L']",['particle'],['particle'],0.0,7.94e-06,"[29, 1, 30, 33, 3, 24, 3, 25]"
boxing,"['B', 'AA', 'K', 'S', 'IH', 'NG']","['box', 'ing']","['box', 'ing']",0.0,1.48e-05,"[16, 1, 24, 31, 10, 28, 0, 0]"
avatar,"['AE', 'V', 'AH', 'T', 'AA', 'R']",['avatar'],['avatar'],0.0,4.9e-06,"[2, 35, 3, 33, 1, 30, 0, 0]"
seconds,"['S', 'EH', 'K', 'AH', 'N', 'D', 'Z']",['seconds'],['seconds'],0.0,7.24e-05,"[31, 7, 24, 3, 27, 18, 38, 0]"
keyword,"['K', 'IY', 'W', 'ER', 'D']",['keyword'],['keyword'],0.0,1.95e-06,"[24, 11, 36, 8, 18, 0, 0, 0]"
flight,"['F', 'L', 'AY', 'T']",['flight'],['flight'],0.0,7.24e-05,"[20, 25, 6, 33, 0, 0, 0, 0]"
fuel,"['F', 'Y', 'UW', 'AH', 'L']",['fuel'],['fuel'],0.0,5.25e-05,"[20, 37, 15, 3, 25, 0, 0, 0]"
walk,"['W', 'AO', 'K']",['walk'],['walk'],0.0,0.00012,"[36, 4, 24, 0, 0, 0, 0, 0]"
produced,"['P', 'R', 'AH', 'D', 'UW', 'S', 'T']","['pro', 'duced']","['pro', 'duced']",0.0,7.41e-05,"[29, 30, 3, 18, 15, 31, 33, 0]"
performs,"['P', 'ER', 'F', 'AO', 'R', 'M', 'Z']","['per', 'forms']","['per', 'forms']",0.0,9.33e-06,"[29, 8, 20, 4, 30, 26, 38, 0]"
bug,"['B', 'AH', 'G']",['bug'],['bug'],0.0,1.58e-05,"[16, 3, 21, 0, 0, 0, 0, 0]"
panic,"['P', 'AE', 'N', 'IH', 'K']","['pan', 'ic']","['pan', 'ic']",0.0,1.82e-05,"[29, 2, 27, 10, 24, 0, 0, 0]"
leone,"['L', 'IY', 'OW', 'N']","['le', 'one']","['le', 'one']",0.0,4.37e-06,"[25, 11, 12, 27, 0, 0, 0, 0]"
planes,"['P', 'L', 'EY', 'N', 'Z']",['planes'],['planes'],0.0,1.45e-05,"[29, 25, 9, 27, 38, 0, 0, 0]"
arbitrary,"['AA', 'R', 'B', 'AH', 'T', 'R', 'EH', 'R', 'IY']","['ar', 'bit', 'rary']","['ar', 'bit', 'rary']",0.0,7.08e-06,"[1, 30, 16, 3, 33, 30, 7, 30]"
sans,"['S', 'AE', 'N', 'Z']",['sans'],['sans'],0.0,3.8e-06,"[31, 2, 27, 38, 0, 0, 0, 0]"
lean,"['L', 'IY', 'N']",['lean'],['lean'],0.0,1.38e-05,"[25, 11, 27, 0, 0, 0, 0, 0]"
bye,"['B', 'AY']",['bye'],['bye'],0.0,2.45e-05,"[16, 6, 0, 0, 0, 0, 0, 0]"
alone,"['AH', 'L', 'OW', 'N']",['alone'],['alone'],0.0,0.000145,"[3, 25, 12, 27, 0, 0, 0, 0]"
purposes,"['P', 'ER', 'P', 'AH', 'S', 'AH', 'Z']","['pur', 'poses']","['pur', 'poses']",0.0,3.24e-05,"[29, 8, 29, 3, 31, 3, 38, 0]"
shine,"['SH', 'AY', 'N']",['shine'],['shine'],0.0,1.48e-05,"[32, 6, 27, 0, 0, 0, 0, 0]"
thomson,"['T', 'AA', 'M', 'S', 'AH', 'N']","['thom', 'son']","['thom', 'son']",0.0,6.03e-06,"[33, 1, 26, 31, 3, 27, 0, 0]"
rabbit,"['R', 'AE', 'B', 'AH', 'T']","['rab', 'bit']","['rab', 'bit']",0.0,1.12e-05,"[30, 2, 16, 3, 33, 0, 0, 0]"
dam,"['D', 'AE', 'M']",['dam'],['dam'],0.0,1.48e-05,"[18, 2, 26, 0, 0, 0, 0, 0]"
lil,"['L', 'IH', 'L']",['lil'],['lil'],0.0,7.59e-06,"[25, 10, 25, 0, 0, 0, 0, 0]"
honolulu,"['HH', 'AA', 'N', 'AH', 'L', 'UW', 'L', 'UW']","['hon', 'olulu']","['hon', 'olulu']",0.0,3.16e-06,"[22, 1, 27, 3, 25, 15, 25, 15]"
exchanges,"['IH', 'K', 'S', 'CH', 'EY', 'N', 'JH', 'AH', 'Z']","['ex', 'changes']","['ex', 'changes']",0.0,8.91e-06,"[10, 24, 31, 17, 9, 27, 23, 3]"
pond,"['P', 'AA', 'N', 'D']",['pond'],['pond'],0.0,9.55e-06,"[29, 1, 27, 18, 0, 0, 0, 0]"
rolls,"['R', 'OW', 'L', 'Z']",['rolls'],['rolls'],0.0,1.7e-05,"[30, 12, 25, 38, 0, 0, 0, 0]"
break,"['B', 'R', 'EY', 'K']",['break'],['break'],0.0,0.000151,"[16, 30, 9, 24, 0, 0, 0, 0]"
garlic,"['G', 'AA', 'R', 'L', 'IH', 'K']","['gar', 'lic']","['gar', 'lic']",0.0,8.32e-06,"[21, 1, 30, 25, 10, 24, 0, 0]"
places,"['P', 'L', 'EY', 'S', 'AH', 'Z']",['places'],['places'],0.0,0.000107,"[29, 25, 9, 31, 3, 38, 0, 0]"
pretty,"['P', 'R', 'IH', 'T', 'IY']",['pretty'],['pretty'],0.0,0.00024,"[29, 30, 10, 33, 11, 0, 0, 0]"
southern,"['S', 'AH', 'DH', 'ER', 'N']","['south', 'ern']","['south', 'ern']",0.0,6.92e-05,"[31, 3, 19, 8, 27, 0, 0, 0]"
etc,"['EH', 'T', 'S', 'EH', 'T', 'ER', 'AH']",['etc'],['etc'],0.0,0.000107,"[7, 33, 31, 7, 33, 8, 3, 0]"
battery,"['B', 'AE', 'T', 'ER', 'IY']","['bat', 'tery']","['bat', 'tery']",0.0,3.31e-05,"[16, 2, 33, 8, 11, 0, 0, 0]"
trainer,"['T', 'R', 'EY', 'N', 'ER']","['train', 'er']","['train', 'er']",0.0,1.2e-05,"[33, 30, 9, 27, 8, 0, 0, 0]"
ing,"['IH', 'NG']",['ing'],['ing'],0.0,8.91e-06,"[10, 28, 0, 0, 0, 0, 0, 0]"
benchmark,"['B', 'EH', 'N', 'CH', 'M', 'AA', 'R', 'K']","['bench', 'mark']","['bench', 'mark']",0.0,3.98e-06,"[16, 7, 27, 17, 26, 1, 30, 24]"
bedford,"['B', 'EH', 'D', 'F', 'ER', 'D']","['bed', 'ford']","['bed', 'ford']",0.0,3.98e-06,"[16, 7, 18, 20, 8, 18, 0, 0]"
race,"['R', 'EY', 'S']",['race'],['race'],0.0,0.00012,"[30, 9, 31, 0, 0, 0, 0, 0]"
mini,"['M', 'IH', 'N', 'IY']",['mini'],['mini'],0.0,2.75e-05,"[26, 10, 27, 11, 0, 0, 0, 0]"
politics,"['P', 'AA', 'L', 'AH', 'T', 'IH', 'K', 'S']","['polit', 'ics']","['polit', 'ics']",0.0,7.41e-05,"[29, 1, 25, 3, 33, 10, 24, 31]"
boards,"['B', 'AO', 'R', 'D', 'Z']",['boards'],['boards'],0.0,2.04e-05,"[16, 4, 30, 18, 38, 0, 0, 0]"
drag,"['D', 'R', 'AE', 'G']",['drag'],['drag'],0.0,1.95e-05,"[18, 30, 2, 21, 0, 0, 0, 0]"
somehow,"['S', 'AH', 'M', 'HH', 'AW']","['some', 'how']","['some', 'how']",0.0,3.39e-05,"[31, 3, 26, 22, 5, 0, 0, 0]"
grade,"['G', 'R', 'EY', 'D']",['grade'],['grade'],0.0,6.31e-05,"[21, 30, 9, 18, 0, 0, 0, 0]"
pop,"['P', 'AA', 'P']",['pop'],['pop'],0.0,7.41e-05,"[29, 1, 29, 0, 0, 0, 0, 0]"
stage,"['S', 'T', 'EY', 'JH']",['stage'],['stage'],0.0,0.000126,"[31, 33, 9, 23, 0, 0, 0, 0]"
born,"['B', 'AO', 'R', 'N']",['born'],['born'],0.0,0.000123,"[16, 4, 30, 27, 0, 0, 0, 0]"
hit,"['HH', 'IH', 'T']",['hit'],['hit'],0.0,0.000234,"[22, 10, 33, 0, 0, 0, 0, 0]"
fish,"['F', 'IH', 'SH']",['fish'],['fish'],0.0,7.94e-05,"[20, 10, 32, 0, 0, 0, 0, 0]"
eye,['AY'],['eye'],['eye'],0.0,0.000105,"[6, 0, 0, 0, 0, 0, 0, 0]"
string,"['S', 'T', 'R', 'IH', 'NG']",['string'],['string'],0.0,2.51e-05,"[31, 33, 30, 10, 28, 0, 0, 0]"
leg,"['L', 'EH', 'G']",['leg'],['leg'],0.0,4.57e-05,"[25, 7, 21, 0, 0, 0, 0, 0]"
wing,"['W', 'IH', 'NG']",['wing'],['wing'],0.0,4.07e-05,"[36, 10, 28, 0, 0, 0, 0, 0]"
rail,"['R', 'EY', 'L']",['rail'],['rail'],0.0,2.57e-05,"[30, 9, 25, 0, 0, 0, 0, 0]"
airlines,"['EH', 'R', 'L', 'AY', 'N', 'Z']","['air', 'lines']","['air', 'lines']",0.0,1.55e-05,"[7, 30, 25, 6, 27, 38, 0, 0]"
valuable,"['V', 'AE', 'L', 'Y', 'AH', 'B', 'AH', 'L']","['valu', 'able']","['valu', 'able']",0.0,3.24e-05,"[35, 2, 25, 37, 3, 16, 3, 25]"
tone,"['T', 'OW', 'N']",['tone'],['tone'],0.0,3.09e-05,"[33, 12, 27, 0, 0, 0, 0, 0]"
hint,"['HH', 'IH', 'N', 'T']",['hint'],['hint'],0.0,1.17e-05,"[22, 10, 27, 33, 0, 0, 0, 0]"
device,"['D', 'IH', 'V', 'AY', 'S']",['device'],['device'],0.0,4.68e-05,"[18, 10, 35, 6, 31, 0, 0, 0]"
rent,"['R', 'EH', 'N', 'T']",['rent'],['rent'],0.0,3.8e-05,"[30, 7, 27, 33, 0, 0, 0, 0]"
las,"['L', 'AA', 'S']",['las'],['las'],0.0,1.91e-05,"[25, 1, 31, 0, 0, 0, 0, 0]"
dark,"['D', 'AA', 'R', 'K']",['dark'],['dark'],0.0,0.00011,"[18, 1, 30, 24, 0, 0, 0, 0]"
fare,"['F', 'EH', 'R']",['fare'],['fare'],0.0,8.71e-06,"[20, 7, 30, 0, 0, 0, 0, 0]"
packing,"['P', 'AE', 'K', 'IH', 'NG']","['pack', 'ing']","['pack', 'ing']",0.0,1.15e-05,"[29, 2, 24, 10, 28, 0, 0, 0]"
statute,"['S', 'T', 'AE', 'CH', 'UW', 'T']","['stat', 'ute']","['stat', 'ute']",0.0,6.76e-06,"[31, 33, 2, 17, 15, 33, 0, 0]"
loads,"['L', 'OW', 'D', 'Z']",['loads'],['loads'],0.0,1.66e-05,"[25, 12, 18, 38, 0, 0, 0, 0]"
blocking,"['B', 'L', 'AA', 'K', 'IH', 'NG']","['block', 'ing']","['block', 'ing']",0.0,1.32e-05,"[16, 25, 1, 24, 10, 28, 0, 0]"
papua,"['P', 'AE', 'P', 'Y', 'UW', 'AH']","['pap', 'ua']","['pap', 'ua']",0.0,2.63e-06,"[29, 2, 29, 37, 15, 3, 0, 0]"
advertiser,"['AE', 'D', 'V', 'ER', 'T', 'AY', 'Z', 'ER']","['ad', 'vert', 'iser']","['ad', 'vert', 'iser']",0.0,2.4e-06,"[2, 18, 35, 8, 33, 6, 38, 8]"
apple,"['AE', 'P', 'AH', 'L']",['apple'],['apple'],0.0,5.75e-05,"[2, 29, 3, 25, 0, 0, 0, 0]"
min,"['M', 'IH', 'N']",['min'],['min'],0.0,2.63e-05,"[26, 10, 27, 0, 0, 0, 0, 0]"
theory,"['TH', 'IH', 'R', 'IY']","['the', 'ory']","['the', 'ory']",0.0,7.59e-05,"[34, 10, 30, 11, 0, 0, 0, 0]"
enjoy,"['EH', 'N', 'JH', 'OY']","['en', 'joy']","['en', 'joy']",0.0,0.000123,"[7, 27, 23, 13, 0, 0, 0, 0]"
aid,"['EY', 'D']",['aid'],['aid'],0.0,5.62e-05,"[9, 18, 0, 0, 0, 0, 0, 0]"
seed,"['S', 'IY', 'D']",['seed'],['seed'],0.0,2.34e-05,"[31, 11, 18, 0, 0, 0, 0, 0]"
expertise,"['EH', 'K', 'S', 'P', 'ER', 'T', 'IY', 'Z']","['ex', 'pert', 'ise']","['ex', 'pert', 'ise']",0.0,1.15e-05,"[7, 24, 31, 29, 8, 33, 11, 38]"
peer,"['P', 'IH', 'R']",['peer'],['peer'],0.0,1.38e-05,"[29, 10, 30, 0, 0, 0, 0, 0]"
caught,"['K', 'AA', 'T']",['caught'],['caught'],0.0,7.94e-05,"[24, 1, 33, 0, 0, 0, 0, 0]"
gate,"['G', 'EY', 'T']",['gate'],['gate'],0.0,2.95e-05,"[21, 9, 33, 0, 0, 0, 0, 0]"
cottages,"['K', 'AA', 'T', 'IH', 'JH', 'IH', 'Z']","['cot', 'tages']","['cot', 'tages']",0.0,2.57e-06,"[24, 1, 33, 10, 23, 10, 38, 0]"
merge,"['M', 'ER', 'JH']",['merge'],['merge'],0.0,5.62e-06,"[26, 8, 23, 0, 0, 0, 0, 0]"
pushing,"['P', 'UH', 'SH', 'IH', 'NG']","['push', 'ing']","['push', 'ing']",0.0,2.75e-05,"[29, 14, 32, 10, 28, 0, 0, 0]"
core,"['K', 'AO', 'R']",['core'],['core'],0.0,5.37e-05,"[24, 4, 30, 0, 0, 0, 0, 0]"
newcastle,"['N', 'UW', 'K', 'AE', 'S', 'AH', 'L']","['new', 'castle']","['new', 'castle']",0.0,1.17e-05,"[27, 15, 24, 2, 31, 3, 25, 0]"
columns,"['K', 'AA', 'L', 'AH', 'M', 'Z']",['columns'],['columns'],0.0,9.33e-06,"[24, 1, 25, 3, 26, 38, 0, 0]"
disorders,"['D', 'IH', 'S', 'AO', 'R', 'D', 'ER', 'Z']","['dis', 'orders']","['dis', 'orders']",0.0,1.38e-05,"[18, 10, 31, 4, 30, 18, 8, 38]"
cookies,"['K', 'UH', 'K', 'IY', 'Z']","['cook', 'ies']","['cook', 'ies']",0.0,1.32e-05,"[24, 14, 24, 11, 38, 0, 0, 0]"
med,"['M', 'EH', 'D']",['med'],['med'],0.0,7.59e-06,"[26, 7, 18, 0, 0, 0, 0, 0]"
pool,"['P', 'UW', 'L']",['pool'],['pool'],0.0,4.68e-05,"[29, 15, 25, 0, 0, 0, 0, 0]"
proposals,"['P', 'R', 'AH', 'P', 'OW', 'Z', 'AH', 'L', 'Z']","['pro', 'pos', 'als']","['pro', 'pos', 'als']",0.0,1.58e-05,"[29, 30, 3, 29, 12, 38, 3, 25]"
das,"['D', 'AE', 'S']",['das'],['das'],0.0,5.37e-06,"[18, 2, 31, 0, 0, 0, 0, 0]"
friendship,"['F', 'R', 'EH', 'N', 'D', 'SH', 'IH', 'P']","['friend', 'ship']","['friend', 'ship']",0.0,2.45e-05,"[20, 30, 7, 27, 18, 32, 10, 29]"
passport,"['P', 'AE', 'S', 'P', 'AO', 'R', 'T']","['pass', 'port']","['pass', 'port']",0.0,1.12e-05,"[29, 2, 31, 29, 4, 30, 33, 0]"
para,"['P', 'EH', 'R', 'AH']",['para'],['para'],0.0,7.08e-06,"[29, 7, 30, 3, 0, 0, 0, 0]"
aged,"['EY', 'JH', 'D']",['aged'],['aged'],0.0,3.16e-05,"[9, 23, 18, 0, 0, 0, 0, 0]"
visits,"['V', 'IH', 'Z', 'AH', 'T', 'S']","['vis', 'its']","['vis', 'its']",0.0,2e-05,"[35, 10, 38, 3, 33, 31, 0, 0]"
sin,"['S', 'IH', 'N']",['sin'],['sin'],0.0,2.34e-05,"[31, 10, 27, 0, 0, 0, 0, 0]"
berlin,"['B', 'ER', 'L', 'IH', 'N']","['ber', 'lin']","['ber', 'lin']",0.0,2.4e-05,"[16, 8, 25, 10, 27, 0, 0, 0]"
units,"['Y', 'UW', 'N', 'AH', 'T', 'S']",['units'],['units'],0.0,5.89e-05,"[37, 15, 27, 3, 33, 31, 0, 0]"
biz,"['B', 'IH', 'Z']",['biz'],['biz'],0.0,1.86e-06,"[16, 10, 38, 0, 0, 0, 0, 0]"
pairs,"['P', 'EH', 'R', 'Z']",['pairs'],['pairs'],0.0,1.29e-05,"[29, 7, 30, 38, 0, 0, 0, 0]"
ads,"['AE', 'D', 'Z']",['ads'],['ads'],0.0,2.09e-05,"[2, 18, 38, 0, 0, 0, 0, 0]"
mary,"['M', 'EH', 'R', 'IY']",['mary'],['mary'],0.0,6.03e-05,"[26, 7, 30, 11, 0, 0, 0, 0]"
ring,"['R', 'IH', 'NG']",['ring'],['ring'],0.0,6.46e-05,"[30, 10, 28, 0, 0, 0, 0, 0]"
trust,"['T', 'R', 'AH', 'S', 'T']",['trust'],['trust'],0.0,0.000135,"[33, 30, 3, 31, 33, 0, 0, 0]"
van,"['V', 'AE', 'N']",['van'],['van'],0.0,6.03e-05,"[35, 2, 27, 0, 0, 0, 0, 0]"
multi,"['M', 'AH', 'L', 'T', 'IY']",['multi'],['multi'],0.0,3.47e-05,"[26, 3, 25, 33, 11, 0, 0, 0]"
ethics,"['EH', 'TH', 'IH', 'K', 'S']","['eth', 'ics']","['eth', 'ics']",0.0,1.55e-05,"[7, 34, 10, 24, 31, 0, 0, 0]"
dragon,"['D', 'R', 'AE', 'G', 'AH', 'N']",['dragon'],['dragon'],0.0,2.57e-05,"[18, 30, 2, 21, 3, 27, 0, 0]"
wellness,"['W', 'EH', 'L', 'N', 'AH', 'S']","['well', 'ness']","['well', 'ness']",0.0,3.72e-06,"[36, 7, 25, 27, 3, 31, 0, 0]"
cool,"['K', 'UW', 'L']",['cool'],['cool'],0.0,0.000141,"[24, 15, 25, 0, 0, 0, 0, 0]"
fin,"['F', 'IH', 'N']",['fin'],['fin'],0.0,5.01e-06,"[20, 10, 27, 0, 0, 0, 0, 0]"
mud,"['M', 'AH', 'D']",['mud'],['mud'],0.0,1.35e-05,"[26, 3, 18, 0, 0, 0, 0, 0]"
uni,"['Y', 'UW', 'N', 'IY']",['uni'],['uni'],0.0,4.9e-06,"[37, 15, 27, 11, 0, 0, 0, 0]"
tract,"['T', 'R', 'AE', 'K', 'T']",['tract'],['tract'],0.0,5.13e-06,"[33, 30, 2, 24, 33, 0, 0, 0]"
ballet,"['B', 'AE', 'L', 'EY']","['bal', 'let']","['bal', 'let']",0.0,8.91e-06,"[16, 2, 25, 9, 0, 0, 0, 0]"
skin,"['S', 'K', 'IH', 'N']",['skin'],['skin'],0.0,8.13e-05,"[31, 24, 10, 27, 0, 0, 0, 0]"
desperate,"['D', 'EH', 'S', 'P', 'R', 'IH', 'T']","['des', 'per', 'ate']","['des', 'per', 'ate']",0.0,2.09e-05,"[18, 7, 31, 29, 30, 10, 33, 0]"
nascar,"['N', 'AE', 'S', 'K', 'AA', 'R']","['nas', 'car']","['nas', 'car']",0.0,5.75e-06,"[27, 2, 31, 24, 1, 30, 0, 0]"
disaster,"['D', 'IH', 'Z', 'AE', 'S', 'T', 'ER']","['dis', 'aster']","['dis', 'aster']",0.0,2.45e-05,"[18, 10, 38, 2, 31, 33, 8, 0]"
serum,"['S', 'IH', 'R', 'AH', 'M']","['ser', 'um']","['ser', 'um']",0.0,5.5e-06,"[31, 10, 30, 3, 26, 0, 0, 0]"
theta,"['TH', 'EY', 'T', 'AH']",['theta'],['theta'],0.0,1.45e-06,"[34, 9, 33, 3, 0, 0, 0, 0]"
ala,"['EY', 'L', 'AH']",['ala'],['ala'],0.0,3.39e-06,"[9, 25, 3, 0, 0, 0, 0, 0]"
football,"['F', 'UH', 'T', 'B', 'AO', 'L']","['foot', 'ball']","['foot', 'ball']",0.0,0.000129,"[20, 14, 33, 16, 4, 25, 0, 0]"
uses,"['Y', 'UW', 'S', 'AH', 'Z']",['uses'],['uses'],0.0,7.59e-05,"[37, 15, 31, 3, 38, 0, 0, 0]"
likely,"['L', 'AY', 'K', 'L', 'IY']",['likely'],['likely'],0.0,0.000158,"[25, 6, 24, 25, 11, 0, 0, 0]"
isolated,"['AY', 'S', 'AH', 'L', 'EY', 'T', 'AH', 'D']","['isol', 'ated']","['isol', 'ated']",0.0,1.74e-05,"[6, 31, 3, 25, 9, 33, 3, 18]"
hobbies,"['HH', 'AA', 'B', 'IY', 'Z']","['hob', 'bies']","['hob', 'bies']",0.0,3.72e-06,"[22, 1, 16, 11, 38, 0, 0, 0]"
excess,"['EH', 'K', 'S', 'EH', 'S']","['ex', 'cess']","['ex', 'cess']",0.0,1.62e-05,"[7, 24, 31, 7, 31, 0, 0, 0]"
graduation,"['G', 'R', 'AE', 'JH', 'UW', 'EY', 'SH', 'AH', 'N']","['gradu', 'ation']","['gradu', 'ation']",0.0,1.17e-05,"[21, 30, 2, 23, 15, 9, 32, 3]"
giant,"['JH', 'AY', 'AH', 'N', 'T']","['gi', 'ant']","['gi', 'ant']",0.0,4.17e-05,"[23, 6, 3, 27, 33, 0, 0, 0]"
sacred,"['S', 'EY', 'K', 'R', 'AH', 'D']","['sac', 'red']","['sac', 'red']",0.0,1.74e-05,"[31, 9, 24, 30, 3, 18, 0, 0]"
chrome,"['K', 'R', 'OW', 'M']",['chrome'],['chrome'],0.0,7.94e-06,"[24, 30, 12, 26, 0, 0, 0, 0]"
dip,"['D', 'IH', 'P']",['dip'],['dip'],0.0,1.12e-05,"[18, 10, 29, 0, 0, 0, 0, 0]"
captain,"['K', 'AE', 'P', 'T', 'AH', 'N']","['cap', 'tain']","['cap', 'tain']",0.0,7.76e-05,"[24, 2, 29, 33, 3, 27, 0, 0]"
calgary,"['K', 'AE', 'L', 'G', 'ER', 'IY']","['cal', 'gary']","['cal', 'gary']",0.0,6.03e-06,"[24, 2, 25, 21, 8, 11, 0, 0]"
streaming,"['S', 'T', 'R', 'IY', 'M', 'IH', 'NG']","['stream', 'ing']","['stream', 'ing']",0.0,1.66e-05,"[31, 33, 30, 11, 26, 10, 28, 0]"
compound,"['K', 'AA', 'M', 'P', 'AW', 'N', 'D']","['com', 'pound']","['com', 'pound']",0.0,1.51e-05,"[24, 1, 26, 29, 5, 27, 18, 0]"
blast,"['B', 'L', 'AE', 'S', 'T']",['blast'],['blast'],0.0,2.09e-05,"[16, 25, 2, 31, 33, 0, 0, 0]"
plane,"['P', 'L', 'EY', 'N']",['plane'],['plane'],0.0,5.25e-05,"[29, 25, 9, 27, 0, 0, 0, 0]"
northern,"['N', 'AO', 'R', 'DH', 'ER', 'N']","['north', 'ern']","['north', 'ern']",0.0,7.08e-05,"[27, 4, 30, 19, 8, 27, 0, 0]"
java,"['JH', 'AA', 'V', 'AH']",['java'],['java'],0.0,1e-05,"[23, 1, 35, 3, 0, 0, 0, 0]"
guest,"['G', 'EH', 'S', 'T']",['guest'],['guest'],0.0,3.8e-05,"[21, 7, 31, 33, 0, 0, 0, 0]"
pass,"['P', 'AE', 'S']",['pass'],['pass'],0.0,0.000112,"[29, 2, 31, 0, 0, 0, 0, 0]"
protein,"['P', 'R', 'OW', 'T', 'IY', 'N']","['pro', 'tein']","['pro', 'tein']",0.0,3.39e-05,"[29, 30, 12, 33, 11, 27, 0, 0]"
plant,"['P', 'L', 'AE', 'N', 'T']",['plant'],['plant'],0.0,7.76e-05,"[29, 25, 2, 27, 33, 0, 0, 0]"
leon,"['L', 'IY', 'AA', 'N']","['le', 'on']","['le', 'on']",0.0,8.32e-06,"[25, 11, 1, 27, 0, 0, 0, 0]"
ate,"['EY', 'T']",['ate'],['ate'],0.0,2.19e-05,"[9, 33, 0, 0, 0, 0, 0, 0]"
match,"['M', 'AE', 'CH']",['match'],['match'],0.0,0.000135,"[26, 2, 17, 0, 0, 0, 0, 0]"
vehicle,"['V', 'IY', 'HH', 'IH', 'K', 'AH', 'L']",['vehicle'],['vehicle'],0.0,5.75e-05,"[35, 11, 22, 10, 24, 3, 25, 0]"
clone,"['K', 'L', 'OW', 'N']",['clone'],['clone'],0.0,4.79e-06,"[24, 25, 12, 27, 0, 0, 0, 0]"
lambda,"['L', 'AE', 'M', 'D', 'AH']",['lambda'],['lambda'],0.0,1.15e-06,"[25, 2, 26, 18, 3, 0, 0, 0]"
relay,"['R', 'IY', 'L', 'EY']","['re', 'lay']","['re', 'lay']",0.0,7.24e-06,"[30, 11, 25, 9, 0, 0, 0, 0]"
composed,"['K', 'AH', 'M', 'P', 'OW', 'Z', 'D']","['com', 'posed']","['com', 'posed']",0.0,1.86e-05,"[24, 3, 26, 29, 12, 38, 18, 0]"
cab,"['K', 'AE', 'B']",['cab'],['cab'],0.0,8.91e-06,"[24, 2, 16, 0, 0, 0, 0, 0]"
nav,"['N', 'AE', 'V']",['nav'],['nav'],0.0,1.82e-06,"[27, 2, 35, 0, 0, 0, 0, 0]"
cyber,"['S', 'AY', 'B', 'ER']","['cy', 'ber']","['cy', 'ber']",0.0,9.55e-06,"[31, 6, 16, 8, 0, 0, 0, 0]"
sense,"['S', 'EH', 'N', 'S']",['sense'],['sense'],0.0,0.000155,"[31, 7, 27, 31, 0, 0, 0, 0]"
pack,"['P', 'AE', 'K']",['pack'],['pack'],0.0,4.57e-05,"[29, 2, 24, 0, 0, 0, 0, 0]"
bang,"['B', 'AE', 'NG']",['bang'],['bang'],0.0,2.09e-05,"[16, 2, 28, 0, 0, 0, 0, 0]"
mega,"['M', 'EH', 'G', 'AH']",['mega'],['mega'],0.0,1.05e-05,"[26, 7, 21, 3, 0, 0, 0, 0]"
variations,"['V', 'EH', 'R', 'IY', 'EY', 'SH', 'AH', 'N', 'Z']","['vari', 'ations']","['vari', 'ations']",0.0,1.23e-05,"[35, 7, 30, 11, 9, 32, 3, 27]"
gap,"['G', 'AE', 'P']",['gap'],['gap'],0.0,2.95e-05,"[21, 2, 29, 0, 0, 0, 0, 0]"
harvest,"['HH', 'AA', 'R', 'V', 'AH', 'S', 'T']","['har', 'vest']","['har', 'vest']",0.0,1.07e-05,"[22, 1, 30, 35, 3, 31, 33, 0]"
previews,"['P', 'R', 'IY', 'V', 'Y', 'UW', 'Z']","['pre', 'views']","['pre', 'views']",0.0,2.14e-06,"[29, 30, 11, 35, 37, 15, 38, 0]"
floor,"['F', 'L', 'AO', 'R']",['floor'],['floor'],0.0,8.71e-05,"[20, 25, 4, 30, 0, 0, 0, 0]"
german,"['JH', 'ER', 'M', 'AH', 'N']","['ger', 'man']","['ger', 'man']",0.0,8.91e-05,"[23, 8, 26, 3, 27, 0, 0, 0]"
monster,"['M', 'AA', 'N', 'S', 'T', 'ER']","['mon', 'ster']","['mon', 'ster']",0.0,3.09e-05,"[26, 1, 27, 31, 33, 8, 0, 0]"
alex,"['AE', 'L', 'AH', 'K', 'S']",['alex'],['alex'],0.0,4.17e-05,"[2, 25, 3, 24, 31, 0, 0, 0]"
rubber,"['R', 'AH', 'B', 'ER']","['rub', 'ber']","['rub', 'ber']",0.0,1.7e-05,"[30, 3, 16, 8, 0, 0, 0, 0]"
villa,"['V', 'IH', 'L', 'AH']",['villa'],['villa'],0.0,1.58e-05,"[35, 10, 25, 3, 0, 0, 0, 0]"
bone,"['B', 'OW', 'N']",['bone'],['bone'],0.0,2.95e-05,"[16, 12, 27, 0, 0, 0, 0, 0]"
locally,"['L', 'OW', 'K', 'AH', 'L', 'IY']","['loc', 'ally']","['loc', 'ally']",0.0,1.29e-05,"[25, 12, 24, 3, 25, 11, 0, 0]"
proposed,"['P', 'R', 'AH', 'P', 'OW', 'Z', 'D']","['pro', 'posed']","['pro', 'posed']",0.0,5.13e-05,"[29, 30, 3, 29, 12, 38, 18, 0]"
boys,"['B', 'OY', 'Z']",['boys'],['boys'],0.0,0.000107,"[16, 13, 38, 0, 0, 0, 0, 0]"
outdoor,"['AW', 'T', 'D', 'AO', 'R']","['out', 'door']","['out', 'door']",0.0,1.7e-05,"[5, 33, 18, 4, 30, 0, 0, 0]"
deep,"['D', 'IY', 'P']",['deep'],['deep'],0.0,0.000112,"[18, 11, 29, 0, 0, 0, 0, 0]"
rest,"['R', 'EH', 'S', 'T']",['rest'],['rest'],0.0,0.00017,"[30, 7, 31, 33, 0, 0, 0, 0]"
mailing,"['M', 'EY', 'L', 'IH', 'NG']","['mail', 'ing']","['mail', 'ing']",0.0,3.98e-06,"[26, 9, 25, 10, 28, 0, 0, 0]"
ash,"['AE', 'SH']",['ash'],['ash'],0.0,1.45e-05,"[2, 32, 0, 0, 0, 0, 0, 0]"
router,"['R', 'UW', 'T', 'ER']",['router'],['router'],0.0,3.16e-06,"[30, 15, 33, 8, 0, 0, 0, 0]"
concrete,"['K', 'AH', 'N', 'K', 'R', 'IY', 'T']","['con', 'crete']","['con', 'crete']",0.0,2.75e-05,"[24, 3, 27, 24, 30, 11, 33, 0]"
editing,"['EH', 'D', 'AH', 'T', 'IH', 'NG']","['edit', 'ing']","['edit', 'ing']",0.0,1.86e-05,"[7, 18, 3, 33, 10, 28, 0, 0]"
folder,"['F', 'OW', 'L', 'D', 'ER']",['folder'],['folder'],0.0,5.5e-06,"[20, 12, 25, 18, 8, 0, 0, 0]"
broadcast,"['B', 'R', 'AO', 'D', 'K', 'AE', 'S', 'T']","['broad', 'cast']","['broad', 'cast']",0.0,2.45e-05,"[16, 30, 4, 18, 24, 2, 31, 33]"
reunion,"['R', 'IY', 'UW', 'N', 'Y', 'AH', 'N']","['re', 'union']","['re', 'union']",0.0,8.51e-06,"[30, 11, 15, 27, 37, 3, 27, 0]"
patents,"['P', 'AE', 'T', 'AH', 'N', 'T', 'S']","['pat', 'ents']","['pat', 'ents']",0.0,5.89e-06,"[29, 2, 33, 3, 27, 33, 31, 0]"
fig,"['F', 'IH', 'G']",['fig'],['fig'],0.0,1.26e-05,"[20, 10, 21, 0, 0, 0, 0, 0]"
metro,"['M', 'EH', 'T', 'R', 'OW']",['metro'],['metro'],0.0,1.51e-05,"[26, 7, 33, 30, 12, 0, 0, 0]"
strip,"['S', 'T', 'R', 'IH', 'P']",['strip'],['strip'],0.0,2.29e-05,"[31, 33, 30, 10, 29, 0, 0, 0]"
tab,"['T', 'AE', 'B']",['tab'],['tab'],0.0,9.12e-06,"[33, 2, 16, 0, 0, 0, 0, 0]"
salvador,"['S', 'AE', 'L', 'V', 'AH', 'D', 'AO', 'R']","['sal', 'vador']","['sal', 'vador']",0.0,5.25e-06,"[31, 2, 25, 35, 3, 18, 4, 30]"
ali,"['AA', 'L', 'IY']",['ali'],['ali'],0.0,2.04e-05,"[1, 25, 11, 0, 0, 0, 0, 0]"
monroe,"['M', 'AH', 'N', 'R', 'OW']","['mon', 'roe']","['mon', 'roe']",0.0,7.76e-06,"[26, 3, 27, 30, 12, 0, 0, 0]"
pas,"['P', 'AA', 'Z']",['pas'],['pas'],0.0,3.89e-06,"[29, 1, 38, 0, 0, 0, 0, 0]"
clearing,"['K', 'L', 'IH', 'R', 'IH', 'NG']","['clear', 'ing']","['clear', 'ing']",0.0,1.1e-05,"[24, 25, 10, 30, 10, 28, 0, 0]"
zone,"['Z', 'OW', 'N']",['zone'],['zone'],0.0,5.25e-05,"[38, 12, 27, 0, 0, 0, 0, 0]"
cat,"['K', 'AE', 'T']",['cat'],['cat'],0.0,6.03e-05,"[24, 2, 33, 0, 0, 0, 0, 0]"
die,"['D', 'AY']",['die'],['die'],0.0,0.000117,"[18, 6, 0, 0, 0, 0, 0, 0]"
nickel,"['N', 'IH', 'K', 'AH', 'L']","['nick', 'el']","['nick', 'el']",0.0,6.61e-06,"[27, 10, 24, 3, 25, 0, 0, 0]"
signing,"['S', 'AY', 'N', 'IH', 'NG']","['sign', 'ing']","['sign', 'ing']",0.0,2.51e-05,"[31, 6, 27, 10, 28, 0, 0, 0]"
bench,"['B', 'EH', 'N', 'CH']",['bench'],['bench'],0.0,2.45e-05,"[16, 7, 27, 17, 0, 0, 0, 0]"
flashing,"['F', 'L', 'AE', 'SH', 'IH', 'NG']","['flash', 'ing']","['flash', 'ing']",0.0,4.79e-06,"[20, 25, 2, 32, 10, 28, 0, 0]"
led,"['L', 'EH', 'D']",['led'],['led'],0.0,0.000129,"[25, 7, 18, 0, 0, 0, 0, 0]"
brook,"['B', 'R', 'UH', 'K']",['brook'],['brook'],0.0,5.5e-06,"[16, 30, 14, 24, 0, 0, 0, 0]"
showing,"['SH', 'OW', 'IH', 'NG']","['show', 'ing']","['show', 'ing']",0.0,7.59e-05,"[32, 12, 10, 28, 0, 0, 0, 0]"
funding,"['F', 'AH', 'N', 'D', 'IH', 'NG']","['fund', 'ing']","['fund', 'ing']",0.0,4.27e-05,"[20, 3, 27, 18, 10, 28, 0, 0]"
devices,"['D', 'IH', 'V', 'AY', 'S', 'AH', 'Z']",['devices'],['devices'],0.0,3.89e-05,"[18, 10, 35, 6, 31, 3, 38, 0]"
lord,"['L', 'AO', 'R', 'D']",['lord'],['lord'],0.0,0.000126,"[25, 4, 30, 18, 0, 0, 0, 0]"
landing,"['L', 'AE', 'N', 'D', 'IH', 'NG']","['land', 'ing']","['land', 'ing']",0.0,2.51e-05,"[25, 2, 27, 18, 10, 28, 0, 0]"
retain,"['R', 'IH', 'T', 'EY', 'N']","['re', 'tain']","['re', 'tain']",0.0,1.45e-05,"[30, 10, 33, 9, 27, 0, 0, 0]"
ten,"['T', 'EH', 'N']",['ten'],['ten'],0.0,0.000112,"[33, 7, 27, 0, 0, 0, 0, 0]"
helmet,"['HH', 'EH', 'L', 'M', 'AH', 'T']","['hel', 'met']","['hel', 'met']",0.0,1.05e-05,"[22, 7, 25, 26, 3, 33, 0, 0]"
postcard,"['P', 'OW', 'S', 'T', 'K', 'AA', 'R', 'D']","['post', 'card']","['post', 'card']",0.0,2.75e-06,"[29, 12, 31, 33, 24, 1, 30, 18]"
elephant,"['EH', 'L', 'AH', 'F', 'AH', 'N', 'T']","['ele', 'phant']","['ele', 'phant']",0.0,1.2e-05,"[7, 25, 3, 20, 3, 27, 33, 0]"
grant,"['G', 'R', 'AE', 'N', 'T']",['grant'],['grant'],0.0,4.68e-05,"[21, 30, 2, 27, 33, 0, 0, 0]"
sub,"['S', 'AH', 'B']",['sub'],['sub'],0.0,4.57e-05,"[31, 3, 16, 0, 0, 0, 0, 0]"
agree,"['AH', 'G', 'R', 'IY']",['agree'],['agree'],0.0,9.33e-05,"[3, 21, 30, 11, 0, 0, 0, 0]"
beyond,"['B', 'IH', 'AA', 'N', 'D']","['bey', 'ond']","['bey', 'ond']",0.0,9.55e-05,"[16, 10, 1, 27, 18, 0, 0, 0]"
formats,"['F', 'AO', 'R', 'M', 'AE', 'T', 'S']",['formats'],['formats'],0.0,5.75e-06,"[20, 4, 30, 26, 2, 33, 31, 0]"
gem,"['JH', 'EH', 'M']",['gem'],['gem'],0.0,7.41e-06,"[23, 7, 26, 0, 0, 0, 0, 0]"
path,"['P', 'AE', 'TH']",['path'],['path'],0.0,5.13e-05,"[29, 2, 34, 0, 0, 0, 0, 0]"
chief,"['CH', 'IY', 'F']",['chief'],['chief'],0.0,0.000129,"[17, 11, 20, 0, 0, 0, 0, 0]"
rats,"['R', 'AE', 'T', 'S']",['rats'],['rats'],0.0,1.12e-05,"[30, 2, 33, 31, 0, 0, 0, 0]"
airports,"['EH', 'R', 'P', 'AO', 'R', 'T', 'S']","['air', 'ports']","['air', 'ports']",0.0,8.51e-06,"[7, 30, 29, 4, 30, 33, 31, 0]"
packets,"['P', 'AE', 'K', 'IH', 'T', 'S']","['pack', 'ets']","['pack', 'ets']",0.0,3.31e-06,"[29, 2, 24, 10, 33, 31, 0, 0]"
undo,"['AH', 'N', 'D', 'UW']",['undo'],['undo'],0.0,3.72e-06,"[3, 27, 18, 15, 0, 0, 0, 0]"
dev,"['D', 'EH', 'V']",['dev'],['dev'],0.0,5.75e-06,"[18, 7, 35, 0, 0, 0, 0, 0]"
cup,"['K', 'AH', 'P']",['cup'],['cup'],0.0,0.000129,"[24, 3, 29, 0, 0, 0, 0, 0]"
uri,"['Y', 'ER', 'IY']",['uri'],['uri'],0.0,1.82e-06,"[37, 8, 11, 0, 0, 0, 0, 0]"
prepaid,"['P', 'R', 'IY', 'P', 'EY', 'D']","['pre', 'paid']","['pre', 'paid']",0.0,2e-06,"[29, 30, 11, 29, 9, 18, 0, 0]"
justice,"['JH', 'AH', 'S', 'T', 'AH', 'S']",['justice'],['justice'],0.0,9.33e-05,"[23, 3, 31, 33, 3, 31, 0, 0]"
royal,"['R', 'OY', 'AH', 'L']","['roy', 'al']","['roy', 'al']",0.0,7.08e-05,"[30, 13, 3, 25, 0, 0, 0, 0]"
clean,"['K', 'L', 'IY', 'N']",['clean'],['clean'],0.0,9.33e-05,"[24, 25, 11, 27, 0, 0, 0, 0]"
composer,"['K', 'AH', 'M', 'P', 'OW', 'Z', 'ER']","['com', 'poser']","['com', 'poser']",0.0,7.08e-06,"[24, 3, 26, 29, 12, 38, 8, 0]"
bean,"['B', 'IY', 'N']",['bean'],['bean'],0.0,9.55e-06,"[16, 11, 27, 0, 0, 0, 0, 0]"
psi,"['S', 'AY']",['psi'],['psi'],0.0,2.82e-06,"[31, 6, 0, 0, 0, 0, 0, 0]"
wallet,"['W', 'AO', 'L', 'AH', 'T']","['wal', 'let']","['wal', 'let']",0.0,1.41e-05,"[36, 4, 25, 3, 33, 0, 0, 0]"
lexus,"['L', 'EH', 'K', 'S', 'AH', 'S']","['lex', 'us']","['lex', 'us']",0.0,1.86e-06,"[25, 7, 24, 31, 3, 31, 0, 0]"
remedies,"['R', 'EH', 'M', 'AH', 'D', 'IY', 'Z']","['rem', 'ed', 'ies']","['rem', 'ed', 'ies']",0.0,6.76e-06,"[30, 7, 26, 3, 18, 11, 38, 0]"
validity,"['V', 'AH', 'L', 'IH', 'D', 'AH', 'T', 'IY']","['valid', 'ity']","['valid', 'ity']",0.0,5.01e-06,"[35, 3, 25, 10, 18, 3, 33, 11]"
acquire,"['AH', 'K', 'W', 'AY', 'ER']","['ac', 'quire']","['ac', 'quire']",0.0,1.35e-05,"[3, 24, 36, 6, 8, 0, 0, 0]"
tunnel,"['T', 'AH', 'N', 'AH', 'L']","['tun', 'nel']","['tun', 'nel']",0.0,1.74e-05,"[33, 3, 27, 3, 25, 0, 0, 0]"
helpful,"['HH', 'EH', 'L', 'P', 'F', 'AH', 'L']","['help', 'ful']","['help', 'ful']",0.0,2.69e-05,"[22, 7, 25, 29, 20, 3, 25, 0]"
frame,"['F', 'R', 'EY', 'M']",['frame'],['frame'],0.0,3.8e-05,"[20, 30, 9, 26, 0, 0, 0, 0]"
jack,"['JH', 'AE', 'K']",['jack'],['jack'],0.0,6.61e-05,"[23, 2, 24, 0, 0, 0, 0, 0]"
flat,"['F', 'L', 'AE', 'T']",['flat'],['flat'],0.0,5.25e-05,"[20, 25, 2, 33, 0, 0, 0, 0]"
flow,"['F', 'L', 'OW']",['flow'],['flow'],0.0,4.79e-05,"[20, 25, 12, 0, 0, 0, 0, 0]"
spanish,"['S', 'P', 'AE', 'N', 'IH', 'SH']","['span', 'ish']","['span', 'ish']",0.0,5.37e-05,"[31, 29, 2, 27, 10, 32, 0, 0]"
scale,"['S', 'K', 'EY', 'L']",['scale'],['scale'],0.0,6.76e-05,"[31, 24, 9, 25, 0, 0, 0, 0]"
newfoundland,"['N', 'UW', 'F', 'AH', 'N', 'D', 'L', 'AH', 'N', 'D']","['new', 'found', 'land']","['new', 'found', 'land']",0.0,2.4e-06,"[27, 15, 20, 3, 27, 18, 25, 3]"
mixture,"['M', 'IH', 'K', 'S', 'CH', 'ER']","['mix', 'ture']","['mix', 'ture']",0.0,1.51e-05,"[26, 10, 24, 31, 17, 8, 0, 0]"
viruses,"['V', 'AY', 'R', 'AH', 'S', 'AH', 'Z']","['vir', 'uses']","['vir', 'uses']",0.0,5.37e-06,"[35, 6, 30, 3, 31, 3, 38, 0]"
admit,"['AH', 'D', 'M', 'IH', 'T']","['ad', 'mit']","['ad', 'mit']",0.0,3.8e-05,"[3, 18, 26, 10, 33, 0, 0, 0]"
samoa,"['S', 'AH', 'M', 'OW', 'AH']","['sam', 'oa']","['sam', 'oa']",0.0,2.45e-06,"[31, 3, 26, 12, 3, 0, 0, 0]"
tap,"['T', 'AE', 'P']",['tap'],['tap'],0.0,1.91e-05,"[33, 2, 29, 0, 0, 0, 0, 0]"
stickers,"['S', 'T', 'IH', 'K', 'ER', 'Z']","['stick', 'ers']","['stick', 'ers']",0.0,4.9e-06,"[31, 33, 10, 24, 8, 38, 0, 0]"
latina,"['L', 'AA', 'T', 'IY', 'N', 'AH']","['lat', 'ina']","['lat', 'ina']",0.0,2.4e-06,"[25, 1, 33, 11, 27, 3, 0, 0]"
pixel,"['P', 'IH', 'K', 'S', 'AH', 'L']",['pixel'],['pixel'],0.0,5.25e-06,"[29, 10, 24, 31, 3, 25, 0, 0]"
switch,"['S', 'W', 'IH', 'CH']",['switch'],['switch'],0.0,3.98e-05,"[31, 36, 10, 17, 0, 0, 0, 0]"
titles,"['T', 'AY', 'T', 'AH', 'L', 'Z']",['titles'],['titles'],0.0,2.57e-05,"[33, 6, 33, 3, 25, 38, 0, 0]"
defined,"['D', 'IH', 'F', 'AY', 'N', 'D']",['defined'],['defined'],0.0,3.63e-05,"[18, 10, 20, 6, 27, 18, 0, 0]"
weed,"['W', 'IY', 'D']",['weed'],['weed'],0.0,1.86e-05,"[36, 11, 18, 0, 0, 0, 0, 0]"
fair,"['F', 'EH', 'R']",['fair'],['fair'],0.0,9.77e-05,"[20, 7, 30, 0, 0, 0, 0, 0]"
civil,"['S', 'IH', 'V', 'AH', 'L']",['civil'],['civil'],0.0,8.51e-05,"[31, 10, 35, 3, 25, 0, 0, 0]"
fixed,"['F', 'IH', 'K', 'S', 'T']",['fixed'],['fixed'],0.0,5.01e-05,"[20, 10, 24, 31, 33, 0, 0, 0]"
wrong,"['R', 'AO', 'NG']",['wrong'],['wrong'],0.0,0.000245,"[30, 4, 28, 0, 0, 0, 0, 0]"
desktop,"['D', 'EH', 'S', 'K', 'T', 'AA', 'P']",['desktop'],['desktop'],0.0,8.51e-06,"[18, 7, 31, 24, 33, 1, 29, 0]"
host,"['HH', 'OW', 'S', 'T']",['host'],['host'],0.0,5.89e-05,"[22, 12, 31, 33, 0, 0, 0, 0]"
enabling,"['EH', 'N', 'EY', 'B', 'AH', 'L', 'IH', 'NG']","['en', 'abling']","['en', 'abling']",0.0,8.32e-06,"[7, 27, 9, 16, 3, 25, 10, 28]"
sets,"['S', 'EH', 'T', 'S']",['sets'],['sets'],0.0,4.9e-05,"[31, 7, 33, 31, 0, 0, 0, 0]"
wood,"['W', 'UH', 'D']",['wood'],['wood'],0.0,6.03e-05,"[36, 14, 18, 0, 0, 0, 0, 0]"
biblical,"['B', 'IH', 'B', 'L', 'AH', 'K', 'AH', 'L']","['bib', 'lic', 'al']","['bib', 'lic', 'al']",0.0,8.32e-06,"[16, 10, 16, 25, 3, 24, 3, 25]"
fee,"['F', 'IY']",['fee'],['fee'],0.0,3.24e-05,"[20, 11, 0, 0, 0, 0, 0, 0]"
classes,"['K', 'L', 'AE', 'S', 'AH', 'Z']",['classes'],['classes'],0.0,5.89e-05,"[24, 25, 2, 31, 3, 38, 0, 0]"
paris,"['P', 'EH', 'R', 'IH', 'S']","['par', 'is']","['par', 'is']",0.0,6.61e-05,"[29, 7, 30, 10, 31, 0, 0, 0]"
gets,"['G', 'EH', 'T', 'S']",['gets'],['gets'],0.0,0.000178,"[21, 7, 33, 31, 0, 0, 0, 0]"
bio,"['B', 'AY', 'OW']",['bio'],['bio'],0.0,1.17e-05,"[16, 6, 12, 0, 0, 0, 0, 0]"
heads,"['HH', 'EH', 'D', 'Z']",['heads'],['heads'],0.0,4.68e-05,"[22, 7, 18, 38, 0, 0, 0, 0]"
hyundai,"['HH', 'Y', 'AH', 'N', 'D', 'EY']","['hy', 'undai']","['hy', 'undai']",0.0,2.75e-06,"[22, 37, 3, 27, 18, 9, 0, 0]"
softball,"['S', 'AO', 'F', 'T', 'B', 'AO', 'L']","['soft', 'ball']","['soft', 'ball']",0.0,4.57e-06,"[31, 4, 20, 33, 16, 4, 25, 0]"
quad,"['K', 'W', 'AA', 'D']",['quad'],['quad'],0.0,5.01e-06,"[24, 36, 1, 18, 0, 0, 0, 0]"
stanford,"['S', 'T', 'AE', 'N', 'F', 'ER', 'D']","['stan', 'ford']","['stan', 'ford']",0.0,9.55e-06,"[31, 33, 2, 27, 20, 8, 18, 0]"
sunshine,"['S', 'AH', 'N', 'SH', 'AY', 'N']","['sun', 'shine']","['sun', 'shine']",0.0,1.45e-05,"[31, 3, 27, 32, 6, 27, 0, 0]"
maybe,"['M', 'EY', 'B', 'IY']",['maybe'],['maybe'],0.0,0.000282,"[26, 9, 16, 11, 0, 0, 0, 0]"
moving,"['M', 'UW', 'V', 'IH', 'NG']","['mov', 'ing']","['mov', 'ing']",0.0,0.000105,"[26, 15, 35, 10, 28, 0, 0, 0]"
von,"['V', 'AO', 'N']",['von'],['von'],0.0,1.48e-05,"[35, 4, 27, 0, 0, 0, 0, 0]"
scan,"['S', 'K', 'AE', 'N']",['scan'],['scan'],0.0,1.17e-05,"[31, 24, 2, 27, 0, 0, 0, 0]"
blank,"['B', 'L', 'AE', 'NG', 'K']",['blank'],['blank'],0.0,1.38e-05,"[16, 25, 2, 28, 24, 0, 0, 0]"
grey,"['G', 'R', 'EY']",['grey'],['grey'],0.0,3.02e-05,"[21, 30, 9, 0, 0, 0, 0, 0]"
bold,"['B', 'OW', 'L', 'D']",['bold'],['bold'],0.0,1.82e-05,"[16, 12, 25, 18, 0, 0, 0, 0]"
bathroom,"['B', 'AE', 'TH', 'R', 'UW', 'M']","['bath', 'room']","['bath', 'room']",0.0,3.47e-05,"[16, 2, 34, 30, 15, 26, 0, 0]"
themselves,"['DH', 'EH', 'M', 'S', 'EH', 'L', 'V', 'Z']","['them', 'selves']","['them', 'selves']",0.0,0.000145,"[19, 7, 26, 31, 7, 25, 35, 38]"
stockings,"['S', 'T', 'AA', 'K', 'IH', 'NG', 'Z']","['stock', 'ings']","['stock', 'ings']",0.0,2.95e-06,"[31, 33, 1, 24, 10, 28, 38, 0]"
variety,"['V', 'ER', 'AY', 'AH', 'T', 'IY']","['vari', 'ety']","['vari', 'ety']",0.0,5.62e-05,"[35, 8, 6, 3, 33, 11, 0, 0]"
block,"['B', 'L', 'AA', 'K']",['block'],['block'],0.0,7.59e-05,"[16, 25, 1, 24, 0, 0, 0, 0]"
repair,"['R', 'IH', 'P', 'EH', 'R']","['re', 'pair']","['re', 'pair']",0.0,2.57e-05,"[30, 10, 29, 7, 30, 0, 0, 0]"
railroad,"['R', 'EY', 'L', 'R', 'OW', 'D']","['rail', 'road']","['rail', 'road']",0.0,2.09e-05,"[30, 9, 25, 30, 12, 18, 0, 0]"
anne,"['AE', 'N']",['anne'],['anne'],0.0,2.09e-05,"[2, 27, 0, 0, 0, 0, 0, 0]"
castle,"['K', 'AE', 'S', 'AH', 'L']",['castle'],['castle'],0.0,2.82e-05,"[24, 2, 31, 3, 25, 0, 0, 0]"
homework,"['HH', 'OW', 'M', 'W', 'ER', 'K']","['home', 'work']","['home', 'work']",0.0,1.35e-05,"[22, 12, 26, 36, 8, 24, 0, 0]"
opera,"['AA', 'P', 'R', 'AH']","['op', 'era']","['op', 'era']",0.0,1.86e-05,"[1, 29, 30, 3, 0, 0, 0, 0]"
paste,"['P', 'EY', 'S', 'T']",['paste'],['paste'],0.0,8.13e-06,"[29, 9, 31, 33, 0, 0, 0, 0]"
peace,"['P', 'IY', 'S']",['peace'],['peace'],0.0,0.000105,"[29, 11, 31, 0, 0, 0, 0, 0]"
tom,"['T', 'AA', 'M']",['tom'],['tom'],0.0,6.76e-05,"[33, 1, 26, 0, 0, 0, 0, 0]"
dead,"['D', 'EH', 'D']",['dead'],['dead'],0.0,0.000155,"[18, 7, 18, 0, 0, 0, 0, 0]"
trip,"['T', 'R', 'IH', 'P']",['trip'],['trip'],0.0,7.94e-05,"[33, 30, 10, 29, 0, 0, 0, 0]"
worth,"['W', 'ER', 'TH']",['worth'],['worth'],0.0,0.000145,"[36, 8, 34, 0, 0, 0, 0, 0]"
procedures,"['P', 'R', 'AH', 'S', 'IY', 'JH', 'ER', 'Z']","['pro', 'ced', 'ures']","['pro', 'ced', 'ures']",0.0,2.29e-05,"[29, 30, 3, 31, 11, 23, 8, 38]"
nick,"['N', 'IH', 'K']",['nick'],['nick'],0.0,3.89e-05,"[27, 10, 24, 0, 0, 0, 0, 0]"
plot,"['P', 'L', 'AA', 'T']",['plot'],['plot'],0.0,3.8e-05,"[29, 25, 1, 33, 0, 0, 0, 0]"
airline,"['EH', 'R', 'L', 'AY', 'N']","['air', 'line']","['air', 'line']",0.0,1.1e-05,"[7, 30, 25, 6, 27, 0, 0, 0]"
farm,"['F', 'AA', 'R', 'M']",['farm'],['farm'],0.0,5.62e-05,"[20, 1, 30, 26, 0, 0, 0, 0]"
beings,"['B', 'IY', 'IH', 'NG', 'Z']","['be', 'ings']","['be', 'ings']",0.0,1.55e-05,"[16, 11, 10, 28, 38, 0, 0, 0]"
gilbert,"['G', 'IH', 'L', 'B', 'ER', 'T']","['gil', 'bert']","['gil', 'bert']",0.0,7.94e-06,"[21, 10, 25, 16, 8, 33, 0, 0]"
sas,"['S', 'AE', 'S']",['sas'],['sas'],0.0,2.95e-06,"[31, 2, 31, 0, 0, 0, 0, 0]"
stand,"['S', 'T', 'AE', 'N', 'D']",['stand'],['stand'],0.0,0.000138,"[31, 33, 2, 27, 18, 0, 0, 0]"
showcase,"['SH', 'OW', 'K', 'EY', 'S']","['show', 'case']","['show', 'case']",0.0,8.32e-06,"[32, 12, 24, 9, 31, 0, 0, 0]"
asks,"['AE', 'S', 'K', 'S']",['asks'],['asks'],0.0,2.75e-05,"[2, 31, 24, 31, 0, 0, 0, 0]"
putting,"['P', 'AH', 'T', 'IH', 'NG']","['put', 'ting']","['put', 'ting']",0.0,7.24e-05,"[29, 3, 33, 10, 28, 0, 0, 0]"
compressed,"['K', 'AH', 'M', 'P', 'R', 'EH', 'S', 'T']","['com', 'pressed']","['com', 'pressed']",0.0,4.17e-06,"[24, 3, 26, 29, 30, 7, 31, 33]"
powell,"['P', 'AW', 'AH', 'L']","['pow', 'ell']","['pow', 'ell']",0.0,7.76e-06,"[29, 5, 3, 25, 0, 0, 0, 0]"
willing,"['W', 'IH', 'L', 'IH', 'NG']","['will', 'ing']","['will', 'ing']",0.0,5.25e-05,"[36, 10, 25, 10, 28, 0, 0, 0]"
fan,"['F', 'AE', 'N']",['fan'],['fan'],0.0,8.32e-05,"[20, 2, 27, 0, 0, 0, 0, 0]"
former,"['F', 'AO', 'R', 'M', 'ER']",['former'],['former'],0.0,0.000191,"[20, 4, 30, 26, 8, 0, 0, 0]"
darkness,"['D', 'AA', 'R', 'K', 'N', 'AH', 'S']","['dark', 'ness']","['dark', 'ness']",0.0,2e-05,"[18, 1, 30, 24, 27, 3, 31, 0]"
pty,"['T', 'AY']",['pty'],['pty'],0.0,1.66e-06,"[33, 6, 0, 0, 0, 0, 0, 0]"
nail,"['N', 'EY', 'L']",['nail'],['nail'],0.0,1.62e-05,"[27, 9, 25, 0, 0, 0, 0, 0]"
span,"['S', 'P', 'AE', 'N']",['span'],['span'],0.0,1.17e-05,"[31, 29, 2, 27, 0, 0, 0, 0]"
stored,"['S', 'T', 'AO', 'R', 'D']",['stored'],['stored'],0.0,1.51e-05,"[31, 33, 4, 30, 18, 0, 0, 0]"
exam,"['IH', 'G', 'Z', 'AE', 'M']","['ex', 'am']","['ex', 'am']",0.0,1.82e-05,"[10, 21, 38, 2, 26, 0, 0, 0]"
ryan,"['R', 'AY', 'AH', 'N']","['ry', 'an']","['ry', 'an']",0.0,3.89e-05,"[30, 6, 3, 27, 0, 0, 0, 0]"
promises,"['P', 'R', 'AA', 'M', 'AH', 'S', 'AH', 'Z']","['prom', 'ises']","['prom', 'ises']",0.0,1.78e-05,"[29, 30, 1, 26, 3, 31, 3, 38]"
dock,"['D', 'AA', 'K']",['dock'],['dock'],0.0,9.77e-06,"[18, 1, 24, 0, 0, 0, 0, 0]"
fat,"['F', 'AE', 'T']",['fat'],['fat'],0.0,7.08e-05,"[20, 2, 33, 0, 0, 0, 0, 0]"
fully,"['F', 'UH', 'L', 'IY']",['fully'],['fully'],0.0,7.76e-05,"[20, 14, 25, 11, 0, 0, 0, 0]"
saw,"['S', 'AO']",['saw'],['saw'],0.0,0.000219,"[31, 4, 0, 0, 0, 0, 0, 0]"
driver,"['D', 'R', 'AY', 'V', 'ER']",['driver'],['driver'],0.0,5.62e-05,"[18, 30, 6, 35, 8, 0, 0, 0]"
utilize,"['Y', 'UW', 'T', 'AH', 'L', 'AY', 'Z']","['util', 'ize']","['util', 'ize']",0.0,5.62e-06,"[37, 15, 33, 3, 25, 6, 38, 0]"
cosmetics,"['K', 'AA', 'Z', 'M', 'EH', 'T', 'IH', 'K', 'S']","['cos', 'met', 'ics']","['cos', 'met', 'ics']",0.0,4.68e-06,"[24, 1, 38, 26, 7, 33, 10, 24]"
vegetables,"['V', 'EH', 'JH', 'T', 'AH', 'B', 'AH', 'L', 'Z']","['ve', 'get', 'ables']","['ve', 'get', 'ables']",0.0,1.41e-05,"[35, 7, 23, 33, 3, 16, 3, 25]"
openings,"['OW', 'P', 'AH', 'N', 'IH', 'NG', 'Z']","['open', 'ings']","['open', 'ings']",0.0,5.13e-06,"[12, 29, 3, 27, 10, 28, 38, 0]"
sydney,"['S', 'IH', 'D', 'N', 'IY']",['sydney'],['sydney'],0.0,3.39e-05,"[31, 10, 18, 27, 11, 0, 0, 0]"
bedroom,"['B', 'EH', 'D', 'R', 'UW', 'M']","['bed', 'room']","['bed', 'room']",0.0,2.88e-05,"[16, 7, 18, 30, 15, 26, 0, 0]"
lit,"['L', 'IH', 'T']",['lit'],['lit'],0.0,1.55e-05,"[25, 10, 33, 0, 0, 0, 0, 0]"
contained,"['K', 'AH', 'N', 'T', 'EY', 'N', 'D']","['con', 'tained']","['con', 'tained']",0.0,2.82e-05,"[24, 3, 27, 33, 9, 27, 18, 0]"
calling,"['K', 'AO', 'L', 'IH', 'NG']","['call', 'ing']","['call', 'ing']",0.0,9.12e-05,"[24, 4, 25, 10, 28, 0, 0, 0]"
profiles,"['P', 'R', 'OW', 'F', 'AY', 'L', 'Z']","['pro', 'files']","['pro', 'files']",0.0,7.76e-06,"[29, 30, 12, 20, 6, 25, 38, 0]"
comics,"['K', 'AA', 'M', 'IH', 'K', 'S']","['com', 'ics']","['com', 'ics']",0.0,1.48e-05,"[24, 1, 26, 10, 24, 31, 0, 0]"
houses,"['HH', 'AW', 'S', 'AH', 'Z']",['houses'],['houses'],0.0,5.25e-05,"[22, 5, 31, 3, 38, 0, 0, 0]"
portal,"['P', 'AO', 'R', 'T', 'AH', 'L']",['portal'],['portal'],0.0,1e-05,"[29, 4, 30, 33, 3, 25, 0, 0]"
birthday,"['B', 'ER', 'TH', 'D', 'EY']","['birth', 'day']","['birth', 'day']",0.0,5.75e-05,"[16, 8, 34, 18, 9, 0, 0, 0]"
lawyers,"['L', 'AO', 'Y', 'ER', 'Z']","['law', 'yers']","['law', 'yers']",0.0,2.45e-05,"[25, 4, 37, 8, 38, 0, 0, 0]"
rapids,"['R', 'AE', 'P', 'AH', 'D', 'Z']","['rap', 'ids']","['rap', 'ids']",0.0,4.37e-06,"[30, 2, 29, 3, 18, 38, 0, 0]"
boxes,"['B', 'AA', 'K', 'S', 'AH', 'Z']",['boxes'],['boxes'],0.0,2.19e-05,"[16, 1, 24, 31, 3, 38, 0, 0]"
wanting,"['W', 'AA', 'N', 'T', 'IH', 'NG']","['want', 'ing']","['want', 'ing']",0.0,3.09e-05,"[36, 1, 27, 33, 10, 28, 0, 0]"
tim,"['T', 'IH', 'M']",['tim'],['tim'],0.0,3.24e-05,"[33, 10, 26, 0, 0, 0, 0, 0]"
pair,"['P', 'EH', 'R']",['pair'],['pair'],0.0,5.25e-05,"[29, 7, 30, 0, 0, 0, 0, 0]"
ideal,"['AY', 'D', 'IY', 'L']",['ideal'],['ideal'],0.0,2.75e-05,"[6, 18, 11, 25, 0, 0, 0, 0]"
don,"['D', 'AA', 'N']",['don'],['don'],0.0,3.98e-05,"[18, 1, 27, 0, 0, 0, 0, 0]"
rare,"['R', 'EH', 'R']",['rare'],['rare'],0.0,5.89e-05,"[30, 7, 30, 0, 0, 0, 0, 0]"
performed,"['P', 'ER', 'F', 'AO', 'R', 'M', 'D']","['per', 'formed']","['per', 'formed']",0.0,4.79e-05,"[29, 8, 20, 4, 30, 26, 18, 0]"
doc,"['D', 'AA', 'K']",['doc'],['doc'],0.0,2.29e-05,"[18, 1, 24, 0, 0, 0, 0, 0]"
uruguay,"['Y', 'ER', 'AH', 'G', 'W', 'EY']","['ur', 'uguay']","['ur', 'uguay']",0.0,5.01e-06,"[37, 8, 3, 21, 36, 9, 0, 0]"
throws,"['TH', 'R', 'OW', 'Z']",['throws'],['throws'],0.0,1.2e-05,"[34, 30, 12, 38, 0, 0, 0, 0]"
nasdaq,"['N', 'AE', 'Z', 'D', 'AE', 'K']","['nas', 'daq']","['nas', 'daq']",0.0,2.57e-06,"[27, 2, 38, 18, 2, 24, 0, 0]"
cap,"['K', 'AE', 'P']",['cap'],['cap'],0.0,3.24e-05,"[24, 2, 29, 0, 0, 0, 0, 0]"
ink,"['IH', 'NG', 'K']",['ink'],['ink'],0.0,1.17e-05,"[10, 28, 24, 0, 0, 0, 0, 0]"
charts,"['CH', 'AA', 'R', 'T', 'S']",['charts'],['charts'],0.0,1.45e-05,"[17, 1, 30, 33, 31, 0, 0, 0]"
empty,"['EH', 'M', 'P', 'T', 'IY']",['empty'],['empty'],0.0,3.89e-05,"[7, 26, 29, 33, 11, 0, 0, 0]"
hole,"['HH', 'OW', 'L']",['hole'],['hole'],0.0,4.57e-05,"[22, 12, 25, 0, 0, 0, 0, 0]"
ride,"['R', 'AY', 'D']",['ride'],['ride'],0.0,7.08e-05,"[30, 6, 18, 0, 0, 0, 0, 0]"
orlando,"['AO', 'R', 'L', 'AE', 'N', 'D', 'OW']","['or', 'lando']","['or', 'lando']",0.0,1.1e-05,"[4, 30, 25, 2, 27, 18, 12, 0]"
bundle,"['B', 'AH', 'N', 'D', 'AH', 'L']",['bundle'],['bundle'],0.0,8.51e-06,"[16, 3, 27, 18, 3, 25, 0, 0]"
timer,"['T', 'AY', 'M', 'ER']",['timer'],['timer'],0.0,4.79e-06,"[33, 6, 26, 8, 0, 0, 0, 0]"
gotten,"['G', 'AA', 'T', 'AH', 'N']","['got', 'ten']","['got', 'ten']",0.0,2.95e-05,"[21, 1, 33, 3, 27, 0, 0, 0]"
vegetable,"['V', 'EH', 'JH', 'T', 'AH', 'B', 'AH', 'L']","['ve', 'get', 'able']","['ve', 'get', 'able']",0.0,8.71e-06,"[35, 7, 23, 33, 3, 16, 3, 25]"
beta,"['B', 'EY', 'T', 'AH']",['beta'],['beta'],0.0,1.58e-05,"[16, 9, 33, 3, 0, 0, 0, 0]"
fail,"['F', 'EY', 'L']",['fail'],['fail'],0.0,4.07e-05,"[20, 9, 25, 0, 0, 0, 0, 0]"
banking,"['B', 'AE', 'NG', 'K', 'IH', 'NG']","['bank', 'ing']","['bank', 'ing']",0.0,2.24e-05,"[16, 2, 28, 24, 10, 28, 0, 0]"
won,"['W', 'AH', 'N']",['won'],['won'],0.0,0.000158,"[36, 3, 27, 0, 0, 0, 0, 0]"
nam,"['N', 'AE', 'M']",['nam'],['nam'],0.0,5.01e-06,"[27, 2, 26, 0, 0, 0, 0, 0]"
pig,"['P', 'IH', 'G']",['pig'],['pig'],0.0,1.38e-05,"[29, 10, 21, 0, 0, 0, 0, 0]"
famous,"['F', 'EY', 'M', 'AH', 'S']","['fam', 'ous']","['fam', 'ous']",0.0,6.92e-05,"[20, 9, 26, 3, 31, 0, 0, 0]"
fixtures,"['F', 'IH', 'K', 'S', 'CH', 'ER', 'Z']","['fix', 'tures']","['fix', 'tures']",0.0,6.17e-06,"[20, 10, 24, 31, 17, 8, 38, 0]"
onto,"['AA', 'N', 'T', 'UW']",['onto'],['onto'],0.0,5.89e-05,"[1, 27, 33, 15, 0, 0, 0, 0]"
copies,"['K', 'AA', 'P', 'IY', 'Z']","['cop', 'ies']","['cop', 'ies']",0.0,2.69e-05,"[24, 1, 29, 11, 38, 0, 0, 0]"
seeing,"['S', 'IY', 'IH', 'NG']","['see', 'ing']","['see', 'ing']",0.0,0.00011,"[31, 11, 10, 28, 0, 0, 0, 0]"
proof,"['P', 'R', 'UW', 'F']",['proof'],['proof'],0.0,5.01e-05,"[29, 30, 15, 20, 0, 0, 0, 0]"
diff,"['D', 'IH', 'F']",['diff'],['diff'],0.0,1.58e-06,"[18, 10, 20, 0, 0, 0, 0, 0]"
broadband,"['B', 'R', 'AO', 'D', 'B', 'AE', 'N', 'D']","['broad', 'band']","['broad', 'band']",0.0,4.9e-06,"[16, 30, 4, 18, 16, 2, 27, 18]"
rain,"['R', 'EY', 'N']",['rain'],['rain'],0.0,5.13e-05,"[30, 9, 27, 0, 0, 0, 0, 0]"
promised,"['P', 'R', 'AA', 'M', 'AH', 'S', 'T']","['prom', 'ised']","['prom', 'ised']",0.0,3.09e-05,"[29, 30, 1, 26, 3, 31, 33, 0]"
scene,"['S', 'IY', 'N']",['scene'],['scene'],0.0,9.33e-05,"[31, 11, 27, 0, 0, 0, 0, 0]"
shipment,"['SH', 'IH', 'P', 'M', 'AH', 'N', 'T']","['ship', 'ment']","['ship', 'ment']",0.0,5.75e-06,"[32, 10, 29, 26, 3, 27, 33, 0]"
writer,"['R', 'AY', 'T', 'ER']",['writer'],['writer'],0.0,4.9e-05,"[30, 6, 33, 8, 0, 0, 0, 0]"
cycle,"['S', 'AY', 'K', 'AH', 'L']",['cycle'],['cycle'],0.0,3.98e-05,"[31, 6, 24, 3, 25, 0, 0, 0]"
poly,"['P', 'AA', 'L', 'IY']",['poly'],['poly'],0.0,4.37e-06,"[29, 1, 25, 11, 0, 0, 0, 0]"
ears,"['IH', 'R', 'Z']",['ears'],['ears'],0.0,2.29e-05,"[10, 30, 38, 0, 0, 0, 0, 0]"
neo,"['N', 'IY', 'OW']",['neo'],['neo'],0.0,9.77e-06,"[27, 11, 12, 0, 0, 0, 0, 0]"
gras,"['G', 'R', 'AE', 'S']",['gras'],['gras'],0.0,2.14e-06,"[21, 30, 2, 31, 0, 0, 0, 0]"
ver,"['V', 'ER']",['ver'],['ver'],0.0,2.63e-06,"[35, 8, 0, 0, 0, 0, 0, 0]"
rim,"['R', 'IH', 'M']",['rim'],['rim'],0.0,7.08e-06,"[30, 10, 26, 0, 0, 0, 0, 0]"
oklahoma,"['OW', 'K', 'L', 'AH', 'HH', 'OW', 'M', 'AH']","['ok', 'lahoma']","['ok', 'lahoma']",0.0,1.86e-05,"[12, 24, 25, 3, 22, 12, 26, 3]"
oval,"['OW', 'V', 'AH', 'L']",['oval'],['oval'],0.0,9.55e-06,"[12, 35, 3, 25, 0, 0, 0, 0]"
hammer,"['HH', 'AE', 'M', 'ER']","['ham', 'mer']","['ham', 'mer']",0.0,1.45e-05,"[22, 2, 26, 8, 0, 0, 0, 0]"
aye,['AY'],['aye'],['aye'],0.0,7.76e-06,"[6, 0, 0, 0, 0, 0, 0, 0]"
lace,"['L', 'EY', 'S']",['lace'],['lace'],0.0,6.61e-06,"[25, 9, 31, 0, 0, 0, 0, 0]"
deposits,"['D', 'AH', 'P', 'AA', 'Z', 'IH', 'T', 'S']","['de', 'pos', 'its']","['de', 'pos', 'its']",0.0,1e-05,"[18, 3, 29, 1, 38, 10, 33, 31]"
tier,"['T', 'IY', 'R']",['tier'],['tier'],0.0,1.45e-05,"[33, 11, 30, 0, 0, 0, 0, 0]"
manor,"['M', 'AE', 'N', 'ER']","['man', 'or']","['man', 'or']",0.0,6.46e-06,"[26, 2, 27, 8, 0, 0, 0, 0]"
bars,"['B', 'AA', 'R', 'Z']",['bars'],['bars'],0.0,2.82e-05,"[16, 1, 30, 38, 0, 0, 0, 0]"
row,"['R', 'OW']",['row'],['row'],0.0,3.98e-05,"[30, 12, 0, 0, 0, 0, 0, 0]"
newer,"['N', 'UW', 'ER']","['new', 'er']","['new', 'er']",0.0,8.71e-06,"[27, 15, 8, 0, 0, 0, 0, 0]"
durable,"['D', 'UH', 'R', 'AH', 'B', 'AH', 'L']","['dur', 'able']","['dur', 'able']",0.0,4.79e-06,"[18, 14, 30, 3, 16, 3, 25, 0]"
mom,"['M', 'AA', 'M']",['mom'],['mom'],0.0,0.000132,"[26, 1, 26, 0, 0, 0, 0, 0]"
reduced,"['R', 'AH', 'D', 'UW', 'S', 'T']","['re', 'duced']","['re', 'duced']",0.0,4.37e-05,"[30, 3, 18, 15, 31, 33, 0, 0]"
peak,"['P', 'IY', 'K']",['peak'],['peak'],0.0,3.39e-05,"[29, 11, 24, 0, 0, 0, 0, 0]"
advisor,"['AE', 'D', 'V', 'AY', 'Z', 'ER']","['ad', 'visor']","['ad', 'visor']",0.0,1.02e-05,"[2, 18, 35, 6, 38, 8, 0, 0]"
aus,"['AW', 'Z']",['aus'],['aus'],0.0,3.72e-06,"[5, 38, 0, 0, 0, 0, 0, 0]"
lexmark,"['L', 'EH', 'K', 'S', 'M', 'AA', 'R', 'K']","['lex', 'mark']","['lex', 'mark']",0.0,1.23e-07,"[25, 7, 24, 31, 26, 1, 30, 24]"
cleaners,"['K', 'L', 'IY', 'N', 'ER', 'Z']","['clean', 'ers']","['clean', 'ers']",0.0,2.88e-06,"[24, 25, 11, 27, 8, 38, 0, 0]"
overhead,"['OW', 'V', 'ER', 'HH', 'EH', 'D']","['over', 'head']","['over', 'head']",0.0,8.51e-06,"[12, 35, 8, 22, 7, 18, 0, 0]"
ascii,"['AE', 'S', 'K', 'IY']","['as', 'cii']","['as', 'cii']",0.0,8.32e-07,"[2, 31, 24, 11, 0, 0, 0, 0]"
wire,"['W', 'AY', 'ER']",['wire'],['wire'],0.0,2.69e-05,"[36, 6, 8, 0, 0, 0, 0, 0]"
carroll,"['K', 'AE', 'R', 'AH', 'L']","['car', 'roll']","['car', 'roll']",0.0,6.31e-06,"[24, 2, 30, 3, 25, 0, 0, 0]"
dump,"['D', 'AH', 'M', 'P']",['dump'],['dump'],0.0,1.2e-05,"[18, 3, 26, 29, 0, 0, 0, 0]"
font,"['F', 'AA', 'N', 'T']",['font'],['font'],0.0,6.31e-06,"[20, 1, 27, 33, 0, 0, 0, 0]"
forced,"['F', 'AO', 'R', 'S', 'T']",['forced'],['forced'],0.0,6.76e-05,"[20, 4, 30, 31, 33, 0, 0, 0]"
fight,"['F', 'AY', 'T']",['fight'],['fight'],0.0,0.00017,"[20, 6, 33, 0, 0, 0, 0, 0]"
apartment,"['AH', 'P', 'AA', 'R', 'T', 'M', 'AH', 'N', 'T']","['apart', 'ment']","['apart', 'ment']",0.0,4.47e-05,"[3, 29, 1, 30, 33, 26, 3, 27]"
height,"['HH', 'AY', 'T']",['height'],['height'],0.0,3.39e-05,"[22, 6, 33, 0, 0, 0, 0, 0]"
null,"['N', 'AH', 'L']",['null'],['null'],0.0,5.37e-06,"[27, 3, 25, 0, 0, 0, 0, 0]"
zero,"['Z', 'IH', 'R', 'OW']",['zero'],['zero'],0.0,4.27e-05,"[38, 10, 30, 12, 0, 0, 0, 0]"
chronicle,"['K', 'R', 'AA', 'N', 'IH', 'K', 'AH', 'L']","['chron', 'icle']","['chron', 'icle']",0.0,5.01e-06,"[24, 30, 1, 27, 10, 24, 3, 25]"
rope,"['R', 'OW', 'P']",['rope'],['rope'],0.0,1.15e-05,"[30, 12, 29, 0, 0, 0, 0, 0]"
bookmarks,"['B', 'UH', 'K', 'M', 'AA', 'R', 'K', 'S']","['book', 'marks']","['book', 'marks']",0.0,6.46e-07,"[16, 14, 24, 26, 1, 30, 24, 31]"
carries,"['K', 'AE', 'R', 'IY', 'Z']","['car', 'ries']","['car', 'ries']",0.0,1.7e-05,"[24, 2, 30, 11, 38, 0, 0, 0]"
sig,"['S', 'IH', 'G']",['sig'],['sig'],0.0,1.86e-06,"[31, 10, 21, 0, 0, 0, 0, 0]"
excessive,"['IH', 'K', 'S', 'EH', 'S', 'IH', 'V']","['ex', 'cess', 'ive']","['ex', 'cess', 'ive']",0.0,1.32e-05,"[10, 24, 31, 7, 31, 10, 35, 0]"
obtain,"['AH', 'B', 'T', 'EY', 'N']","['ob', 'tain']","['ob', 'tain']",0.0,2.51e-05,"[3, 16, 33, 9, 27, 0, 0, 0]"
minus,"['M', 'AY', 'N', 'AH', 'S']",['minus'],['minus'],0.0,1e-05,"[26, 6, 27, 3, 31, 0, 0, 0]"
bytes,"['B', 'AY', 'T', 'S']",['bytes'],['bytes'],0.0,1.82e-06,"[16, 6, 33, 31, 0, 0, 0, 0]"
cent,"['S', 'EH', 'N', 'T']",['cent'],['cent'],0.0,6.76e-05,"[31, 7, 27, 33, 0, 0, 0, 0]"
expressed,"['IH', 'K', 'S', 'P', 'R', 'EH', 'S', 'T']","['ex', 'pressed']","['ex', 'pressed']",0.0,3.31e-05,"[10, 24, 31, 29, 30, 7, 31, 33]"
zoom,"['Z', 'UW', 'M']",['zoom'],['zoom'],0.0,6.76e-06,"[38, 15, 26, 0, 0, 0, 0, 0]"
nightlife,"['N', 'AY', 'T', 'L', 'AY', 'F']","['night', 'life']","['night', 'life']",0.0,1.41e-06,"[27, 6, 33, 25, 6, 20, 0, 0]"
worthy,"['W', 'ER', 'DH', 'IY']",['worthy'],['worthy'],0.0,1.95e-05,"[36, 8, 19, 11, 0, 0, 0, 0]"
succeed,"['S', 'AH', 'K', 'S', 'IY', 'D']","['suc', 'ceed']","['suc', 'ceed']",0.0,1.95e-05,"[31, 3, 24, 31, 11, 18, 0, 0]"
bathrooms,"['B', 'AE', 'TH', 'R', 'UW', 'M', 'Z']","['bath', 'rooms']","['bath', 'rooms']",0.0,4.68e-06,"[16, 2, 34, 30, 15, 26, 38, 0]"
marina,"['M', 'ER', 'IY', 'N', 'AH']","['mar', 'ina']","['mar', 'ina']",0.0,6.92e-06,"[26, 8, 11, 27, 3, 0, 0, 0]"
bosnia,"['B', 'AA', 'Z', 'N', 'IY', 'AH']","['bos', 'nia']","['bos', 'nia']",0.0,3.72e-06,"[16, 1, 38, 27, 11, 3, 0, 0]"
surfing,"['S', 'ER', 'F', 'IH', 'NG']","['surf', 'ing']","['surf', 'ing']",0.0,5.25e-06,"[31, 8, 20, 10, 28, 0, 0, 0]"
marilyn,"['M', 'EH', 'R', 'AH', 'L', 'AH', 'N']","['mar', 'ilyn']","['mar', 'ilyn']",0.0,5.25e-06,"[26, 7, 30, 3, 25, 3, 27, 0]"
ada,"['EY', 'D', 'AH']",['ada'],['ada'],0.0,5.13e-06,"[9, 18, 3, 0, 0, 0, 0, 0]"
lesbians,"['L', 'EH', 'Z', 'B', 'IY', 'AH', 'N', 'Z']","['les', 'bi', 'ans']","['les', 'bi', 'ans']",0.0,3.98e-06,"[25, 7, 38, 16, 11, 3, 27, 38]"
query,"['K', 'W', 'IY', 'R', 'IY']",['query'],['query'],0.0,4.37e-06,"[24, 36, 11, 30, 11, 0, 0, 0]"
clip,"['K', 'L', 'IH', 'P']",['clip'],['clip'],0.0,1.82e-05,"[24, 25, 10, 29, 0, 0, 0, 0]"
con,"['K', 'AA', 'N']",['con'],['con'],0.0,1.91e-05,"[24, 1, 27, 0, 0, 0, 0, 0]"
ups,"['AH', 'P', 'S']",['ups'],['ups'],0.0,2.57e-05,"[3, 29, 31, 0, 0, 0, 0, 0]"
route,"['R', 'UW', 'T']",['route'],['route'],0.0,4.68e-05,"[30, 15, 33, 0, 0, 0, 0, 0]"
shared,"['SH', 'EH', 'R', 'D']",['shared'],['shared'],0.0,4.79e-05,"[32, 7, 30, 18, 0, 0, 0, 0]"
acid,"['AE', 'S', 'AH', 'D']",['acid'],['acid'],0.0,2.82e-05,"[2, 31, 3, 18, 0, 0, 0, 0]"
sustained,"['S', 'AH', 'S', 'T', 'EY', 'N', 'D']","['sus', 'tained']","['sus', 'tained']",0.0,1.55e-05,"[31, 3, 31, 33, 9, 27, 18, 0]"
matched,"['M', 'AE', 'CH', 'T']",['matched'],['matched'],0.0,1.02e-05,"[26, 2, 17, 33, 0, 0, 0, 0]"
lawyer,"['L', 'AO', 'Y', 'ER']","['law', 'yer']","['law', 'yer']",0.0,4.68e-05,"[25, 4, 37, 8, 0, 0, 0, 0]"
noise,"['N', 'OY', 'Z']",['noise'],['noise'],0.0,3.55e-05,"[27, 13, 38, 0, 0, 0, 0, 0]"
seafood,"['S', 'IY', 'F', 'UW', 'D']","['sea', 'food']","['sea', 'food']",0.0,4.47e-06,"[31, 11, 20, 15, 18, 0, 0, 0]"
chorus,"['K', 'AO', 'R', 'AH', 'S']","['chor', 'us']","['chor', 'us']",0.0,7.94e-06,"[24, 4, 30, 3, 31, 0, 0, 0]"
failed,"['F', 'EY', 'L', 'D']",['failed'],['failed'],0.0,6.61e-05,"[20, 9, 25, 18, 0, 0, 0, 0]"
roll,"['R', 'OW', 'L']",['roll'],['roll'],0.0,5.62e-05,"[30, 12, 25, 0, 0, 0, 0, 0]"
grande,"['G', 'R', 'AE', 'N', 'D']",['grande'],['grande'],0.0,9.33e-06,"[21, 30, 2, 27, 18, 0, 0, 0]"
closest,"['K', 'L', 'OW', 'S', 'AH', 'S', 'T']",['closest'],['closest'],0.0,1.62e-05,"[24, 25, 12, 31, 3, 31, 33, 0]"
shape,"['SH', 'EY', 'P']",['shape'],['shape'],0.0,5.25e-05,"[32, 9, 29, 0, 0, 0, 0, 0]"
irish,"['AY', 'R', 'IH', 'SH']","['ir', 'ish']","['ir', 'ish']",0.0,3.47e-05,"[6, 30, 10, 32, 0, 0, 0, 0]"
forget,"['F', 'ER', 'G', 'EH', 'T']","['for', 'get']","['for', 'get']",0.0,0.000115,"[20, 8, 21, 7, 33, 0, 0, 0]"
width,"['W', 'IH', 'D', 'TH']",['width'],['width'],0.0,1.05e-05,"[36, 10, 18, 34, 0, 0, 0, 0]"
figures,"['F', 'IH', 'G', 'Y', 'ER', 'Z']","['fig', 'ures']","['fig', 'ures']",0.0,5.37e-05,"[20, 10, 21, 37, 8, 38, 0, 0]"
married,"['M', 'EH', 'R', 'IY', 'D']","['mar', 'ried']","['mar', 'ried']",0.0,0.000107,"[26, 7, 30, 11, 18, 0, 0, 0]"
disclaimers,"['D', 'IH', 'S', 'K', 'L', 'EY', 'M', 'ER', 'Z']","['dis', 'claim', 'ers']","['dis', 'claim', 'ers']",0.0,2.82e-07,"[18, 10, 31, 24, 25, 9, 26, 8]"
secret,"['S', 'IY', 'K', 'R', 'AH', 'T']",['secret'],['secret'],0.0,8.32e-05,"[31, 11, 24, 30, 3, 33, 0, 0]"
bath,"['B', 'AE', 'TH']",['bath'],['bath'],0.0,2.75e-05,"[16, 2, 34, 0, 0, 0, 0, 0]"
una,"['UW', 'N', 'AH']",['una'],['una'],0.0,2.75e-06,"[15, 27, 3, 0, 0, 0, 0, 0]"
slides,"['S', 'L', 'AY', 'D', 'Z']",['slides'],['slides'],0.0,6.03e-06,"[31, 25, 6, 18, 38, 0, 0, 0]"
verse,"['V', 'ER', 'S']",['verse'],['verse'],0.0,1.51e-05,"[35, 8, 31, 0, 0, 0, 0, 0]"
kidney,"['K', 'IH', 'D', 'N', 'IY']","['kid', 'ney']","['kid', 'ney']",0.0,1.07e-05,"[24, 10, 18, 27, 11, 0, 0, 0]"
wheel,"['W', 'IY', 'L']",['wheel'],['wheel'],0.0,3.16e-05,"[36, 11, 25, 0, 0, 0, 0, 0]"
ben,"['B', 'EH', 'N']",['ben'],['ben'],0.0,4.9e-05,"[16, 7, 27, 0, 0, 0, 0, 0]"
lane,"['L', 'EY', 'N']",['lane'],['lane'],0.0,3.72e-05,"[25, 9, 27, 0, 0, 0, 0, 0]"
raymond,"['R', 'EY', 'M', 'AH', 'N', 'D']","['ray', 'mond']","['ray', 'mond']",0.0,9.55e-06,"[30, 9, 26, 3, 27, 18, 0, 0]"
trap,"['T', 'R', 'AE', 'P']",['trap'],['trap'],0.0,2.14e-05,"[33, 30, 2, 29, 0, 0, 0, 0]"
managing,"['M', 'AE', 'N', 'AH', 'JH', 'IH', 'NG']","['man', 'aging']","['man', 'aging']",0.0,2.51e-05,"[26, 2, 27, 3, 23, 10, 28, 0]"
beans,"['B', 'IY', 'N', 'Z']",['beans'],['beans'],0.0,1.38e-05,"[16, 11, 27, 38, 0, 0, 0, 0]"
novels,"['N', 'AA', 'V', 'AH', 'L', 'Z']","['nov', 'els']","['nov', 'els']",0.0,1.26e-05,"[27, 1, 35, 3, 25, 38, 0, 0]"
playboy,"['P', 'L', 'EY', 'B', 'OY']","['play', 'boy']","['play', 'boy']",0.0,3.63e-06,"[29, 25, 9, 16, 13, 0, 0, 0]"
ought,"['AO', 'T']",['ought'],['ought'],0.0,2.24e-05,"[4, 33, 0, 0, 0, 0, 0, 0]"
gender,"['JH', 'EH', 'N', 'D', 'ER']",['gender'],['gender'],0.0,3.89e-05,"[23, 7, 27, 18, 8, 0, 0, 0]"
transit,"['T', 'R', 'AE', 'N', 'Z', 'IH', 'T']","['trans', 'it']","['trans', 'it']",0.0,1.58e-05,"[33, 30, 2, 27, 38, 10, 33, 0]"
poetry,"['P', 'OW', 'AH', 'T', 'R', 'IY']","['po', 'etry']","['po', 'etry']",0.0,2.51e-05,"[29, 12, 3, 33, 30, 11, 0, 0]"
mess,"['M', 'EH', 'S']",['mess'],['mess'],0.0,3.72e-05,"[26, 7, 31, 0, 0, 0, 0, 0]"
armstrong,"['AA', 'R', 'M', 'S', 'T', 'R', 'AA', 'NG']","['arm', 'strong']","['arm', 'strong']",0.0,7.94e-06,"[1, 30, 26, 31, 33, 30, 1, 28]"
pin,"['P', 'IH', 'N']",['pin'],['pin'],0.0,1.91e-05,"[29, 10, 27, 0, 0, 0, 0, 0]"
grab,"['G', 'R', 'AE', 'B']",['grab'],['grab'],0.0,3.31e-05,"[21, 30, 2, 16, 0, 0, 0, 0]"
lights,"['L', 'AY', 'T', 'S']",['lights'],['lights'],0.0,4.37e-05,"[25, 6, 33, 31, 0, 0, 0, 0]"
bell,"['B', 'EH', 'L']",['bell'],['bell'],0.0,3.89e-05,"[16, 7, 25, 0, 0, 0, 0, 0]"
matches,"['M', 'AE', 'CH', 'AH', 'Z']",['matches'],['matches'],0.0,3.89e-05,"[26, 2, 17, 3, 38, 0, 0, 0]"
news,"['N', 'UW', 'Z']",['news'],['news'],0.0,0.000275,"[27, 15, 38, 0, 0, 0, 0, 0]"
dealer,"['D', 'IY', 'L', 'ER']","['deal', 'er']","['deal', 'er']",0.0,1.55e-05,"[18, 11, 25, 8, 0, 0, 0, 0]"
sky,"['S', 'K', 'AY']",['sky'],['sky'],0.0,5.25e-05,"[31, 24, 6, 0, 0, 0, 0, 0]"
rom,"['R', 'AA', 'M']",['rom'],['rom'],0.0,5.62e-06,"[30, 1, 26, 0, 0, 0, 0, 0]"
carried,"['K', 'AE', 'R', 'IY', 'D']","['car', 'ried']","['car', 'ried']",0.0,5.89e-05,"[24, 2, 30, 11, 18, 0, 0, 0]"
hide,"['HH', 'AY', 'D']",['hide'],['hide'],0.0,3.47e-05,"[22, 6, 18, 0, 0, 0, 0, 0]"
lightweight,"['L', 'AY', 'T', 'W', 'EY', 'T']","['light', 'weight']","['light', 'weight']",0.0,6.03e-06,"[25, 6, 33, 36, 9, 33, 0, 0]"
outlets,"['AW', 'T', 'L', 'EH', 'T', 'S']","['out', 'lets']","['out', 'lets']",0.0,1e-05,"[5, 33, 25, 7, 33, 31, 0, 0]"
guns,"['G', 'AH', 'N', 'Z']",['guns'],['guns'],0.0,4.57e-05,"[21, 3, 27, 38, 0, 0, 0, 0]"
which,"['W', 'IH', 'CH']",['which'],['which'],0.0,0.002,"[36, 10, 17, 0, 0, 0, 0, 0]"
their,"['DH', 'EH', 'R']",['their'],['their'],0.0,0.00214,"[19, 7, 30, 0, 0, 0, 0, 0]"
viagra,"['V', 'IY', 'AE', 'G', 'R', 'AH']","['via', 'gra']","['via', 'gra']",0.0,1.74e-06,"[35, 11, 2, 21, 30, 3, 0, 0]"
out,"['AW', 'T']",['out'],['out'],0.0,0.0024,"[5, 33, 0, 0, 0, 0, 0, 0]"
use,"['Y', 'UW', 'S']",['use'],['use'],0.0,0.000646,"[37, 15, 31, 0, 0, 0, 0, 0]"
any,"['EH', 'N', 'IY']",['any'],['any'],0.0,0.00117,"[7, 27, 11, 0, 0, 0, 0, 0]"
treatments,"['T', 'R', 'IY', 'T', 'M', 'AH', 'N', 'T', 'S']","['treat', 'ments']","['treat', 'ments']",0.0,1.23e-05,"[33, 30, 11, 33, 26, 3, 27, 33]"
falling,"['F', 'AA', 'L', 'IH', 'NG']","['fall', 'ing']","['fall', 'ing']",0.0,4.57e-05,"[20, 1, 25, 10, 28, 0, 0, 0]"
may,"['M', 'EY']",['may'],['may'],0.0,0.000955,"[26, 9, 0, 0, 0, 0, 0, 0]"
the,"['DH', 'AH']",['the'],['the'],0.0,0.0537,"[19, 3, 0, 0, 0, 0, 0, 0]"
and,"['AH', 'N', 'D']",['and'],['and'],0.0,0.0257,"[3, 27, 18, 0, 0, 0, 0, 0]"
for,"['F', 'AO', 'R']",['for'],['for'],0.0,0.0102,"[20, 4, 30, 0, 0, 0, 0, 0]"
buried,"['B', 'EH', 'R', 'IY', 'D']","['bur', 'ied']","['bur', 'ied']",0.0,2.51e-05,"[16, 7, 30, 11, 18, 0, 0, 0]"
thumb,"['TH', 'AH', 'M']",['thumb'],['thumb'],0.0,1.02e-05,"[34, 3, 26, 0, 0, 0, 0, 0]"
cons,"['K', 'AA', 'N', 'Z']",['cons'],['cons'],0.0,5.75e-06,"[24, 1, 27, 38, 0, 0, 0, 0]"
despite,"['D', 'IH', 'S', 'P', 'AY', 'T']","['des', 'pite']","['des', 'pite']",0.0,0.0001,"[18, 10, 31, 29, 6, 33, 0, 0]"
turkey,"['T', 'ER', 'K', 'IY']","['tur', 'key']","['tur', 'key']",0.0,3.63e-05,"[33, 8, 24, 11, 0, 0, 0, 0]"
dogs,"['D', 'AA', 'G', 'Z']",['dogs'],['dogs'],0.0,5.89e-05,"[18, 1, 21, 38, 0, 0, 0, 0]"
ahead,"['AH', 'HH', 'EH', 'D']",['ahead'],['ahead'],0.0,0.000102,"[3, 22, 7, 18, 0, 0, 0, 0]"
moon,"['M', 'UW', 'N']",['moon'],['moon'],0.0,5.01e-05,"[26, 15, 27, 0, 0, 0, 0, 0]"
fly,"['F', 'L', 'AY']",['fly'],['fly'],0.0,5.62e-05,"[20, 25, 6, 0, 0, 0, 0, 0]"
segments,"['S', 'EH', 'G', 'M', 'AH', 'N', 'T', 'S']","['seg', 'ments']","['seg', 'ments']",0.0,9.55e-06,"[31, 7, 21, 26, 3, 27, 33, 31]"
that,"['DH', 'AE', 'T']",['that'],['that'],0.0,0.0102,"[19, 2, 33, 0, 0, 0, 0, 0]"
airfare,"['EH', 'R', 'F', 'EH', 'R']","['air', 'fare']","['air', 'fare']",0.0,6.76e-07,"[7, 30, 20, 7, 30, 0, 0, 0]"
ann,"['AE', 'N']",['ann'],['ann'],0.0,2.24e-05,"[2, 27, 0, 0, 0, 0, 0, 0]"
tip,"['T', 'IH', 'P']",['tip'],['tip'],0.0,3.55e-05,"[33, 10, 29, 0, 0, 0, 0, 0]"
degrees,"['D', 'IH', 'G', 'R', 'IY', 'Z']","['de', 'grees']","['de', 'grees']",0.0,3.47e-05,"[18, 10, 21, 30, 11, 38, 0, 0]"
delta,"['D', 'EH', 'L', 'T', 'AH']",['delta'],['delta'],0.0,1.32e-05,"[18, 7, 25, 33, 3, 0, 0, 0]"
seeking,"['S', 'IY', 'K', 'IH', 'NG']","['seek', 'ing']","['seek', 'ing']",0.0,3.8e-05,"[31, 11, 24, 10, 28, 0, 0, 0]"
manner,"['M', 'AE', 'N', 'ER']","['man', 'ner']","['man', 'ner']",0.0,3.55e-05,"[26, 2, 27, 8, 0, 0, 0, 0]"
amendment,"['AH', 'M', 'EH', 'N', 'D', 'M', 'AH', 'N', 'T']","['amend', 'ment']","['amend', 'ment']",0.0,2.4e-05,"[3, 26, 7, 27, 18, 26, 3, 27]"
frames,"['F', 'R', 'EY', 'M', 'Z']",['frames'],['frames'],0.0,1.02e-05,"[20, 30, 9, 26, 38, 0, 0, 0]"
search,"['S', 'ER', 'CH']",['search'],['search'],0.0,9.12e-05,"[31, 8, 17, 0, 0, 0, 0, 0]"
firewall,"['F', 'AY', 'R', 'W', 'AA', 'L']","['fire', 'wall']","['fire', 'wall']",0.0,1.74e-06,"[20, 6, 30, 36, 1, 25, 0, 0]"
surplus,"['S', 'ER', 'P', 'L', 'AH', 'S']","['sur', 'plus']","['sur', 'plus']",0.0,7.41e-06,"[31, 8, 29, 25, 3, 31, 0, 0]"
most,"['M', 'OW', 'S', 'T']",['most'],['most'],0.0,0.001,"[26, 12, 31, 33, 0, 0, 0, 0]"
has,"['HH', 'AE', 'Z']",['has'],['has'],0.0,0.00234,"[22, 2, 38, 0, 0, 0, 0, 0]"
what,"['W', 'AH', 'T']",['what'],['what'],0.0,0.0024,"[36, 3, 33, 0, 0, 0, 0, 0]"
like,"['L', 'AY', 'K']",['like'],['like'],0.0,0.00257,"[25, 6, 24, 0, 0, 0, 0, 0]"
than,"['DH', 'AE', 'N']",['than'],['than'],0.0,0.00135,"[19, 2, 27, 0, 0, 0, 0, 0]"
find,"['F', 'AY', 'N', 'D']",['find'],['find'],0.0,0.000575,"[20, 6, 27, 18, 0, 0, 0, 0]"
price,"['P', 'R', 'AY', 'S']",['price'],['price'],0.0,0.00017,"[29, 30, 6, 31, 0, 0, 0, 0]"
date,"['D', 'EY', 'T']",['date'],['date'],0.0,0.000166,"[18, 9, 33, 0, 0, 0, 0, 0]"
after,"['AE', 'F', 'T', 'ER']",['after'],['after'],0.0,0.00129,"[2, 20, 33, 8, 0, 0, 0, 0]"
free,"['F', 'R', 'IY']",['free'],['free'],0.0,0.000427,"[20, 30, 11, 0, 0, 0, 0, 0]"
but,"['B', 'AH', 'T']",['but'],['but'],0.0,0.00427,"[16, 3, 33, 0, 0, 0, 0, 0]"
our,"['AW', 'ER']",['our'],['our'],0.0,0.00138,"[5, 8, 0, 0, 0, 0, 0, 0]"
one,"['W', 'AH', 'N']",['one'],['one'],0.0,0.00295,"[36, 3, 27, 0, 0, 0, 0, 0]"
time,"['T', 'AY', 'M']",['time'],['time'],0.0,0.00195,"[33, 6, 26, 0, 0, 0, 0, 0]"
they,"['DH', 'EY']",['they'],['they'],0.0,0.00316,"[19, 9, 0, 0, 0, 0, 0, 0]"
site,"['S', 'AY', 'T']",['site'],['site'],0.0,0.000166,"[31, 6, 33, 0, 0, 0, 0, 0]"
newman,"['N', 'UW', 'M', 'AH', 'N']","['new', 'man']","['new', 'man']",0.0,6.76e-06,"[27, 15, 26, 3, 27, 0, 0, 0]"
marsh,"['M', 'AA', 'R', 'SH']",['marsh'],['marsh'],0.0,7.41e-06,"[26, 1, 30, 32, 0, 0, 0, 0]"
bent,"['B', 'EH', 'N', 'T']",['bent'],['bent'],0.0,9.77e-06,"[16, 7, 27, 33, 0, 0, 0, 0]"
this,"['DH', 'IH', 'S']",['this'],['this'],0.0,0.00661,"[19, 10, 31, 0, 0, 0, 0, 0]"
with,"['W', 'IH', 'DH']",['with'],['with'],0.0,0.00708,"[36, 10, 19, 0, 0, 0, 0, 0]"
you,"['Y', 'UW']",['you'],['you'],0.0,0.00955,"[37, 15, 0, 0, 0, 0, 0, 0]"
not,"['N', 'AA', 'T']",['not'],['not'],0.0,0.0049,"[27, 1, 33, 0, 0, 0, 0, 0]"
are,"['AA', 'R']",['are'],['are'],0.0,0.0055,"[1, 30, 0, 0, 0, 0, 0, 0]"
from,"['F', 'R', 'AH', 'M']",['from'],['from'],0.0,0.00427,"[20, 30, 3, 26, 0, 0, 0, 0]"
your,"['Y', 'AO', 'R']",['your'],['your'],0.0,0.00339,"[37, 4, 30, 0, 0, 0, 0, 0]"
all,"['AO', 'L']",['all'],['all'],0.0,0.00331,"[4, 25, 0, 0, 0, 0, 0, 0]"
have,"['HH', 'AE', 'V']",['have'],['have'],0.0,0.00513,"[22, 2, 35, 0, 0, 0, 0, 0]"
zoning,"['Z', 'OW', 'N', 'IH', 'NG']","['zon', 'ing']","['zon', 'ing']",0.0,3.31e-06,"[38, 12, 27, 10, 28, 0, 0, 0]"
more,"['M', 'AO', 'R']",['more'],['more'],0.0,0.00229,"[26, 4, 30, 0, 0, 0, 0, 0]"
was,"['W', 'AA', 'Z']",['was'],['was'],0.0,0.00661,"[36, 1, 38, 0, 0, 0, 0, 0]"
will,"['W', 'IH', 'L']",['will'],['will'],0.0,0.00282,"[36, 10, 25, 0, 0, 0, 0, 0]"
home,"['HH', 'OW', 'M']",['home'],['home'],0.0,0.000646,"[22, 12, 26, 0, 0, 0, 0, 0]"
can,"['K', 'AE', 'N']",['can'],['can'],0.0,0.00288,"[24, 2, 27, 0, 0, 0, 0, 0]"
about,"['AH', 'B', 'AW', 'T']",['about'],['about'],0.0,0.00251,"[3, 16, 5, 33, 0, 0, 0, 0]"
page,"['P', 'EY', 'JH']",['page'],['page'],0.0,0.000132,"[29, 9, 23, 0, 0, 0, 0, 0]"
new,"['N', 'UW']",['new'],['new'],0.0,0.00178,"[27, 15, 0, 0, 0, 0, 0, 0]"
get,"['G', 'EH', 'T']",['get'],['get'],0.0,0.00191,"[21, 7, 33, 0, 0, 0, 0, 0]"
headphones,"['HH', 'EH', 'D', 'F', 'OW', 'N', 'Z']","['head', 'phones']","['head', 'phones']",0.0,7.59e-06,"[22, 7, 18, 20, 12, 27, 38, 0]"
referred,"['R', 'AH', 'F', 'ER', 'D']","['re', 'ferred']","['re', 'ferred']",0.0,4.07e-05,"[30, 3, 20, 8, 18, 0, 0, 0]"
supports,"['S', 'AH', 'P', 'AO', 'R', 'T', 'S']","['sup', 'ports']","['sup', 'ports']",0.0,2.63e-05,"[31, 3, 29, 4, 30, 33, 31, 0]"
zen,"['Z', 'EH', 'N']",['zen'],['zen'],0.0,5.01e-06,"[38, 7, 27, 0, 0, 0, 0, 0]"
athletes,"['AE', 'TH', 'L', 'IY', 'T', 'S']","['ath', 'letes']","['ath', 'letes']",0.0,2.19e-05,"[2, 34, 25, 11, 33, 31, 0, 0]"
tea,"['T', 'IY']",['tea'],['tea'],0.0,5.37e-05,"[33, 11, 0, 0, 0, 0, 0, 0]"
trees,"['T', 'R', 'IY', 'Z']",['trees'],['trees'],0.0,4.9e-05,"[33, 30, 11, 38, 0, 0, 0, 0]"
reprints,"['R', 'IY', 'P', 'R', 'IH', 'N', 'T', 'S']","['re', 'prints']","['re', 'prints']",0.0,1.07e-06,"[30, 11, 29, 30, 10, 27, 33, 31]"
clarity,"['K', 'L', 'EH', 'R', 'AH', 'T', 'IY']","['clar', 'ity']","['clar', 'ity']",0.0,7.94e-06,"[24, 25, 7, 30, 3, 33, 11, 0]"
les,"['L', 'EH', 'S']",['les'],['les'],0.0,1.26e-05,"[25, 7, 31, 0, 0, 0, 0, 0]"
cape,"['K', 'EY', 'P']",['cape'],['cape'],0.0,2e-05,"[24, 9, 29, 0, 0, 0, 0, 0]"
aim,"['EY', 'M']",['aim'],['aim'],0.0,3.24e-05,"[9, 26, 0, 0, 0, 0, 0, 0]"
trio,"['T', 'R', 'IY', 'OW']",['trio'],['trio'],0.0,8.71e-06,"[33, 30, 11, 12, 0, 0, 0, 0]"
proceeding,"['P', 'R', 'AH', 'S', 'IY', 'D', 'IH', 'NG']","['pro', 'ceed', 'ing']","['pro', 'ceed', 'ing']",0.0,4.57e-06,"[29, 30, 3, 31, 11, 18, 10, 28]"
cube,"['K', 'Y', 'UW', 'B']",['cube'],['cube'],0.0,6.61e-06,"[24, 37, 15, 16, 0, 0, 0, 0]"
vendor,"['V', 'EH', 'N', 'D', 'ER']",['vendor'],['vendor'],0.0,6.17e-06,"[35, 7, 27, 18, 8, 0, 0, 0]"
rows,"['R', 'OW', 'Z']",['rows'],['rows'],0.0,7.24e-06,"[30, 12, 38, 0, 0, 0, 0, 0]"
exams,"['IH', 'G', 'Z', 'AE', 'M', 'Z']","['ex', 'ams']","['ex', 'ams']",0.0,1e-05,"[10, 21, 38, 2, 26, 38, 0, 0]"
rewards,"['R', 'IH', 'W', 'AO', 'R', 'D', 'Z']","['re', 'wards']","['re', 'wards']",0.0,1.26e-05,"[30, 10, 36, 4, 30, 18, 38, 0]"
contain,"['K', 'AH', 'N', 'T', 'EY', 'N']","['con', 'tain']","['con', 'tain']",0.0,3.16e-05,"[24, 3, 27, 33, 9, 27, 0, 0]"
rise,"['R', 'AY', 'Z']",['rise'],['rise'],0.0,6.46e-05,"[30, 6, 38, 0, 0, 0, 0, 0]"
bookings,"['B', 'UH', 'K', 'IH', 'NG', 'Z']","['book', 'ings']","['book', 'ings']",0.0,2.14e-06,"[16, 14, 24, 10, 28, 38, 0, 0]"
eat,"['IY', 'T']",['eat'],['eat'],0.0,0.000135,"[11, 33, 0, 0, 0, 0, 0, 0]"
belize,"['B', 'EH', 'L', 'IY', 'Z']","['bel', 'ize']","['bel', 'ize']",0.0,1.74e-06,"[16, 7, 25, 11, 38, 0, 0, 0]"
fate,"['F', 'EY', 'T']",['fate'],['fate'],0.0,2.29e-05,"[20, 9, 33, 0, 0, 0, 0, 0]"
pieces,"['P', 'IY', 'S', 'AH', 'Z']",['pieces'],['pieces'],0.0,5.25e-05,"[29, 11, 31, 3, 38, 0, 0, 0]"
dinner,"['D', 'IH', 'N', 'ER']","['din', 'ner']","['din', 'ner']",0.0,6.03e-05,"[18, 10, 27, 8, 0, 0, 0, 0]"
tennis,"['T', 'EH', 'N', 'AH', 'S']","['ten', 'nis']","['ten', 'nis']",0.0,2.24e-05,"[33, 7, 27, 3, 31, 0, 0, 0]"
bass,"['B', 'AE', 'S']",['bass'],['bass'],0.0,1.91e-05,"[16, 2, 31, 0, 0, 0, 0, 0]"
wear,"['W', 'EH', 'R']",['wear'],['wear'],0.0,8.32e-05,"[36, 7, 30, 0, 0, 0, 0, 0]"
minor,"['M', 'AY', 'N', 'ER']",['minor'],['minor'],0.0,4.17e-05,"[26, 6, 27, 8, 0, 0, 0, 0]"
sleep,"['S', 'L', 'IY', 'P']",['sleep'],['sleep'],0.0,0.000112,"[31, 25, 11, 29, 0, 0, 0, 0]"
minolta,"['M', 'IH', 'N', 'AA', 'L', 'T', 'AH']","['min', 'olta']","['min', 'olta']",0.0,2.14e-07,"[26, 10, 27, 1, 25, 33, 3, 0]"
hart,"['HH', 'AA', 'R', 'T']",['hart'],['hart'],0.0,1.1e-05,"[22, 1, 30, 33, 0, 0, 0, 0]"
bernard,"['B', 'ER', 'N', 'AA', 'R', 'D']","['bern', 'ard']","['bern', 'ard']",0.0,1.05e-05,"[16, 8, 27, 1, 30, 18, 0, 0]"
midlands,"['M', 'IH', 'D', 'L', 'AE', 'N', 'D', 'Z']","['mid', 'lands']","['mid', 'lands']",0.0,4.9e-06,"[26, 10, 18, 25, 2, 27, 18, 38]"
ronald,"['R', 'AA', 'N', 'AH', 'L', 'D']","['ron', 'ald']","['ron', 'ald']",0.0,8.13e-06,"[30, 1, 27, 3, 25, 18, 0, 0]"
queue,"['K', 'Y', 'UW']",['queue'],['queue'],0.0,6.03e-06,"[24, 37, 15, 0, 0, 0, 0, 0]"
grow,"['G', 'R', 'OW']",['grow'],['grow'],0.0,7.94e-05,"[21, 30, 12, 0, 0, 0, 0, 0]"
amazing,"['AH', 'M', 'EY', 'Z', 'IH', 'NG']","['amaz', 'ing']","['amaz', 'ing']",0.0,0.000126,"[3, 26, 9, 38, 10, 28, 0, 0]"
clock,"['K', 'L', 'AA', 'K']",['clock'],['clock'],0.0,2.69e-05,"[24, 25, 1, 24, 0, 0, 0, 0]"
printers,"['P', 'R', 'IH', 'N', 'T', 'ER', 'Z']","['print', 'ers']","['print', 'ers']",0.0,4.17e-06,"[29, 30, 10, 27, 33, 8, 38, 0]"
cleaning,"['K', 'L', 'IY', 'N', 'IH', 'NG']","['clean', 'ing']","['clean', 'ing']",0.0,2.45e-05,"[24, 25, 11, 27, 10, 28, 0, 0]"
dan,"['D', 'AE', 'N']",['dan'],['dan'],0.0,3.24e-05,"[18, 2, 27, 0, 0, 0, 0, 0]"
chester,"['CH', 'EH', 'S', 'T', 'ER']",['chester'],['chester'],0.0,6.46e-06,"[17, 7, 31, 33, 8, 0, 0, 0]"
posting,"['P', 'OW', 'S', 'T', 'IH', 'NG']","['post', 'ing']","['post', 'ing']",0.0,2.45e-05,"[29, 12, 31, 33, 10, 28, 0, 0]"
presence,"['P', 'R', 'EH', 'Z', 'AH', 'N', 'S']","['pres', 'ence']","['pres', 'ence']",0.0,5.37e-05,"[29, 30, 7, 38, 3, 27, 31, 0]"
healthcare,"['HH', 'EH', 'L', 'TH', 'K', 'EH', 'R']","['health', 'care']","['health', 'care']",0.0,2.95e-05,"[22, 7, 25, 34, 24, 7, 30, 0]"
dot,"['D', 'AA', 'T']",['dot'],['dot'],0.0,1.12e-05,"[18, 1, 33, 0, 0, 0, 0, 0]"
slow,"['S', 'L', 'OW']",['slow'],['slow'],0.0,7.08e-05,"[31, 25, 12, 0, 0, 0, 0, 0]"
hip,"['HH', 'IH', 'P']",['hip'],['hip'],0.0,2.88e-05,"[22, 10, 29, 0, 0, 0, 0, 0]"
dis,"['D', 'IH', 'S']",['dis'],['dis'],0.0,5.37e-06,"[18, 10, 31, 0, 0, 0, 0, 0]"
adding,"['AE', 'D', 'IH', 'NG']",['adding'],['adding'],0.0,4.68e-05,"[2, 18, 10, 28, 0, 0, 0, 0]"
eric,"['EH', 'R', 'IH', 'K']",['eric'],['eric'],0.0,3.09e-05,"[7, 30, 10, 24, 0, 0, 0, 0]"
spot,"['S', 'P', 'AA', 'T']",['spot'],['spot'],0.0,7.76e-05,"[31, 29, 1, 33, 0, 0, 0, 0]"
prints,"['P', 'R', 'IH', 'N', 'T', 'S']",['prints'],['prints'],0.0,1.2e-05,"[29, 30, 10, 27, 33, 31, 0, 0]"
minimize,"['M', 'IH', 'N', 'AH', 'M', 'AY', 'Z']","['min', 'im', 'ize']","['min', 'im', 'ize']",0.0,6.31e-06,"[26, 10, 27, 3, 26, 6, 38, 0]"
darwin,"['D', 'AA', 'R', 'W', 'IH', 'N']","['dar', 'win']","['dar', 'win']",0.0,5.75e-06,"[18, 1, 30, 36, 10, 27, 0, 0]"
debut,"['D', 'EY', 'B', 'Y', 'UW']","['de', 'but']","['de', 'but']",0.0,3.31e-05,"[18, 9, 16, 37, 15, 0, 0, 0]"
taxi,"['T', 'AE', 'K', 'S', 'IY']",['taxi'],['taxi'],0.0,1.55e-05,"[33, 2, 24, 31, 11, 0, 0, 0]"
nat,"['N', 'AE', 'T']",['nat'],['nat'],0.0,5.62e-06,"[27, 2, 33, 0, 0, 0, 0, 0]"
luxury,"['L', 'AH', 'G', 'ZH', 'ER', 'IY']","['lux', 'ury']","['lux', 'ury']",0.0,2.24e-05,"[25, 3, 21, 39, 8, 11, 0, 0]"
bird,"['B', 'ER', 'D']",['bird'],['bird'],0.0,4.27e-05,"[16, 8, 18, 0, 0, 0, 0, 0]"
breakdown,"['B', 'R', 'EY', 'K', 'D', 'AW', 'N']","['break', 'down']","['break', 'down']",0.0,1.26e-05,"[16, 30, 9, 24, 18, 5, 27, 0]"
hey,"['HH', 'EY']",['hey'],['hey'],0.0,0.000132,"[22, 9, 0, 0, 0, 0, 0, 0]"
buildings,"['B', 'IH', 'L', 'D', 'IH', 'NG', 'Z']","['build', 'ings']","['build', 'ings']",0.0,4.9e-05,"[16, 10, 25, 18, 10, 28, 38, 0]"
indeed,"['IH', 'N', 'D', 'IY', 'D']","['in', 'deed']","['in', 'deed']",0.0,6.17e-05,"[10, 27, 18, 11, 18, 0, 0, 0]"
infrared,"['IH', 'N', 'F', 'R', 'ER', 'EH', 'D']","['in', 'frared']","['in', 'frared']",0.0,5.13e-06,"[10, 27, 20, 30, 8, 7, 18, 0]"
aggressive,"['AH', 'G', 'R', 'EH', 'S', 'IH', 'V']","['ag', 'gress', 'ive']","['ag', 'gress', 'ive']",0.0,2.09e-05,"[3, 21, 30, 7, 31, 10, 35, 0]"
tex,"['T', 'EH', 'K', 'S']",['tex'],['tex'],0.0,3.31e-06,"[33, 7, 24, 31, 0, 0, 0, 0]"
refer,"['R', 'AH', 'F', 'ER']",['refer'],['refer'],0.0,2.82e-05,"[30, 3, 20, 8, 0, 0, 0, 0]"
broken,"['B', 'R', 'OW', 'K', 'AH', 'N']",['broken'],['broken'],0.0,7.59e-05,"[16, 30, 12, 24, 3, 27, 0, 0]"
viewing,"['V', 'Y', 'UW', 'IH', 'NG']","['view', 'ing']","['view', 'ing']",0.0,1.2e-05,"[35, 37, 15, 10, 28, 0, 0, 0]"
maintained,"['M', 'EY', 'N', 'T', 'EY', 'N', 'D']","['main', 'tained']","['main', 'tained']",0.0,2.4e-05,"[26, 9, 27, 33, 9, 27, 18, 0]"
christ,"['K', 'R', 'AY', 'S', 'T']",['christ'],['christ'],0.0,6.17e-05,"[24, 30, 6, 31, 33, 0, 0, 0]"
mine,"['M', 'AY', 'N']",['mine'],['mine'],0.0,0.00011,"[26, 6, 27, 0, 0, 0, 0, 0]"
ski,"['S', 'K', 'IY']",['ski'],['ski'],0.0,1.35e-05,"[31, 24, 11, 0, 0, 0, 0, 0]"
soccer,"['S', 'AA', 'K', 'ER']","['soc', 'cer']","['soc', 'cer']",0.0,3.02e-05,"[31, 1, 24, 8, 0, 0, 0, 0]"
math,"['M', 'AE', 'TH']",['math'],['math'],0.0,2.82e-05,"[26, 2, 34, 0, 0, 0, 0, 0]"
comfort,"['K', 'AH', 'M', 'F', 'ER', 'T']","['com', 'fort']","['com', 'fort']",0.0,2.57e-05,"[24, 3, 26, 20, 8, 33, 0, 0]"
cia,"['S', 'IY', 'AY', 'EY']",['cia'],['cia'],0.0,1.62e-05,"[31, 11, 6, 9, 0, 0, 0, 0]"
chan,"['CH', 'AE', 'N']",['chan'],['chan'],0.0,1e-05,"[17, 2, 27, 0, 0, 0, 0, 0]"
portland,"['P', 'AO', 'R', 'T', 'L', 'AH', 'N', 'D']","['port', 'land']","['port', 'land']",0.0,1.51e-05,"[29, 4, 30, 33, 25, 3, 27, 18]"
gun,"['G', 'AH', 'N']",['gun'],['gun'],0.0,9.12e-05,"[21, 3, 27, 0, 0, 0, 0, 0]"
draft,"['D', 'R', 'AE', 'F', 'T']",['draft'],['draft'],0.0,4.07e-05,"[18, 30, 2, 20, 33, 0, 0, 0]"
chart,"['CH', 'AA', 'R', 'T']",['chart'],['chart'],0.0,2.95e-05,"[17, 1, 30, 33, 0, 0, 0, 0]"
readers,"['R', 'IY', 'D', 'ER', 'Z']","['read', 'ers']","['read', 'ers']",0.0,2.57e-05,"[30, 11, 18, 8, 38, 0, 0, 0]"
finances,"['F', 'IH', 'N', 'AE', 'N', 'S', 'IH', 'Z']","['fin', 'ances']","['fin', 'ances']",0.0,7.94e-06,"[20, 10, 27, 2, 27, 31, 10, 38]"
enjoying,"['EH', 'N', 'JH', 'OY', 'IH', 'NG']","['en', 'joy', 'ing']","['en', 'joy', 'ing']",0.0,2.63e-05,"[7, 27, 23, 13, 10, 28, 0, 0]"
weekend,"['W', 'IY', 'K', 'EH', 'N', 'D']","['week', 'end']","['week', 'end']",0.0,8.51e-05,"[36, 11, 24, 7, 27, 18, 0, 0]"
camp,"['K', 'AE', 'M', 'P']",['camp'],['camp'],0.0,6.17e-05,"[24, 2, 26, 29, 0, 0, 0, 0]"
des,"['D', 'EH']",['des'],['des'],0.0,1.78e-05,"[18, 7, 0, 0, 0, 0, 0, 0]"
farming,"['F', 'AA', 'R', 'M', 'IH', 'NG']","['farm', 'ing']","['farm', 'ing']",0.0,1.62e-05,"[20, 1, 30, 26, 10, 28, 0, 0]"
worried,"['W', 'ER', 'IY', 'D']","['wor', 'ried']","['wor', 'ried']",0.0,4.27e-05,"[36, 8, 11, 18, 0, 0, 0, 0]"
mas,"['M', 'AA', 'Z']",['mas'],['mas'],0.0,3.39e-06,"[26, 1, 38, 0, 0, 0, 0, 0]"
equal,"['IY', 'K', 'W', 'AH', 'L']",['equal'],['equal'],0.0,4.47e-05,"[11, 24, 36, 3, 25, 0, 0, 0]"
matching,"['M', 'AE', 'CH', 'IH', 'NG']","['match', 'ing']","['match', 'ing']",0.0,1.26e-05,"[26, 2, 17, 10, 28, 0, 0, 0]"
fill,"['F', 'IH', 'L']",['fill'],['fill'],0.0,4.37e-05,"[20, 10, 25, 0, 0, 0, 0, 0]"
printing,"['P', 'R', 'IH', 'N', 'T', 'IH', 'NG']","['print', 'ing']","['print', 'ing']",0.0,1.91e-05,"[29, 30, 10, 27, 33, 10, 28, 0]"
owned,"['OW', 'N', 'D']",['owned'],['owned'],0.0,5.75e-05,"[12, 27, 18, 0, 0, 0, 0, 0]"
guidance,"['G', 'AY', 'D', 'AH', 'N', 'S']","['guid', 'ance']","['guid', 'ance']",0.0,2.14e-05,"[21, 6, 18, 3, 27, 31, 0, 0]"
