word,arpabet,syllables,tokenized_word,hamming_distance,word_frequency,phon_vec
julian,"['JH', 'UW', 'L', 'IY', 'AH', 'N']","['ju', 'li', 'an']","['j', 'ul', 'ian']",0.6666666666666666,9.77e-06,"[23, 15, 25, 11, 3, 27, 0, 0]"
arabia,"['ER', 'EY', 'B', 'IY', 'AH']","['ar', 'a', 'bia']","['a', 'rab', 'ia']",0.6666666666666666,1.32e-05,"[8, 9, 16, 11, 3, 0, 0, 0]"
slovenia,"['S', 'L', 'OW', 'V', 'IY', 'N', 'IY', 'AH']","['slov', 'e', 'nia']","['s', 'lo', 'ven', 'ia']",0.625,2.57e-06,"[31, 25, 12, 35, 11, 27, 11, 3]"
zimbabwe,"['Z', 'IH', 'M', 'B', 'AA', 'B', 'W', 'EY']","['zi', 'm', 'b', 'ab', 'we']","['z', 'imbabwe']",0.625,5.37e-06,"[38, 10, 26, 16, 1, 16, 36, 9]"
julie,"['JH', 'UW', 'L', 'IY']","['ju', 'lie']","['j', 'ul', 'ie']",0.6,1.23e-05,"[23, 15, 25, 11, 0, 0, 0, 0]"
sudan,"['S', 'UW', 'D', 'AE', 'N']","['su', 'dan']","['s', 'ud', 'an']",0.6,7.94e-06,"[31, 15, 18, 2, 27, 0, 0, 0]"
iraqi,"['IH', 'R', 'AE', 'K', 'IY']","['ir', 'aqi']","['i', 'raq', 'i']",0.6,8.91e-06,"[10, 30, 2, 24, 11, 0, 0, 0]"
antigua,"['AE', 'N', 'T', 'IY', 'G', 'W', 'AH']","['an', 'ti', 'gua']","['ant', 'ig', 'ua']",0.5714285714285714,1.2e-06,"[2, 27, 33, 11, 21, 36, 3, 0]"
nigeria,"['N', 'AY', 'JH', 'IH', 'R', 'IY', 'AH']","['ni', 'ger', 'ia']","['n', 'ig', 'eria']",0.5714285714285714,2.14e-05,"[27, 6, 23, 10, 30, 11, 3, 0]"
quebec,"['K', 'W', 'AH', 'B', 'EH', 'K']","['que', 'bec']","['qu', 'eb', 'ec']",0.5,9.33e-06,"[24, 36, 3, 16, 7, 24, 0, 0]"
mongolia,"['M', 'AA', 'NG', 'G', 'OW', 'L', 'IY', 'AH']","['mon', 'go', 'lia']","['m', 'ong', 'olia']",0.5,2.19e-06,"[26, 1, 28, 21, 12, 25, 11, 3]"
hugh,"['HH', 'Y', 'UW']",['hugh'],"['h', 'u', 'gh']",0.5,1.02e-05,"[22, 37, 15, 0, 0, 0, 0, 0]"
munich,"['M', 'Y', 'UW', 'N', 'IH', 'K']","['mu', 'nich']","['m', 'un', 'ich']",0.5,8.91e-06,"[26, 37, 15, 27, 10, 24, 0, 0]"
zoloft,"['Z', 'AA', 'L', 'AA', 'F', 'T']","['zo', 'loft']","['z', 'olo', 'ft']",0.5,3.39e-07,"[38, 1, 25, 1, 20, 33, 0, 0]"
bhutan,"['B', 'UW', 'T', 'AE', 'N']",['bhutan'],"['b', 'h', 'ut', 'an']",0.5,1.23e-06,"[16, 15, 33, 2, 27, 0, 0, 0]"
arab,"['AE', 'R', 'AH', 'B']","['ar', 'ab']","['a', 'rab']",0.5,2.45e-05,"[2, 30, 3, 16, 0, 0, 0, 0]"
radios,"['R', 'EY', 'D', 'IY', 'OW', 'Z']","['ra', 'di', 'os']","['rad', 'ios']",0.5,2.57e-06,"[30, 9, 18, 11, 12, 38, 0, 0]"
iraq,"['IH', 'R', 'AA', 'K']","['ir', 'aq']","['i', 'raq']",0.5,2.69e-05,"[10, 30, 1, 24, 0, 0, 0, 0]"
pavilion,"['P', 'AH', 'V', 'IH', 'L', 'Y', 'AH', 'N']","['pa', 'vil', 'ion']","['p', 'av', 'ilion']",0.5,4.17e-06,"[29, 3, 35, 10, 25, 37, 3, 27]"
honduras,"['HH', 'AA', 'N', 'D', 'UH', 'R', 'AH', 'S']","['hon', 'dur', 'as']","['h', 'ond', 'uras']",0.5,3.98e-06,"[22, 1, 27, 18, 14, 30, 3, 31]"
ryan,"['R', 'AY', 'AH', 'N']","['ry', 'an']","['r', 'yan']",0.5,3.89e-05,"[30, 6, 3, 27, 0, 0, 0, 0]"
indianapolis,"['IH', 'N', 'D', 'IY', 'AH', 'N', 'AE', 'P', 'AH', 'L', 'IH', 'S']","['in', 'di', 'ana', 'pol', 'is']","['ind', 'ian', 'apolis']",0.5,6.61e-06,"[10, 27, 18, 11, 3, 27, 2, 29]"
aurora,"['ER', 'AO', 'R', 'AH']","['au', 'rora']","['a', 'ur', 'ora']",0.5,5.37e-06,"[8, 4, 30, 3, 0, 0, 0, 0]"
jaguar,"['JH', 'AE', 'G', 'W', 'AA', 'R']","['jag', 'uar']","['j', 'agu', 'ar']",0.5,3.24e-06,"[23, 2, 21, 36, 1, 30, 0, 0]"
eugene,"['Y', 'UW', 'JH', 'IY', 'N']","['eu', 'gene']","['e', 'ug', 'ene']",0.5,6.31e-06,"[37, 15, 23, 11, 27, 0, 0, 0]"
gmbh,"['G', 'AH', 'M']",['gmbh'],"['g', 'mb', 'h']",0.5,1.74e-06,"[21, 3, 26, 0, 0, 0, 0, 0]"
scotia,"['S', 'K', 'OW', 'SH', 'AH']","['sco', 'tia']","['sc', 'ot', 'ia']",0.5,3.09e-06,"[31, 24, 12, 32, 3, 0, 0, 0]"
zambia,"['Z', 'AE', 'M', 'B', 'IY', 'AH']","['zam', 'bia']","['z', 'amb', 'ia']",0.5,2.69e-06,"[38, 2, 26, 16, 11, 3, 0, 0]"
auburn,"['AA', 'B', 'ER', 'N']","['au', 'burn']","['a', 'ub', 'urn']",0.5,5.25e-06,"[1, 16, 8, 27, 0, 0, 0, 0]"
lucy,"['L', 'UW', 'S', 'IY']",['lucy'],"['l', 'u', 'cy']",0.5,1.17e-05,"[25, 15, 31, 11, 0, 0, 0, 0]"
mozambique,"['M', 'OW', 'Z', 'AE', 'M', 'B', 'IY', 'K']","['mozam', 'bi', 'que']","['mo', 'z', 'amb', 'ique']",0.5,1.95e-06,"[26, 12, 38, 2, 26, 16, 11, 24]"
maui,"['M', 'AW', 'IY']",['maui'],"['m', 'au', 'i']",0.5,2.24e-06,"[26, 5, 11, 0, 0, 0, 0, 0]"
luis,"['L', 'UW', 'IY', 'S']","['lu', 'is']","['l', 'uis']",0.5,9.77e-06,"[25, 15, 11, 31, 0, 0, 0, 0]"
indian,"['IH', 'N', 'D', 'IY', 'AH', 'N']","['in', 'di', 'an']","['ind', 'ian']",0.5,8.13e-05,"[10, 27, 18, 11, 3, 27, 0, 0]"
nascar,"['N', 'AE', 'S', 'K', 'AA', 'R']","['nas', 'car']","['n', 'asc', 'ar']",0.5,5.75e-06,"[27, 2, 31, 24, 1, 30, 0, 0]"
victorian,"['V', 'IH', 'K', 'T', 'AO', 'R', 'IY', 'AH', 'N']","['vic', 'tori', 'an']","['vict', 'or', 'ian']",0.4444444444444444,1.32e-05,"[35, 10, 24, 33, 4, 30, 11, 3]"
mauritius,"['M', 'AO', 'R', 'IH', 'T', 'IY', 'AH', 'S']","['maur', 'i', 'ti', 'us']","['m', 'aur', 'it', 'ius']",0.4444444444444444,1.62e-06,"[26, 4, 30, 10, 33, 11, 3, 31]"
cleveland,"['K', 'L', 'IY', 'V', 'L', 'AH', 'N', 'D']","['clev', 'e', 'land']","['cle', 'vel', 'and']",0.4444444444444444,1.86e-05,"[24, 25, 11, 35, 25, 3, 27, 18]"
argentina,"['AA', 'R', 'JH', 'AH', 'N', 'T', 'IY', 'N', 'AH']","['ar', 'gen', 'tina']","['arg', 'ent', 'ina']",0.4444444444444444,1.66e-05,"[1, 30, 23, 3, 27, 33, 11, 27]"
macedonia,"['M', 'AE', 'S', 'AH', 'D', 'OW', 'N', 'IY', 'AH']","['mace', 'do', 'nia']","['m', 'aced', 'onia']",0.4444444444444444,2.34e-06,"[26, 2, 31, 3, 18, 12, 27, 11]"
jefferson,"['JH', 'EH', 'F', 'ER', 'S', 'AH', 'N']","['jef', 'fer', 'son']","['j', 'eff', 'erson']",0.4444444444444444,1e-05,"[23, 7, 20, 8, 31, 3, 27, 0]"
indonesia,"['IH', 'N', 'D', 'OW', 'N', 'IY', 'ZH', 'AH']","['in', 'done', 'sia']","['ind', 'ones', 'ia']",0.4444444444444444,1.78e-05,"[10, 27, 18, 12, 27, 11, 39, 3]"
librarian,"['L', 'AY', 'B', 'R', 'EH', 'R', 'IY', 'AH', 'N']","['lib', 'rar', 'i', 'an']","['libr', 'arian']",0.4444444444444444,3.89e-06,"[25, 6, 16, 30, 7, 30, 11, 3]"
henderson,"['HH', 'EH', 'N', 'D', 'ER', 'S', 'AH', 'N']","['hende', 'r', 'son']","['he', 'nd', 'erson']",0.4444444444444444,8.51e-06,"[22, 7, 27, 18, 8, 31, 3, 27]"
editorial,"['EH', 'D', 'AH', 'T', 'AO', 'R', 'IY', 'AH', 'L']","['ed', 'it', 'or', 'i', 'al']",['editorial'],0.4444444444444444,1.29e-05,"[7, 18, 3, 33, 4, 30, 11, 3]"
kenneth,"['K', 'EH', 'N', 'IH', 'TH']","['ken', 'neth']","['k', 'enn', 'eth']",0.42857142857142855,7.94e-06,"[24, 7, 27, 10, 34, 0, 0, 0]"
expedia,"['EH', 'K', 'S', 'P', 'IY', 'D', 'IY', 'AH']","['ex', 'pe', 'dia']","['exp', 'edia']",0.42857142857142855,4.17e-07,"[7, 24, 31, 29, 11, 18, 11, 3]"
morocco,"['M', 'ER', 'AA', 'K', 'OW']","['mo', 'rocco']","['mor', 'occ', 'o']",0.42857142857142855,6.31e-06,"[26, 8, 1, 24, 12, 0, 0, 0]"
deborah,"['D', 'EH', 'B', 'ER', 'AH']","['de', 'borah']","['deb', 'or', 'ah']",0.42857142857142855,4.07e-06,"[18, 7, 16, 8, 3, 0, 0, 0]"
cologne,"['K', 'AH', 'L', 'OW', 'N']","['co', 'logne']","['col', 'og', 'ne']",0.42857142857142855,3.72e-06,"[24, 3, 25, 12, 27, 0, 0, 0]"
belfast,"['B', 'EH', 'L', 'F', 'AE', 'S', 'T']","['bel', 'fast']","['b', 'elf', 'ast']",0.42857142857142855,7.59e-06,"[16, 7, 25, 20, 2, 31, 33, 0]"
houston,"['HH', 'Y', 'UW', 'S', 'T', 'AH', 'N']","['hou', 's', 'ton']","['h', 'ouston']",0.42857142857142855,2.63e-05,"[22, 37, 15, 31, 33, 3, 27, 0]"
marilyn,"['M', 'EH', 'R', 'AH', 'L', 'AH', 'N']","['mar', 'ilyn']","['m', 'arily', 'n']",0.42857142857142855,5.25e-06,"[26, 7, 30, 3, 25, 3, 27, 0]"
october,"['AA', 'K', 'T', 'OW', 'B', 'ER']","['oc', 'to', 'ber']","['o', 'ctober']",0.42857142857142855,0.000129,"[1, 24, 33, 12, 16, 8, 0, 0]"
indiana,"['IH', 'N', 'D', 'IY', 'AE', 'N', 'AH']","['in', 'di', 'ana']","['ind', 'iana']",0.42857142857142855,2.04e-05,"[10, 27, 18, 11, 2, 27, 3, 0]"
croatia,"['K', 'R', 'OW', 'EY', 'SH', 'AH']","['croa', 'tia']","['cro', 'at', 'ia']",0.42857142857142855,5.5e-06,"[24, 30, 12, 9, 32, 3, 0, 0]"
britain,"['B', 'R', 'IH', 'T', 'AH', 'N']","['bri', 'tain']","['b', 'rit', 'ain']",0.42857142857142855,5.25e-05,"[16, 30, 10, 33, 3, 27, 0, 0]"
austria,"['AO', 'S', 'T', 'R', 'IY', 'AH']","['aus', 'tria']","['a', 'ust', 'ria']",0.42857142857142855,1.17e-05,"[4, 31, 33, 30, 11, 3, 0, 0]"
indians,"['IH', 'N', 'D', 'IY', 'AH', 'N', 'Z']","['in', 'di', 'ans']","['ind', 'ians']",0.42857142857142855,1.78e-05,"[10, 27, 18, 11, 3, 27, 38, 0]"
bermuda,"['B', 'ER', 'M', 'Y', 'UW', 'D', 'AH']","['ber', 'muda']","['b', 'erm', 'uda']",0.42857142857142855,3.31e-06,"[16, 8, 26, 37, 15, 18, 3, 0]"
raymond,"['R', 'EY', 'M', 'AH', 'N', 'D']","['ray', 'mond']","['ra', 'ym', 'ond']",0.42857142857142855,9.55e-06,"[30, 9, 26, 3, 27, 18, 0, 0]"
courier,"['K', 'ER', 'IY', 'ER']","['cour', 'i', 'er']","['cou', 'rier']",0.42857142857142855,4.79e-06,"[24, 8, 11, 8, 0, 0, 0, 0]"
william,"['W', 'IH', 'L', 'Y', 'AH', 'M']","['wil', 'li', 'am']","['will', 'iam']",0.42857142857142855,7.59e-05,"[36, 10, 25, 37, 3, 26, 0, 0]"
wyoming,"['W', 'AY', 'OW', 'M', 'IH', 'NG']","['wyom', 'ing']","['w', 'y', 'oming']",0.42857142857142855,6.03e-06,"[36, 6, 12, 26, 10, 28, 0, 0]"
andrews,"['AE', 'N', 'D', 'R', 'UW', 'Z']","['an', 'drews']","['and', 'rew', 's']",0.42857142857142855,8.51e-06,"[2, 27, 18, 30, 15, 38, 0, 0]"
estonia,"['EH', 'S', 'T', 'OW', 'N', 'IY', 'AH']","['es', 'to', 'nia']","['est', 'onia']",0.42857142857142855,3.02e-06,"[7, 31, 33, 12, 27, 11, 3, 0]"
namibia,"['N', 'AH', 'M', 'IH', 'B', 'IY', 'AH']","['nam', 'i', 'bia']","['n', 'am', 'ib', 'ia']",0.42857142857142855,1.78e-06,"[27, 3, 26, 10, 16, 11, 3, 0]"
jamaica,"['JH', 'AH', 'M', 'EY', 'K', 'AH']","['ja', 'maica']","['j', 'ama', 'ica']",0.42857142857142855,8.32e-06,"[23, 3, 26, 9, 24, 3, 0, 0]"
ferrari,"['F', 'ER', 'AA', 'R', 'IY']","['fer', 'rari']","['f', 'err', 'ari']",0.42857142857142855,7.59e-06,"[20, 8, 1, 30, 11, 0, 0, 0]"
jeffrey,"['JH', 'EH', 'F', 'R', 'IY']","['jef', 'frey']","['j', 'eff', 'rey']",0.42857142857142855,7.94e-06,"[23, 7, 20, 30, 11, 0, 0, 0]"
russian,"['R', 'AH', 'SH', 'AH', 'N']","['rus', 'si', 'an']","['r', 'ussian']",0.42857142857142855,0.000102,"[30, 3, 32, 3, 27, 0, 0, 0]"
francis,"['F', 'R', 'AE', 'N', 'S', 'AH', 'S']","['fran', 'cis']","['fr', 'anc', 'is']",0.42857142857142855,2.45e-05,"[20, 30, 2, 27, 31, 3, 31, 0]"
pentium,"['P', 'EH', 'N', 'T', 'IY', 'AH', 'M']","['pen', 'ti', 'um']","['pent', 'ium']",0.42857142857142855,5.75e-07,"[29, 7, 27, 33, 11, 3, 26, 0]"
bahamas,"['B', 'AH', 'HH', 'AA', 'M', 'AH', 'Z']","['ba', 'hamas']","['b', 'ah', 'amas']",0.42857142857142855,3.39e-06,"[16, 3, 22, 1, 26, 3, 38, 0]"
andreas,"['AA', 'N', 'D', 'R', 'EY', 'AH', 'S']","['an', 'dreas']","['and', 're', 'as']",0.42857142857142855,3.02e-06,"[1, 27, 18, 30, 9, 3, 31, 0]"
andorra,"['AE', 'N', 'D', 'AO', 'R', 'AH']","['an', 'dorra']","['and', 'or', 'ra']",0.42857142857142855,4.9e-07,"[2, 27, 18, 4, 30, 3, 0, 0]"
vatican,"['V', 'AE', 'T', 'IH', 'K', 'AH', 'N']","['vat', 'ic', 'an']","['v', 'atican']",0.42857142857142855,6.17e-06,"[35, 2, 33, 10, 24, 3, 27, 0]"
olympus,"['OW', 'L', 'IH', 'M', 'P', 'AH', 'S']","['olym', 'pus']","['o', 'lymp', 'us']",0.42857142857142855,1.78e-06,"[12, 25, 10, 26, 29, 3, 31, 0]"
pontiac,"['P', 'AA', 'N', 'T', 'IY', 'AE', 'K']","['pon', 'tiac']","['p', 'ont', 'iac']",0.42857142857142855,1.32e-06,"[29, 1, 27, 33, 11, 2, 24, 0]"
subsidiaries,"['S', 'AH', 'B', 'S', 'IH', 'D', 'IY', 'EH', 'R', 'IY', 'Z']","['sub', 'si', 'di', 'ar', 'ies']","['subsid', 'iaries']",0.4166666666666667,3.8e-06,"[31, 3, 16, 31, 10, 18, 11, 7]"
occupational,"['AA', 'K', 'Y', 'AH', 'P', 'EY', 'SH', 'AH', 'N', 'AH', 'L']","['oc', 'cu', 'pa', 'tion', 'al']","['occup', 'ational']",0.4166666666666667,5.25e-06,"[1, 24, 37, 3, 29, 9, 32, 3]"
annie,"['AE', 'N', 'IY']","['an', 'nie']","['ann', 'ie']",0.4,8.71e-06,"[2, 27, 11, 0, 0, 0, 0, 0]"
sanyo,"['S', 'AA', 'N', 'Y', 'OW']",['sanyo'],"['s', 'any', 'o']",0.4,1.74e-07,"[31, 1, 27, 37, 12, 0, 0, 0]"
meyer,"['M', 'AY', 'ER']","['mey', 'er']","['me', 'yer']",0.4,4.9e-06,"[26, 6, 8, 0, 0, 0, 0, 0]"
alexandria,"['AE', 'L', 'AH', 'G', 'Z', 'AE', 'N', 'D', 'R', 'IY', 'AH']","['al', 'ex', 'an', 'dria']","['a', 'lex', 'and', 'ria']",0.4,5.89e-06,"[2, 25, 3, 21, 38, 2, 27, 18]"
depot,"['D', 'IY', 'P', 'OW']","['de', 'pot']","['dep', 'ot']",0.4,8.91e-06,"[18, 11, 29, 12, 0, 0, 0, 0]"
millennium,"['M', 'AH', 'L', 'EH', 'N', 'IY', 'AH', 'M']","['mil', 'len', 'ni', 'um']","['millenn', 'ium']",0.4,5.01e-06,"[26, 3, 25, 7, 27, 11, 3, 26]"
johns,"['JH', 'AA', 'N', 'Z']",['johns'],"['j', 'oh', 'ns']",0.4,6.92e-06,"[23, 1, 27, 38, 0, 0, 0, 0]"
allen,"['AE', 'L', 'AH', 'N']","['al', 'len']","['all', 'en']",0.4,2.4e-05,"[2, 25, 3, 27, 0, 0, 0, 0]"
simon,"['S', 'AY', 'M', 'AH', 'N']","['si', 'mon']","['sim', 'on']",0.4,3.02e-05,"[31, 6, 26, 3, 27, 0, 0, 0]"
diana,"['D', 'AY', 'AE', 'N', 'AH']","['di', 'ana']","['d', 'iana']",0.4,1.05e-05,"[18, 6, 2, 27, 3, 0, 0, 0]"
davis,"['D', 'EY', 'V', 'AH', 'S']","['dav', 'is']","['d', 'avis']",0.4,3.09e-05,"[18, 9, 35, 3, 31, 0, 0, 0]"
allan,"['AE', 'L', 'AH', 'N']","['al', 'lan']","['all', 'an']",0.4,6.31e-06,"[2, 25, 3, 27, 0, 0, 0, 0]"
ralph,"['R', 'AE', 'L', 'F']","['ral', 'ph']","['r', 'alph']",0.4,1.26e-05,"[30, 2, 25, 20, 0, 0, 0, 0]"
lucas,"['L', 'UW', 'K', 'AH', 'S']","['lu', 'cas']","['luc', 'as']",0.4,1.23e-05,"[25, 15, 24, 3, 31, 0, 0, 0]"
ebony,"['EH', 'B', 'AH', 'N', 'IY']",['ebony'],"['e', 'b', 'ony']",0.4,2.19e-06,"[7, 16, 3, 27, 11, 0, 0, 0]"
behavioral,"['B', 'IH', 'HH', 'EY', 'V', 'Y', 'ER', 'AH', 'L']","['be', 'ha', 'vi', 'or', 'al']",['behavioral'],0.4,7.24e-06,"[16, 10, 22, 9, 35, 37, 8, 3]"
julia,"['JH', 'UW', 'L', 'Y', 'AH']","['ju', 'lia']","['j', 'ulia']",0.4,1.32e-05,"[23, 15, 25, 37, 3, 0, 0, 0]"
asian,"['EY', 'ZH', 'AH', 'N']","['asi', 'an']","['as', 'ian']",0.4,4.9e-05,"[9, 39, 3, 27, 0, 0, 0, 0]"
vocational,"['V', 'OW', 'K', 'EY', 'SH', 'AH', 'N', 'AH', 'L']","['vo', 'ca', 'tion', 'al']","['voc', 'ational']",0.4,4.47e-06,"[35, 12, 24, 9, 32, 3, 27, 3]"
tommy,"['T', 'AA', 'M', 'IY']",['tommy'],"['to', 'mm', 'y']",0.4,1.45e-05,"[33, 1, 26, 11, 0, 0, 0, 0]"
syria,"['S', 'IH', 'R', 'IY', 'AH']","['syr', 'ia']","['sy', 'ria']",0.4,2.51e-05,"[31, 10, 30, 11, 3, 0, 0, 0]"
lucia,"['L', 'UW', 'SH', 'AH']","['lu', 'cia']","['luc', 'ia']",0.4,2.82e-06,"[25, 15, 32, 3, 0, 0, 0, 0]"
bobby,"['B', 'AA', 'B', 'IY']",['bobby'],"['bo', 'bb', 'y']",0.4,1.66e-05,"[16, 1, 16, 11, 0, 0, 0, 0]"
lewis,"['L', 'UW', 'IH', 'S']",['lewis'],"['le', 'w', 'is']",0.4,3.02e-05,"[25, 15, 10, 31, 0, 0, 0, 0]"
oasis,"['OW', 'EY', 'S', 'IH', 'S']","['oas', 'is']","['o', 'asis']",0.4,3.63e-06,"[12, 9, 31, 10, 31, 0, 0, 0]"
casey,"['K', 'EY', 'S', 'IY']","['ca', 'sey']","['case', 'y']",0.4,9.12e-06,"[24, 9, 31, 11, 0, 0, 0, 0]"
india,"['IH', 'N', 'D', 'IY', 'AH']","['in', 'dia']","['ind', 'ia']",0.4,0.00011,"[10, 27, 18, 11, 3, 0, 0, 0]"
kodak,"['K', 'OW', 'D', 'AE', 'K']",['kodak'],"['k', 'od', 'ak']",0.4,1.82e-06,"[24, 12, 18, 2, 24, 0, 0, 0]"
indonesian,"['IH', 'N', 'D', 'OW', 'N', 'IY', 'ZH', 'AH', 'N']","['in', 'done', 'sian']","['ind', 'ones', 'ian']",0.4,7.76e-06,"[10, 27, 18, 12, 27, 11, 39, 3]"
allah,"['AA', 'L', 'AH']","['al', 'lah']","['all', 'ah']",0.4,7.76e-06,"[1, 25, 3, 0, 0, 0, 0, 0]"
korea,"['K', 'AO', 'R', 'IY', 'AH']",['korea'],"['k', 'ore', 'a']",0.4,4.47e-05,"[24, 4, 30, 11, 3, 0, 0, 0]"
diane,"['D', 'AY', 'AE', 'N']","['di', 'ane']","['d', 'iane']",0.4,6.76e-06,"[18, 6, 2, 27, 0, 0, 0, 0]"
bryan,"['B', 'R', 'AY', 'AH', 'N']","['bry', 'an']","['b', 'ryan']",0.4,9.55e-06,"[16, 30, 6, 3, 27, 0, 0, 0]"
idaho,"['AY', 'D', 'AH', 'HH', 'OW']",['idaho'],"['id', 'a', 'ho']",0.4,8.13e-06,"[6, 18, 3, 22, 12, 0, 0, 0]"
david,"['D', 'EY', 'V', 'IH', 'D']","['dav', 'id']","['d', 'avid']",0.4,0.000135,"[18, 9, 35, 10, 18, 0, 0, 0]"
geological,"['JH', 'IY', 'AH', 'L', 'AA', 'JH', 'IH', 'K', 'AH', 'L']","['geo', 'lo', 'gic', 'al']","['ge', 'ological']",0.4,6.61e-06,"[23, 11, 3, 25, 1, 23, 10, 24]"
madagascar,"['M', 'AE', 'D', 'AH', 'G', 'AE', 'S', 'K', 'ER']","['mad', 'a', 'gas', 'car']","['mad', 'ag', 'asc', 'ar']",0.4,2.45e-06,"[26, 2, 18, 3, 21, 2, 31, 24]"
brian,"['B', 'R', 'AY', 'AH', 'N']","['bri', 'an']","['b', 'rian']",0.4,2.95e-05,"[16, 30, 6, 3, 27, 0, 0, 0]"
japan,"['JH', 'AH', 'P', 'AE', 'N']","['ja', 'pan']","['j', 'apan']",0.4,7.76e-05,"[23, 3, 29, 2, 27, 0, 0, 0]"
tokyo,"['T', 'OW', 'K', 'IY', 'OW']",['tokyo'],"['to', 'ky', 'o']",0.4,1.86e-05,"[33, 12, 24, 11, 12, 0, 0, 0]"
nikon,"['N', 'AY', 'K', 'AA', 'N']",['nikon'],"['n', 'ik', 'on']",0.4,2.14e-06,"[27, 6, 24, 1, 27, 0, 0, 0]"
jesus,"['JH', 'IY', 'Z', 'AH', 'S']","['je', 'sus']","['j', 'esus']",0.4,9.77e-05,"[23, 11, 38, 3, 31, 0, 0, 0]"
cindy,"['S', 'IH', 'N', 'D', 'IY']",['cindy'],"['c', 'ind', 'y']",0.4,3.8e-06,"[31, 10, 27, 18, 11, 0, 0, 0]"
jimmy,"['JH', 'IH', 'M', 'IY']",['jimmy'],"['j', 'im', 'my']",0.4,2.75e-05,"[23, 10, 26, 11, 0, 0, 0, 0]"
kenya,"['K', 'EH', 'N', 'Y', 'AH']",['kenya'],"['k', 'en', 'ya']",0.4,1.35e-05,"[24, 7, 27, 37, 3, 0, 0, 0]"
ellis,"['EH', 'L', 'IH', 'S']","['el', 'lis']","['ell', 'is']",0.4,8.91e-06,"[7, 25, 10, 31, 0, 0, 0, 0]"
henry,"['HH', 'EH', 'N', 'R', 'IY']",['henry'],"['he', 'n', 'ry']",0.4,5.5e-05,"[22, 7, 27, 30, 11, 0, 0, 0]"
niger,"['N', 'AY', 'JH', 'ER']","['ni', 'ger']","['n', 'iger']",0.4,2.82e-06,"[27, 6, 23, 8, 0, 0, 0, 0]"
cedar,"['S', 'IY', 'D', 'ER']","['ce', 'dar']","['c', 'edar']",0.4,5.75e-06,"[31, 11, 18, 8, 0, 0, 0, 0]"
xanax,"['Z', 'AE', 'N', 'AE', 'K', 'S']",['xanax'],"['x', 'an', 'ax']",0.4,1.51e-06,"[38, 2, 27, 2, 24, 31, 0, 0]"
mason,"['M', 'EY', 'S', 'AH', 'N']","['ma', 'son']","['m', 'ason']",0.4,1.38e-05,"[26, 9, 31, 3, 27, 0, 0, 0]"
yukon,"['Y', 'UW', 'K', 'AA', 'N']",['yukon'],"['y', 'uk', 'on']",0.4,1.55e-06,"[37, 15, 24, 1, 27, 0, 0, 0]"
roman,"['R', 'OW', 'M', 'AH', 'N']","['ro', 'man']","['rom', 'an']",0.4,3.16e-05,"[30, 12, 26, 3, 27, 0, 0, 0]"
casio,"['K', 'AE', 'S', 'IY', 'OW']","['ca', 'sio']","['cas', 'io']",0.4,5.37e-07,"[24, 2, 31, 11, 12, 0, 0, 0]"
ellen,"['EH', 'L', 'AH', 'N']","['el', 'len']","['ell', 'en']",0.4,1.12e-05,"[7, 25, 3, 27, 0, 0, 0, 0]"
consortium,"['K', 'AH', 'N', 'S', 'AO', 'R', 'SH', 'IY', 'AH', 'M']","['con', 'sor', 'ti', 'um']","['cons', 'ortium']",0.4,4.79e-06,"[24, 3, 27, 31, 4, 30, 32, 11]"
mazda,"['M', 'AA', 'Z', 'D', 'AH']",['mazda'],"['m', 'az', 'da']",0.4,2.19e-06,"[26, 1, 38, 18, 3, 0, 0, 0]"
karen,"['K', 'EH', 'R', 'AH', 'N']","['kar', 'en']","['k', 'aren']",0.4,1.23e-05,"[24, 7, 30, 3, 27, 0, 0, 0]"
kevin,"['K', 'EH', 'V', 'IH', 'N']","['kev', 'in']","['ke', 'vin']",0.4,3.63e-05,"[24, 7, 35, 10, 27, 0, 0, 0]"
lotus,"['L', 'OW', 'T', 'AH', 'S']","['lo', 'tus']","['lot', 'us']",0.4,4.17e-06,"[25, 12, 33, 3, 31, 0, 0, 0]"
yemen,"['Y', 'EH', 'M', 'AH', 'N']","['ye', 'men']","['y', 'emen']",0.4,7.59e-06,"[37, 7, 26, 3, 27, 0, 0, 0]"
accreditation,"['AH', 'K', 'R', 'EH', 'D', 'AH', 'T', 'EY', 'SH', 'AH', 'N']","['ac', 'cred', 'it', 'a', 'tion']","['acc', 'reditation']",0.38461538461538464,3.47e-06,"[3, 24, 30, 7, 18, 3, 33, 9]"
imperial,"['IH', 'M', 'P', 'IH', 'R', 'IY', 'AH', 'L']","['im', 'per', 'i', 'al']",['imperial'],0.375,1.62e-05,"[10, 26, 29, 10, 30, 11, 3, 25]"
thailand,"['T', 'AY', 'L', 'AE', 'N', 'D']","['thai', 'l', 'and']","['th', 'ailand']",0.375,1.66e-05,"[33, 6, 25, 2, 27, 18, 0, 0]"
arkansas,"['AA', 'R', 'K', 'AH', 'N', 'S', 'AA']","['arkan', 'sas']","['ar', 'k', 'ansas']",0.375,1.12e-05,"[1, 30, 24, 3, 27, 31, 1, 0]"
superior,"['S', 'UW', 'P', 'IH', 'R', 'IY', 'ER']","['su', 'per', 'i', 'or']",['superior'],0.375,2.88e-05,"[31, 15, 29, 10, 30, 11, 8, 0]"
symantec,"['S', 'IH', 'M', 'AE', 'N', 'T', 'EH', 'K']","['sy', 'mantec']","['sym', 'ant', 'ec']",0.375,4.37e-07,"[31, 10, 26, 2, 27, 33, 7, 24]"
williams,"['W', 'IH', 'L', 'Y', 'AH', 'M', 'Z']","['wil', 'li', 'ams']","['will', 'iams']",0.375,4.68e-05,"[36, 10, 25, 37, 3, 26, 38, 0]"
november,"['N', 'OW', 'V', 'EH', 'M', 'B', 'ER']","['novem', 'ber']","['no', 've', 'mber']",0.375,0.000126,"[27, 12, 35, 7, 26, 16, 8, 0]"
jonathan,"['JH', 'AA', 'N', 'AH', 'TH', 'AH', 'N']","['jonath', 'an']","['j', 'on', 'athan']",0.375,2.04e-05,"[23, 1, 27, 3, 34, 3, 27, 0]"
position,"['P', 'AH', 'Z', 'IH', 'SH', 'AH', 'N']","['po', 's', 'i', 'tion']",['position'],0.375,0.000162,"[29, 3, 38, 10, 32, 3, 27, 0]"
tanzania,"['T', 'AE', 'N', 'Z', 'EY', 'N', 'IY', 'AH']","['tan', 'zania']","['t', 'anz', 'ania']",0.375,3.72e-06,"[33, 2, 27, 38, 9, 27, 11, 3]"
sullivan,"['S', 'AH', 'L', 'AH', 'V', 'AH', 'N']","['sul', 'li', 'van']","['s', 'ullivan']",0.375,8.51e-06,"[31, 3, 25, 3, 35, 3, 27, 0]"
cambodia,"['K', 'AE', 'M', 'B', 'OW', 'D', 'IY', 'AH']","['cam', 'bod', 'ia']","['c', 'amb', 'od', 'ia']",0.375,5.13e-06,"[24, 2, 26, 16, 12, 18, 11, 3]"
vibrator,"['V', 'AY', 'B', 'R', 'EY', 'T', 'ER']","['vi', 'brat', 'or']","['vib', 'rator']",0.375,1.29e-06,"[35, 6, 16, 30, 9, 33, 8, 0]"
relative,"['R', 'EH', 'L', 'AH', 'T', 'IH', 'V']","['re', 'l', 'at', 'ive']",['relative'],0.375,3.02e-05,"[30, 7, 25, 3, 33, 10, 35, 0]"
kentucky,"['K', 'AH', 'N', 'T', 'AH', 'K', 'IY']","['ken', 'tucky']","['k', 'ent', 'ucky']",0.375,2e-05,"[24, 3, 27, 33, 3, 24, 11, 0]"
familiar,"['F', 'AH', 'M', 'IH', 'L', 'Y', 'ER']","['fa', 'mil', 'i', 'ar']",['familiar'],0.375,4.07e-05,"[20, 3, 26, 10, 25, 37, 8, 0]"
canadian,"['K', 'AH', 'N', 'EY', 'D', 'IY', 'AH', 'N']","['ca', 'na', 'dian']","['can', 'adian']",0.375,5.01e-05,"[24, 3, 27, 9, 18, 11, 3, 27]"
brunette,"['B', 'R', 'UW', 'N', 'EH', 'T']","['bru', 'nette']","['br', 'un', 'ette']",0.375,2.51e-06,"[16, 30, 15, 27, 7, 33, 0, 0]"
patricia,"['P', 'AH', 'T', 'R', 'IH', 'SH', 'AH']","['pa', 'tri', 'cia']","['pat', 'ricia']",0.375,5.75e-06,"[29, 3, 33, 30, 10, 32, 3, 0]"
colombia,"['K', 'AH', 'L', 'AH', 'M', 'B', 'IY', 'AH']","['colom', 'bia']","['col', 'omb', 'ia']",0.375,8.91e-06,"[24, 3, 25, 3, 26, 16, 11, 3]"
malaysia,"['M', 'AH', 'L', 'EY', 'ZH', 'AH']","['malay', 'sia']","['mal', 'ays', 'ia']",0.375,1.91e-05,"[26, 3, 25, 9, 39, 3, 0, 0]"
cottages,"['K', 'AA', 'T', 'IH', 'JH', 'IH', 'Z']","['cot', 'tages']","['c', 'ott', 'ages']",0.375,2.57e-06,"[24, 1, 33, 10, 23, 10, 38, 0]"
egyptian,"['IH', 'JH', 'IH', 'P', 'SH', 'AH', 'N']","['egyp', 'tian']","['e', 'gypt', 'ian']",0.375,1.62e-05,"[10, 23, 10, 29, 32, 3, 27, 0]"
shanghai,"['SH', 'AE', 'NG', 'HH', 'AY']","['shang', 'hai']","['sh', 'an', 'ghai']",0.375,1.1e-05,"[32, 2, 28, 22, 6, 0, 0, 0]"
realtors,"['R', 'IY', 'AH', 'L', 'T', 'ER', 'Z']","['re', 'altors']","['real', 't', 'ors']",0.375,8.91e-07,"[30, 11, 3, 25, 33, 8, 38, 0]"
colonial,"['K', 'AH', 'L', 'OW', 'N', 'IY', 'AH', 'L']","['co', 'lo', 'ni', 'al']",['colonial'],0.375,1.48e-05,"[24, 3, 25, 12, 27, 11, 3, 25]"
mcdonald,"['M', 'AH', 'K', 'D', 'AA', 'N', 'AH', 'L', 'D']","['mc', 'don', 'ald']","['m', 'cd', 'on', 'ald']",0.375,5.89e-06,"[26, 3, 24, 18, 1, 27, 3, 25]"
medieval,"['M', 'IH', 'D', 'IY', 'V', 'AH', 'L']","['me', 'di', 'ev', 'al']",['medieval'],0.375,1.12e-05,"[26, 10, 18, 11, 35, 3, 25, 0]"
japanese,"['JH', 'AE', 'P', 'AH', 'N', 'IY', 'Z']","['ja', 'pan', 'ese']","['j', 'apanese']",0.375,6.46e-05,"[23, 2, 29, 3, 27, 11, 38, 0]"
victoria,"['V', 'IH', 'K', 'T', 'AO', 'R', 'IY', 'AH']","['vic', 'tor', 'ia']","['vict', 'oria']",0.375,2.75e-05,"[35, 10, 24, 33, 4, 30, 11, 3]"
flashers,"['F', 'L', 'AE', 'SH', 'ER', 'Z']","['flash', 'ers']","['fl', 'as', 'hers']",0.375,9.77e-08,"[20, 25, 2, 32, 8, 38, 0, 0]"
material,"['M', 'AH', 'T', 'IH', 'R', 'IY', 'AH', 'L']","['ma', 'ter', 'i', 'al']",['material'],0.375,8.91e-05,"[26, 3, 33, 10, 30, 11, 3, 25]"
hawaiian,"['HH', 'AH', 'W', 'AY', 'AH', 'N']","['hawaii', 'an']","['haw', 'ai', 'ian']",0.375,4.79e-06,"[22, 3, 36, 6, 3, 27, 0, 0]"
savannah,"['S', 'AH', 'V', 'AE', 'N', 'AH']","['sa', 'van', 'nah']","['sav', 'annah']",0.375,4.17e-06,"[31, 3, 35, 2, 27, 3, 0, 0]"
italiano,"['IH', 'T', 'AA', 'L', 'IY', 'AA', 'N', 'OW']","['itali', 'ano']","['it', 'alian', 'o']",0.375,4.17e-07,"[10, 33, 1, 25, 11, 1, 27, 12]"
phillips,"['F', 'IH', 'L', 'IH', 'P', 'S']","['phil', 'lips']","['ph', 'ill', 'ips']",0.375,1.07e-05,"[20, 10, 25, 10, 29, 31, 0, 0]"
carnival,"['K', 'AA', 'R', 'N', 'AH', 'V', 'AH', 'L']","['car', 'ni', 'val']","['carn', 'ival']",0.375,7.24e-06,"[24, 1, 30, 27, 3, 35, 3, 25]"
behavior,"['B', 'IH', 'HH', 'EY', 'V', 'Y', 'ER']","['be', 'ha', 'vi', 'or']",['behavior'],0.375,4.9e-05,"[16, 10, 22, 9, 35, 37, 8, 0]"
scottish,"['S', 'K', 'AA', 'T', 'IH', 'SH']","['scot', 'tish']","['sc', 'ott', 'ish']",0.375,3.98e-05,"[31, 24, 1, 33, 10, 32, 0, 0]"
somerset,"['S', 'AH', 'M', 'ER', 'S', 'EH', 'T']","['somer', 'set']","['som', 'ers', 'et']",0.375,6.03e-06,"[31, 3, 26, 8, 31, 7, 33, 0]"
exterior,"['IH', 'K', 'S', 'T', 'IH', 'R', 'IY', 'ER']","['ex', 'ter', 'i', 'or']",['exterior'],0.375,8.13e-06,"[10, 24, 31, 33, 10, 30, 11, 8]"
botswana,"['B', 'AA', 'T', 'S', 'W', 'AA', 'N', 'AH']","['bot', 'swana']","['bots', 'w', 'ana']",0.375,1.74e-06,"[16, 1, 33, 31, 36, 1, 27, 3]"
ericsson,"['EH', 'R', 'IH', 'K', 'S', 'AH', 'N']","['eric', 'sson']","['er', 'ics', 'son']",0.375,1.05e-06,"[7, 30, 10, 24, 31, 3, 27, 0]"
portugal,"['P', 'AO', 'R', 'CH', 'AH', 'G', 'AH', 'L']","['por', 'tugal']","['port', 'ug', 'al']",0.375,1.26e-05,"[29, 4, 30, 17, 3, 21, 3, 25]"
columbus,"['K', 'AH', 'L', 'AH', 'M', 'B', 'AH', 'S']","['colum', 'bus']","['col', 'umb', 'us']",0.375,1.1e-05,"[24, 3, 25, 3, 26, 16, 3, 31]"
maldives,"['M', 'AO', 'L', 'D', 'AY', 'V', 'Z']","['mal', 'dives']","['m', 'ald', 'ives']",0.375,2.24e-06,"[26, 4, 25, 18, 6, 35, 38, 0]"
operator,"['AA', 'P', 'ER', 'EY', 'T', 'ER']","['op', 'er', 'at', 'or']",['operator'],0.375,2.09e-05,"[1, 29, 8, 9, 33, 8, 0, 0]"
anderson,"['AE', 'N', 'D', 'ER', 'S', 'AH', 'N']","['an', 'der', 'son']","['and', 'erson']",0.375,2.29e-05,"[2, 27, 18, 8, 31, 3, 27, 0]"
reliability,"['R', 'IY', 'L', 'AY', 'AH', 'B', 'IH', 'L', 'AH', 'T', 'IY']","['re', 'li', 'ab', 'il', 'ity']",['reliability'],0.36363636363636365,8.32e-06,"[30, 11, 25, 6, 3, 16, 10, 25]"
smithsonian,"['S', 'M', 'IH', 'TH', 'S', 'OW', 'N', 'IY', 'AH', 'N']","['smith', 'so', 'ni', 'an']","['sm', 'ith', 'son', 'ian']",0.36363636363636365,2.51e-06,"[31, 26, 10, 34, 31, 12, 27, 11]"
connecticut,"['K', 'AH', 'N', 'EH', 'T', 'AH', 'K', 'AH', 'T']","['con', 'necti', 'c', 'ut']","['connect', 'icut']",0.36363636363636365,1.29e-05,"[24, 3, 27, 7, 33, 3, 24, 3]"
occupations,"['AA', 'K', 'Y', 'AH', 'P', 'EY', 'SH', 'AH', 'N', 'Z']","['oc', 'cu', 'pa', 'tions']","['occup', 'ations']",0.36363636363636365,2.75e-06,"[1, 24, 37, 3, 29, 9, 32, 3]"
theoretical,"['TH', 'IY', 'ER', 'EH', 'T', 'IH', 'K', 'AH', 'L']","['the', 'or', 'et', 'ic', 'al']",['theoretical'],0.36363636363636365,1.02e-05,"[34, 11, 8, 7, 33, 10, 24, 3]"
calculators,"['K', 'AE', 'L', 'K', 'Y', 'AH', 'L', 'EY', 'T', 'ER', 'Z']","['cal', 'cu', 'lat', 'ors']","['calcul', 'ators']",0.36363636363636365,9.55e-07,"[24, 2, 25, 24, 37, 3, 25, 9]"
operational,"['AA', 'P', 'ER', 'EY', 'SH', 'AH', 'N', 'AH', 'L']","['op', 'er', 'a', 'tion', 'al']",['operational'],0.36363636363636365,1.62e-05,"[1, 29, 8, 9, 32, 3, 27, 3]"
syndication,"['S', 'IH', 'N', 'D', 'IH', 'K', 'EY', 'SH', 'AH', 'N']","['syn', 'dic', 'a', 'tion']","['synd', 'ication']",0.36363636363636365,6.31e-07,"[31, 10, 27, 18, 10, 24, 9, 32]"
liabilities,"['L', 'AY', 'AH', 'B', 'IH', 'L', 'AH', 'T', 'IY', 'Z']","['li', 'ab', 'il', 'it', 'ies']",['liabilities'],0.36363636363636365,3.63e-06,"[25, 6, 3, 16, 10, 25, 3, 33]"
positioning,"['P', 'AH', 'Z', 'IH', 'SH', 'AH', 'N', 'IH', 'NG']","['po', 's', 'i', 'tion', 'ing']",['positioning'],0.36363636363636365,5.37e-06,"[29, 3, 38, 10, 32, 3, 27, 10]"
examination,"['IH', 'G', 'Z', 'AE', 'M', 'AH', 'N', 'EY', 'SH', 'AH', 'N']","['ex', 'am', 'in', 'a', 'tion']",['examination'],0.36363636363636365,1.82e-05,"[10, 21, 38, 2, 26, 3, 27, 9]"
rehabilitation,"['R', 'IY', 'HH', 'AH', 'B', 'IH', 'L', 'AH', 'T', 'EY', 'SH', 'AH', 'N']","['re', 'hab', 'il', 'it', 'a', 'tion']",['rehabilitation'],0.35714285714285715,9.77e-06,"[30, 11, 22, 3, 16, 10, 25, 3]"
organizational,"['AO', 'R', 'G', 'AH', 'N', 'AH', 'Z', 'EY', 'SH', 'AH', 'N', 'AH', 'L']","['or', 'gan', 'iz', 'a', 'tion', 'al']",['organizational'],0.35714285714285715,6.76e-06,"[4, 30, 21, 3, 27, 3, 38, 9]"
marion,"['M', 'EH', 'R', 'IY', 'AH', 'N']","['mari', 'on']","['mar', 'ion']",0.3333333333333333,6.31e-06,"[26, 7, 30, 11, 3, 27, 0, 0]"
jun,"['JH', 'AH', 'N']",['jun'],"['j', 'un']",0.3333333333333333,8.71e-06,"[23, 3, 27, 0, 0, 0, 0, 0]"
deluxe,"['D', 'AH', 'L', 'AH', 'K', 'S']","['de', 'luxe']","['del', 'uxe']",0.3333333333333333,5.25e-06,"[18, 3, 25, 3, 24, 31, 0, 0]"
pcs,"['P', 'IY', 'S', 'IY', 'Z']",['pcs'],"['p', 'cs']",0.3333333333333333,5.13e-06,"[29, 11, 31, 11, 38, 0, 0, 0]"
operators,"['AA', 'P', 'ER', 'EY', 'T', 'ER', 'Z']","['op', 'er', 'at', 'ors']",['operators'],0.3333333333333333,1.55e-05,"[1, 29, 8, 9, 33, 8, 38, 0]"
ian,"['IY', 'AH', 'N']",['ian'],"['', 'ian']",0.3333333333333333,2.09e-05,"[11, 3, 27, 0, 0, 0, 0, 0]"
dakota,"['D', 'AH', 'K', 'OW', 'T', 'AH']",['dakota'],"['d', 'ak', 'ota']",0.3333333333333333,1.23e-05,"[18, 3, 24, 12, 33, 3, 0, 0]"
pediatric,"['P', 'IY', 'D', 'IY', 'AE', 'T', 'R', 'IH', 'K']","['pe', 'di', 'at', 'ric']",['pediatric'],0.3333333333333333,3.39e-06,"[29, 11, 18, 11, 2, 33, 30, 10]"
kruger,"['K', 'R', 'UW', 'G', 'ER']",['kruger'],"['k', 'ru', 'ger']",0.3333333333333333,1.55e-06,"[24, 30, 15, 21, 8, 0, 0, 0]"
halloween,"['HH', 'AE', 'L', 'AH', 'W', 'IY', 'N']","['hal', 'loween']","['h', 'allow', 'een']",0.3333333333333333,1.45e-05,"[22, 2, 25, 3, 36, 11, 27, 0]"
cnn,"['S', 'IY', 'EH', 'N', 'EH', 'N']",['cnn'],"['c', 'nn']",0.3333333333333333,1.91e-05,"[31, 11, 7, 27, 7, 27, 0, 0]"
dna,"['D', 'IY', 'EH', 'N', 'EY']",['dna'],"['d', 'na']",0.3333333333333333,3.09e-05,"[18, 11, 7, 27, 9, 0, 0, 0]"
hudson,"['HH', 'AH', 'D', 'S', 'AH', 'N']","['hud', 'son']","['h', 'udson']",0.3333333333333333,1.07e-05,"[22, 3, 18, 31, 3, 27, 0, 0]"
syndicate,"['S', 'IH', 'N', 'D', 'IH', 'K', 'AH', 'T']","['syn', 'dic', 'ate']","['synd', 'icate']",0.3333333333333333,3.24e-06,"[31, 10, 27, 18, 10, 24, 3, 33]"
lee,"['L', 'IY']",['lee'],"['le', 'e']",0.3333333333333333,5.37e-05,"[25, 11, 0, 0, 0, 0, 0, 0]"
incest,"['IH', 'N', 'S', 'EH', 'S', 'T']","['in', 'cest']","['inc', 'est']",0.3333333333333333,2.29e-06,"[10, 27, 31, 7, 31, 33, 0, 0]"
boston,"['B', 'AA', 'S', 'T', 'AH', 'N']","['bo', 'ston']","['b', 'oston']",0.3333333333333333,4.68e-05,"[16, 1, 31, 33, 3, 27, 0, 0]"
relatives,"['R', 'EH', 'L', 'AH', 'T', 'IH', 'V', 'Z']","['re', 'l', 'at', 'ives']",['relatives'],0.3333333333333333,1.58e-05,"[30, 7, 25, 3, 33, 10, 35, 38]"
harper,"['HH', 'AA', 'R', 'P', 'ER']","['harp', 'er']","['har', 'per']",0.3333333333333333,1.1e-05,"[22, 1, 30, 29, 8, 0, 0, 0]"
dublin,"['D', 'AH', 'B', 'L', 'IH', 'N']","['dub', 'lin']","['d', 'ublin']",0.3333333333333333,1.2e-05,"[18, 3, 16, 25, 10, 27, 0, 0]"
yea,"['Y', 'EY']",['yea'],"['y', 'ea']",0.3333333333333333,1.82e-05,"[37, 9, 0, 0, 0, 0, 0, 0]"
nicaragua,"['N', 'IH', 'K', 'ER', 'AA', 'G', 'W', 'AH']",['nicaragua'],"['nic', 'ar', 'ag', 'ua']",0.3333333333333333,2.75e-06,"[27, 10, 24, 8, 1, 21, 36, 3]"
marcus,"['M', 'AA', 'R', 'K', 'AH', 'S']","['mar', 'cus']","['marc', 'us']",0.3333333333333333,1.23e-05,"[26, 1, 30, 24, 3, 31, 0, 0]"
fisheries,"['F', 'IH', 'SH', 'ER', 'IY', 'Z']","['fish', 'er', 'ies']","['f', 'isheries']",0.3333333333333333,4.9e-06,"[20, 10, 32, 8, 11, 38, 0, 0]"
investigator,"['IH', 'N', 'V', 'EH', 'S', 'T', 'AH', 'G', 'EY', 'T', 'ER']","['in', 'vest', 'ig', 'at', 'or']",['investigator'],0.3333333333333333,6.76e-06,"[10, 27, 35, 7, 31, 33, 3, 21]"
chubby,"['CH', 'AH', 'B', 'IY']",['chubby'],"['ch', 'ub', 'by']",0.3333333333333333,2.69e-06,"[17, 3, 16, 11, 0, 0, 0, 0]"
nelson,"['N', 'EH', 'L', 'S', 'AH', 'N']","['nel', 'son']","['n', 'elson']",0.3333333333333333,1.74e-05,"[27, 7, 25, 31, 3, 27, 0, 0]"
threesome,"['TH', 'R', 'IY', 'S', 'AH', 'M']","['three', 'some']","['th', 're', 'esome']",0.3333333333333333,2.14e-06,"[34, 30, 11, 31, 3, 26, 0, 0]"
sri,"['SH', 'R', 'IY']",['sri'],"['s', 'ri']",0.3333333333333333,1.32e-05,"[32, 30, 11, 0, 0, 0, 0, 0]"
aus,"['AW', 'Z']",['aus'],"['a', 'us']",0.3333333333333333,3.72e-06,"[5, 38, 0, 0, 0, 0, 0, 0]"
andrea,"['AE', 'N', 'D', 'R', 'IY', 'AH']","['an', 'drea']","['and', 'rea']",0.3333333333333333,7.59e-06,"[2, 27, 18, 30, 11, 3, 0, 0]"
appraisal,"['AH', 'P', 'R', 'EY', 'Z', 'AH', 'L']","['ap', 'prais', 'al']","['appra', 'isal']",0.3333333333333333,2.69e-06,"[3, 29, 30, 9, 38, 3, 25, 0]"
watershed,"['W', 'AO', 'T', 'ER', 'SH', 'EH', 'D']","['wa', 'ter', 'shed']","['waters', 'hed']",0.3333333333333333,3.39e-06,"[36, 4, 33, 8, 32, 7, 18, 0]"
liz,"['L', 'IH', 'Z']",['liz'],"['l', 'iz']",0.3333333333333333,6.76e-06,"[25, 10, 38, 0, 0, 0, 0, 0]"
alexander,"['AE', 'L', 'AH', 'G', 'Z', 'AE', 'N', 'D', 'ER']","['al', 'ex', 'an', 'der']","['a', 'lex', 'ander']",0.3333333333333333,2.51e-05,"[2, 25, 3, 21, 38, 2, 27, 18]"
poland,"['P', 'OW', 'L', 'AH', 'N', 'D']","['po', 'land']","['pol', 'and']",0.3333333333333333,1.74e-05,"[29, 12, 25, 3, 27, 18, 0, 0]"
uni,"['Y', 'UW', 'N', 'IY']",['uni'],"['un', 'i']",0.3333333333333333,4.9e-06,"[37, 15, 27, 11, 0, 0, 0, 0]"
calvin,"['K', 'AE', 'L', 'V', 'AH', 'N']","['calv', 'in']","['cal', 'vin']",0.3333333333333333,6.61e-06,"[24, 2, 25, 35, 3, 27, 0, 0]"
materials,"['M', 'AH', 'T', 'IH', 'R', 'IY', 'AH', 'L', 'Z']","['ma', 'ter', 'i', 'als']",['materials'],0.3333333333333333,6.03e-05,"[26, 3, 33, 10, 30, 11, 3, 25]"
violation,"['V', 'AY', 'AH', 'L', 'EY', 'SH', 'AH', 'N']","['vi', 'ol', 'a', 'tion']",['violation'],0.3333333333333333,1.41e-05,"[35, 6, 3, 25, 9, 32, 3, 27]"
vacuum,"['V', 'AE', 'K', 'Y', 'UW', 'M']","['va', 'cu', 'um']",['vacuum'],0.3333333333333333,1.23e-05,"[35, 2, 24, 37, 15, 26, 0, 0]"
tigers,"['T', 'AY', 'G', 'ER', 'Z']","['ti', 'gers']","['t', 'igers']",0.3333333333333333,1.41e-05,"[33, 6, 21, 8, 38, 0, 0, 0]"
confidentiality,"['K', 'AA', 'N', 'F', 'AH', 'D', 'EH', 'N', 'SH', 'IY', 'AE', 'L', 'AH', 'T', 'IY']","['con', 'fid', 'en', 'ti', 'al', 'ity']",['confidentiality'],0.3333333333333333,2.82e-06,"[24, 1, 27, 20, 3, 18, 7, 27]"
eagles,"['IY', 'G', 'AH', 'L', 'Z']",['eagles'],"['e', 'ag', 'les']",0.3333333333333333,1.66e-05,"[11, 21, 3, 25, 38, 0, 0, 0]"
dvd,"['D', 'IY', 'V', 'IY', 'D', 'IY']",['dvd'],"['d', 'vd']",0.3333333333333333,1.78e-05,"[18, 11, 35, 11, 18, 11, 0, 0]"
leu,"['L', 'UW']",['leu'],"['le', 'u']",0.3333333333333333,2.88e-07,"[25, 15, 0, 0, 0, 0, 0, 0]"
safari,"['S', 'AH', 'F', 'AA', 'R', 'IY']","['sa', 'fari']","['saf', 'ari']",0.3333333333333333,4.27e-06,"[31, 3, 20, 1, 30, 11, 0, 0]"
ata,"['AA', 'T', 'AH']",['ata'],"['at', 'a']",0.3333333333333333,1.1e-06,"[1, 33, 3, 0, 0, 0, 0, 0]"
liability,"['L', 'AY', 'AH', 'B', 'IH', 'L', 'IH', 'T', 'IY']","['li', 'ab', 'il', 'ity']",['liability'],0.3333333333333333,1.45e-05,"[25, 6, 3, 16, 10, 25, 10, 33]"
bob,"['B', 'AA', 'B']",['bob'],"['bo', 'b']",0.3333333333333333,4.27e-05,"[16, 1, 16, 0, 0, 0, 0, 0]"
conferencing,"['K', 'AA', 'N', 'F', 'R', 'AH', 'N', 'S', 'IH', 'NG']","['con', 'fer', 'en', 'cing']","['conf', 'erencing']",0.3333333333333333,5.25e-07,"[24, 1, 27, 20, 30, 3, 27, 31]"
mathematical,"['M', 'AE', 'TH', 'AH', 'M', 'AE', 'T', 'IH', 'K', 'AH', 'L']","['math', 'em', 'at', 'ic', 'al']",['mathematical'],0.3333333333333333,1.1e-05,"[26, 2, 34, 3, 26, 2, 33, 10]"
jeremy,"['JH', 'EH', 'R', 'AH', 'M', 'IY']",['jeremy'],"['j', 'ere', 'my']",0.3333333333333333,1.41e-05,"[23, 7, 30, 3, 26, 11, 0, 0]"
easter,"['IY', 'S', 'T', 'ER']","['east', 'er']","['eas', 'ter']",0.3333333333333333,1.32e-05,"[11, 31, 33, 8, 0, 0, 0, 0]"
nam,"['N', 'AE', 'M']",['nam'],"['n', 'am']",0.3333333333333333,5.01e-06,"[27, 2, 26, 0, 0, 0, 0, 0]"
joshua,"['JH', 'AA', 'SH', 'UW', 'AH']",['joshua'],"['j', 'osh', 'ua']",0.3333333333333333,8.32e-06,"[23, 1, 32, 15, 3, 0, 0, 0]"
hawaii,"['HH', 'AH', 'W', 'AY', 'IY']",['hawaii'],"['haw', 'ai', 'i']",0.3333333333333333,1.62e-05,"[22, 3, 36, 6, 11, 0, 0, 0]"
gordon,"['G', 'AO', 'R', 'D', 'AH', 'N']","['gor', 'don']","['g', 'ordon']",0.3333333333333333,2.34e-05,"[21, 4, 30, 18, 3, 27, 0, 0]"
ada,"['EY', 'D', 'AH']",['ada'],"['ad', 'a']",0.3333333333333333,5.13e-06,"[9, 18, 3, 0, 0, 0, 0, 0]"
actual,"['AE', 'K', 'CH', 'AH', 'W', 'AH', 'L']","['ac', 'tu', 'al']",['actual'],0.3333333333333333,7.08e-05,"[2, 24, 17, 3, 36, 3, 25, 0]"
longitude,"['L', 'AA', 'N', 'JH', 'AH', 'T', 'UW', 'D']","['lon', 'git', 'ude']","['long', 'itude']",0.3333333333333333,1.82e-06,"[25, 1, 27, 23, 3, 33, 15, 18]"
agricultural,"['AE', 'G', 'R', 'AH', 'K', 'AH', 'L', 'CH', 'ER', 'AH', 'L']","['ag', 'ri', 'cul', 'tur', 'al']",['agricultural'],0.3333333333333333,2.19e-05,"[2, 21, 30, 3, 24, 3, 25, 17]"
empirical,"['EH', 'M', 'P', 'IH', 'R', 'IH', 'K', 'AH', 'L']","['em', 'pir', 'ic', 'al']",['empirical'],0.3333333333333333,4.17e-06,"[7, 26, 29, 10, 30, 10, 24, 3]"
martin,"['M', 'AA', 'R', 'T', 'AH', 'N']","['mar', 'tin']","['mart', 'in']",0.3333333333333333,5.5e-05,"[26, 1, 30, 33, 3, 27, 0, 0]"
villas,"['V', 'IH', 'L', 'AH', 'Z']","['vil', 'las']","['vill', 'as']",0.3333333333333333,2.75e-06,"[35, 10, 25, 3, 38, 0, 0, 0]"
cbs,"['S', 'IY', 'B', 'IY', 'EH', 'S']",['cbs'],"['c', 'bs']",0.3333333333333333,1.38e-05,"[31, 11, 16, 11, 7, 31, 0, 0]"
catherine,"['K', 'AE', 'TH', 'ER', 'AH', 'N']","['cath', 'er', 'ine']","['c', 'atherine']",0.3333333333333333,1.29e-05,"[24, 2, 34, 8, 3, 27, 0, 0]"
victor,"['V', 'IH', 'K', 'T', 'ER']","['vic', 'tor']","['vict', 'or']",0.3333333333333333,1.51e-05,"[35, 10, 24, 33, 8, 0, 0, 0]"
realty,"['R', 'IY', 'AH', 'L', 'T', 'IY']","['re', 'alty']","['real', 'ty']",0.3333333333333333,2.29e-06,"[30, 11, 3, 25, 33, 11, 0, 0]"
eau,['OW'],['eau'],"['e', 'au']",0.3333333333333333,1.41e-06,"[12, 0, 0, 0, 0, 0, 0, 0]"
associate,"['AH', 'S', 'OW', 'S', 'IY', 'AH', 'T']","['as', 'so', 'ci', 'ate']",['associate'],0.3333333333333333,2.45e-05,"[3, 31, 12, 31, 11, 3, 33, 0]"
luther,"['L', 'UW', 'TH', 'ER']","['luth', 'er']","['l', 'uther']",0.3333333333333333,7.59e-06,"[25, 15, 34, 8, 0, 0, 0, 0]"
astrology,"['AH', 'S', 'T', 'R', 'AA', 'L', 'AH', 'JH', 'IY']","['as', 'tro', 'logy']","['ast', 'rology']",0.3333333333333333,2.4e-06,"[3, 31, 33, 30, 1, 25, 3, 23]"
andrew,"['AE', 'N', 'D', 'R', 'UW']","['an', 'drew']","['and', 'rew']",0.3333333333333333,3.72e-05,"[2, 27, 18, 30, 15, 0, 0, 0]"
eos,"['IY', 'AA', 'S']",['eos'],"['e', 'os']",0.3333333333333333,1.7e-06,"[11, 1, 31, 0, 0, 0, 0, 0]"
german,"['JH', 'ER', 'M', 'AH', 'N']","['ger', 'man']","['g', 'erman']",0.3333333333333333,8.91e-05,"[23, 8, 26, 3, 27, 0, 0, 0]"
kim,"['K', 'IH', 'M']",['kim'],"['k', 'im']",0.3333333333333333,3.89e-05,"[24, 10, 26, 0, 0, 0, 0, 0]"
affiliate,"['AH', 'F', 'IH', 'L', 'IY', 'EY', 'T']","['af', 'fil', 'i', 'ate']",['affiliate'],0.3333333333333333,9.77e-06,"[3, 20, 10, 25, 11, 9, 33, 0]"
doe,"['D', 'OW']",['doe'],"['do', 'e']",0.3333333333333333,6.92e-06,"[18, 12, 0, 0, 0, 0, 0, 0]"
leo,"['L', 'IY', 'OW']",['leo'],"['le', 'o']",0.3333333333333333,1.7e-05,"[25, 11, 12, 0, 0, 0, 0, 0]"
avi,"['AA', 'V', 'IY']",['avi'],"['a', 'vi']",0.3333333333333333,1.51e-06,"[1, 35, 11, 0, 0, 0, 0, 0]"
wednesday,"['W', 'EH', 'N', 'Z', 'D', 'IY']","['wed', 'nes', 'day']","['w', 'ednesday']",0.3333333333333333,3.89e-05,"[36, 7, 27, 38, 18, 11, 0, 0]"
ira,"['AY', 'R', 'AH']",['ira'],"['i', 'ra']",0.3333333333333333,6.92e-06,"[6, 30, 3, 0, 0, 0, 0, 0]"
ppm,"['P', 'IY', 'P', 'IY', 'EH', 'M']",['ppm'],"['p', 'pm']",0.3333333333333333,1.41e-06,"[29, 11, 29, 11, 7, 26, 0, 0]"
danish,"['D', 'EY', 'N', 'IH', 'SH']","['dan', 'ish']","['d', 'anish']",0.3333333333333333,8.13e-06,"[18, 9, 27, 10, 32, 0, 0, 0]"
arabic,"['AE', 'R', 'AH', 'B', 'IH', 'K']","['ar', 'ab', 'ic']","['a', 'rab', 'ic']",0.3333333333333333,1.07e-05,"[2, 30, 3, 16, 10, 24, 0, 0]"
robbie,"['R', 'AA', 'B', 'IY']","['rob', 'bie']","['ro', 'bbie']",0.3333333333333333,6.92e-06,"[30, 1, 16, 11, 0, 0, 0, 0]"
aol,"['EY', 'OW', 'EH', 'L']",['aol'],"['a', 'ol']",0.3333333333333333,1.74e-06,"[9, 12, 7, 25, 0, 0, 0, 0]"
swaziland,"['S', 'W', 'AA', 'Z', 'IH', 'L', 'AH', 'N', 'D']","['swazi', 'l', 'and']","['sw', 'az', 'il', 'and']",0.3333333333333333,6.61e-07,"[31, 36, 1, 38, 10, 25, 3, 27]"
gnu,"['N', 'UW']",['gnu'],"['g', 'nu']",0.3333333333333333,1.1e-06,"[27, 15, 0, 0, 0, 0, 0, 0]"
sweden,"['S', 'W', 'IY', 'D', 'AH', 'N']",['sweden'],"['sw', 'ed', 'en']",0.3333333333333333,2.51e-05,"[31, 36, 11, 18, 3, 27, 0, 0]"
austin,"['AO', 'S', 'T', 'AH', 'N']","['aus', 'tin']","['a', 'ustin']",0.3333333333333333,2.29e-05,"[4, 31, 33, 3, 27, 0, 0, 0]"
willow,"['W', 'IH', 'L', 'OW']","['wil', 'low']","['will', 'ow']",0.3333333333333333,4.9e-06,"[36, 10, 25, 12, 0, 0, 0, 0]"
societies,"['S', 'AH', 'S', 'AY', 'AH', 'T', 'IY', 'Z']","['so', 'ci', 'et', 'ies']",['societies'],0.3333333333333333,1.2e-05,"[31, 3, 31, 6, 3, 33, 11, 38]"
brazilian,"['B', 'R', 'AH', 'Z', 'IH', 'L', 'Y', 'AH', 'N']","['brazili', 'an']","['b', 'razil', 'ian']",0.3333333333333333,1.7e-05,"[16, 30, 3, 38, 10, 25, 37, 3]"
sox,"['S', 'AA', 'K', 'S']",['sox'],"['so', 'x']",0.3333333333333333,6.92e-06,"[31, 1, 24, 31, 0, 0, 0, 0]"
saskatchewan,"['S', 'AE', 'S', 'K', 'AE', 'CH', 'AH', 'W', 'AO', 'N']","['saskat', 'chewan']","['s', 'ask', 'atche', 'wan']",0.3333333333333333,2.82e-06,"[31, 2, 31, 24, 2, 17, 3, 36]"
pty,"['T', 'AY']",['pty'],"['p', 'ty']",0.3333333333333333,1.66e-06,"[33, 6, 0, 0, 0, 0, 0, 0]"
travis,"['T', 'R', 'AE', 'V', 'IH', 'S']","['trav', 'is']","['tra', 'vis']",0.3333333333333333,1.02e-05,"[33, 30, 2, 35, 10, 31, 0, 0]"
hampshire,"['HH', 'AE', 'M', 'P', 'SH', 'ER']","['hamp', 'shire']","['h', 'amps', 'hire']",0.3333333333333333,1.02e-05,"[22, 2, 26, 29, 32, 8, 0, 0]"
notify,"['N', 'OW', 'T', 'AH', 'F', 'AY']","['no', 'ti', 'fy']",['notify'],0.3333333333333333,5.37e-06,"[27, 12, 33, 3, 20, 6, 0, 0]"
louisiana,"['L', 'UW', 'IY', 'Z', 'IY', 'AE', 'N', 'AH']","['louisi', 'ana']","['lou', 'is', 'iana']",0.3333333333333333,1.55e-05,"[25, 15, 11, 38, 11, 2, 27, 3]"
sydney,"['S', 'IH', 'D', 'N', 'IY']",['sydney'],"['sy', 'd', 'ney']",0.3333333333333333,3.39e-05,"[31, 10, 18, 27, 11, 0, 0, 0]"
moscow,"['M', 'AA', 'S', 'K', 'OW']","['mo', 'scow']","['m', 'oscow']",0.3333333333333333,2.63e-05,"[26, 1, 31, 24, 12, 0, 0, 0]"
oliver,"['AA', 'L', 'AH', 'V', 'ER']","['oliv', 'er']","['ol', 'iver']",0.3333333333333333,1.66e-05,"[1, 25, 3, 35, 8, 0, 0, 0]"
aaa,"['T', 'R', 'IH', 'P', 'AH', 'L', 'EY']",['aaa'],"['a', 'aa']",0.3333333333333333,5.89e-06,"[33, 30, 10, 29, 3, 25, 9, 0]"
nathan,"['N', 'EY', 'TH', 'AH', 'N']","['nath', 'an']","['n', 'athan']",0.3333333333333333,1.35e-05,"[27, 9, 34, 3, 27, 0, 0, 0]"
mutual,"['M', 'Y', 'UW', 'CH', 'AH', 'W', 'AH', 'L']","['mu', 'tu', 'al']",['mutual'],0.3333333333333333,1.82e-05,"[26, 37, 15, 17, 3, 36, 3, 25]"
unwrap,"['AH', 'N', 'R', 'AE', 'P']","['un', 'wrap']","['unw', 'rap']",0.3333333333333333,3.63e-07,"[3, 27, 30, 2, 29, 0, 0, 0]"
myrtle,"['M', 'ER', 'T', 'AH', 'L']",['myrtle'],"['my', 'rt', 'le']",0.3333333333333333,2.19e-06,"[26, 8, 33, 3, 25, 0, 0, 0]"
elevation,"['EH', 'L', 'AH', 'V', 'EY', 'SH', 'AH', 'N']","['el', 'ev', 'a', 'tion']",['elevation'],0.3333333333333333,7.94e-06,"[7, 25, 3, 35, 9, 32, 3, 27]"
london,"['L', 'AH', 'N', 'D', 'AH', 'N']","['lon', 'don']","['l', 'ondon']",0.3333333333333333,0.000186,"[25, 3, 27, 18, 3, 27, 0, 0]"
ken,"['K', 'EH', 'N']",['ken'],"['k', 'en']",0.3333333333333333,1.62e-05,"[24, 7, 27, 0, 0, 0, 0, 0]"
municipal,"['M', 'Y', 'UW', 'N', 'IH', 'S', 'AH', 'P', 'AH', 'L']","['mu', 'ni', 'cip', 'al']",['municipal'],0.3333333333333333,1.74e-05,"[26, 37, 15, 27, 10, 31, 3, 29]"
disabilities,"['D', 'IH', 'S', 'AH', 'B', 'IH', 'L', 'AH', 'T', 'IY', 'Z']","['dis', 'ab', 'il', 'it', 'ies']",['disabilities'],0.3333333333333333,8.51e-06,"[18, 10, 31, 3, 16, 10, 25, 3]"
jon,"['JH', 'AA', 'N']",['jon'],"['j', 'on']",0.3333333333333333,2.04e-05,"[23, 1, 27, 0, 0, 0, 0, 0]"
optimization,"['AA', 'P', 'T', 'AH', 'M', 'AH', 'Z', 'EY', 'SH', 'AH', 'N']","['op', 'tim', 'iz', 'a', 'tion']",['optimization'],0.3333333333333333,4.57e-06,"[1, 29, 33, 3, 26, 3, 38, 9]"
psi,"['S', 'AY']",['psi'],"['p', 'si']",0.3333333333333333,2.82e-06,"[31, 6, 0, 0, 0, 0, 0, 0]"
angola,"['AE', 'NG', 'G', 'OW', 'L', 'AH']","['an', 'gola']","['ang', 'ola']",0.3333333333333333,2.19e-06,"[2, 28, 21, 12, 25, 3, 0, 0]"
august,"['AA', 'G', 'AH', 'S', 'T']","['au', 'gust']","['aug', 'ust']",0.3333333333333333,0.000126,"[1, 21, 3, 31, 33, 0, 0, 0]"
animation,"['AE', 'N', 'AH', 'M', 'EY', 'SH', 'AH', 'N']","['an', 'im', 'a', 'tion']",['animation'],0.3333333333333333,1.51e-05,"[2, 27, 3, 26, 9, 32, 3, 27]"
biz,"['B', 'IH', 'Z']",['biz'],"['b', 'iz']",0.3333333333333333,1.86e-06,"[16, 10, 38, 0, 0, 0, 0, 0]"
moderator,"['M', 'AA', 'D', 'ER', 'EY', 'T', 'ER']","['mod', 'er', 'at', 'or']",['moderator'],0.3333333333333333,2.57e-06,"[26, 1, 18, 8, 9, 33, 8, 0]"
jay,"['JH', 'EY']",['jay'],"['j', 'ay']",0.3333333333333333,2.4e-05,"[23, 9, 0, 0, 0, 0, 0, 0]"
amplifier,"['AE', 'M', 'P', 'L', 'AH', 'F', 'AY', 'ER']","['amp', 'li', 'fi', 'er']",['amplifier'],0.3333333333333333,2.82e-06,"[2, 26, 29, 25, 3, 20, 6, 8]"
dallas,"['D', 'AE', 'L', 'AH', 'S']","['dal', 'las']","['d', 'allas']",0.3333333333333333,2.63e-05,"[18, 2, 25, 3, 31, 0, 0, 0]"
francisco,"['F', 'R', 'AE', 'N', 'S', 'IH', 'S', 'K', 'OW']","['fran', 'cisco']","['fr', 'anc', 'isco']",0.3333333333333333,3.39e-05,"[20, 30, 2, 27, 31, 10, 31, 24]"
mariah,"['M', 'ER', 'AY', 'AH']","['mari', 'ah']","['mar', 'iah']",0.3333333333333333,1.58e-06,"[26, 8, 6, 3, 0, 0, 0, 0]"
condos,"['K', 'AA', 'N', 'D', 'OW', 'Z']","['con', 'dos']","['cond', 'os']",0.3333333333333333,1.32e-06,"[24, 1, 27, 18, 12, 38, 0, 0]"
mae,"['M', 'EY']",['mae'],"['m', 'ae']",0.3333333333333333,4.47e-06,"[26, 9, 0, 0, 0, 0, 0, 0]"
sic,"['S', 'IH', 'K']",['sic'],"['s', 'ic']",0.3333333333333333,4.17e-06,"[31, 10, 24, 0, 0, 0, 0, 0]"
municipality,"['M', 'Y', 'UW', 'N', 'IH', 'S', 'AH', 'P', 'AE', 'L', 'AH', 'T', 'IY']","['mu', 'ni', 'cip', 'al', 'ity']",['municipality'],0.3333333333333333,5.13e-06,"[26, 37, 15, 27, 10, 31, 3, 29]"
experiencing,"['IH', 'K', 'S', 'P', 'IH', 'R', 'IY', 'AH', 'N', 'S', 'IH', 'NG']","['ex', 'per', 'i', 'en', 'cing']",['experiencing'],0.3333333333333333,1.1e-05,"[10, 24, 31, 29, 10, 30, 11, 3]"
gerald,"['JH', 'EH', 'R', 'AH', 'L', 'D']","['ger', 'ald']","['g', 'erald']",0.3333333333333333,5.75e-06,"[23, 7, 30, 3, 25, 18, 0, 0]"
authentic,"['AH', 'TH', 'EH', 'N', 'T', 'IH', 'K']","['au', 'then', 't', 'ic']",['authentic'],0.3333333333333333,1.1e-05,"[3, 34, 7, 27, 33, 10, 24, 0]"
apparatus,"['AE', 'P', 'ER', 'AE', 'T', 'AH', 'S']","['ap', 'par', 'at', 'us']",['apparatus'],0.3333333333333333,6.03e-06,"[2, 29, 8, 2, 33, 3, 31, 0]"
dui,"['D', 'IY', 'Y', 'UW', 'AY']",['dui'],"['d', 'ui']",0.3333333333333333,2.24e-06,"[18, 11, 37, 15, 6, 0, 0, 0]"
dow,"['D', 'AW']",['dow'],"['d', 'ow']",0.3333333333333333,4.27e-06,"[18, 5, 0, 0, 0, 0, 0, 0]"
vat,"['V', 'AE', 'T']",['vat'],"['v', 'at']",0.3333333333333333,3.47e-06,"[35, 2, 33, 0, 0, 0, 0, 0]"
usa,"['Y', 'UW', 'EH', 'S', 'EY']",['usa'],"['us', 'a']",0.3333333333333333,6.17e-05,"[37, 15, 7, 31, 9, 0, 0, 0]"
accompanying,"['AH', 'K', 'AH', 'M', 'P', 'AH', 'N', 'IY', 'IH', 'NG']","['ac', 'com', 'pa', 'ny', 'ing']",['accompanying'],0.3333333333333333,7.08e-06,"[3, 24, 3, 26, 29, 3, 27, 11]"
mai,"['M', 'AY']",['mai'],"['m', 'ai']",0.3333333333333333,3.39e-06,"[26, 6, 0, 0, 0, 0, 0, 0]"
rio,"['R', 'IY', 'OW']",['rio'],"['ri', 'o']",0.3333333333333333,2.24e-05,"[30, 11, 12, 0, 0, 0, 0, 0]"
median,"['M', 'IY', 'D', 'IY', 'AH', 'N']","['me', 'di', 'an']",['median'],0.3333333333333333,1.12e-05,"[26, 11, 18, 11, 3, 27, 0, 0]"
titans,"['T', 'AY', 'T', 'AH', 'N', 'Z']","['ti', 'tans']","['tit', 'ans']",0.3333333333333333,7.94e-06,"[33, 6, 33, 3, 27, 38, 0, 0]"
joe,"['JH', 'OW']",['joe'],"['j', 'oe']",0.3333333333333333,6.03e-05,"[23, 12, 0, 0, 0, 0, 0, 0]"
recipient,"['R', 'AH', 'S', 'IH', 'P', 'IY', 'AH', 'N', 'T']","['re', 'cip', 'i', 'ent']",['recipient'],0.3333333333333333,8.71e-06,"[30, 3, 31, 10, 29, 11, 3, 27]"
motels,"['M', 'OW', 'T', 'EH', 'L', 'Z']","['mo', 'tels']","['mot', 'els']",0.3333333333333333,7.94e-07,"[26, 12, 33, 7, 25, 38, 0, 0]"
saddam,"['S', 'AA', 'D', 'AH', 'M']","['sad', 'dam']","['sadd', 'am']",0.3333333333333333,2.75e-06,"[31, 1, 18, 3, 26, 0, 0, 0]"
registrar,"['R', 'EH', 'JH', 'IH', 'S', 'T', 'R', 'AA', 'R']","['re', 'gis', 'trar']","['regist', 'rar']",0.3333333333333333,2.34e-06,"[30, 7, 23, 10, 31, 33, 30, 1]"
metropolitan,"['M', 'EH', 'T', 'R', 'AH', 'P', 'AA', 'L', 'AH', 'T', 'AH', 'N']","['met', 'ro', 'pol', 'it', 'an']",['metropolitan'],0.3333333333333333,1.51e-05,"[26, 7, 33, 30, 3, 29, 1, 25]"
phi,"['F', 'AY']",['phi'],"['ph', 'i']",0.3333333333333333,3.55e-06,"[20, 6, 0, 0, 0, 0, 0, 0]"
roy,"['R', 'OY']",['roy'],"['ro', 'y']",0.3333333333333333,1.78e-05,"[30, 13, 0, 0, 0, 0, 0, 0]"
numerical,"['N', 'UW', 'M', 'EH', 'R', 'AH', 'K', 'AH', 'L']","['nu', 'mer', 'ic', 'al']",['numerical'],0.3333333333333333,4.47e-06,"[27, 15, 26, 7, 30, 3, 24, 3]"
ons,"['AA', 'N', 'Z']",['ons'],"['on', 's']",0.3333333333333333,3.63e-06,"[1, 27, 38, 0, 0, 0, 0, 0]"
sodium,"['S', 'OW', 'D', 'IY', 'AH', 'M']","['so', 'di', 'um']",['sodium'],0.3333333333333333,7.41e-06,"[31, 12, 18, 11, 3, 26, 0, 0]"
operating,"['AA', 'P', 'ER', 'EY', 'T', 'IH', 'NG']","['op', 'er', 'at', 'ing']",['operating'],0.3333333333333333,5.62e-05,"[1, 29, 8, 9, 33, 10, 28, 0]"
cds,"['S', 'IY', 'D', 'IY', 'Z']",['cds'],"['c', 'ds']",0.3333333333333333,4.27e-06,"[31, 11, 18, 11, 38, 0, 0, 0]"
sao,"['S', 'AW']",['sao'],"['sa', 'o']",0.3333333333333333,2.34e-06,"[31, 5, 0, 0, 0, 0, 0, 0]"
mating,"['M', 'EY', 'T', 'IH', 'NG']","['mat', 'ing']","['m', 'ating']",0.3333333333333333,3.16e-06,"[26, 9, 33, 10, 28, 0, 0, 0]"
viking,"['V', 'AY', 'K', 'IH', 'NG']","['vik', 'ing']","['vi', 'king']",0.3333333333333333,3.98e-06,"[35, 6, 24, 10, 28, 0, 0, 0]"
immediate,"['IH', 'M', 'IY', 'D', 'IY', 'AH', 'T']","['im', 'me', 'di', 'ate']",['immediate'],0.3333333333333333,3.31e-05,"[10, 26, 11, 18, 11, 3, 33, 0]"
examinations,"['IH', 'G', 'Z', 'AE', 'M', 'AH', 'N', 'EY', 'SH', 'AH', 'N', 'Z']","['ex', 'am', 'in', 'a', 'tions']",['examinations'],0.3333333333333333,4.07e-06,"[10, 21, 38, 2, 26, 3, 27, 9]"
norman,"['N', 'AO', 'R', 'M', 'AH', 'N']","['nor', 'man']","['norm', 'an']",0.3333333333333333,1.38e-05,"[27, 4, 30, 26, 3, 27, 0, 0]"
nevada,"['N', 'AH', 'V', 'AA', 'D', 'AH']",['nevada'],"['ne', 'v', 'ada']",0.3333333333333333,1.1e-05,"[27, 3, 35, 1, 18, 3, 0, 0]"
mia,"['M', 'IY', 'AH']",['mia'],"['m', 'ia']",0.3333333333333333,7.41e-06,"[26, 11, 3, 0, 0, 0, 0, 0]"
modems,"['M', 'OW', 'D', 'AH', 'M', 'Z']","['mo', 'dems']","['mod', 'ems']",0.3333333333333333,5.13e-07,"[26, 12, 18, 3, 26, 38, 0, 0]"
violin,"['V', 'AY', 'AH', 'L', 'IH', 'N']","['vi', 'ol', 'in']",['violin'],0.3333333333333333,5.5e-06,"[35, 6, 3, 25, 10, 27, 0, 0]"
wan,"['W', 'AA', 'N']",['wan'],"['w', 'an']",0.3333333333333333,6.31e-06,"[36, 1, 27, 0, 0, 0, 0, 0]"
newark,"['N', 'UW', 'ER', 'K']","['ne', 'wark']","['new', 'ark']",0.3333333333333333,5.5e-06,"[27, 15, 8, 24, 0, 0, 0, 0]"
nissan,"['N', 'IY', 'S', 'AA', 'N']","['nis', 'san']","['n', 'issan']",0.3333333333333333,4.9e-06,"[27, 11, 31, 1, 27, 0, 0, 0]"
seo,"['S', 'IY', 'OW']",['seo'],"['se', 'o']",0.3333333333333333,1.02e-05,"[31, 11, 12, 0, 0, 0, 0, 0]"
indicator,"['IH', 'N', 'D', 'AH', 'K', 'EY', 'T', 'ER']","['in', 'dic', 'at', 'or']",['indicator'],0.3333333333333333,8.32e-06,"[10, 27, 18, 3, 24, 9, 33, 8]"
cox,"['K', 'AA', 'K', 'S']",['cox'],"['co', 'x']",0.3333333333333333,8.71e-06,"[24, 1, 24, 31, 0, 0, 0, 0]"
fingering,"['F', 'IH', 'NG', 'G', 'ER', 'IH', 'NG']","['fin', 'ger', 'ing']","['fing', 'ering']",0.3333333333333333,1.07e-06,"[20, 10, 28, 21, 8, 10, 28, 0]"
feb,"['F', 'EH', 'B', 'Y', 'AH', 'W', 'EH', 'R', 'IY']",['feb'],"['fe', 'b']",0.3333333333333333,2.4e-05,"[20, 7, 16, 37, 3, 36, 7, 30]"
aerial,"['EH', 'R', 'IY', 'AH', 'L']","['aer', 'i', 'al']",['aerial'],0.3333333333333333,8.13e-06,"[7, 30, 11, 3, 25, 0, 0, 0]"
sierra,"['S', 'IY', 'EH', 'R', 'AH']","['si', 'erra']","['s', 'ierra']",0.3333333333333333,1.15e-05,"[31, 11, 7, 30, 3, 0, 0, 0]"
ron,"['R', 'AA', 'N']",['ron'],"['r', 'on']",0.3333333333333333,1.66e-05,"[30, 1, 27, 0, 0, 0, 0, 0]"
sas,"['S', 'AE', 'S']",['sas'],"['s', 'as']",0.3333333333333333,2.95e-06,"[31, 2, 31, 0, 0, 0, 0, 0]"
eleven,"['IH', 'L', 'EH', 'V', 'AH', 'N']","['el', 'ev', 'en']",['eleven'],0.3333333333333333,1.32e-05,"[10, 25, 7, 35, 3, 27, 0, 0]"
stuart,"['S', 'T', 'UW', 'ER', 'T']","['stu', 'art']","['st', 'uart']",0.3333333333333333,1.35e-05,"[31, 33, 15, 8, 33, 0, 0, 0]"
angela,"['AE', 'N', 'JH', 'AH', 'L', 'AH']","['an', 'gela']","['ang', 'ela']",0.3333333333333333,1.05e-05,"[2, 27, 23, 3, 25, 3, 0, 0]"
nextel,"['N', 'EH', 'K', 'S', 'T', 'EH', 'L']","['nex', 'tel']","['next', 'el']",0.3333333333333333,2.09e-07,"[27, 7, 24, 31, 33, 7, 25, 0]"
capabilities,"['K', 'EY', 'P', 'AH', 'B', 'IH', 'L', 'AH', 'T', 'IY', 'Z']","['cap', 'ab', 'il', 'it', 'ies']",['capabilities'],0.3333333333333333,1.29e-05,"[24, 9, 29, 3, 16, 10, 25, 3]"
testimonials,"['T', 'EH', 'S', 'T', 'AH', 'M', 'OW', 'N', 'IY', 'AH', 'L', 'Z']","['testi', 'mo', 'ni', 'als']","['testimon', 'ials']",0.3333333333333333,7.94e-07,"[33, 7, 31, 33, 3, 26, 12, 27]"
medium,"['M', 'IY', 'D', 'IY', 'AH', 'M']","['me', 'di', 'um']",['medium'],0.3333333333333333,4.07e-05,"[26, 11, 18, 11, 3, 26, 0, 0]"
kai,"['K', 'AY']",['kai'],"['k', 'ai']",0.3333333333333333,5.89e-06,"[24, 6, 0, 0, 0, 0, 0, 0]"
eva,"['EY', 'V', 'AH']",['eva'],"['ev', 'a']",0.3333333333333333,7.94e-06,"[9, 35, 3, 0, 0, 0, 0, 0]"
radius,"['R', 'EY', 'D', 'IY', 'AH', 'S']","['ra', 'di', 'us']",['radius'],0.3333333333333333,7.24e-06,"[30, 9, 18, 11, 3, 31, 0, 0]"
rwanda,"['R', 'AH', 'W', 'AA', 'N', 'D', 'AH']",['rwanda'],"['r', 'w', 'anda']",0.3333333333333333,3.39e-06,"[30, 3, 36, 1, 27, 18, 3, 0]"
junior,"['JH', 'UW', 'N', 'Y', 'ER']","['ju', 'ni', 'or']",['junior'],0.3333333333333333,3.09e-05,"[23, 15, 27, 37, 8, 0, 0, 0]"
mpg,"['EH', 'M', 'P', 'IY', 'JH', 'IY']",['mpg'],"['m', 'pg']",0.3333333333333333,1.15e-06,"[7, 26, 29, 11, 23, 11, 0, 0]"
experimental,"['IH', 'K', 'S', 'P', 'EH', 'R', 'IH', 'M', 'EH', 'N', 'T', 'AH', 'L']","['ex', 'per', 'i', 'ment', 'al']",['experimental'],0.3333333333333333,1.91e-05,"[10, 24, 31, 29, 7, 30, 10, 26]"
ala,"['EY', 'L', 'AH']",['ala'],"['al', 'a']",0.3333333333333333,3.39e-06,"[9, 25, 3, 0, 0, 0, 0, 0]"
pharmaceuticals,"['F', 'AA', 'R', 'M', 'AH', 'S', 'UW', 'T', 'IH', 'K', 'AH', 'L', 'Z']","['phar', 'ma', 'ceut', 'ic', 'als']","['pharmaceutical', 's']",0.3333333333333333,3.02e-06,"[20, 1, 30, 26, 3, 31, 15, 33]"
nec,"['N', 'EH', 'K']",['nec'],"['ne', 'c']",0.3333333333333333,2.04e-06,"[27, 7, 24, 0, 0, 0, 0, 0]"
casual,"['K', 'AE', 'ZH', 'AH', 'W', 'AH', 'L']","['cas', 'u', 'al']",['casual'],0.3333333333333333,1.7e-05,"[24, 2, 39, 3, 36, 3, 25, 0]"
thesaurus,"['TH', 'AH', 'S', 'AO', 'R', 'AH', 'S']","['thesaur', 'us']","['the', 's', 'aurus']",0.3333333333333333,7.59e-07,"[34, 3, 31, 4, 30, 3, 31, 0]"
zen,"['Z', 'EH', 'N']",['zen'],"['z', 'en']",0.3333333333333333,5.01e-06,"[38, 7, 27, 0, 0, 0, 0, 0]"
porter,"['P', 'AO', 'R', 'T', 'ER']","['port', 'er']","['p', 'orter']",0.3333333333333333,9.55e-06,"[29, 4, 30, 33, 8, 0, 0, 0]"
friday,"['F', 'R', 'AY', 'D', 'IY']","['fri', 'day']","['f', 'riday']",0.3333333333333333,9.12e-05,"[20, 30, 6, 18, 11, 0, 0, 0]"
annual,"['AE', 'N', 'Y', 'UW', 'AH', 'L']","['an', 'nu', 'al']",['annual'],0.3333333333333333,8.71e-05,"[2, 27, 37, 15, 3, 25, 0, 0]"
russia,"['R', 'AH', 'SH', 'AH']","['rus', 'sia']","['r', 'ussia']",0.3333333333333333,8.51e-05,"[30, 3, 32, 3, 0, 0, 0, 0]"
ave,"['AE', 'V', 'AH', 'N', 'UW']",['ave'],"['a', 've']",0.3333333333333333,1.1e-05,"[2, 35, 3, 27, 15, 0, 0, 0]"
operation,"['AA', 'P', 'ER', 'EY', 'SH', 'AH', 'N']","['op', 'er', 'a', 'tion']",['operation'],0.3333333333333333,8.32e-05,"[1, 29, 8, 9, 32, 3, 27, 0]"
mrs,"['M', 'IH', 'S', 'IH', 'Z']",['mrs'],"['m', 'rs']",0.3333333333333333,7.76e-05,"[26, 10, 31, 10, 38, 0, 0, 0]"
tue,"['T', 'UW']",['tue'],"['t', 'ue']",0.3333333333333333,1.74e-06,"[33, 15, 0, 0, 0, 0, 0, 0]"
kansas,"['K', 'AE', 'N', 'Z', 'AH', 'S']","['kan', 'sas']","['k', 'ansas']",0.3333333333333333,2.34e-05,"[24, 2, 27, 38, 3, 31, 0, 0]"
amy,"['EY', 'M', 'IY']",['amy'],"['am', 'y']",0.3333333333333333,1.58e-05,"[9, 26, 11, 0, 0, 0, 0, 0]"
dee,"['D', 'IY']",['dee'],"['de', 'e']",0.3333333333333333,6.92e-06,"[18, 11, 0, 0, 0, 0, 0, 0]"
brunei,"['B', 'R', 'UW', 'N', 'AY']",['brunei'],"['br', 'une', 'i']",0.3333333333333333,1.55e-06,"[16, 30, 15, 27, 6, 0, 0, 0]"
abu,"['AE', 'B', 'UW']",['abu'],"['ab', 'u']",0.3333333333333333,1.02e-05,"[2, 16, 15, 0, 0, 0, 0, 0]"
slovak,"['S', 'L', 'OW', 'V', 'AE', 'K']","['slov', 'ak']","['s', 'lovak']",0.3333333333333333,1.48e-06,"[31, 25, 12, 35, 2, 24, 0, 0]"
sharon,"['SH', 'AE', 'R', 'AH', 'N']","['shar', 'on']","['sh', 'aron']",0.3333333333333333,8.32e-06,"[32, 2, 30, 3, 27, 0, 0, 0]"
cambridge,"['K', 'EY', 'M', 'B', 'R', 'IH', 'JH']","['cam', 'bridge']","['c', 'amb', 'ridge']",0.3333333333333333,2.45e-05,"[24, 9, 26, 16, 30, 10, 23, 0]"
hypothetical,"['HH', 'AY', 'P', 'AH', 'TH', 'EH', 'T', 'AH', 'K', 'AH', 'L']","['hy', 'po', 'thet', 'ic', 'al']",['hypothetical'],0.3333333333333333,4.07e-06,"[22, 6, 29, 3, 34, 7, 33, 3]"
anthropology,"['AE', 'N', 'TH', 'R', 'AH', 'P', 'AA', 'L', 'AH', 'JH', 'IY']","['an', 'thro', 'po', 'logy']","['anthrop', 'ology']",0.3333333333333333,4.47e-06,"[2, 27, 34, 30, 3, 29, 1, 25]"
positions,"['P', 'AH', 'Z', 'IH', 'SH', 'AH', 'N', 'Z']","['po', 's', 'i', 'tions']",['positions'],0.3333333333333333,4.27e-05,"[29, 3, 38, 10, 32, 3, 27, 38]"
kuwait,"['K', 'UW', 'W', 'EY', 'T']",['kuwait'],"['k', 'u', 'wait']",0.3333333333333333,4.57e-06,"[24, 15, 36, 9, 33, 0, 0, 0]"
refinance,"['R', 'IY', 'F', 'AH', 'N', 'AE', 'N', 'S']","['re', 'fin', 'ance']","['ref', 'inance']",0.3333333333333333,8.32e-07,"[30, 11, 20, 3, 27, 2, 27, 31]"
rebate,"['R', 'IY', 'B', 'EY', 'T']","['re', 'bate']","['reb', 'ate']",0.3333333333333333,2.04e-06,"[30, 11, 16, 9, 33, 0, 0, 0]"
durham,"['D', 'ER', 'AH', 'M']",['durham'],"['d', 'ur', 'ham']",0.3333333333333333,6.03e-06,"[18, 8, 3, 26, 0, 0, 0, 0]"
execution,"['EH', 'K', 'S', 'AH', 'K', 'Y', 'UW', 'SH', 'AH', 'N']","['ex', 'e', 'cu', 'tion']",['execution'],0.3333333333333333,1.95e-05,"[7, 24, 31, 3, 24, 37, 15, 32]"
jim,"['JH', 'IH', 'M']",['jim'],"['j', 'im']",0.3333333333333333,4.17e-05,"[23, 10, 26, 0, 0, 0, 0, 0]"
animal,"['AE', 'N', 'AH', 'M', 'AH', 'L']","['an', 'im', 'al']",['animal'],0.3333333333333333,6.46e-05,"[2, 27, 3, 26, 3, 25, 0, 0]"
bbc,"['B', 'IY', 'B', 'IY', 'S', 'IY']",['bbc'],"['b', 'bc']",0.3333333333333333,3.72e-05,"[16, 11, 16, 11, 31, 11, 0, 0]"
garcia,"['G', 'AA', 'R', 'S', 'IY', 'AH']","['gar', 'cia']","['g', 'arcia']",0.3333333333333333,7.76e-06,"[21, 1, 30, 31, 11, 3, 0, 0]"
humanitarian,"['HH', 'Y', 'UW', 'M', 'AE', 'N', 'AH', 'T', 'EH', 'R', 'IY', 'AH', 'N']","['hu', 'man', 'it', 'ari', 'an']",['humanitarian'],0.3333333333333333,8.13e-06,"[22, 37, 15, 26, 2, 27, 3, 33]"
taiwan,"['T', 'AY', 'W', 'AA', 'N']",['taiwan'],"['t', 'ai', 'wan']",0.3333333333333333,1.1e-05,"[33, 6, 36, 1, 27, 0, 0, 0]"
greece,"['G', 'R', 'IY', 'S']",['greece'],"['g', 'ree', 'ce']",0.3333333333333333,1.91e-05,"[21, 30, 11, 31, 0, 0, 0, 0]"
isa,"['IY', 'S', 'AH']",['isa'],"['is', 'a']",0.3333333333333333,3.89e-06,"[11, 31, 3, 0, 0, 0, 0, 0]"
editor,"['EH', 'D', 'AH', 'T', 'ER']","['ed', 'it', 'or']",['editor'],0.3333333333333333,4.17e-05,"[7, 18, 3, 33, 8, 0, 0, 0]"
adidas,"['AH', 'D', 'IY', 'D', 'AH', 'S']","['adi', 'das']","['ad', 'idas']",0.3333333333333333,3.72e-06,"[3, 18, 11, 18, 3, 31, 0, 0]"
valium,"['V', 'EY', 'L', 'IY', 'AH', 'M']","['vali', 'um']","['val', 'ium']",0.3333333333333333,8.91e-07,"[35, 9, 25, 11, 3, 26, 0, 0]"
ltd,"['L', 'IH', 'M', 'IH', 'T', 'IH', 'D']",['ltd'],"['l', 'td']",0.3333333333333333,2.95e-05,"[25, 10, 26, 10, 33, 10, 18, 0]"
wed,"['W', 'EH', 'D']",['wed'],"['w', 'ed']",0.3333333333333333,4.57e-06,"[36, 7, 18, 0, 0, 0, 0, 0]"
amanda,"['AH', 'M', 'AE', 'N', 'D', 'AH']","['aman', 'da']","['am', 'anda']",0.3333333333333333,1e-05,"[3, 26, 2, 27, 18, 3, 0, 0]"
lancaster,"['L', 'AE', 'N', 'K', 'AE', 'S', 'T', 'ER']","['lan', 'caster']","['l', 'anc', 'aster']",0.3333333333333333,6.03e-06,"[25, 2, 27, 24, 2, 31, 33, 8]"
puerto,"['P', 'W', 'EH', 'R', 'T', 'OW']","['pu', 'erto']","['p', 'uerto']",0.3333333333333333,1.1e-05,"[29, 36, 7, 30, 33, 12, 0, 0]"
notification,"['N', 'OW', 'T', 'AH', 'F', 'AH', 'K', 'EY', 'SH', 'AH', 'N']","['no', 'ti', 'fic', 'a', 'tion']",['notification'],0.3333333333333333,8.32e-06,"[27, 12, 33, 3, 20, 3, 24, 9]"
aye,['AY'],['aye'],"['a', 'ye']",0.3333333333333333,7.76e-06,"[6, 0, 0, 0, 0, 0, 0, 0]"
frederick,"['F', 'R', 'EH', 'D', 'R', 'IH', 'K']","['fre', 'd', 'er', 'ick']","['f', 'red', 'erick']",0.3333333333333333,8.91e-06,"[20, 30, 7, 18, 30, 10, 24, 0]"
cia,"['S', 'IY', 'AY', 'EY']",['cia'],"['c', 'ia']",0.3333333333333333,1.62e-05,"[31, 11, 6, 9, 0, 0, 0, 0]"
pharmacology,"['F', 'AA', 'R', 'M', 'AH', 'K', 'AA', 'L', 'AH', 'JH', 'IY']","['phar', 'ma', 'co', 'logy']","['pharmac', 'ology']",0.3333333333333333,1.41e-06,"[20, 1, 30, 26, 3, 24, 1, 25]"
arctic,"['AA', 'R', 'K', 'T', 'IH', 'K']","['arc', 'tic']","['ar', 'ctic']",0.3333333333333333,1.07e-05,"[1, 30, 24, 33, 10, 24, 0, 0]"
intermediate,"['IH', 'N', 'T', 'ER', 'M', 'IY', 'D', 'IY', 'IH', 'T']","['in', 'ter', 'me', 'di', 'ate']",['intermediate'],0.3333333333333333,1.1e-05,"[10, 27, 33, 8, 26, 11, 18, 11]"
executive,"['IH', 'G', 'Z', 'EH', 'K', 'Y', 'AH', 'T', 'IH', 'V']","['ex', 'ec', 'ut', 'ive']",['executive'],0.3333333333333333,7.41e-05,"[10, 21, 38, 7, 24, 37, 3, 33]"
oregon,"['AO', 'R', 'AH', 'G', 'AH', 'N']","['ore', 'gon']","['o', 'regon']",0.3333333333333333,2e-05,"[4, 30, 3, 21, 3, 27, 0, 0]"
hungarian,"['HH', 'AH', 'NG', 'G', 'EH', 'R', 'IY', 'AH', 'N']","['hun', 'gari', 'an']","['hung', 'arian']",0.3333333333333333,6.17e-06,"[22, 3, 28, 21, 7, 30, 11, 3]"
organization,"['AO', 'R', 'G', 'AH', 'N', 'AH', 'Z', 'EY', 'SH', 'AH', 'N']","['or', 'gan', 'iz', 'a', 'tion']",['organization'],0.3333333333333333,8.32e-05,"[4, 30, 21, 3, 27, 3, 38, 9]"
generator,"['JH', 'EH', 'N', 'ER', 'EY', 'T', 'ER']","['gen', 'er', 'at', 'or']",['generator'],0.3333333333333333,8.71e-06,"[23, 7, 27, 8, 9, 33, 8, 0]"
baltimore,"['B', 'AO', 'L', 'T', 'AH', 'M', 'AO', 'R']","['bal', 'timore']","['b', 'alt', 'imore']",0.3333333333333333,1.66e-05,"[16, 4, 25, 33, 3, 26, 4, 30]"
refrigerator,"['R', 'AH', 'F', 'R', 'IH', 'JH', 'ER', 'EY', 'T', 'ER']","['re', 'fri', 'ger', 'at', 'or']",['refrigerator'],0.3333333333333333,4.07e-06,"[30, 3, 20, 30, 10, 23, 8, 9]"
intellectual,"['IH', 'N', 'T', 'AH', 'L', 'EH', 'K', 'CH', 'UW', 'AH', 'L']","['in', 'tel', 'lec', 'tu', 'al']",['intellectual'],0.3333333333333333,2e-05,"[10, 27, 33, 3, 25, 7, 24, 17]"
compaq,"['K', 'AA', 'M', 'P', 'AE', 'K']","['com', 'paq']","['compa', 'q']",0.3333333333333333,5.5e-07,"[24, 1, 26, 29, 2, 24, 0, 0]"
avenue,"['AE', 'V', 'AH', 'N', 'UW']","['av', 'en', 'ue']",['avenue'],0.3333333333333333,2.69e-05,"[2, 35, 3, 27, 15, 0, 0, 0]"
contamination,"['K', 'AH', 'N', 'T', 'AE', 'M', 'AH', 'N', 'EY', 'SH', 'AH', 'N']","['con', 'tam', 'in', 'a', 'tion']",['contamination'],0.3076923076923077,5.01e-06,"[24, 3, 27, 33, 2, 26, 3, 27]"
certification,"['S', 'ER', 'T', 'AH', 'F', 'AH', 'K', 'EY', 'SH', 'AH', 'N']","['cer', 'ti', 'fic', 'a', 'tion']",['certification'],0.3076923076923077,9.33e-06,"[31, 8, 33, 3, 20, 3, 24, 9]"
investigators,"['IH', 'N', 'V', 'EH', 'S', 'T', 'AH', 'G', 'EY', 'T', 'ER', 'Z']","['in', 'vest', 'ig', 'at', 'ors']",['investigators'],0.3076923076923077,7.59e-06,"[10, 27, 35, 7, 31, 33, 3, 21]"
computational,"['K', 'AA', 'M', 'P', 'Y', 'UW', 'T', 'EY', 'SH', 'AH', 'N', 'AH', 'L']","['com', 'pu', 'ta', 'tion', 'al']",['computational'],0.3076923076923077,4.17e-06,"[24, 1, 26, 29, 37, 15, 33, 9]"
technological,"['T', 'EH', 'K', 'N', 'AH', 'L', 'AA', 'JH', 'IH', 'K', 'AH', 'L']","['tech', 'no', 'lo', 'gic', 'al']",['technological'],0.3076923076923077,1.15e-05,"[33, 7, 24, 27, 3, 25, 1, 23]"
determination,"['D', 'IH', 'T', 'ER', 'M', 'AH', 'N', 'EY', 'SH', 'AH', 'N']","['de', 'term', 'in', 'a', 'tion']",['determination'],0.3076923076923077,1.45e-05,"[18, 10, 33, 8, 26, 3, 27, 9]"
manufacturing,"['M', 'AE', 'N', 'Y', 'AH', 'F', 'AE', 'K', 'CH', 'ER', 'IH', 'NG']","['man', 'u', 'fac', 'tur', 'ing']",['manufacturing'],0.3076923076923077,3.63e-05,"[26, 2, 27, 37, 3, 20, 2, 24]"
collaboration,"['K', 'AH', 'L', 'AE', 'B', 'ER', 'EY', 'SH', 'AH', 'N']","['col', 'lab', 'or', 'a', 'tion']",['collaboration'],0.3076923076923077,1.91e-05,"[24, 3, 25, 2, 16, 8, 9, 32]"
communication,"['K', 'AH', 'M', 'Y', 'UW', 'N', 'AH', 'K', 'EY', 'SH', 'AH', 'N']","['com', 'mu', 'nic', 'a', 'tion']",['communication'],0.3076923076923077,4.79e-05,"[24, 3, 26, 37, 15, 27, 3, 24]"
vulnerability,"['V', 'AH', 'L', 'N', 'ER', 'AH', 'B', 'IH', 'L', 'IH', 'T', 'IY']","['vul', 'ner', 'ab', 'il', 'ity']",['vulnerability'],0.3076923076923077,5.01e-06,"[35, 3, 25, 27, 8, 3, 16, 10]"
informational,"['IH', 'N', 'F', 'ER', 'M', 'EY', 'SH', 'AH', 'N', 'AH', 'L']","['in', 'form', 'a', 'tion', 'al']",['informational'],0.3076923076923077,1.51e-06,"[10, 27, 20, 8, 26, 9, 32, 3]"
documentation,"['D', 'AA', 'K', 'Y', 'AH', 'M', 'EH', 'N', 'T', 'EY', 'SH', 'AH', 'N']","['doc', 'u', 'ment', 'a', 'tion']",['documentation'],0.3076923076923077,8.91e-06,"[18, 1, 24, 37, 3, 26, 7, 27]"
participation,"['P', 'AA', 'R', 'T', 'IH', 'S', 'AH', 'P', 'EY', 'SH', 'AH', 'N']","['par', 'ti', 'cip', 'a', 'tion']",['participation'],0.3076923076923077,2.14e-05,"[29, 1, 30, 33, 10, 31, 3, 29]"
institutional,"['IH', 'N', 'S', 'T', 'IH', 'T', 'UW', 'SH', 'AH', 'N', 'AH', 'L']","['in', 'sti', 'tu', 'tion', 'al']",['institutional'],0.3076923076923077,1e-05,"[10, 27, 31, 33, 10, 33, 15, 32]"
environmental,"['IH', 'N', 'V', 'AY', 'R', 'AH', 'N', 'M', 'EH', 'N', 'T', 'AH', 'L']","['en', 'vir', 'on', 'ment', 'al']",['environmental'],0.3076923076923077,5.01e-05,"[10, 27, 35, 6, 30, 3, 27, 26]"
precipitation,"['P', 'R', 'IH', 'S', 'IH', 'P', 'IH', 'T', 'EY', 'SH', 'AH', 'N']","['pre', 'cip', 'it', 'a', 'tion']",['precipitation'],0.3076923076923077,4.37e-06,"[29, 30, 10, 31, 10, 29, 10, 33]"
manufacturers,"['M', 'AE', 'N', 'Y', 'AH', 'F', 'AE', 'K', 'CH', 'ER', 'ER', 'Z']","['man', 'u', 'fac', 'tur', 'ers']",['manufacturers'],0.3076923076923077,2.24e-05,"[26, 2, 27, 37, 3, 20, 2, 24]"
possibilities,"['P', 'AA', 'S', 'AH', 'B', 'IH', 'L', 'AH', 'T', 'IY', 'Z']","['pos', 'sib', 'il', 'it', 'ies']",['possibilities'],0.3076923076923077,1.29e-05,"[29, 1, 31, 3, 16, 10, 25, 3]"
participating,"['P', 'AA', 'R', 'T', 'IH', 'S', 'AH', 'P', 'EY', 'T', 'IH', 'NG']","['par', 'ti', 'cip', 'at', 'ing']",['participating'],0.3076923076923077,1.55e-05,"[29, 1, 30, 33, 10, 31, 3, 29]"
accommodation,"['AH', 'K', 'AA', 'M', 'AH', 'D', 'EY', 'SH', 'AH', 'N']","['ac', 'com', 'mod', 'a', 'tion']",['accommodation'],0.3076923076923077,1.15e-05,"[3, 24, 1, 26, 3, 18, 9, 32]"
qualification,"['K', 'W', 'AA', 'L', 'AH', 'F', 'AH', 'K', 'EY', 'SH', 'AH', 'N']","['qual', 'i', 'fic', 'a', 'tion']",['qualification'],0.3076923076923077,7.59e-06,"[24, 36, 1, 25, 3, 20, 3, 24]"
compatibility,"['K', 'AH', 'M', 'P', 'AE', 'T', 'AH', 'B', 'IH', 'L', 'AH', 'T', 'IY']","['com', 'pat', 'ib', 'il', 'ity']",['compatibility'],0.3076923076923077,3.89e-06,"[24, 3, 26, 29, 2, 33, 3, 16]"
international,"['IH', 'N', 'T', 'ER', 'N', 'AE', 'SH', 'AH', 'N', 'AH', 'L']","['in', 'ter', 'na', 'tion', 'al']",['international'],0.3076923076923077,0.000229,"[10, 27, 33, 8, 27, 2, 32, 3]"
administrator,"['AH', 'D', 'M', 'IH', 'N', 'AH', 'S', 'T', 'R', 'EY', 'T', 'ER']","['ad', 'min', 'is', 'trat', 'or']",['administrator'],0.3076923076923077,1.17e-05,"[3, 18, 26, 10, 27, 3, 31, 33]"
accessibility,"['AE', 'K', 'S', 'EH', 'S', 'AH', 'B', 'IH', 'L', 'IH', 'T', 'IY']","['ac', 'cess', 'ib', 'il', 'ity']",['accessibility'],0.3076923076923077,3.24e-06,"[2, 24, 31, 7, 31, 3, 16, 10]"
consideration,"['K', 'AH', 'N', 'S', 'IH', 'D', 'ER', 'EY', 'SH', 'AH', 'N']","['con', 'sid', 'er', 'a', 'tion']",['consideration'],0.3076923076923077,1.91e-05,"[24, 3, 27, 31, 10, 18, 8, 9]"
organizations,"['AO', 'R', 'G', 'AH', 'N', 'AH', 'Z', 'EY', 'SH', 'AH', 'N', 'Z']","['or', 'gan', 'iz', 'a', 'tions']",['organizations'],0.3076923076923077,4.68e-05,"[4, 30, 21, 3, 27, 3, 38, 9]"
developmental,"['D', 'IH', 'V', 'EH', 'L', 'AH', 'P', 'M', 'EH', 'N', 'T', 'AH', 'L']","['de', 'vel', 'op', 'ment', 'al']",['developmental'],0.3076923076923077,6.03e-06,"[18, 10, 35, 7, 25, 3, 29, 26]"
collaborative,"['K', 'AH', 'L', 'AE', 'B', 'ER', 'EY', 'T', 'IH', 'V']","['col', 'lab', 'or', 'at', 'ive']",['collaborative'],0.3076923076923077,6.03e-06,"[24, 3, 25, 2, 16, 8, 9, 33]"
notifications,"['N', 'OW', 'T', 'AH', 'F', 'AH', 'K', 'EY', 'SH', 'AH', 'N', 'Z']","['no', 'ti', 'fic', 'a', 'tions']",['notifications'],0.3076923076923077,4.57e-06,"[27, 12, 33, 3, 20, 3, 24, 9]"
consolidation,"['K', 'AH', 'N', 'S', 'AA', 'L', 'AH', 'D', 'EY', 'SH', 'AH', 'N']","['con', 'sol', 'id', 'a', 'tion']",['consolidation'],0.3076923076923077,5.13e-06,"[24, 3, 27, 31, 1, 25, 3, 18]"
inappropriate,"['IH', 'N', 'AH', 'P', 'R', 'OW', 'P', 'R', 'IY', 'IH', 'T']","['in', 'ap', 'pro', 'pri', 'ate']",['inappropriate'],0.3076923076923077,9.77e-06,"[10, 27, 3, 29, 30, 12, 29, 30]"
psychological,"['S', 'AY', 'K', 'AH', 'L', 'AA', 'JH', 'IH', 'K', 'AH', 'L']","['psy', 'cho', 'lo', 'gic', 'al']",['psychological'],0.3076923076923077,1.86e-05,"[31, 6, 24, 3, 25, 1, 23, 10]"
configuration,"['K', 'AH', 'N', 'F', 'IH', 'G', 'Y', 'ER', 'EY', 'SH', 'AH', 'N']","['con', 'fig', 'ur', 'a', 'tion']",['configuration'],0.3076923076923077,9.33e-06,"[24, 3, 27, 20, 10, 21, 37, 8]"
opportunities,"['AA', 'P', 'ER', 'T', 'UW', 'N', 'AH', 'T', 'IY', 'Z']","['op', 'por', 'tun', 'it', 'ies']",['opportunities'],0.3076923076923077,4.07e-05,"[1, 29, 8, 33, 15, 27, 3, 33]"
authorization,"['AO', 'TH', 'ER', 'AH', 'Z', 'EY', 'SH', 'AH', 'N']","['au', 'thor', 'iz', 'a', 'tion']",['authorization'],0.3076923076923077,5.5e-06,"[4, 34, 8, 3, 38, 9, 32, 3]"
architectural,"['AA', 'R', 'K', 'AH', 'T', 'EH', 'K', 'CH', 'ER', 'AH', 'L']","['ar', 'chi', 'tec', 'tur', 'al']",['architectural'],0.3076923076923077,9.12e-06,"[1, 30, 24, 3, 33, 7, 24, 17]"
investigation,"['IH', 'N', 'V', 'EH', 'S', 'T', 'AH', 'G', 'EY', 'SH', 'AH', 'N']","['in', 'vest', 'ig', 'a', 'tion']",['investigation'],0.3076923076923077,5.62e-05,"[10, 27, 35, 7, 31, 33, 3, 21]"
qualifying,"['K', 'W', 'AA', 'L', 'AH', 'F', 'AY', 'IH', 'NG']","['qual', 'i', 'fy', 'ing']",['qualifying'],0.3,1.02e-05,"[24, 36, 1, 25, 3, 20, 6, 10]"
antibodies,"['AE', 'N', 'T', 'IH', 'B', 'AA', 'D', 'IY', 'Z']","['an', 'ti', 'bod', 'ies']",['antibodies'],0.3,3.63e-06,"[2, 27, 33, 10, 16, 1, 18, 11]"
quotations,"['K', 'W', 'OW', 'T', 'EY', 'SH', 'AH', 'N', 'Z']","['quo', 'ta', 'tions']","['quot', 'ations']",0.3,1.95e-06,"[24, 36, 12, 33, 9, 32, 3, 27]"
particular,"['P', 'ER', 'T', 'IH', 'K', 'Y', 'AH', 'L', 'ER']","['par', 'tic', 'u', 'lar']",['particular'],0.3,0.0001,"[29, 8, 33, 10, 24, 37, 3, 25]"
burlington,"['B', 'ER', 'L', 'IH', 'NG', 'T', 'AH', 'N']","['bur', 'l', 'ing', 'ton']","['b', 'url', 'ington']",0.3,3.16e-06,"[16, 8, 25, 10, 28, 33, 3, 27]"
legitimate,"['L', 'AH', 'JH', 'IH', 'T', 'AH', 'M', 'AH', 'T']","['le', 'git', 'im', 'ate']",['legitimate'],0.3,1.66e-05,"[25, 3, 23, 10, 33, 3, 26, 3]"
evaluating,"['IH', 'V', 'AE', 'L', 'Y', 'UW', 'EY', 'T', 'IH', 'NG']","['eval', 'u', 'at', 'ing']",['evaluating'],0.3,5.01e-06,"[10, 35, 2, 25, 37, 15, 9, 33]"
medication,"['M', 'EH', 'D', 'AH', 'K', 'EY', 'SH', 'AH', 'N']","['med', 'ic', 'a', 'tion']",['medication'],0.3,1.41e-05,"[26, 7, 18, 3, 24, 9, 32, 3]"
innovative,"['IH', 'N', 'AH', 'V', 'EY', 'T', 'IH', 'V']","['in', 'nov', 'at', 'ive']",['innovative'],0.3,1.26e-05,"[10, 27, 3, 35, 9, 33, 10, 35]"
monitoring,"['M', 'AA', 'N', 'AH', 'T', 'ER', 'IH', 'NG']","['mon', 'it', 'or', 'ing']",['monitoring'],0.3,2.19e-05,"[26, 1, 27, 3, 33, 8, 10, 28]"
validation,"['V', 'AE', 'L', 'AH', 'D', 'EY', 'SH', 'AH', 'N']","['val', 'id', 'a', 'tion']",['validation'],0.3,4.79e-06,"[35, 2, 25, 3, 18, 9, 32, 3]"
indigenous,"['IH', 'N', 'D', 'IH', 'JH', 'AH', 'N', 'AH', 'S']","['in', 'di', 'gen', 'ous']",['indigenous'],0.3,1.45e-05,"[10, 27, 18, 10, 23, 3, 27, 3]"
experiment,"['IH', 'K', 'S', 'P', 'EH', 'R', 'AH', 'M', 'AH', 'N', 'T']","['ex', 'per', 'i', 'ment']",['experiment'],0.3,2.4e-05,"[10, 24, 31, 29, 7, 30, 3, 26]"
additional,"['AH', 'D', 'IH', 'SH', 'AH', 'N', 'AH', 'L']","['ad', 'di', 'tion', 'al']",['additional'],0.3,9.55e-05,"[3, 18, 10, 32, 3, 27, 3, 25]"
facilitate,"['F', 'AH', 'S', 'IH', 'L', 'AH', 'T', 'EY', 'T']","['fa', 'cil', 'it', 'ate']",['facilitate'],0.3,9.77e-06,"[20, 3, 31, 10, 25, 3, 33, 9]"
literature,"['L', 'IH', 'T', 'ER', 'AH', 'CH', 'ER']","['lit', 'er', 'at', 'ure']",['literature'],0.3,4.17e-05,"[25, 10, 33, 8, 3, 17, 8, 0]"
disability,"['D', 'IH', 'S', 'AH', 'B', 'IH', 'L', 'IH', 'T', 'IY']","['dis', 'ab', 'il', 'ity']",['disability'],0.3,1.62e-05,"[18, 10, 31, 3, 16, 10, 25, 10]"
initiative,"['IH', 'N', 'IH', 'SH', 'AH', 'T', 'IH', 'V']","['ini', 'ti', 'at', 'ive']",['initiative'],0.3,2.29e-05,"[10, 27, 10, 32, 3, 33, 10, 35]"
indicating,"['IH', 'N', 'D', 'AH', 'K', 'EY', 'T', 'IH', 'NG']","['in', 'dic', 'at', 'ing']",['indicating'],0.3,1.23e-05,"[10, 27, 18, 3, 24, 9, 33, 10]"
mysterious,"['M', 'IH', 'S', 'T', 'IH', 'R', 'IY', 'AH', 'S']","['mys', 'ter', 'i', 'ous']",['mysterious'],0.3,1.48e-05,"[26, 10, 31, 33, 10, 30, 11, 3]"
adaptation,"['AE', 'D', 'AH', 'P', 'T', 'EY', 'SH', 'AH', 'N']","['ad', 'apt', 'a', 'tion']",['adaptation'],0.3,1.02e-05,"[2, 18, 3, 29, 33, 9, 32, 3]"
limitation,"['L', 'IH', 'M', 'IH', 'T', 'EY', 'SH', 'AH', 'N']","['lim', 'it', 'a', 'tion']",['limitation'],0.3,5.13e-06,"[25, 10, 26, 10, 33, 9, 32, 3]"
bestiality,"['B', 'EH', 'S', 'CH', 'AE', 'L', 'IH', 'T', 'IY']","['bes', 'ti', 'al', 'ity']","['best', 'ial', 'ity']",0.3,4.17e-07,"[16, 7, 31, 17, 2, 25, 10, 33]"
relocation,"['R', 'IY', 'L', 'OW', 'K', 'EY', 'SH', 'AH', 'N']","['re', 'lo', 'ca', 'tion']",['relocation'],0.3,3.72e-06,"[30, 11, 25, 12, 24, 9, 32, 3]"
generating,"['JH', 'EH', 'N', 'ER', 'EY', 'T', 'IH', 'NG']","['gen', 'er', 'at', 'ing']",['generating'],0.3,9.77e-06,"[23, 7, 27, 8, 9, 33, 10, 28]"
repository,"['R', 'IY', 'P', 'AA', 'Z', 'AH', 'T', 'AO', 'R', 'IY']","['re', 'pos', 'it', 'ory']",['repository'],0.3,2.69e-06,"[30, 11, 29, 1, 38, 3, 33, 4]"
meditation,"['M', 'EH', 'D', 'AH', 'T', 'EY', 'SH', 'AH', 'N']","['med', 'it', 'a', 'tion']",['meditation'],0.3,8.91e-06,"[26, 7, 18, 3, 33, 9, 32, 3]"
resolution,"['R', 'EH', 'Z', 'AH', 'L', 'UW', 'SH', 'AH', 'N']","['res', 'ol', 'u', 'tion']",['resolution'],0.3,3.89e-05,"[30, 7, 38, 3, 25, 15, 32, 3]"
christians,"['K', 'R', 'IH', 'S', 'CH', 'AH', 'N', 'Z']","['chris', 'ti', 'ans']","['christ', 'ians']",0.3,2.34e-05,"[24, 30, 10, 31, 17, 3, 27, 38]"
violations,"['V', 'AY', 'AH', 'L', 'EY', 'SH', 'AH', 'N', 'Z']","['vi', 'ol', 'a', 'tions']",['violations'],0.3,9.77e-06,"[35, 6, 3, 25, 9, 32, 3, 27]"
developing,"['D', 'IH', 'V', 'EH', 'L', 'AH', 'P', 'IH', 'NG']","['de', 'vel', 'op', 'ing']",['developing'],0.3,4.57e-05,"[18, 10, 35, 7, 25, 3, 29, 10]"
historical,"['HH', 'IH', 'S', 'T', 'AO', 'R', 'IH', 'K', 'AH', 'L']","['his', 'tor', 'ic', 'al']",['historical'],0.3,4.9e-05,"[22, 10, 31, 33, 4, 30, 10, 24]"
expiration,"['EH', 'K', 'S', 'P', 'ER', 'EY', 'SH', 'AH', 'N']","['ex', 'pir', 'a', 'tion']",['expiration'],0.3,3.02e-06,"[7, 24, 31, 29, 8, 9, 32, 3]"
kazakhstan,"['K', 'AA', 'Z', 'AA', 'K', 'S', 'T', 'AA', 'N']","['kaza', 'kh', 'stan']","['k', 'az', 'akh', 'stan']",0.3,3.72e-06,"[24, 1, 38, 1, 24, 31, 33, 1]"
regulatory,"['R', 'EH', 'G', 'Y', 'AH', 'L', 'AH', 'T', 'AO', 'R', 'IY']","['reg', 'u', 'lat', 'ory']",['regulatory'],0.3,1.7e-05,"[30, 7, 21, 37, 3, 25, 3, 33]"
organizing,"['AO', 'R', 'G', 'AH', 'N', 'AY', 'Z', 'IH', 'NG']","['or', 'gan', 'iz', 'ing']",['organizing'],0.3,9.33e-06,"[4, 30, 21, 3, 27, 6, 38, 10]"
facilities,"['F', 'AH', 'S', 'IH', 'L', 'AH', 'T', 'IY', 'Z']","['fa', 'cil', 'it', 'ies']",['facilities'],0.3,4.57e-05,"[20, 3, 31, 10, 25, 3, 33, 11]"
indication,"['IH', 'N', 'D', 'AH', 'K', 'EY', 'SH', 'AH', 'N']","['in', 'dic', 'a', 'tion']",['indication'],0.3,1.15e-05,"[10, 27, 18, 3, 24, 9, 32, 3]"
separation,"['S', 'EH', 'P', 'ER', 'EY', 'SH', 'AH', 'N']","['sep', 'ar', 'a', 'tion']",['separation'],0.3,1.35e-05,"[31, 7, 29, 8, 9, 32, 3, 27]"
occupation,"['AA', 'K', 'Y', 'AH', 'P', 'EY', 'SH', 'AH', 'N']","['oc', 'cu', 'pa', 'tion']",['occupation'],0.3,1.58e-05,"[1, 24, 37, 3, 29, 9, 32, 3]"
insulation,"['IH', 'N', 'S', 'AH', 'L', 'EY', 'SH', 'AH', 'N']","['in', 'su', 'la', 'tion']",['insulation'],0.3,4.68e-06,"[10, 27, 31, 3, 25, 9, 32, 3]"
underlying,"['AH', 'N', 'D', 'ER', 'L', 'AY', 'IH', 'NG']","['un', 'der', 'ly', 'ing']",['underlying'],0.3,1.48e-05,"[3, 27, 18, 8, 25, 6, 10, 28]"
decorative,"['D', 'EH', 'K', 'R', 'AH', 'T', 'IH', 'V']","['dec', 'or', 'at', 'ive']",['decorative'],0.3,6.31e-06,"[18, 7, 24, 30, 3, 33, 10, 35]"
cincinnati,"['S', 'IH', 'N', 'S', 'AH', 'N', 'AE', 'T', 'IY']","['cin', 'cin', 'nati']","['c', 'incinnati']",0.3,9.12e-06,"[31, 10, 27, 31, 3, 27, 2, 33]"
priorities,"['P', 'R', 'AY', 'AO', 'R', 'AH', 'T', 'IY', 'Z']","['pri', 'or', 'it', 'ies']",['priorities'],0.3,1.15e-05,"[29, 30, 6, 4, 30, 3, 33, 11]"
portuguese,"['P', 'AO', 'R', 'CH', 'AH', 'G', 'IY', 'Z']","['por', 'tuguese']","['port', 'ug', 'uese']",0.3,1.07e-05,"[29, 4, 30, 17, 3, 21, 11, 38]"
unexpected,"['AH', 'N', 'IH', 'K', 'S', 'P', 'EH', 'K', 'T', 'IH', 'D']","['un', 'ex', 'pec', 'ted']",['unexpected'],0.3,1.7e-05,"[3, 27, 10, 24, 31, 29, 7, 24]"
estimation,"['EH', 'S', 'T', 'AH', 'M', 'EY', 'SH', 'AH', 'N']","['es', 'tim', 'a', 'tion']",['estimation'],0.3,2.88e-06,"[7, 31, 33, 3, 26, 9, 32, 3]"
innovation,"['IH', 'N', 'AH', 'V', 'EY', 'SH', 'AH', 'N']","['in', 'nov', 'a', 'tion']",['innovation'],0.3,2.09e-05,"[10, 27, 3, 35, 9, 32, 3, 27]"
individual,"['IH', 'N', 'D', 'AH', 'V', 'IH', 'JH', 'AH', 'W', 'AH', 'L']","['in', 'di', 'vidu', 'al']",['individual'],0.3,0.0001,"[10, 27, 18, 3, 35, 10, 23, 3]"
litigation,"['L', 'IH', 'T', 'AH', 'G', 'EY', 'SH', 'AH', 'N']","['lit', 'ig', 'a', 'tion']",['litigation'],0.3,8.51e-06,"[25, 10, 33, 3, 21, 9, 32, 3]"
securities,"['S', 'IH', 'K', 'Y', 'UH', 'R', 'AH', 'T', 'IY', 'Z']","['se', 'cur', 'it', 'ies']",['securities'],0.3,1.74e-05,"[31, 10, 24, 37, 14, 30, 3, 33]"
regulation,"['R', 'EH', 'G', 'Y', 'AH', 'L', 'EY', 'SH', 'AH', 'N']","['reg', 'u', 'la', 'tion']",['regulation'],0.3,2.4e-05,"[30, 7, 21, 37, 3, 25, 9, 32]"
irrigation,"['IH', 'R', 'AH', 'G', 'EY', 'SH', 'AH', 'N']","['ir', 'rig', 'a', 'tion']",['irrigation'],0.3,4.9e-06,"[10, 30, 3, 21, 9, 32, 3, 27]"
visibility,"['V', 'IH', 'Z', 'AH', 'B', 'IH', 'L', 'IH', 'T', 'IY']","['vis', 'ib', 'il', 'ity']",['visibility'],0.3,6.03e-06,"[35, 10, 38, 3, 16, 10, 25, 10]"
mechanical,"['M', 'AH', 'K', 'AE', 'N', 'IH', 'K', 'AH', 'L']","['mech', 'an', 'ic', 'al']",['mechanical'],0.3,2.14e-05,"[26, 3, 24, 2, 27, 10, 24, 3]"
editorials,"['EH', 'D', 'AH', 'T', 'AO', 'R', 'IY', 'AH', 'L', 'Z']","['ed', 'it', 'or', 'i', 'als']","['editor', 'ials']",0.3,1.05e-06,"[7, 18, 3, 33, 4, 30, 11, 3]"
britannica,"['B', 'R', 'IH', 'T', 'AE', 'N', 'IH', 'K', 'AH']","['brit', 'an', 'nica']","['b', 'rit', 'ann', 'ica']",0.3,5.5e-07,"[16, 30, 10, 33, 2, 27, 10, 24]"
calculator,"['K', 'AE', 'L', 'K', 'Y', 'AH', 'L', 'EY', 'T', 'ER']","['cal', 'cu', 'lat', 'or']",['calculator'],0.3,3.63e-06,"[24, 2, 25, 24, 37, 3, 25, 9]"
artificial,"['AA', 'R', 'T', 'AH', 'F', 'IH', 'SH', 'AH', 'L']","['ar', 'ti', 'fi', 'cial']",['artificial'],0.3,1.74e-05,"[1, 30, 33, 3, 20, 10, 32, 3]"
industrial,"['IH', 'N', 'D', 'AH', 'S', 'T', 'R', 'IY', 'AH', 'L']","['in', 'dus', 'tri', 'al']",['industrial'],0.3,5.13e-05,"[10, 27, 18, 3, 31, 33, 30, 11]"
delivering,"['D', 'IH', 'L', 'IH', 'V', 'ER', 'IH', 'NG']","['de', 'liv', 'er', 'ing']",['delivering'],0.3,1.23e-05,"[18, 10, 25, 10, 35, 8, 10, 28]"
identifier,"['AY', 'D', 'EH', 'N', 'T', 'AH', 'F', 'AY', 'ER']","['iden', 'ti', 'fi', 'er']",['identifier'],0.3,1.32e-06,"[6, 18, 7, 27, 33, 3, 20, 6]"
indicators,"['IH', 'N', 'D', 'AH', 'K', 'EY', 'T', 'ER', 'Z']","['in', 'dic', 'at', 'ors']",['indicators'],0.3,6.76e-06,"[10, 27, 18, 3, 24, 9, 33, 8]"
capability,"['K', 'EY', 'P', 'AH', 'B', 'IH', 'L', 'AH', 'T', 'IY']","['cap', 'ab', 'il', 'ity']",['capability'],0.3,1.17e-05,"[24, 9, 29, 3, 16, 10, 25, 3]"
motivation,"['M', 'OW', 'T', 'AH', 'V', 'EY', 'SH', 'AH', 'N']","['mo', 'tiv', 'a', 'tion']",['motivation'],0.3,1.66e-05,"[26, 12, 33, 3, 35, 9, 32, 3]"
opposition,"['AA', 'P', 'AH', 'Z', 'IH', 'SH', 'AH', 'N']","['op', 'pos', 'i', 'tion']",['opposition'],0.3,3.72e-05,"[1, 29, 3, 38, 10, 32, 3, 27]"
yugoslavia,"['Y', 'UW', 'G', 'OW', 'S', 'L', 'AA', 'V', 'IY', 'AH']",['yugoslavia'],"['y', 'ug', 'oslav', 'ia']",0.3,3.16e-06,"[37, 15, 21, 12, 31, 25, 1, 35]"
associated,"['AH', 'S', 'OW', 'S', 'IY', 'EY', 'T', 'AH', 'D']","['as', 'so', 'ci', 'ated']",['associated'],0.3,7.76e-05,"[3, 31, 12, 31, 11, 9, 33, 3]"
chancellor,"['CH', 'AE', 'N', 'S', 'AH', 'L', 'ER']","['chan', 'cel', 'lor']","['ch', 'ancellor']",0.3,1.35e-05,"[17, 2, 27, 31, 3, 25, 8, 0]"
california,"['K', 'AE', 'L', 'AH', 'F', 'AO', 'R', 'N', 'Y', 'AH']","['cali', 'for', 'nia']","['cal', 'ifornia']",0.3,0.0001,"[24, 2, 25, 3, 20, 4, 30, 27]"
conceptual,"['K', 'AH', 'N', 'S', 'EH', 'P', 'CH', 'UW', 'AH', 'L']","['con', 'cep', 'tu', 'al']",['conceptual'],0.3,4.17e-06,"[24, 3, 27, 31, 7, 29, 17, 15]"
portsmouth,"['P', 'AO', 'R', 'T', 'S', 'M', 'AH', 'TH']","['ports', 'mouth']","['port', 'sm', 'outh']",0.3,3.98e-06,"[29, 4, 30, 33, 31, 26, 3, 34]"
relaxation,"['R', 'IY', 'L', 'AE', 'K', 'S', 'EY', 'SH', 'AH', 'N']","['re', 'lax', 'a', 'tion']",['relaxation'],0.3,5.13e-06,"[30, 11, 25, 2, 24, 31, 9, 32]"
affiliates,"['AH', 'F', 'IH', 'L', 'IY', 'AH', 'T', 'S']","['af', 'fil', 'i', 'ates']",['affiliates'],0.3,3.98e-06,"[3, 20, 10, 25, 11, 3, 33, 31]"
relatively,"['R', 'EH', 'L', 'AH', 'T', 'IH', 'V', 'L', 'IY']","['re', 'l', 'at', 'ively']",['relatively'],0.3,4.57e-05,"[30, 7, 25, 3, 33, 10, 35, 25]"
multimedia,"['M', 'AH', 'L', 'T', 'IY', 'M', 'IY', 'D', 'IY', 'AH']","['mul', 'ti', 'me', 'dia']",['multimedia'],0.3,3.63e-06,"[26, 3, 25, 33, 11, 26, 11, 18]"
pharmacies,"['F', 'AA', 'R', 'M', 'AH', 'S', 'IY', 'Z']","['phar', 'ma', 'cies']","['pharmac', 'ies']",0.3,1.51e-06,"[20, 1, 30, 26, 3, 31, 11, 38]"
delegation,"['D', 'EH', 'L', 'AH', 'G', 'EY', 'SH', 'AH', 'N']","['del', 'eg', 'a', 'tion']",['delegation'],0.3,8.32e-06,"[18, 7, 25, 3, 21, 9, 32, 3]"
generators,"['JH', 'EH', 'N', 'ER', 'EY', 'T', 'ER', 'Z']","['gen', 'er', 'at', 'ors']",['generators'],0.3,4.37e-06,"[23, 7, 27, 8, 9, 33, 8, 38]"
azerbaijan,"['AA', 'Z', 'ER', 'B', 'AY', 'JH', 'AA', 'N']",['azerbaijan'],"['a', 'zer', 'baij', 'an']",0.3,3.02e-06,"[1, 38, 8, 16, 6, 23, 1, 27]"
hypothesis,"['HH', 'AY', 'P', 'AA', 'TH', 'AH', 'S', 'AH', 'S']","['hy', 'po', 'thes', 'is']",['hypothesis'],0.3,7.41e-06,"[22, 6, 29, 1, 34, 3, 31, 3]"
associates,"['AH', 'S', 'OW', 'S', 'IY', 'AH', 'T', 'S']","['as', 'so', 'ci', 'ates']",['associates'],0.3,1.38e-05,"[3, 31, 12, 31, 11, 3, 33, 31]"
recipients,"['R', 'IH', 'S', 'IH', 'P', 'IY', 'AH', 'N', 'T', 'S']","['re', 'cip', 'i', 'ents']",['recipients'],0.3,6.61e-06,"[30, 10, 31, 10, 29, 11, 3, 27]"
comparison,"['K', 'AH', 'M', 'P', 'EH', 'R', 'AH', 'S', 'AH', 'N']","['com', 'par', 'is', 'on']",['comparison'],0.3,3.24e-05,"[24, 3, 26, 29, 7, 30, 3, 31]"
biological,"['B', 'AY', 'AH', 'L', 'AA', 'JH', 'IH', 'K', 'AH', 'L']","['bio', 'lo', 'gic', 'al']",['biological'],0.3,2.04e-05,"[16, 6, 3, 25, 1, 23, 10, 24]"
beneficial,"['B', 'EH', 'N', 'AH', 'F', 'IH', 'SH', 'AH', 'L']","['be', 'ne', 'fi', 'cial']",['beneficial'],0.3,1.2e-05,"[16, 7, 27, 3, 20, 10, 32, 3]"
volkswagen,"['V', 'OW', 'L', 'K', 'S', 'W', 'AE', 'G', 'AH', 'N']","['volk', 'swa', 'gen']","['vol', 'kswagen']",0.3,3.16e-06,"[35, 12, 25, 24, 31, 36, 2, 21]"
generation,"['JH', 'EH', 'N', 'ER', 'EY', 'SH', 'AH', 'N']","['gen', 'er', 'a', 'tion']",['generation'],0.3,6.61e-05,"[23, 7, 27, 8, 9, 32, 3, 27]"
allocation,"['AE', 'L', 'AH', 'K', 'EY', 'SH', 'AH', 'N']","['al', 'loc', 'a', 'tion']",['allocation'],0.3,5.5e-06,"[2, 25, 3, 24, 9, 32, 3, 27]"
operations,"['AA', 'P', 'ER', 'EY', 'SH', 'AH', 'N', 'Z']","['op', 'er', 'a', 'tions']",['operations'],0.3,7.41e-05,"[1, 29, 8, 9, 32, 3, 27, 38]"
exhibition,"['EH', 'K', 'S', 'AH', 'B', 'IH', 'SH', 'AH', 'N']","['ex', 'hib', 'i', 'tion']",['exhibition'],0.3,2.34e-05,"[7, 24, 31, 3, 16, 10, 32, 3]"
horizontal,"['HH', 'AO', 'R', 'AH', 'Z', 'AA', 'N', 'T', 'AH', 'L']","['ho', 'ri', 'zont', 'al']",['horizontal'],0.3,7.94e-06,"[22, 4, 30, 3, 38, 1, 27, 33]"
vegetarian,"['V', 'EH', 'JH', 'AH', 'T', 'EH', 'R', 'IY', 'AH', 'N']","['ve', 'get', 'ari', 'an']",['vegetarian'],0.3,6.03e-06,"[35, 7, 23, 3, 33, 7, 30, 11]"
activation,"['AE', 'K', 'T', 'AH', 'V', 'EY', 'SH', 'AH', 'N']","['ac', 'tiv', 'a', 'tion']",['activation'],0.3,6.76e-06,"[2, 24, 33, 3, 35, 9, 32, 3]"
nomination,"['N', 'AA', 'M', 'AH', 'N', 'EY', 'SH', 'AH', 'N']","['nom', 'in', 'a', 'tion']",['nomination'],0.3,1.17e-05,"[27, 1, 26, 3, 27, 9, 32, 3]"
occasional,"['AH', 'K', 'EY', 'ZH', 'AH', 'N', 'AH', 'L']","['oc', 'ca', 'sion', 'al']",['occasional'],0.3,1.32e-05,"[3, 24, 9, 39, 3, 27, 3, 25]"
systematic,"['S', 'IH', 'S', 'T', 'AH', 'M', 'AE', 'T', 'IH', 'K']","['sys', 'tem', 'at', 'ic']",['systematic'],0.3,7.41e-06,"[31, 10, 31, 33, 3, 26, 2, 33]"
ecological,"['IY', 'K', 'AH', 'L', 'AA', 'JH', 'IH', 'K', 'AH', 'L']","['eco', 'lo', 'gic', 'al']",['ecological'],0.3,6.03e-06,"[11, 24, 3, 25, 1, 23, 10, 24]"
institutes,"['IH', 'N', 'S', 'T', 'AH', 'T', 'UW', 'T', 'S']","['in', 'sti', 'tutes']","['inst', 'itutes']",0.3,5.25e-06,"[10, 27, 31, 33, 3, 33, 15, 33]"
birmingham,"['B', 'ER', 'M', 'IH', 'NG', 'HH', 'AE', 'M']","['birm', 'ing', 'ham']","['b', 'irmingham']",0.3,1.51e-05,"[16, 8, 26, 10, 28, 22, 2, 26]"
decorating,"['D', 'EH', 'K', 'ER', 'EY', 'T', 'IH', 'NG']","['dec', 'or', 'at', 'ing']",['decorating'],0.3,2.29e-06,"[18, 7, 24, 8, 9, 33, 10, 28]"
affiliated,"['AH', 'F', 'IH', 'L', 'IY', 'EY', 'T', 'AH', 'D']","['af', 'fil', 'i', 'ated']",['affiliated'],0.3,9.12e-06,"[3, 20, 10, 25, 11, 9, 33, 3]"
simulation,"['S', 'IH', 'M', 'Y', 'AH', 'L', 'EY', 'SH', 'AH', 'N']","['sim', 'u', 'la', 'tion']",['simulation'],0.3,8.71e-06,"[31, 10, 26, 37, 3, 25, 9, 32]"
australian,"['AO', 'S', 'T', 'R', 'EY', 'L', 'Y', 'AH', 'N']","['aus', 'trali', 'an']","['a', 'ustralian']",0.3,8.51e-05,"[4, 31, 33, 30, 9, 25, 37, 3]"
cumulative,"['K', 'Y', 'UW', 'M', 'Y', 'AH', 'L', 'AH', 'T', 'IH', 'V']","['cu', 'mu', 'lat', 'ive']",['cumulative'],0.3,3.55e-06,"[24, 37, 15, 26, 37, 3, 25, 3]"
ambassador,"['AE', 'M', 'B', 'AE', 'S', 'AH', 'D', 'ER']","['am', 'bas', 'sad', 'or']",['ambassador'],0.3,2.24e-05,"[2, 26, 16, 2, 31, 3, 18, 8]"
vegetation,"['V', 'EH', 'JH', 'AH', 'T', 'EY', 'SH', 'AH', 'N']","['ve', 'get', 'a', 'tion']",['vegetation'],0.3,5.89e-06,"[35, 7, 23, 3, 33, 9, 32, 3]"
experience,"['IH', 'K', 'S', 'P', 'IH', 'R', 'IY', 'AH', 'N', 'S']","['ex', 'per', 'i', 'ence']",['experience'],0.3,0.000186,"[10, 24, 31, 29, 10, 30, 11, 3]"
psychiatry,"['S', 'AY', 'K', 'AY', 'AH', 'T', 'R', 'IY']","['psy', 'chi', 'atry']","['psychiat', 'ry']",0.3,3.63e-06,"[31, 6, 24, 6, 3, 33, 30, 11]"
appreciate,"['AH', 'P', 'R', 'IY', 'SH', 'IY', 'EY', 'T']","['ap', 'pre', 'ci', 'ate']",['appreciate'],0.3,5.5e-05,"[3, 29, 30, 11, 32, 11, 9, 33]"
analytical,"['AE', 'N', 'AH', 'L', 'IH', 'T', 'IH', 'K', 'AH', 'L']","['ana', 'lyt', 'ic', 'al']",['analytical'],0.3,5.37e-06,"[2, 27, 3, 25, 10, 33, 10, 24]"
invitation,"['IH', 'N', 'V', 'IH', 'T', 'EY', 'SH', 'AH', 'N']","['in', 'vit', 'a', 'tion']",['invitation'],0.3,1.38e-05,"[10, 27, 35, 10, 33, 9, 32, 3]"
population,"['P', 'AA', 'P', 'Y', 'AH', 'L', 'EY', 'SH', 'AH', 'N']","['pop', 'u', 'la', 'tion']",['population'],0.3,0.000102,"[29, 1, 29, 37, 3, 25, 9, 32]"
subsidiary,"['S', 'AH', 'B', 'S', 'IH', 'D', 'IY', 'EH', 'R', 'IY']","['sub', 'si', 'di', 'ary']",['subsidiary'],0.3,8.32e-06,"[31, 3, 16, 31, 10, 18, 11, 7]"
wellington,"['W', 'EH', 'L', 'IH', 'NG', 'T', 'AH', 'N']","['wel', 'ling', 'ton']","['well', 'ington']",0.3,6.61e-06,"[36, 7, 25, 10, 28, 33, 3, 27]"
obligation,"['AA', 'B', 'L', 'AH', 'G', 'EY', 'SH', 'AH', 'N']","['ob', 'lig', 'a', 'tion']",['obligation'],0.3,1.17e-05,"[1, 16, 25, 3, 21, 9, 32, 3]"
executives,"['IH', 'G', 'Z', 'EH', 'K', 'Y', 'AH', 'T', 'IH', 'V', 'Z']","['ex', 'ec', 'ut', 'ives']",['executives'],0.3,1.07e-05,"[10, 21, 38, 7, 24, 37, 3, 33]"
navigation,"['N', 'AE', 'V', 'AH', 'G', 'EY', 'SH', 'AH', 'N']","['nav', 'ig', 'a', 'tion']",['navigation'],0.3,1.07e-05,"[27, 2, 35, 3, 21, 9, 32, 3]"
revelation,"['R', 'EH', 'V', 'AH', 'L', 'EY', 'SH', 'AH', 'N']","['rev', 'el', 'a', 'tion']",['revelation'],0.3,9.12e-06,"[30, 7, 35, 3, 25, 9, 32, 3]"
karaoke,"['K', 'EH', 'R', 'IY', 'OW', 'K', 'IY']",['karaoke'],"['k', 'ara', 'oke']",0.2857142857142857,2.69e-06,"[24, 7, 30, 11, 12, 24, 11, 0]"
acrylic,"['AH', 'K', 'R', 'IH', 'L', 'IH', 'K']","['ac', 'ryl', 'ic']",['acrylic'],0.2857142857142857,2.63e-06,"[3, 24, 30, 10, 25, 10, 24, 0]"
organic,"['AO', 'R', 'G', 'AE', 'N', 'IH', 'K']","['or', 'gan', 'ic']",['organic'],0.2857142857142857,2.51e-05,"[4, 30, 21, 2, 27, 10, 24, 0]"
shannon,"['SH', 'AE', 'N', 'AH', 'N']","['shan', 'non']","['sh', 'annon']",0.2857142857142857,5.75e-06,"[32, 2, 27, 3, 27, 0, 0, 0]"
anthony,"['AE', 'N', 'TH', 'AH', 'N', 'IY']","['an', 'thony']","['anth', 'ony']",0.2857142857142857,2.57e-05,"[2, 27, 34, 3, 27, 11, 0, 0]"
ongoing,"['AA', 'N', 'G', 'OW', 'IH', 'NG']","['on', 'go', 'ing']",['ongoing'],0.2857142857142857,2.09e-05,"[1, 27, 21, 12, 10, 28, 0, 0]"
generic,"['JH', 'AH', 'N', 'EH', 'R', 'IH', 'K']","['gen', 'er', 'ic']",['generic'],0.2857142857142857,1.29e-05,"[23, 3, 27, 7, 30, 10, 24, 0]"
identification,"['AY', 'D', 'EH', 'N', 'T', 'AH', 'F', 'AH', 'K', 'EY', 'SH', 'AH', 'N']","['iden', 'ti', 'fic', 'a', 'tion']",['identification'],0.2857142857142857,1.51e-05,"[6, 18, 7, 27, 33, 3, 20, 3]"
niagara,"['N', 'AY', 'AE', 'G', 'R', 'AH']",['niagara'],"['n', 'i', 'agara']",0.2857142857142857,3.31e-06,"[27, 6, 2, 21, 30, 3, 0, 0]"
deutsch,"['D', 'OY', 'CH']",['deutsch'],"['de', 'uts', 'ch']",0.2857142857142857,9.77e-07,"[18, 13, 17, 0, 0, 0, 0, 0]"
visitor,"['V', 'IH', 'Z', 'AH', 'T', 'ER']","['vis', 'it', 'or']",['visitor'],0.2857142857142857,1.02e-05,"[35, 10, 38, 3, 33, 8, 0, 0]"
classification,"['K', 'L', 'AE', 'S', 'AH', 'F', 'AH', 'K', 'EY', 'SH', 'AH', 'N']","['clas', 'si', 'fic', 'a', 'tion']",['classification'],0.2857142857142857,1.51e-05,"[24, 25, 2, 31, 3, 20, 3, 24]"
another,"['AH', 'N', 'AH', 'DH', 'ER']","['an', 'oth', 'er']",['another'],0.2857142857142857,0.00055,"[3, 27, 3, 19, 8, 0, 0, 0]"
capital,"['K', 'AE', 'P', 'AH', 'T', 'AH', 'L']","['cap', 'it', 'al']",['capital'],0.2857142857142857,0.000102,"[24, 2, 29, 3, 33, 3, 25, 0]"
horizon,"['HH', 'ER', 'AY', 'Z', 'AH', 'N']","['ho', 'ri', 'zon']",['horizon'],0.2857142857142857,1.17e-05,"[22, 8, 6, 38, 3, 27, 0, 0]"
swedish,"['S', 'W', 'IY', 'D', 'IH', 'SH']",['swedish'],"['sw', 'ed', 'ish']",0.2857142857142857,1.62e-05,"[31, 36, 11, 18, 10, 32, 0, 0]"
funeral,"['F', 'Y', 'UW', 'N', 'ER', 'AH', 'L']","['fu', 'ner', 'al']",['funeral'],0.2857142857142857,2.34e-05,"[20, 37, 15, 27, 8, 3, 25, 0]"
optimum,"['AA', 'P', 'T', 'AH', 'M', 'AH', 'M']","['op', 'tim', 'um']",['optimum'],0.2857142857142857,3.47e-06,"[1, 29, 33, 3, 26, 3, 26, 0]"
existed,"['IH', 'G', 'Z', 'IH', 'S', 'T', 'AH', 'D']","['ex', 'is', 'ted']",['existed'],0.2857142857142857,1.95e-05,"[10, 21, 38, 10, 31, 33, 3, 18]"
examine,"['IH', 'G', 'Z', 'AE', 'M', 'IH', 'N']","['ex', 'am', 'ine']",['examine'],0.2857142857142857,1.51e-05,"[10, 21, 38, 2, 26, 10, 27, 0]"
bristol,"['B', 'R', 'IH', 'S', 'T', 'AH', 'L']","['bris', 'tol']","['b', 'ristol']",0.2857142857142857,1.07e-05,"[16, 30, 10, 31, 33, 3, 25, 0]"
cardiovascular,"['K', 'AA', 'R', 'D', 'IY', 'OW', 'V', 'AE', 'S', 'K', 'Y', 'AH', 'L', 'ER']","['car', 'di', 'ovas', 'cu', 'lar']",['cardiovascular'],0.2857142857142857,4.79e-06,"[24, 1, 30, 18, 11, 12, 35, 2]"
beverly,"['B', 'EH', 'V', 'ER', 'L', 'IY']",['beverly'],"['be', 'ver', 'ly']",0.2857142857142857,7.41e-06,"[16, 7, 35, 8, 25, 11, 0, 0]"
seminar,"['S', 'EH', 'M', 'AH', 'N', 'AA', 'R']","['sem', 'in', 'ar']",['seminar'],0.2857142857142857,5.89e-06,"[31, 7, 26, 3, 27, 1, 30, 0]"
quizzes,"['K', 'W', 'IH', 'Z', 'IH', 'Z']",['quizzes'],"['qu', 'izz', 'es']",0.2857142857142857,1.12e-06,"[24, 36, 10, 38, 10, 38, 0, 0]"
cornell,"['K', 'AO', 'R', 'N', 'EH', 'L']","['cor', 'nell']","['corn', 'ell']",0.2857142857142857,4.9e-06,"[24, 4, 30, 27, 7, 25, 0, 0]"
chelsea,"['CH', 'EH', 'L', 'S', 'IY']",['chelsea'],"['che', 'l', 'sea']",0.2857142857142857,2.24e-05,"[17, 7, 25, 31, 11, 0, 0, 0]"
revenue,"['R', 'EH', 'V', 'AH', 'N', 'UW']","['rev', 'en', 'ue']",['revenue'],0.2857142857142857,4.37e-05,"[30, 7, 35, 3, 27, 15, 0, 0]"
investigations,"['IH', 'N', 'V', 'EH', 'S', 'T', 'AH', 'G', 'EY', 'SH', 'AH', 'N', 'Z']","['in', 'vest', 'ig', 'a', 'tions']",['investigations'],0.2857142857142857,1.62e-05,"[10, 27, 35, 7, 31, 33, 3, 21]"
responsibility,"['R', 'IY', 'S', 'P', 'AA', 'N', 'S', 'AH', 'B', 'IH', 'L', 'AH', 'T', 'IY']","['re', 'spons', 'ib', 'il', 'ity']",['responsibility'],0.2857142857142857,5.62e-05,"[30, 11, 31, 29, 1, 27, 31, 3]"
ecuador,"['EH', 'K', 'W', 'AH', 'D', 'AO', 'R']",['ecuador'],"['ec', 'u', 'ador']",0.2857142857142857,4.37e-06,"[7, 24, 36, 3, 18, 4, 30, 0]"
hampton,"['HH', 'AE', 'M', 'P', 'T', 'AH', 'N']","['hamp', 'ton']","['ham', 'pton']",0.2857142857142857,4.47e-06,"[22, 2, 26, 29, 33, 3, 27, 0]"
veteran,"['V', 'EH', 'T', 'ER', 'AH', 'N']","['vet', 'er', 'an']",['veteran'],0.2857142857142857,1.62e-05,"[35, 7, 33, 8, 3, 27, 0, 0]"
prairie,"['P', 'R', 'EH', 'R', 'IY']","['prair', 'ie']","['pra', 'irie']",0.2857142857142857,5.01e-06,"[29, 30, 7, 30, 11, 0, 0, 0]"
modular,"['M', 'AA', 'JH', 'AH', 'L', 'ER']","['mod', 'u', 'lar']",['modular'],0.2857142857142857,3.24e-06,"[26, 1, 23, 3, 25, 8, 0, 0]"
logical,"['L', 'AA', 'JH', 'IH', 'K', 'AH', 'L']","['lo', 'gic', 'al']",['logical'],0.2857142857142857,1.38e-05,"[25, 1, 23, 10, 24, 3, 25, 0]"
accommodations,"['AH', 'K', 'AA', 'M', 'AH', 'D', 'EY', 'SH', 'AH', 'N', 'Z']","['ac', 'com', 'mod', 'a', 'tions']",['accommodations'],0.2857142857142857,3.02e-06,"[3, 24, 1, 26, 3, 18, 9, 32]"
editors,"['EH', 'D', 'IH', 'T', 'ER', 'Z']","['ed', 'it', 'ors']",['editors'],0.2857142857142857,1.1e-05,"[7, 18, 10, 33, 8, 38, 0, 0]"
removal,"['R', 'IH', 'M', 'UW', 'V', 'AH', 'L']","['re', 'mov', 'al']",['removal'],0.2857142857142857,2.24e-05,"[30, 10, 26, 15, 35, 3, 25, 0]"
concord,"['K', 'AA', 'N', 'K', 'AO', 'R', 'D']","['con', 'cord']","['conc', 'ord']",0.2857142857142857,2.95e-06,"[24, 1, 27, 24, 4, 30, 18, 0]"
tuesday,"['T', 'UW', 'Z', 'D', 'IY']","['tues', 'day']","['t', 'uesday']",0.2857142857142857,4.27e-05,"[33, 15, 38, 18, 11, 0, 0, 0]"
minimum,"['M', 'IH', 'N', 'AH', 'M', 'AH', 'M']","['min', 'im', 'um']",['minimum'],0.2857142857142857,4.9e-05,"[26, 10, 27, 3, 26, 3, 26, 0]"
optical,"['AA', 'P', 'T', 'IH', 'K', 'AH', 'L']","['op', 'tic', 'al']",['optical'],0.2857142857142857,1.17e-05,"[1, 29, 33, 10, 24, 3, 25, 0]"
senator,"['S', 'EH', 'N', 'AH', 'T', 'ER']","['sen', 'at', 'or']",['senator'],0.2857142857142857,3.8e-05,"[31, 7, 27, 3, 33, 8, 0, 0]"
average,"['AE', 'V', 'ER', 'IH', 'JH']","['av', 'er', 'age']",['average'],0.2857142857142857,0.000145,"[2, 35, 8, 10, 23, 0, 0, 0]"
mexican,"['M', 'EH', 'K', 'S', 'AH', 'K', 'AH', 'N']","['mex', 'ic', 'an']","['me', 'x', 'ican']",0.2857142857142857,2.57e-05,"[26, 7, 24, 31, 3, 24, 3, 27]"
commons,"['K', 'AA', 'M', 'AH', 'N', 'Z']","['com', 'mons']","['comm', 'ons']",0.2857142857142857,1.38e-05,"[24, 1, 26, 3, 27, 38, 0, 0]"
clinton,"['K', 'L', 'IH', 'N', 'T', 'AH', 'N']","['clin', 'ton']","['cl', 'inton']",0.2857142857142857,3.72e-05,"[24, 25, 10, 27, 33, 3, 27, 0]"
invalid,"['IH', 'N', 'V', 'AH', 'L', 'AH', 'D']","['in', 'val', 'id']",['invalid'],0.2857142857142857,6.03e-06,"[10, 27, 35, 3, 25, 3, 18, 0]"
lindsay,"['L', 'IH', 'N', 'D', 'Z', 'IY']","['lind', 'say']","['l', 'indsay']",0.2857142857142857,6.46e-06,"[25, 10, 27, 18, 38, 11, 0, 0]"
amateur,"['AE', 'M', 'AH', 'T', 'ER']","['am', 'a', 'teur']",['amateur'],0.2857142857142857,1.66e-05,"[2, 26, 3, 33, 8, 0, 0, 0]"
qualifications,"['K', 'W', 'AA', 'L', 'AH', 'F', 'AH', 'K', 'EY', 'SH', 'AH', 'N', 'Z']","['qual', 'i', 'fic', 'a', 'tions']",['qualifications'],0.2857142857142857,7.59e-06,"[24, 36, 1, 25, 3, 20, 3, 24]"
develop,"['D', 'IH', 'V', 'EH', 'L', 'AH', 'P']","['de', 'vel', 'op']",['develop'],0.2857142857142857,5.62e-05,"[18, 10, 35, 7, 25, 3, 29, 0]"
animals,"['AE', 'N', 'AH', 'M', 'AH', 'L', 'Z']","['an', 'im', 'als']",['animals'],0.2857142857142857,6.92e-05,"[2, 27, 3, 26, 3, 25, 38, 0]"
pharmaceutical,"['F', 'AA', 'R', 'M', 'AH', 'S', 'UW', 'T', 'IH', 'K', 'AH', 'L']","['phar', 'ma', 'ceut', 'ic', 'al']",['pharmaceutical'],0.2857142857142857,7.94e-06,"[20, 1, 30, 26, 3, 31, 15, 33]"
studios,"['S', 'T', 'UW', 'D', 'IY', 'OW', 'Z']","['stu', 'di', 'os']",['studios'],0.2857142857142857,1.26e-05,"[31, 33, 15, 18, 11, 12, 38, 0]"
theorem,"['TH', 'IH', 'R', 'AH', 'M']","['the', 'or', 'em']",['theorem'],0.2857142857142857,5.13e-06,"[34, 10, 30, 3, 26, 0, 0, 0]"
finnish,"['F', 'IH', 'N', 'IH', 'SH']",['finnish'],"['fin', 'n', 'ish']",0.2857142857142857,4.68e-06,"[20, 10, 27, 10, 32, 0, 0, 0]"
bahrain,"['B', 'AA', 'R', 'EY', 'N']",['bahrain'],"['b', 'ah', 'rain']",0.2857142857142857,3.89e-06,"[16, 1, 30, 9, 27, 0, 0, 0]"
tunisia,"['T', 'UW', 'N', 'IY', 'ZH', 'AH']",['tunisia'],"['tun', 'is', 'ia']",0.2857142857142857,3.72e-06,"[33, 15, 27, 11, 39, 3, 0, 0]"
characteristic,"['K', 'EH', 'R', 'AH', 'K', 'T', 'ER', 'IH', 'S', 'T', 'IH', 'K']","['char', 'ac', 'ter', 'ist', 'ic']",['characteristic'],0.2857142857142857,9.33e-06,"[24, 7, 30, 3, 24, 33, 8, 10]"
creator,"['K', 'R', 'IY', 'EY', 'T', 'ER']","['cre', 'at', 'or']",['creator'],0.2857142857142857,1.62e-05,"[24, 30, 11, 9, 33, 8, 0, 0]"
constitutional,"['K', 'AA', 'N', 'S', 'T', 'AH', 'T', 'UW', 'SH', 'AH', 'N', 'AH', 'L']","['con', 'sti', 'tu', 'tion', 'al']",['constitutional'],0.2857142857142857,2.14e-05,"[24, 1, 27, 31, 33, 3, 33, 15]"
stadium,"['S', 'T', 'EY', 'D', 'IY', 'AH', 'M']","['sta', 'di', 'um']",['stadium'],0.2857142857142857,4.27e-05,"[31, 33, 9, 18, 11, 3, 26, 0]"
monitor,"['M', 'AA', 'N', 'AH', 'T', 'ER']","['mon', 'it', 'or']",['monitor'],0.2857142857142857,2.34e-05,"[26, 1, 27, 3, 33, 8, 0, 0]"
mineral,"['M', 'IH', 'N', 'ER', 'AH', 'L']","['min', 'er', 'al']",['mineral'],0.2857142857142857,1.07e-05,"[26, 10, 27, 8, 3, 25, 0, 0]"
maximum,"['M', 'AE', 'K', 'S', 'AH', 'M', 'AH', 'M']","['max', 'im', 'um']",['maximum'],0.2857142857142857,3.98e-05,"[26, 2, 24, 31, 3, 26, 3, 26]"
wallace,"['W', 'AO', 'L', 'AH', 'S']","['wal', 'lace']","['wall', 'ace']",0.2857142857142857,1.12e-05,"[36, 4, 25, 3, 31, 0, 0, 0]"
hamburg,"['HH', 'AE', 'M', 'B', 'ER', 'G']","['ham', 'burg']","['h', 'amburg']",0.2857142857142857,4.17e-06,"[22, 2, 26, 16, 8, 21, 0, 0]"
penguin,"['P', 'EH', 'NG', 'G', 'W', 'AH', 'N']","['pen', 'guin']","['p', 'enguin']",0.2857142857142857,6.03e-06,"[29, 7, 28, 21, 36, 3, 27, 0]"
magical,"['M', 'AE', 'JH', 'IH', 'K', 'AH', 'L']","['ma', 'gic', 'al']",['magical'],0.2857142857142857,1.66e-05,"[26, 2, 23, 10, 24, 3, 25, 0]"
typical,"['T', 'IH', 'P', 'AH', 'K', 'AH', 'L']","['typ', 'ic', 'al']",['typical'],0.2857142857142857,3.89e-05,"[33, 10, 29, 3, 24, 3, 25, 0]"
habitat,"['HH', 'AE', 'B', 'AH', 'T', 'AE', 'T']","['hab', 'it', 'at']",['habitat'],0.2857142857142857,9.55e-06,"[22, 2, 16, 3, 33, 2, 33, 0]"
mobiles,"['M', 'OW', 'B', 'AH', 'L', 'Z']","['mo', 'biles']","['mob', 'iles']",0.2857142857142857,1.15e-06,"[26, 12, 16, 3, 25, 38, 0, 0]"
spencer,"['S', 'P', 'EH', 'N', 'S', 'ER']","['spen', 'cer']","['sp', 'encer']",0.2857142857142857,1.17e-05,"[31, 29, 7, 27, 31, 8, 0, 0]"
wichita,"['W', 'IH', 'CH', 'AH', 'T', 'AO']",['wichita'],"['w', 'ich', 'ita']",0.2857142857142857,2.69e-06,"[36, 10, 17, 3, 33, 4, 0, 0]"
administration,"['AE', 'D', 'M', 'IH', 'N', 'IH', 'S', 'T', 'R', 'EY', 'SH', 'AH', 'N']","['ad', 'min', 'is', 'tra', 'tion']",['administration'],0.2857142857142857,8.51e-05,"[2, 18, 26, 10, 27, 10, 31, 33]"
authentication,"['AO', 'TH', 'EH', 'N', 'T', 'AH', 'K', 'EY', 'SH', 'AH', 'N']","['au', 'then', 'tic', 'a', 'tion']",['authentication'],0.2857142857142857,2.24e-06,"[4, 34, 7, 27, 33, 3, 24, 9]"
uruguay,"['Y', 'ER', 'AH', 'G', 'W', 'EY']","['ur', 'uguay']","['ur', 'ug', 'u', 'ay']",0.2857142857142857,5.01e-06,"[37, 8, 3, 21, 36, 9, 0, 0]"
fujitsu,"['F', 'UW', 'JH', 'IH', 'T', 'S', 'UW']",['fujitsu'],"['f', 'uj', 'itsu']",0.2857142857142857,4.27e-07,"[20, 15, 23, 10, 33, 31, 15, 0]"
vitamin,"['V', 'AY', 'T', 'AH', 'M', 'AH', 'N']","['vit', 'am', 'in']",['vitamin'],0.2857142857142857,1.02e-05,"[35, 6, 33, 3, 26, 3, 27, 0]"
superintendent,"['S', 'UW', 'P', 'ER', 'AH', 'N', 'T', 'EH', 'N', 'D', 'AH', 'N', 'T']","['su', 'per', 'in', 'tend', 'ent']",['superintendent'],0.2857142857142857,9.33e-06,"[31, 15, 29, 8, 3, 27, 33, 7]"
illegal,"['IH', 'L', 'IY', 'G', 'AH', 'L']","['il', 'leg', 'al']",['illegal'],0.2857142857142857,4.79e-05,"[10, 25, 11, 21, 3, 25, 0, 0]"
rebates,"['R', 'IY', 'B', 'EY', 'T', 'S']","['re', 'bates']","['reb', 'ates']",0.2857142857142857,1.51e-06,"[30, 11, 16, 9, 33, 31, 0, 0]"
antonio,"['AE', 'N', 'T', 'OW', 'N', 'IY', 'OW']","['ant', 'o', 'nio']","['ant', 'on', 'io']",0.2857142857142857,1.48e-05,"[2, 27, 33, 12, 27, 11, 12, 0]"
silicon,"['S', 'IH', 'L', 'AH', 'K', 'AH', 'N']","['sil', 'ic', 'on']",['silicon'],0.2857142857142857,1e-05,"[31, 10, 25, 3, 24, 3, 27, 0]"
recommendation,"['R', 'EH', 'K', 'AH', 'M', 'AH', 'N', 'D', 'EY', 'SH', 'AH', 'N']","['re', 'com', 'mend', 'a', 'tion']",['recommendation'],0.2857142857142857,1.23e-05,"[30, 7, 24, 3, 26, 3, 27, 18]"
buffalo,"['B', 'AH', 'F', 'AH', 'L', 'OW']","['buf', 'falo']","['buff', 'alo']",0.2857142857142857,1.38e-05,"[16, 3, 20, 3, 25, 12, 0, 0]"
siemens,"['S', 'IY', 'M', 'AH', 'N', 'Z']",['siemens'],"['s', 'iem', 'ens']",0.2857142857142857,2.14e-06,"[31, 11, 26, 3, 27, 38, 0, 0]"
representative,"['R', 'EH', 'P', 'R', 'AH', 'Z', 'EH', 'N', 'T', 'AH', 'T', 'IH', 'V']","['rep', 'res', 'ent', 'at', 'ive']",['representative'],0.2857142857142857,3.72e-05,"[30, 7, 29, 30, 3, 38, 7, 27]"
aquatic,"['AH', 'K', 'W', 'AA', 'T', 'IH', 'K']","['aquat', 'ic']","['aqu', 'atic']",0.2857142857142857,4.17e-06,"[3, 24, 36, 1, 33, 10, 24, 0]"
ambient,"['AE', 'M', 'B', 'IY', 'AH', 'N', 'T']","['am', 'bi', 'ent']",['ambient'],0.2857142857142857,4.17e-06,"[2, 26, 16, 11, 3, 27, 33, 0]"
exhibit,"['IH', 'G', 'Z', 'IH', 'B', 'IH', 'T']","['ex', 'hib', 'it']",['exhibit'],0.2857142857142857,1.45e-05,"[10, 21, 38, 10, 16, 10, 33, 0]"
russell,"['R', 'AH', 'S', 'AH', 'L']","['rus', 'sell']","['r', 'ussell']",0.2857142857142857,2.14e-05,"[30, 3, 31, 3, 25, 0, 0, 0]"
obvious,"['AA', 'B', 'V', 'IY', 'AH', 'S']","['ob', 'vi', 'ous']",['obvious'],0.2857142857142857,4.27e-05,"[1, 16, 35, 11, 3, 31, 0, 0]"
accountability,"['AH', 'K', 'AW', 'N', 'T', 'AH', 'B', 'IH', 'L', 'IH', 'T', 'IY']","['ac', 'count', 'ab', 'il', 'ity']",['accountability'],0.2857142857142857,8.13e-06,"[3, 24, 5, 27, 33, 3, 16, 10]"
solomon,"['S', 'AA', 'L', 'AH', 'M', 'AH', 'N']","['so', 'lomon']","['sol', 'omon']",0.2857142857142857,6.46e-06,"[31, 1, 25, 3, 26, 3, 27, 0]"
satisfy,"['S', 'AE', 'T', 'AH', 'S', 'F', 'AY']","['sat', 'is', 'fy']",['satisfy'],0.2857142857142857,9.55e-06,"[31, 2, 33, 3, 31, 20, 6, 0]"
pacific,"['P', 'AH', 'S', 'IH', 'F', 'IH', 'K']","['pa', 'cific']","['pac', 'ific']",0.2857142857142857,3.89e-05,"[29, 3, 31, 10, 20, 10, 24, 0]"
adaptor,"['AH', 'D', 'AE', 'P', 'T', 'ER']","['ad', 'aptor']","['adapt', 'or']",0.2857142857142857,4.37e-07,"[3, 18, 2, 29, 33, 8, 0, 0]"
gilbert,"['G', 'IH', 'L', 'B', 'ER', 'T']","['gil', 'bert']","['g', 'ilbert']",0.2857142857142857,7.94e-06,"[21, 10, 25, 16, 8, 33, 0, 0]"
adapted,"['AH', 'D', 'AE', 'P', 'T', 'AH', 'D']","['ad', 'ap', 'ted']",['adapted'],0.2857142857142857,1.48e-05,"[3, 18, 2, 29, 33, 3, 18, 0]"
estates,"['IH', 'S', 'T', 'EY', 'T', 'S']","['es', 'tates']","['est', 'ates']",0.2857142857142857,7.59e-06,"[10, 31, 33, 9, 33, 31, 0, 0]"
federal,"['F', 'EH', 'D', 'ER', 'AH', 'L']","['fed', 'er', 'al']",['federal'],0.2857142857142857,0.000135,"[20, 7, 18, 8, 3, 25, 0, 0]"
sustainability,"['S', 'AH', 'S', 'T', 'EY', 'N', 'AH', 'B', 'IH', 'L', 'IH', 'T', 'IY']","['sus', 'tain', 'ab', 'il', 'ity']",['sustainability'],0.2857142857142857,5.89e-06,"[31, 3, 31, 33, 9, 27, 3, 16]"
germany,"['JH', 'ER', 'M', 'AH', 'N', 'IY']","['ger', 'many']","['germ', 'any']",0.2857142857142857,7.94e-05,"[23, 8, 26, 3, 27, 11, 0, 0]"
sublime,"['S', 'AH', 'B', 'L', 'AY', 'M']","['sub', 'lime']","['subl', 'ime']",0.2857142857142857,3.02e-06,"[31, 3, 16, 25, 6, 26, 0, 0]"
olympic,"['OW', 'L', 'IH', 'M', 'P', 'IH', 'K']",['olympic'],"['o', 'lymp', 'ic']",0.2857142857142857,3.09e-05,"[12, 25, 10, 26, 29, 10, 24, 0]"
administrators,"['AE', 'D', 'M', 'IH', 'N', 'IH', 'S', 'T', 'R', 'EY', 'T', 'ER', 'Z']","['ad', 'min', 'is', 'trat', 'ors']",['administrators'],0.2857142857142857,7.08e-06,"[2, 18, 26, 10, 27, 10, 31, 33]"
realtor,"['R', 'IY', 'AH', 'L', 'T', 'ER']","['re', 'altor']","['real', 'tor']",0.2857142857142857,1.78e-06,"[30, 11, 3, 25, 33, 8, 0, 0]"
baghdad,"['B', 'AE', 'G', 'D', 'AE', 'D']","['bagh', 'dad']","['bag', 'hdad']",0.2857142857142857,4.37e-06,"[16, 2, 21, 18, 2, 18, 0, 0]"
apparel,"['AH', 'P', 'AE', 'R', 'AH', 'L']","['ap', 'par', 'el']",['apparel'],0.2857142857142857,5.25e-06,"[3, 29, 2, 30, 3, 25, 0, 0]"
radical,"['R', 'AE', 'D', 'AH', 'K', 'AH', 'L']","['rad', 'ic', 'al']",['radical'],0.2857142857142857,2.14e-05,"[30, 2, 18, 3, 24, 3, 25, 0]"
detroit,"['D', 'IH', 'T', 'R', 'OY', 'T']","['de', 'troit']","['det', 'roit']",0.2857142857142857,2.24e-05,"[18, 10, 33, 30, 13, 33, 0, 0]"
representation,"['R', 'EH', 'P', 'R', 'AH', 'Z', 'EH', 'N', 'T', 'EY', 'SH', 'AH', 'N']","['rep', 'res', 'ent', 'a', 'tion']",['representation'],0.2857142857142857,2.19e-05,"[30, 7, 29, 30, 3, 38, 7, 27]"
toshiba,"['T', 'OW', 'SH', 'IY', 'B', 'AH']",['toshiba'],"['to', 'sh', 'iba']",0.2857142857142857,1.1e-06,"[33, 12, 32, 11, 16, 3, 0, 0]"
hostels,"['HH', 'AA', 'S', 'T', 'AH', 'L', 'Z']","['hos', 'tels']","['host', 'els']",0.2857142857142857,9.77e-07,"[22, 1, 31, 33, 3, 25, 38, 0]"
numeric,"['N', 'UW', 'M', 'EH', 'R', 'IH', 'K']","['nu', 'mer', 'ic']",['numeric'],0.2857142857142857,1.02e-06,"[27, 15, 26, 7, 30, 10, 24, 0]"
medical,"['M', 'EH', 'D', 'AH', 'K', 'AH', 'L']","['med', 'ic', 'al']",['medical'],0.2857142857142857,0.000145,"[26, 7, 18, 3, 24, 3, 25, 0]"
dynamic,"['D', 'AY', 'N', 'AE', 'M', 'IH', 'K']","['dy', 'nam', 'ic']",['dynamic'],0.2857142857142857,2.04e-05,"[18, 6, 27, 2, 26, 10, 24, 0]"
operate,"['AA', 'P', 'ER', 'EY', 'T']","['op', 'er', 'ate']",['operate'],0.2857142857142857,3.16e-05,"[1, 29, 8, 9, 33, 0, 0, 0]"
ethical,"['EH', 'TH', 'AH', 'K', 'AH', 'L']","['eth', 'ic', 'al']",['ethical'],0.2857142857142857,1.17e-05,"[7, 34, 3, 24, 3, 25, 0, 0]"
heather,"['HH', 'EH', 'DH', 'ER']","['heath', 'er']","['he', 'ather']",0.2857142857142857,7.41e-06,"[22, 7, 19, 8, 0, 0, 0, 0]"
topless,"['T', 'AA', 'P', 'L', 'AH', 'S']","['top', 'less']","['to', 'pless']",0.2857142857142857,2.29e-06,"[33, 1, 29, 25, 3, 31, 0, 0]"
stevens,"['S', 'T', 'IY', 'V', 'AH', 'N', 'Z']",['stevens'],"['st', 'ev', 'ens']",0.2857142857142857,9.77e-06,"[31, 33, 11, 35, 3, 27, 38, 0]"
roberts,"['R', 'AA', 'B', 'ER', 'T', 'S']",['roberts'],"['ro', 'ber', 'ts']",0.2857142857142857,1.45e-05,"[30, 1, 16, 8, 33, 31, 0, 0]"
belarus,"['B', 'EH', 'L', 'AA', 'R', 'AH', 'S']","['be', 'larus']","['bel', 'arus']",0.2857142857142857,2.88e-06,"[16, 7, 25, 1, 30, 3, 31, 0]"
warrior,"['W', 'AO', 'R', 'IY', 'ER']","['war', 'ri', 'or']",['warrior'],0.2857142857142857,1.45e-05,"[36, 4, 30, 11, 8, 0, 0, 0]"
cameron,"['K', 'AE', 'M', 'ER', 'AH', 'N']","['camer', 'on']","['cam', 'eron']",0.2857142857142857,1.82e-05,"[24, 2, 26, 8, 3, 27, 0, 0]"
communications,"['K', 'AH', 'M', 'Y', 'UW', 'N', 'AH', 'K', 'EY', 'SH', 'AH', 'N', 'Z']","['com', 'mu', 'nic', 'a', 'tions']",['communications'],0.2857142857142857,3.89e-05,"[24, 3, 26, 37, 15, 27, 3, 24]"
griffin,"['G', 'R', 'IH', 'F', 'IH', 'N']",['griffin'],"['gr', 'iff', 'in']",0.2857142857142857,7.94e-06,"[21, 30, 10, 20, 10, 27, 0, 0]"
serious,"['S', 'IH', 'R', 'IY', 'AH', 'S']","['ser', 'i', 'ous']",['serious'],0.2857142857142857,0.000126,"[31, 10, 30, 11, 3, 31, 0, 0]"
emperor,"['EH', 'M', 'P', 'ER', 'ER']","['em', 'per', 'or']",['emperor'],0.2857142857142857,1.78e-05,"[7, 26, 29, 8, 8, 0, 0, 0]"
administrative,"['AH', 'D', 'M', 'IH', 'N', 'AH', 'S', 'T', 'R', 'EY', 'T', 'IH', 'V']","['ad', 'min', 'is', 'trat', 'ive']",['administrative'],0.2857142857142857,2.82e-05,"[3, 18, 26, 10, 27, 3, 31, 33]"
gregory,"['G', 'R', 'EH', 'G', 'ER', 'IY']",['gregory'],"['g', 'reg', 'ory']",0.2857142857142857,7.41e-06,"[21, 30, 7, 21, 8, 11, 0, 0]"
phoenix,"['F', 'IY', 'N', 'IH', 'K', 'S']",['phoenix'],"['ph', 'o', 'enix']",0.2857142857142857,1.62e-05,"[20, 11, 27, 10, 24, 31, 0, 0]"
cardiac,"['K', 'AA', 'R', 'D', 'IY', 'AE', 'K']","['car', 'di', 'ac']",['cardiac'],0.2857142857142857,6.92e-06,"[24, 1, 30, 18, 11, 2, 24, 0]"
digital,"['D', 'IH', 'JH', 'AH', 'T', 'AH', 'L']","['di', 'git', 'al']",['digital'],0.2857142857142857,6.76e-05,"[18, 10, 23, 3, 33, 3, 25, 0]"
hungary,"['HH', 'AH', 'NG', 'G', 'ER', 'IY']","['hun', 'gary']","['hung', 'ary']",0.2857142857142857,8.13e-06,"[22, 3, 28, 21, 8, 11, 0, 0]"
michael,"['M', 'AY', 'K', 'AH', 'L']","['mi', 'chael']","['m', 'ichael']",0.2857142857142857,0.00012,"[26, 6, 24, 3, 25, 0, 0, 0]"
nuclear,"['N', 'UW', 'K', 'L', 'IY', 'ER']","['nuc', 'le', 'ar']",['nuclear'],0.2857142857142857,5.37e-05,"[27, 15, 24, 25, 11, 8, 0, 0]"
pioneer,"['P', 'AY', 'AH', 'N', 'IH', 'R']","['pi', 'on', 'eer']",['pioneer'],0.2857142857142857,8.13e-06,"[29, 6, 3, 27, 10, 30, 0, 0]"
arizona,"['EH', 'R', 'IH', 'Z', 'OW', 'N', 'AH']","['ari', 'zona']","['a', 'rizona']",0.2857142857142857,2.4e-05,"[7, 30, 10, 38, 12, 27, 3, 0]"
samsung,"['S', 'AE', 'M', 'S', 'AH', 'NG']","['sam', 'sung']","['s', 'amsung']",0.2857142857142857,1.32e-05,"[31, 2, 26, 31, 3, 28, 0, 0]"
elliott,"['EH', 'L', 'IY', 'AH', 'T']","['el', 'li', 'ott']","['ell', 'i', 'ott']",0.2857142857142857,6.17e-06,"[7, 25, 11, 3, 33, 0, 0, 0]"
justify,"['JH', 'AH', 'S', 'T', 'AH', 'F', 'AY']","['jus', 'ti', 'fy']",['justify'],0.2857142857142857,1.38e-05,"[23, 3, 31, 33, 3, 20, 6, 0]"
licking,"['L', 'IH', 'K', 'IH', 'NG']","['lick', 'ing']","['l', 'icking']",0.2857142857142857,3.24e-06,"[25, 10, 24, 10, 28, 0, 0, 0]"
several,"['S', 'EH', 'V', 'R', 'AH', 'L']","['sev', 'er', 'al']",['several'],0.2857142857142857,0.000245,"[31, 7, 35, 30, 3, 25, 0, 0]"
deposit,"['D', 'AH', 'P', 'AA', 'Z', 'IH', 'T']","['de', 'pos', 'it']",['deposit'],0.2857142857142857,1.74e-05,"[18, 3, 29, 1, 38, 10, 33, 0]"
holiday,"['HH', 'AA', 'L', 'AH', 'D', 'EY']","['hol', 'i', 'day']",['holiday'],0.2857142857142857,4.57e-05,"[22, 1, 25, 3, 18, 9, 0, 0]"
natural,"['N', 'AE', 'CH', 'ER', 'AH', 'L']","['nat', 'ur', 'al']",['natural'],0.2857142857142857,0.000129,"[27, 2, 17, 8, 3, 25, 0, 0]"
deficit,"['D', 'EH', 'F', 'AH', 'S', 'AH', 'T']","['de', 'fi', 'cit']",['deficit'],0.2857142857142857,1.15e-05,"[18, 7, 20, 3, 31, 3, 33, 0]"
genetic,"['JH', 'AH', 'N', 'EH', 'T', 'IH', 'K']","['ge', 'net', 'ic']",['genetic'],0.2857142857142857,2.19e-05,"[23, 3, 27, 7, 33, 10, 24, 0]"
carrier,"['K', 'AE', 'R', 'IY', 'ER']","['car', 'ri', 'er']",['carrier'],0.2857142857142857,1.95e-05,"[24, 2, 30, 11, 8, 0, 0, 0]"
adopted,"['AH', 'D', 'AA', 'P', 'T', 'AH', 'D']","['ad', 'op', 'ted']",['adopted'],0.2857142857142857,3.24e-05,"[3, 18, 1, 29, 33, 3, 18, 0]"
cabinet,"['K', 'AE', 'B', 'AH', 'N', 'AH', 'T']","['cab', 'in', 'et']",['cabinet'],0.2857142857142857,3.09e-05,"[24, 2, 16, 3, 27, 3, 33, 0]"
violent,"['V', 'AY', 'AH', 'L', 'AH', 'N', 'T']","['vi', 'ol', 'ent']",['violent'],0.2857142857142857,2.88e-05,"[35, 6, 3, 25, 3, 27, 33, 0]"
romania,"['R', 'OW', 'M', 'EY', 'N', 'IY', 'AH']","['ro', 'mania']","['rom', 'ania']",0.2857142857142857,6.03e-06,"[30, 12, 26, 9, 27, 11, 3, 0]"
italian,"['IH', 'T', 'AE', 'L', 'Y', 'AH', 'N']","['itali', 'an']","['it', 'alian']",0.2857142857142857,4.57e-05,"[10, 33, 2, 25, 37, 3, 27, 0]"
barrier,"['B', 'AE', 'R', 'IY', 'ER']","['bar', 'ri', 'er']",['barrier'],0.2857142857142857,1.41e-05,"[16, 2, 30, 11, 8, 0, 0, 0]"
society,"['S', 'AH', 'S', 'AY', 'AH', 'T', 'IY']","['so', 'ci', 'ety']",['society'],0.2857142857142857,0.000148,"[31, 3, 31, 6, 3, 33, 11, 0]"
dietary,"['D', 'AY', 'AH', 'T', 'EH', 'R', 'IY']","['di', 'et', 'ary']",['dietary'],0.2857142857142857,5.01e-06,"[18, 6, 3, 33, 7, 30, 11, 0]"
interpretation,"['IH', 'N', 'T', 'ER', 'P', 'R', 'IH', 'T', 'EY', 'SH', 'AH', 'N']","['in', 'ter', 'pret', 'a', 'tion']",['interpretation'],0.2857142857142857,1.66e-05,"[10, 27, 33, 8, 29, 30, 10, 33]"
chicago,"['SH', 'AH', 'K', 'AA', 'G', 'OW']","['chica', 'go']","['ch', 'icago']",0.2857142857142857,6.76e-05,"[32, 3, 24, 1, 21, 12, 0, 0]"
january,"['JH', 'AE', 'N', 'Y', 'UW', 'EH', 'R', 'IY']","['janu', 'ary']","['jan', 'uary']",0.2857142857142857,0.000123,"[23, 2, 27, 37, 15, 7, 30, 11]"
general,"['JH', 'EH', 'N', 'ER', 'AH', 'L']","['gen', 'er', 'al']",['general'],0.2857142857142857,0.000295,"[23, 7, 27, 8, 3, 25, 0, 0]"
jessica,"['JH', 'EH', 'S', 'IH', 'K', 'AH']","['jes', 'sica']","['j', 'essica']",0.2857142857142857,1.48e-05,"[23, 7, 31, 10, 24, 3, 0, 0]"
liberal,"['L', 'IH', 'B', 'ER', 'AH', 'L']","['lib', 'er', 'al']",['liberal'],0.2857142857142857,4.57e-05,"[25, 10, 16, 8, 3, 25, 0, 0]"
prepaid,"['P', 'R', 'IY', 'P', 'EY', 'D']","['pre', 'paid']","['prepa', 'id']",0.2857142857142857,2e-06,"[29, 30, 11, 29, 9, 18, 0, 0]"
geology,"['JH', 'IY', 'AA', 'L', 'AH', 'JH', 'IY']","['geo', 'logy']","['ge', 'ology']",0.2857142857142857,5.75e-06,"[23, 11, 1, 25, 3, 23, 11, 0]"
boating,"['B', 'OW', 'T', 'IH', 'NG']","['boat', 'ing']","['bo', 'ating']",0.2857142857142857,2.14e-06,"[16, 12, 33, 10, 28, 0, 0, 0]"
calcium,"['K', 'AE', 'L', 'S', 'IY', 'AH', 'M']","['cal', 'ci', 'um']",['calcium'],0.2857142857142857,6.61e-06,"[24, 2, 25, 31, 11, 3, 26, 0]"
iceland,"['AY', 'S', 'L', 'AH', 'N', 'D']","['ice', 'land']","['ic', 'eland']",0.2857142857142857,6.17e-06,"[6, 31, 25, 3, 27, 18, 0, 0]"
regular,"['R', 'EH', 'G', 'Y', 'AH', 'L', 'ER']","['reg', 'u', 'lar']",['regular'],0.2857142857142857,8.91e-05,"[30, 7, 21, 37, 3, 25, 8, 0]"
cameras,"['K', 'AE', 'M', 'ER', 'AH', 'Z']","['cam', 'er', 'as']",['cameras'],0.2857142857142857,2.19e-05,"[24, 2, 26, 8, 3, 38, 0, 0]"
popular,"['P', 'AA', 'P', 'Y', 'AH', 'L', 'ER']","['pop', 'u', 'lar']",['popular'],0.2857142857142857,0.000117,"[29, 1, 29, 37, 3, 25, 8, 0]"
mustang,"['M', 'AH', 'S', 'T', 'AE', 'NG']","['mus', 'tang']","['must', 'ang']",0.2857142857142857,3.8e-06,"[26, 3, 31, 33, 2, 28, 0, 0]"
minimal,"['M', 'IH', 'N', 'AH', 'M', 'AH', 'L']","['min', 'im', 'al']",['minimal'],0.2857142857142857,1.29e-05,"[26, 10, 27, 3, 26, 3, 25, 0]"
deliver,"['D', 'IH', 'L', 'IH', 'V', 'ER']","['de', 'liv', 'er']",['deliver'],0.2857142857142857,3.55e-05,"[18, 10, 25, 10, 35, 8, 0, 0]"
surname,"['S', 'ER', 'N', 'EY', 'M']","['sur', 'name']","['s', 'urname']",0.2857142857142857,3.16e-06,"[31, 8, 27, 9, 26, 0, 0, 0]"
british,"['B', 'R', 'IH', 'T', 'IH', 'SH']","['brit', 'ish']","['b', 'ritish']",0.2857142857142857,0.000151,"[16, 30, 10, 33, 10, 32, 0, 0]"
musical,"['M', 'Y', 'UW', 'Z', 'IH', 'K', 'AH', 'L']","['mu', 'sic', 'al']",['musical'],0.2857142857142857,3.24e-05,"[26, 37, 15, 38, 10, 24, 3, 25]"
persian,"['P', 'ER', 'ZH', 'AH', 'N']","['per', 'sian']","['pers', 'ian']",0.2857142857142857,6.76e-06,"[29, 8, 39, 3, 27, 0, 0, 0]"
georgia,"['JH', 'AO', 'R', 'JH', 'AH']","['geor', 'gia']","['ge', 'orgia']",0.2857142857142857,2.88e-05,"[23, 4, 30, 23, 3, 0, 0, 0]"
spanish,"['S', 'P', 'AE', 'N', 'IH', 'SH']","['span', 'ish']","['sp', 'anish']",0.2857142857142857,5.37e-05,"[31, 29, 2, 27, 10, 32, 0, 0]"
elegant,"['EH', 'L', 'AH', 'G', 'AH', 'N', 'T']","['el', 'eg', 'ant']",['elegant'],0.2857142857142857,8.91e-06,"[7, 25, 3, 21, 3, 27, 33, 0]"
renewal,"['R', 'IH', 'N', 'UW', 'AH', 'L']","['re', 'new', 'al']",['renewal'],0.2857142857142857,6.92e-06,"[30, 10, 27, 15, 3, 25, 0, 0]"
stephen,"['S', 'T', 'IY', 'V', 'AH', 'N']","['steph', 'en']","['step', 'hen']",0.2857142857142857,3.16e-05,"[31, 33, 11, 35, 3, 27, 0, 0]"
alcohol,"['AE', 'L', 'K', 'AH', 'HH', 'AA', 'L']","['al', 'co', 'hol']",['alcohol'],0.2857142857142857,4.07e-05,"[2, 25, 24, 3, 22, 1, 25, 0]"
benefit,"['B', 'EH', 'N', 'AH', 'F', 'IH', 'T']","['be', 'ne', 'fit']",['benefit'],0.2857142857142857,6.61e-05,"[16, 7, 27, 3, 20, 10, 33, 0]"
configurations,"['K', 'AH', 'N', 'F', 'IH', 'G', 'Y', 'ER', 'EY', 'SH', 'AH', 'N', 'Z']","['con', 'fig', 'ur', 'a', 'tions']",['configurations'],0.2857142857142857,2.82e-06,"[24, 3, 27, 20, 10, 21, 37, 8]"
trinity,"['T', 'R', 'IH', 'N', 'AH', 'T', 'IY']","['trin', 'ity']","['tr', 'inity']",0.2857142857142857,7.94e-06,"[33, 30, 10, 27, 3, 33, 11, 0]"
kennedy,"['K', 'EH', 'N', 'AH', 'D', 'IY']",['kennedy'],"['k', 'enn', 'edy']",0.2857142857142857,1.91e-05,"[24, 7, 27, 3, 18, 11, 0, 0]"
unusual,"['AH', 'N', 'Y', 'UW', 'ZH', 'AH', 'W', 'AH', 'L']","['un', 'usu', 'al']",['unusual'],0.2857142857142857,2.82e-05,"[3, 27, 37, 15, 39, 3, 36, 3]"
senegal,"['S', 'EH', 'N', 'AH', 'G', 'AO', 'L']","['seneg', 'al']","['sen', 'egal']",0.2857142857142857,2.4e-06,"[31, 7, 27, 3, 21, 4, 25, 0]"
implementation,"['IH', 'M', 'P', 'L', 'AH', 'M', 'EH', 'N', 'T', 'EY', 'SH', 'AH', 'N']","['im', 'ple', 'ment', 'a', 'tion']",['implementation'],0.2857142857142857,2.04e-05,"[10, 26, 29, 25, 3, 26, 7, 27]"
qualify,"['K', 'W', 'AA', 'L', 'AH', 'F', 'AY']","['qual', 'i', 'fy']",['qualify'],0.2857142857142857,1.55e-05,"[24, 36, 1, 25, 3, 20, 6, 0]"
interim,"['IH', 'N', 'T', 'ER', 'AH', 'M']","['in', 'ter', 'im']",['interim'],0.2857142857142857,1e-05,"[10, 27, 33, 8, 3, 26, 0, 0]"
virtual,"['V', 'ER', 'CH', 'UW', 'AH', 'L']","['vir', 'tu', 'al']",['virtual'],0.2857142857142857,2.09e-05,"[35, 8, 17, 15, 3, 25, 0, 0]"
considerations,"['K', 'AH', 'N', 'S', 'IH', 'D', 'ER', 'EY', 'SH', 'AH', 'N', 'Z']","['con', 'sid', 'er', 'a', 'tions']",['considerations'],0.2857142857142857,5.5e-06,"[24, 3, 27, 31, 10, 18, 8, 9]"
discrimination,"['D', 'IH', 'S', 'K', 'R', 'IH', 'M', 'AH', 'N', 'EY', 'SH', 'AH', 'N']","['dis', 'crim', 'in', 'a', 'tion']",['discrimination'],0.2857142857142857,2.04e-05,"[18, 10, 31, 24, 30, 10, 26, 3]"
lesbian,"['L', 'EH', 'Z', 'B', 'IY', 'AH', 'N']","['les', 'bi', 'an']",['lesbian'],0.2857142857142857,1.41e-05,"[25, 7, 38, 16, 11, 3, 27, 0]"
hitachi,"['HH', 'IH', 'T', 'AA', 'CH', 'IY']","['hita', 'chi']","['hit', 'achi']",0.2857142857142857,1e-06,"[22, 10, 33, 1, 17, 11, 0, 0]"
similar,"['S', 'IH', 'M', 'AH', 'L', 'ER']","['sim', 'il', 'ar']",['similar'],0.2857142857142857,0.000162,"[31, 10, 26, 3, 25, 8, 0, 0]"
relying,"['R', 'IY', 'L', 'AY', 'IH', 'NG']","['re', 'ly', 'ing']",['relying'],0.2857142857142857,6.46e-06,"[30, 11, 25, 6, 10, 28, 0, 0]"
optimal,"['AA', 'P', 'T', 'AH', 'M', 'AH', 'L']","['op', 'tim', 'al']",['optimal'],0.2857142857142857,8.71e-06,"[1, 29, 33, 3, 26, 3, 25, 0]"
recover,"['R', 'IH', 'K', 'AH', 'V', 'ER']","['re', 'cov', 'er']",['recover'],0.2857142857142857,1.95e-05,"[30, 10, 24, 3, 35, 8, 0, 0]"
african,"['AE', 'F', 'R', 'AH', 'K', 'AH', 'N']","['afric', 'an']","['af', 'rican']",0.2857142857142857,6.61e-05,"[2, 20, 30, 3, 24, 3, 27, 0]"
moldova,"['M', 'OW', 'L', 'D', 'OW', 'V', 'AH']","['mol', 'dova']","['mold', 'ova']",0.2857142857142857,1.48e-06,"[26, 12, 25, 18, 12, 35, 3, 0]"
windsor,"['W', 'IH', 'N', 'Z', 'ER']","['wind', 'sor']","['winds', 'or']",0.2857142857142857,5.37e-06,"[36, 10, 27, 38, 8, 0, 0, 0]"
madison,"['M', 'AE', 'D', 'AH', 'S', 'AH', 'N']","['madis', 'on']","['mad', 'ison']",0.2857142857142857,1.48e-05,"[26, 2, 18, 3, 31, 3, 27, 0]"
belgium,"['B', 'EH', 'L', 'JH', 'AH', 'M']","['bel', 'gi', 'um']","['bel', 'g', 'ium']",0.2857142857142857,1.41e-05,"[16, 7, 25, 23, 3, 26, 0, 0]"
gabriel,"['G', 'EY', 'B', 'R', 'IY', 'AH', 'L']","['gab', 'ri', 'el']","['g', 'ab', 'riel']",0.2857142857142857,8.32e-06,"[21, 9, 16, 30, 11, 3, 25, 0]"
manuals,"['M', 'AE', 'N', 'Y', 'UW', 'AH', 'L', 'Z']","['manu', 'als']","['manual', 's']",0.2857142857142857,2.4e-06,"[26, 2, 27, 37, 15, 3, 25, 38]"
inexpensive,"['IH', 'N', 'IH', 'K', 'S', 'P', 'EH', 'N', 'S', 'IH', 'V']","['in', 'ex', 'pens', 'ive']",['inexpensive'],0.2727272727272727,3.72e-06,"[10, 27, 10, 24, 31, 29, 7, 27]"
simulations,"['S', 'IH', 'M', 'Y', 'UW', 'L', 'EY', 'SH', 'AH', 'N', 'Z']","['sim', 'u', 'la', 'tions']",['simulations'],0.2727272727272727,3.24e-06,"[31, 10, 26, 37, 15, 25, 9, 32]"
represented,"['R', 'EH', 'P', 'R', 'AH', 'Z', 'EH', 'N', 'T', 'AH', 'D']","['rep', 'res', 'en', 'ted']",['represented'],0.2727272727272727,3.39e-05,"[30, 7, 29, 30, 3, 38, 7, 27]"
probability,"['P', 'R', 'AA', 'B', 'AH', 'B', 'IH', 'L', 'AH', 'T', 'IY']","['prob', 'ab', 'il', 'ity']",['probability'],0.2727272727272727,1.05e-05,"[29, 30, 1, 16, 3, 16, 10, 25]"
flexibility,"['F', 'L', 'EH', 'K', 'S', 'AH', 'B', 'IH', 'L', 'AH', 'T', 'IY']","['flex', 'ib', 'il', 'ity']",['flexibility'],0.2727272727272727,1.05e-05,"[20, 25, 7, 24, 31, 3, 16, 10]"
declaration,"['D', 'EH', 'K', 'L', 'ER', 'EY', 'SH', 'AH', 'N']","['de', 'clar', 'a', 'tion']",['declaration'],0.2727272727272727,1.26e-05,"[18, 7, 24, 25, 8, 9, 32, 3]"
respiratory,"['R', 'EH', 'S', 'P', 'ER', 'AH', 'T', 'AO', 'R', 'IY']","['res', 'pir', 'at', 'ory']",['respiratory'],0.2727272727272727,6.46e-06,"[30, 7, 31, 29, 8, 3, 33, 4]"
continental,"['K', 'AA', 'N', 'T', 'AH', 'N', 'EH', 'N', 'T', 'AH', 'L']","['con', 'tin', 'ent', 'al']",['continental'],0.2727272727272727,1.05e-05,"[24, 1, 27, 33, 3, 27, 7, 27]"
interaction,"['IH', 'N', 'T', 'ER', 'AE', 'K', 'SH', 'AH', 'N']","['in', 'ter', 'ac', 'tion']",['interaction'],0.2727272727272727,1.95e-05,"[10, 27, 33, 8, 2, 24, 32, 3]"
destination,"['D', 'EH', 'S', 'T', 'AH', 'N', 'EY', 'SH', 'AH', 'N']","['des', 'tin', 'a', 'tion']",['destination'],0.2727272727272727,1.74e-05,"[18, 7, 31, 33, 3, 27, 9, 32]"
utilization,"['Y', 'UW', 'T', 'AH', 'L', 'AH', 'Z', 'EY', 'SH', 'AH', 'N']","['util', 'iz', 'a', 'tion']",['utilization'],0.2727272727272727,3.16e-06,"[37, 15, 33, 3, 25, 3, 38, 9]"
informative,"['IH', 'N', 'F', 'AO', 'R', 'M', 'AH', 'T', 'IH', 'V']","['in', 'form', 'at', 'ive']",['informative'],0.2727272727272727,4.07e-06,"[10, 27, 20, 4, 30, 26, 3, 33]"
sensitivity,"['S', 'EH', 'N', 'S', 'IH', 'T', 'IH', 'V', 'IH', 'T', 'IY']","['sens', 'it', 'iv', 'ity']",['sensitivity'],0.2727272727272727,8.91e-06,"[31, 7, 27, 31, 10, 33, 10, 35]"
exceptional,"['IH', 'K', 'S', 'EH', 'P', 'SH', 'AH', 'N', 'AH', 'L']","['ex', 'cep', 'tion', 'al']",['exceptional'],0.2727272727272727,1.12e-05,"[10, 24, 31, 7, 29, 32, 3, 27]"
introducing,"['IH', 'N', 'T', 'R', 'AH', 'D', 'UW', 'S', 'IH', 'NG']","['in', 'tro', 'du', 'cing']",['introducing'],0.2727272727272727,1.45e-05,"[10, 27, 33, 30, 3, 18, 15, 31]"
appreciated,"['AH', 'P', 'R', 'IY', 'SH', 'IY', 'EY', 'T', 'IH', 'D']","['ap', 'pre', 'ci', 'ated']",['appreciated'],0.2727272727272727,1.45e-05,"[3, 29, 30, 11, 32, 11, 9, 33]"
preparation,"['P', 'R', 'EH', 'P', 'ER', 'EY', 'SH', 'AH', 'N']","['pre', 'par', 'a', 'tion']",['preparation'],0.2727272727272727,2.09e-05,"[29, 30, 7, 29, 8, 9, 32, 3]"
mississippi,"['M', 'IH', 'S', 'IH', 'S', 'IH', 'P', 'IY']","['mis', 'sis', 'sippi']","['miss', 'issippi']",0.2727272727272727,1.55e-05,"[26, 10, 31, 10, 31, 10, 29, 11]"
supervision,"['S', 'UW', 'P', 'ER', 'V', 'IH', 'ZH', 'AH', 'N']","['su', 'per', 'vi', 'sion']",['supervision'],0.2727272727272727,8.71e-06,"[31, 15, 29, 8, 35, 10, 39, 3]"
experienced,"['IH', 'K', 'S', 'P', 'IH', 'R', 'IY', 'AH', 'N', 'S', 'T']","['ex', 'per', 'i', 'enced']",['experienced'],0.2727272727272727,4.27e-05,"[10, 24, 31, 29, 10, 30, 11, 3]"
celebration,"['S', 'EH', 'L', 'AH', 'B', 'R', 'EY', 'SH', 'AH', 'N']","['cel', 'eb', 'ra', 'tion']",['celebration'],0.2727272727272727,1.95e-05,"[31, 7, 25, 3, 16, 30, 9, 32]"
traditional,"['T', 'R', 'AH', 'D', 'IH', 'SH', 'AH', 'N', 'AH', 'L']","['tra', 'di', 'tion', 'al']",['traditional'],0.2727272727272727,6.92e-05,"[33, 30, 3, 18, 10, 32, 3, 27]"
interesting,"['IH', 'N', 'T', 'R', 'AH', 'S', 'T', 'IH', 'NG']","['in', 'ter', 'est', 'ing']",['interesting'],0.2727272727272727,0.0001,"[10, 27, 33, 30, 3, 31, 33, 10]"
corporation,"['K', 'AO', 'R', 'P', 'ER', 'EY', 'SH', 'AH', 'N']","['cor', 'por', 'a', 'tion']",['corporation'],0.2727272727272727,3.89e-05,"[24, 4, 30, 29, 8, 9, 32, 3]"
limitations,"['L', 'IH', 'M', 'IH', 'T', 'EY', 'SH', 'AH', 'N', 'Z']","['lim', 'it', 'a', 'tions']",['limitations'],0.2727272727272727,1.12e-05,"[25, 10, 26, 10, 33, 9, 32, 3]"
orientation,"['AO', 'R', 'IY', 'EH', 'N', 'T', 'EY', 'SH', 'AH', 'N']","['ori', 'ent', 'a', 'tion']",['orientation'],0.2727272727272727,1.12e-05,"[4, 30, 11, 7, 27, 33, 9, 32]"
terminology,"['T', 'ER', 'M', 'IH', 'N', 'AA', 'L', 'AH', 'JH', 'IY']","['ter', 'min', 'o', 'logy']",['terminology'],0.2727272727272727,4.79e-06,"[33, 8, 26, 10, 27, 1, 25, 3]"
automobiles,"['AO', 'T', 'AH', 'M', 'OW', 'B', 'IY', 'L', 'Z']","['auto', 'mo', 'biles']","['autom', 'obiles']",0.2727272727272727,3.09e-06,"[4, 33, 3, 26, 12, 16, 11, 25]"
investigate,"['IH', 'N', 'V', 'EH', 'S', 'T', 'AH', 'G', 'EY', 'T']","['in', 'vest', 'ig', 'ate']",['investigate'],0.2727272727272727,2.04e-05,"[10, 27, 35, 7, 31, 33, 3, 21]"
proposition,"['P', 'R', 'AA', 'P', 'AH', 'Z', 'IH', 'SH', 'AH', 'N']","['pro', 'pos', 'i', 'tion']",['proposition'],0.2727272727272727,7.08e-06,"[29, 30, 1, 29, 3, 38, 10, 32]"
contributor,"['K', 'AH', 'N', 'T', 'R', 'IH', 'B', 'Y', 'AH', 'T', 'ER']","['con', 'trib', 'ut', 'or']",['contributor'],0.2727272727272727,5.25e-06,"[24, 3, 27, 33, 30, 10, 16, 37]"
obligations,"['AA', 'B', 'L', 'AH', 'G', 'EY', 'SH', 'AH', 'N', 'Z']","['ob', 'lig', 'a', 'tions']",['obligations'],0.2727272727272727,9.77e-06,"[1, 16, 25, 3, 21, 9, 32, 3]"
unnecessary,"['AH', 'N', 'N', 'EH', 'S', 'AH', 'S', 'EH', 'R', 'IY']","['un', 'ne', 'ces', 'sary']",['unnecessary'],0.2727272727272727,1.51e-05,"[3, 27, 27, 7, 31, 3, 31, 7]"
initiatives,"['IH', 'N', 'IH', 'SH', 'AH', 'T', 'IH', 'V', 'Z']","['ini', 'ti', 'at', 'ives']",['initiatives'],0.2727272727272727,1.05e-05,"[10, 27, 10, 32, 3, 33, 10, 35]"
regulations,"['R', 'EH', 'G', 'Y', 'AH', 'L', 'EY', 'SH', 'AH', 'N', 'Z']","['reg', 'u', 'la', 'tions']",['regulations'],0.2727272727272727,3.16e-05,"[30, 7, 21, 37, 3, 25, 9, 32]"
independent,"['IH', 'N', 'D', 'IH', 'P', 'EH', 'N', 'D', 'AH', 'N', 'T']","['in', 'de', 'pend', 'ent']",['independent'],0.2727272727272727,8.51e-05,"[10, 27, 18, 10, 29, 7, 27, 18]"
documentary,"['D', 'AA', 'K', 'Y', 'AH', 'M', 'EH', 'N', 'T', 'ER', 'IY']","['doc', 'u', 'ment', 'ary']",['documentary'],0.2727272727272727,2.04e-05,"[18, 1, 24, 37, 3, 26, 7, 27]"
innovations,"['IH', 'N', 'AH', 'V', 'EY', 'SH', 'AH', 'N', 'Z']","['in', 'nov', 'a', 'tions']",['innovations'],0.2727272727272727,5.37e-06,"[10, 27, 3, 35, 9, 32, 3, 27]"
designation,"['D', 'EH', 'Z', 'AH', 'G', 'N', 'EY', 'SH', 'AH', 'N']","['des', 'ig', 'na', 'tion']",['designation'],0.2727272727272727,5.75e-06,"[18, 7, 38, 3, 21, 27, 9, 32]"
compilation,"['K', 'AA', 'M', 'P', 'AH', 'L', 'EY', 'SH', 'AH', 'N']","['com', 'pil', 'a', 'tion']",['compilation'],0.2727272727272727,7.08e-06,"[24, 1, 26, 29, 3, 25, 9, 32]"
accompanied,"['AH', 'K', 'AH', 'M', 'P', 'AH', 'N', 'IY', 'D']","['ac', 'com', 'pan', 'ied']",['accompanied'],0.2727272727272727,1.78e-05,"[3, 24, 3, 26, 29, 3, 27, 11]"
authorities,"['AH', 'TH', 'AO', 'R', 'AH', 'T', 'IY', 'Z']","['au', 'thor', 'it', 'ies']",['authorities'],0.2727272727272727,4.27e-05,"[3, 34, 4, 30, 3, 33, 11, 38]"
dimensional,"['D', 'IH', 'M', 'EH', 'N', 'SH', 'AH', 'N', 'AH', 'L']","['di', 'men', 'sion', 'al']",['dimensional'],0.2727272727272727,1.07e-05,"[18, 10, 26, 7, 27, 32, 3, 27]"
territories,"['T', 'EH', 'R', 'AH', 'T', 'AO', 'R', 'IY', 'Z']","['ter', 'rit', 'or', 'ies']",['territories'],0.2727272727272727,1.05e-05,"[33, 7, 30, 3, 33, 4, 30, 11]"
comparisons,"['K', 'AH', 'M', 'P', 'EH', 'R', 'AH', 'S', 'AH', 'N', 'Z']","['com', 'par', 'is', 'ons']",['comparisons'],0.2727272727272727,6.17e-06,"[24, 3, 26, 29, 7, 30, 3, 31]"
equilibrium,"['IY', 'K', 'W', 'AH', 'L', 'IH', 'B', 'R', 'IY', 'AH', 'M']","['equi', 'lib', 'ri', 'um']",['equilibrium'],0.2727272727272727,3.98e-06,"[11, 24, 36, 3, 25, 10, 16, 30]"
accommodate,"['AH', 'K', 'AA', 'M', 'AH', 'D', 'EY', 'T']","['ac', 'com', 'mod', 'ate']",['accommodate'],0.2727272727272727,1.05e-05,"[3, 24, 1, 26, 3, 18, 9, 33]"
approximate,"['AH', 'P', 'R', 'AA', 'K', 'S', 'AH', 'M', 'AH', 'T']","['ap', 'prox', 'im', 'ate']",['approximate'],0.2727272727272727,4.37e-06,"[3, 29, 30, 1, 24, 31, 3, 26]"
imagination,"['IH', 'M', 'AE', 'JH', 'AH', 'N', 'EY', 'SH', 'AH', 'N']","['ima', 'gin', 'a', 'tion']",['imagination'],0.2727272727272727,1.66e-05,"[10, 26, 2, 23, 3, 27, 9, 32]"
refurbished,"['R', 'IY', 'F', 'ER', 'B', 'IH', 'SH', 'T']","['re', 'fur', 'bished']","['refurb', 'ished']",0.2727272727272727,2.45e-06,"[30, 11, 20, 8, 16, 10, 32, 33]"
residential,"['R', 'EH', 'Z', 'IH', 'D', 'EH', 'N', 'CH', 'AH', 'L']","['res', 'id', 'en', 'tial']",['residential'],0.2727272727272727,2.14e-05,"[30, 7, 38, 10, 18, 7, 27, 17]"
circulation,"['S', 'ER', 'K', 'Y', 'AH', 'L', 'EY', 'SH', 'AH', 'N']","['cir', 'cu', 'la', 'tion']",['circulation'],0.2727272727272727,9.12e-06,"[31, 8, 24, 37, 3, 25, 9, 32]"
association,"['AH', 'S', 'OW', 'S', 'IY', 'EY', 'SH', 'AH', 'N']","['as', 'so', 'ci', 'ation']",['association'],0.2727272727272727,0.000102,"[3, 31, 12, 31, 11, 9, 32, 3]"
necessarily,"['N', 'EH', 'S', 'AH', 'S', 'EH', 'R', 'AH', 'L', 'IY']","['ne', 'ces', 'sar', 'ily']",['necessarily'],0.2727272727272727,3.02e-05,"[27, 7, 31, 3, 31, 7, 30, 3]"
composition,"['K', 'AA', 'M', 'P', 'AH', 'Z', 'IH', 'SH', 'AH', 'N']","['com', 'pos', 'i', 'tion']",['composition'],0.2727272727272727,2.14e-05,"[24, 1, 26, 29, 3, 38, 10, 32]"
immigration,"['IH', 'M', 'AH', 'G', 'R', 'EY', 'SH', 'AH', 'N']","['im', 'mig', 'ra', 'tion']",['immigration'],0.2727272727272727,2.95e-05,"[10, 26, 3, 21, 30, 9, 32, 3]"
negotiation,"['N', 'IH', 'G', 'OW', 'SH', 'IY', 'EY', 'SH', 'AH', 'N']","['ne', 'go', 'ti', 'ation']",['negotiation'],0.2727272727272727,6.03e-06,"[27, 10, 21, 12, 32, 11, 9, 32]"
development,"['D', 'IH', 'V', 'EH', 'L', 'AH', 'P', 'M', 'AH', 'N', 'T']","['de', 'vel', 'op', 'ment']",['development'],0.2727272727272727,0.000204,"[18, 10, 35, 7, 25, 3, 29, 26]"
intelligent,"['IH', 'N', 'T', 'EH', 'L', 'AH', 'JH', 'AH', 'N', 'T']","['in', 'tel', 'li', 'gent']",['intelligent'],0.2727272727272727,1.95e-05,"[10, 27, 33, 7, 25, 3, 23, 3]"
immediately,"['IH', 'M', 'IY', 'D', 'IY', 'AH', 'T', 'L', 'IY']","['im', 'me', 'di', 'ately']",['immediately'],0.2727272727272727,9.55e-05,"[10, 26, 11, 18, 11, 3, 33, 25]"
combination,"['K', 'AA', 'M', 'B', 'AH', 'N', 'EY', 'SH', 'AH', 'N']","['com', 'bin', 'a', 'tion']",['combination'],0.2727272727272727,4.07e-05,"[24, 1, 26, 16, 3, 27, 9, 32]"
restoration,"['R', 'EH', 'S', 'T', 'ER', 'EY', 'SH', 'AH', 'N']","['res', 'tor', 'a', 'tion']",['restoration'],0.2727272727272727,1.29e-05,"[30, 7, 31, 33, 8, 9, 32, 3]"
proprietary,"['P', 'R', 'AH', 'P', 'R', 'AY', 'AH', 'T', 'EH', 'R', 'IY']","['pro', 'pri', 'et', 'ary']",['proprietary'],0.2727272727272727,4.68e-06,"[29, 30, 3, 29, 30, 6, 3, 33]"
correlation,"['K', 'AO', 'R', 'AH', 'L', 'EY', 'SH', 'AH', 'N']","['cor', 'rel', 'a', 'tion']",['correlation'],0.2727272727272727,7.24e-06,"[24, 4, 30, 3, 25, 9, 32, 3]"
observation,"['AA', 'B', 'Z', 'ER', 'V', 'EY', 'SH', 'AH', 'N']","['ob', 'ser', 'va', 'tion']",['observation'],0.2727272727272727,1.35e-05,"[1, 16, 38, 8, 35, 9, 32, 3]"
afghanistan,"['AE', 'F', 'G', 'AE', 'N', 'AH', 'S', 'T', 'AE', 'N']","['afgh', 'anistan']","['af', 'ghan', 'istan']",0.2727272727272727,1.7e-05,"[2, 20, 21, 2, 27, 3, 31, 33]"
generations,"['JH', 'EH', 'N', 'ER', 'EY', 'SH', 'AH', 'N', 'Z']","['gen', 'er', 'a', 'tions']",['generations'],0.2727272727272727,1.95e-05,"[23, 7, 27, 8, 9, 32, 3, 27]"
experiments,"['IH', 'K', 'S', 'P', 'EH', 'R', 'AH', 'M', 'AH', 'N', 'T', 'S']","['ex', 'per', 'i', 'ments']",['experiments'],0.2727272727272727,1.58e-05,"[10, 24, 31, 29, 7, 30, 3, 26]"
incorporate,"['IH', 'N', 'K', 'AO', 'R', 'P', 'ER', 'EY', 'T']","['in', 'cor', 'por', 'ate']",['incorporate'],0.2727272727272727,7.08e-06,"[10, 27, 24, 4, 30, 29, 8, 9]"
disposition,"['D', 'IH', 'S', 'P', 'AH', 'Z', 'IH', 'SH', 'AH', 'N']","['dis', 'pos', 'i', 'tion']",['disposition'],0.2727272727272727,3.02e-06,"[18, 10, 31, 29, 3, 38, 10, 32]"
fascinating,"['F', 'AE', 'S', 'AH', 'N', 'EY', 'T', 'IH', 'NG']","['fas', 'cin', 'at', 'ing']",['fascinating'],0.2727272727272727,1.35e-05,"[20, 2, 31, 3, 27, 9, 33, 10]"
spectacular,"['S', 'P', 'EH', 'K', 'T', 'AE', 'K', 'Y', 'AH', 'L', 'ER']","['spec', 'tac', 'u', 'lar']",['spectacular'],0.2727272727272727,1.15e-05,"[31, 29, 7, 24, 33, 2, 24, 37]"
legislative,"['L', 'EH', 'JH', 'AH', 'S', 'L', 'EY', 'T', 'IH', 'V']","['le', 'gis', 'lat', 'ive']",['legislative'],0.2727272727272727,2.09e-05,"[25, 7, 23, 3, 31, 25, 9, 33]"
engineering,"['EH', 'N', 'JH', 'AH', 'N', 'IH', 'R', 'IH', 'NG']","['en', 'gin', 'eer', 'ing']",['engineering'],0.2727272727272727,6.31e-05,"[7, 27, 23, 3, 27, 10, 30, 10]"
opportunity,"['AA', 'P', 'ER', 'T', 'UW', 'N', 'AH', 'T', 'IY']","['op', 'por', 'tun', 'ity']",['opportunity'],0.2727272727272727,8.91e-05,"[1, 29, 8, 33, 15, 27, 3, 33]"
inspiration,"['IH', 'N', 'S', 'P', 'ER', 'EY', 'SH', 'AH', 'N']","['in', 'spir', 'a', 'tion']",['inspiration'],0.2727272727272727,2.57e-05,"[10, 27, 31, 29, 8, 9, 32, 3]"
elimination,"['IH', 'L', 'IH', 'M', 'AH', 'N', 'EY', 'SH', 'AH', 'N']","['elim', 'in', 'a', 'tion']",['elimination'],0.2727272727272727,8.51e-06,"[10, 25, 10, 26, 3, 27, 9, 32]"
nominations,"['N', 'AA', 'M', 'AH', 'N', 'EY', 'SH', 'AH', 'N', 'Z']","['nom', 'in', 'a', 'tions']",['nominations'],0.2727272727272727,6.61e-06,"[27, 1, 26, 3, 27, 9, 32, 3]"
subdivision,"['S', 'AH', 'B', 'D', 'IH', 'V', 'IH', 'ZH', 'AH', 'N']","['sub', 'di', 'vi', 'sion']",['subdivision'],0.2727272727272727,4.27e-06,"[31, 3, 16, 18, 10, 35, 10, 39]"
integration,"['IH', 'N', 'T', 'AH', 'G', 'R', 'EY', 'SH', 'AH', 'N']","['in', 'teg', 'ra', 'tion']",['integration'],0.2727272727272727,1.66e-05,"[10, 27, 33, 3, 21, 30, 9, 32]"
cholesterol,"['K', 'AH', 'L', 'EH', 'S', 'T', 'ER', 'AO', 'L']","['cho', 'les', 'ter', 'ol']",['cholesterol'],0.2727272727272727,5.25e-06,"[24, 3, 25, 7, 31, 33, 8, 4]"
cooperative,"['K', 'OW', 'AA', 'P', 'ER', 'EY', 'T', 'IH', 'V']","['co', 'oper', 'at', 'ive']",['cooperative'],0.2727272727272727,7.24e-06,"[24, 12, 1, 29, 8, 9, 33, 10]"
personality,"['P', 'ER', 'S', 'AH', 'N', 'AE', 'L', 'IH', 'T', 'IY']","['per', 'son', 'al', 'ity']",['personality'],0.2727272727272727,3.55e-05,"[29, 8, 31, 3, 27, 2, 25, 10]"
biographies,"['B', 'AY', 'AA', 'G', 'R', 'AH', 'F', 'IY', 'Z']","['bio', 'graph', 'ies']","['bi', 'ographies']",0.2727272727272727,1.7e-06,"[16, 6, 1, 21, 30, 3, 20, 11]"
nutritional,"['N', 'UW', 'T', 'R', 'IH', 'SH', 'AH', 'N', 'AH', 'L']","['nu', 'tri', 'tion', 'al']",['nutritional'],0.2727272727272727,4.37e-06,"[27, 15, 33, 30, 10, 32, 3, 27]"
fundamental,"['F', 'AH', 'N', 'D', 'AH', 'M', 'EH', 'N', 'T', 'AH', 'L']","['fun', 'da', 'ment', 'al']",['fundamental'],0.2727272727272727,2.14e-05,"[20, 3, 27, 18, 3, 26, 7, 27]"
coordinator,"['K', 'OW', 'AO', 'R', 'D', 'AH', 'N', 'EY', 'T', 'ER']","['co', 'ordin', 'at', 'or']",['coordinator'],0.2727272727272727,8.13e-06,"[24, 12, 4, 30, 18, 3, 27, 9]"
recommended,"['R', 'EH', 'K', 'AH', 'M', 'EH', 'N', 'D', 'AH', 'D']","['re', 'com', 'men', 'ded']",['recommended'],0.2727272727272727,3.16e-05,"[30, 7, 24, 3, 26, 7, 27, 18]"
certificate,"['S', 'ER', 'T', 'IH', 'F', 'IH', 'K', 'AH', 'T']","['cer', 'ti', 'fic', 'ate']",['certificate'],0.2727272727272727,1.95e-05,"[31, 8, 33, 10, 20, 10, 24, 3]"
statistical,"['S', 'T', 'AH', 'T', 'IH', 'S', 'T', 'IH', 'K', 'AH', 'L']","['stat', 'ist', 'ic', 'al']",['statistical'],0.2727272727272727,1.38e-05,"[31, 33, 3, 33, 10, 31, 33, 10]"
application,"['AE', 'P', 'L', 'AH', 'K', 'EY', 'SH', 'AH', 'N']","['ap', 'plic', 'a', 'tion']",['application'],0.2727272727272727,7.24e-05,"[2, 29, 25, 3, 24, 9, 32, 3]"
integrating,"['IH', 'N', 'T', 'AH', 'G', 'R', 'EY', 'T', 'IH', 'NG']","['in', 'teg', 'rat', 'ing']",['integrating'],0.2727272727272727,3.31e-06,"[10, 27, 33, 3, 21, 30, 9, 33]"
manufacture,"['M', 'AE', 'N', 'Y', 'AH', 'F', 'AE', 'K', 'CH', 'ER']","['man', 'u', 'fac', 'ture']",['manufacture'],0.2727272727272727,9.55e-06,"[26, 2, 27, 37, 3, 20, 2, 24]"
considering,"['K', 'AH', 'N', 'S', 'IH', 'D', 'ER', 'IH', 'NG']","['con', 'sid', 'er', 'ing']",['considering'],0.2727272727272727,4.37e-05,"[24, 3, 27, 31, 10, 18, 8, 10]"
legislation,"['L', 'EH', 'JH', 'AH', 'S', 'L', 'EY', 'SH', 'AH', 'N']","['le', 'gis', 'la', 'tion']",['legislation'],0.2727272727272727,3.55e-05,"[25, 7, 23, 3, 31, 25, 9, 32]"
competition,"['K', 'AA', 'M', 'P', 'AH', 'T', 'IH', 'SH', 'AH', 'N']","['com', 'pet', 'i', 'tion']",['competition'],0.2727272727272727,8.13e-05,"[24, 1, 26, 29, 3, 33, 10, 32]"
reservation,"['R', 'EH', 'Z', 'ER', 'V', 'EY', 'SH', 'AH', 'N']","['re', 'ser', 'va', 'tion']",['reservation'],0.2727272727272727,8.91e-06,"[30, 7, 38, 8, 35, 9, 32, 3]"
invitations,"['IH', 'N', 'V', 'IH', 'T', 'EY', 'SH', 'AH', 'N', 'Z']","['in', 'vit', 'a', 'tions']",['invitations'],0.2727272727272727,2.57e-06,"[10, 27, 35, 10, 33, 9, 32, 3]"
interactive,"['IH', 'N', 'T', 'ER', 'AE', 'K', 'T', 'IH', 'V']","['in', 'ter', 'act', 'ive']",['interactive'],0.2727272727272727,1.15e-05,"[10, 27, 33, 8, 2, 24, 33, 10]"
exhibitions,"['EH', 'K', 'S', 'AH', 'B', 'IH', 'SH', 'AH', 'N', 'Z']","['ex', 'hib', 'i', 'tions']",['exhibitions'],0.2727272727272727,4.79e-06,"[7, 24, 31, 3, 16, 10, 32, 3]"
preliminary,"['P', 'R', 'IH', 'L', 'IH', 'M', 'AH', 'N', 'EH', 'R', 'IY']","['pre', 'lim', 'in', 'ary']",['preliminary'],0.2727272727272727,1.45e-05,"[29, 30, 10, 25, 10, 26, 3, 27]"
promotional,"['P', 'R', 'AH', 'M', 'OW', 'SH', 'AH', 'N', 'AH', 'L']","['pro', 'mo', 'tion', 'al']",['promotional'],0.2727272727272727,7.41e-06,"[29, 30, 3, 26, 12, 32, 3, 27]"
resolutions,"['R', 'EH', 'Z', 'AH', 'L', 'UW', 'SH', 'AH', 'N', 'Z']","['res', 'ol', 'u', 'tions']",['resolutions'],0.2727272727272727,5.01e-06,"[30, 7, 38, 3, 25, 15, 32, 3]"
penetration,"['P', 'EH', 'N', 'AH', 'T', 'R', 'EY', 'SH', 'AH', 'N']","['pen', 'et', 'ra', 'tion']",['penetration'],0.2727272727272727,5.13e-06,"[29, 7, 27, 3, 33, 30, 9, 32]"
communicate,"['K', 'AH', 'M', 'Y', 'UW', 'N', 'AH', 'K', 'EY', 'T']","['com', 'mu', 'nic', 'ate']",['communicate'],0.2727272727272727,1.58e-05,"[24, 3, 26, 37, 15, 27, 3, 24]"
cooperation,"['K', 'OW', 'AA', 'P', 'ER', 'EY', 'SH', 'AH', 'N']","['co', 'oper', 'a', 'tion']",['cooperation'],0.2727272727272727,2e-05,"[24, 12, 1, 29, 8, 9, 32, 3]"
acquisition,"['AE', 'K', 'W', 'AH', 'Z', 'IH', 'SH', 'AH', 'N']","['ac', 'quis', 'i', 'tion']",['acquisition'],0.2727272727272727,1.82e-05,"[2, 24, 36, 3, 38, 10, 32, 3]"
implemented,"['IH', 'M', 'P', 'L', 'AH', 'M', 'EH', 'N', 'T', 'AH', 'D']","['im', 'ple', 'men', 'ted']",['implemented'],0.2727272727272727,1.7e-05,"[10, 26, 29, 25, 3, 26, 7, 27]"
directories,"['D', 'AY', 'R', 'EH', 'K', 'T', 'ER', 'IY', 'Z']","['dir', 'ect', 'or', 'ies']",['directories'],0.2727272727272727,1.55e-06,"[18, 6, 30, 7, 24, 33, 8, 11]"
agriculture,"['AE', 'G', 'R', 'IH', 'K', 'AH', 'L', 'CH', 'ER']","['ag', 'ri', 'cul', 'ture']",['agriculture'],0.2727272727272727,2.34e-05,"[2, 21, 30, 10, 24, 3, 25, 17]"
populations,"['P', 'AA', 'P', 'Y', 'AH', 'L', 'EY', 'SH', 'AH', 'N', 'Z']","['pop', 'u', 'la', 'tions']",['populations'],0.2727272727272727,1.55e-05,"[29, 1, 29, 37, 3, 25, 9, 32]"
exploration,"['EH', 'K', 'S', 'P', 'L', 'ER', 'EY', 'SH', 'AH', 'N']","['ex', 'plor', 'a', 'tion']",['exploration'],0.2727272727272727,1.55e-05,"[7, 24, 31, 29, 25, 8, 9, 32]"
significant,"['S', 'AH', 'G', 'N', 'IH', 'F', 'IH', 'K', 'AH', 'N', 'T']","['sig', 'ni', 'fic', 'ant']",['significant'],0.2727272727272727,9.55e-05,"[31, 3, 21, 27, 10, 20, 10, 24]"
distributor,"['D', 'IH', 'S', 'T', 'R', 'IH', 'B', 'Y', 'AH', 'T', 'ER']","['dis', 'trib', 'ut', 'or']",['distributor'],0.2727272727272727,4.57e-06,"[18, 10, 31, 33, 30, 10, 16, 37]"
methodology,"['M', 'EH', 'TH', 'AH', 'D', 'AA', 'L', 'AH', 'JH', 'IY']","['meth', 'od', 'o', 'logy']",['methodology'],0.2727272727272727,6.61e-06,"[26, 7, 34, 3, 18, 1, 25, 3]"
eligibility,"['EH', 'L', 'IH', 'JH', 'AH', 'B', 'IH', 'L', 'IH', 'T', 'IY']","['eli', 'gib', 'il', 'ity']",['eligibility'],0.2727272727272727,5.62e-06,"[7, 25, 10, 23, 3, 16, 10, 25]"
affiliation,"['AH', 'F', 'IH', 'L', 'IY', 'EY', 'SH', 'AH', 'N']","['af', 'fil', 'i', 'ation']",['affiliation'],0.2727272727272727,4.27e-06,"[3, 20, 10, 25, 11, 9, 32, 3]"
appropriate,"['AH', 'P', 'R', 'OW', 'P', 'R', 'IY', 'AH', 'T']","['ap', 'pro', 'pri', 'ate']",['appropriate'],0.2727272727272727,4.68e-05,"[3, 29, 30, 12, 29, 30, 11, 3]"
anticipated,"['AE', 'N', 'T', 'IH', 'S', 'AH', 'P', 'EY', 'T', 'AH', 'D']","['an', 'ti', 'cip', 'ated']",['anticipated'],0.2727272727272727,1.2e-05,"[2, 27, 33, 10, 31, 3, 29, 9]"
calculation,"['K', 'AE', 'L', 'K', 'Y', 'AH', 'L', 'EY', 'SH', 'AH', 'N']","['cal', 'cu', 'la', 'tion']",['calculation'],0.2727272727272727,5.75e-06,"[24, 2, 25, 24, 37, 3, 25, 9]"
termination,"['T', 'ER', 'M', 'AH', 'N', 'EY', 'SH', 'AH', 'N']","['ter', 'min', 'a', 'tion']",['termination'],0.2727272727272727,5.37e-06,"[33, 8, 26, 3, 27, 9, 32, 3]"
temperature,"['T', 'EH', 'M', 'P', 'R', 'AH', 'CH', 'ER']","['tem', 'per', 'at', 'ure']",['temperature'],0.2727272727272727,4.37e-05,"[33, 7, 26, 29, 30, 3, 17, 8]"
recognition,"['R', 'EH', 'K', 'AH', 'G', 'N', 'IH', 'SH', 'AH', 'N']","['re', 'cog', 'ni', 'tion']",['recognition'],0.2727272727272727,2.95e-05,"[30, 7, 24, 3, 21, 27, 10, 32]"
publication,"['P', 'AH', 'B', 'L', 'IH', 'K', 'EY', 'SH', 'AH', 'N']","['pub', 'lic', 'a', 'tion']",['publication'],0.2727272727272727,2.82e-05,"[29, 3, 16, 25, 10, 24, 9, 32]"
alternative,"['AO', 'L', 'T', 'ER', 'N', 'AH', 'T', 'IH', 'V']","['al', 'tern', 'at', 'ive']",['alternative'],0.2727272727272727,5.13e-05,"[4, 25, 33, 8, 27, 3, 33, 10]"
educational,"['EH', 'JH', 'AH', 'K', 'EY', 'SH', 'AH', 'N', 'AH', 'L']","['edu', 'ca', 'tion', 'al']",['educational'],0.2727272727272727,3.98e-05,"[7, 23, 3, 24, 9, 32, 3, 27]"
environment,"['IH', 'N', 'V', 'AY', 'R', 'AH', 'N', 'M', 'AH', 'N', 'T']","['en', 'vir', 'on', 'ment']",['environment'],0.2727272727272727,7.41e-05,"[10, 27, 35, 6, 30, 3, 27, 26]"
consecutive,"['K', 'AH', 'N', 'S', 'EH', 'K', 'Y', 'AH', 'T', 'IH', 'V']","['con', 'sec', 'ut', 'ive']",['consecutive'],0.2727272727272727,1.51e-05,"[24, 3, 27, 31, 7, 24, 37, 3]"
explanation,"['EH', 'K', 'S', 'P', 'L', 'AH', 'N', 'EY', 'SH', 'AH', 'N']","['ex', 'plan', 'a', 'tion']",['explanation'],0.2727272727272727,2.75e-05,"[7, 24, 31, 29, 25, 3, 27, 9]"
medications,"['M', 'EH', 'D', 'AH', 'K', 'EY', 'SH', 'AH', 'N', 'Z']","['med', 'ic', 'a', 'tions']",['medications'],0.2727272727272727,5.75e-06,"[26, 7, 18, 3, 24, 9, 32, 3]"
computation,"['K', 'AA', 'M', 'P', 'Y', 'AH', 'T', 'EY', 'SH', 'AH', 'N']","['com', 'pu', 'ta', 'tion']",['computation'],0.2727272727272727,2.24e-06,"[24, 1, 26, 29, 37, 3, 33, 9]"
arbitration,"['AA', 'R', 'B', 'IH', 'T', 'R', 'EY', 'SH', 'AH', 'N']","['ar', 'bit', 'ra', 'tion']",['arbitration'],0.2727272727272727,5.25e-06,"[1, 30, 16, 10, 33, 30, 9, 32]"
competitors,"['K', 'AH', 'M', 'P', 'EH', 'T', 'AH', 'T', 'ER', 'Z']","['com', 'pet', 'it', 'ors']",['competitors'],0.2727272727272727,1.29e-05,"[24, 3, 26, 29, 7, 33, 3, 33]"
mathematics,"['M', 'AE', 'TH', 'AH', 'M', 'AE', 'T', 'IH', 'K', 'S']","['math', 'em', 'at', 'ics']",['mathematics'],0.2727272727272727,1.41e-05,"[26, 2, 34, 3, 26, 2, 33, 10]"
conditional,"['K', 'AH', 'N', 'D', 'IH', 'SH', 'AH', 'N', 'AH', 'L']","['con', 'di', 'tion', 'al']",['conditional'],0.2727272727272727,3.89e-06,"[24, 3, 27, 18, 10, 32, 3, 27]"
participate,"['P', 'AA', 'R', 'T', 'IH', 'S', 'AH', 'P', 'EY', 'T']","['par', 'ti', 'cip', 'ate']",['participate'],0.2727272727272727,2.63e-05,"[29, 1, 30, 33, 10, 31, 3, 29]"
institution,"['IH', 'N', 'S', 'T', 'IH', 'T', 'UW', 'SH', 'AH', 'N']","['in', 'sti', 'tu', 'tion']",['institution'],0.2727272727272727,2.57e-05,"[10, 27, 31, 33, 10, 33, 15, 32]"
commodities,"['K', 'AH', 'M', 'AA', 'D', 'AH', 'T', 'IY', 'Z']","['com', 'mod', 'it', 'ies']",['commodities'],0.2727272727272727,5.37e-06,"[24, 3, 26, 1, 18, 3, 33, 11]"
determining,"['D', 'IH', 'T', 'ER', 'M', 'AH', 'N', 'IH', 'NG']","['de', 'term', 'in', 'ing']",['determining'],0.2727272727272727,9.33e-06,"[18, 10, 33, 8, 26, 3, 27, 10]"
comparative,"['K', 'AH', 'M', 'P', 'EH', 'R', 'AH', 'T', 'IH', 'V']","['com', 'par', 'at', 'ive']",['comparative'],0.2727272727272727,5.89e-06,"[24, 3, 26, 29, 7, 30, 3, 33]"
competitive,"['K', 'AH', 'M', 'P', 'EH', 'T', 'AH', 'T', 'IH', 'V']","['com', 'pet', 'it', 'ive']",['competitive'],0.2727272727272727,3.72e-05,"[24, 3, 26, 29, 7, 33, 3, 33]"
atmospheric,"['AE', 'T', 'M', 'AH', 'S', 'F', 'EH', 'R', 'IH', 'K']","['at', 'mo', 'spher', 'ic']",['atmospheric'],0.2727272727272727,6.92e-06,"[2, 33, 26, 3, 31, 20, 7, 30]"
information,"['IH', 'N', 'F', 'ER', 'M', 'EY', 'SH', 'AH', 'N']","['in', 'form', 'a', 'tion']",['information'],0.2727272727272727,0.000269,"[10, 27, 20, 8, 26, 9, 32, 3]"
experiences,"['IH', 'K', 'S', 'P', 'IH', 'R', 'IY', 'AH', 'N', 'S', 'IH', 'Z']","['ex', 'per', 'i', 'ences']",['experiences'],0.2727272727272727,3.55e-05,"[10, 24, 31, 29, 10, 30, 11, 3]"
magnificent,"['M', 'AE', 'G', 'N', 'IH', 'F', 'AH', 'S', 'AH', 'N', 'T']","['mag', 'ni', 'fi', 'cent']",['magnificent'],0.2727272727272727,1.1e-05,"[26, 2, 21, 27, 10, 20, 3, 31]"
replication,"['R', 'EH', 'P', 'L', 'AH', 'K', 'EY', 'SH', 'AH', 'N']","['rep', 'lic', 'a', 'tion']",['replication'],0.2727272727272727,2.63e-06,"[30, 7, 29, 25, 3, 24, 9, 32]"
possibility,"['P', 'AA', 'S', 'AH', 'B', 'IH', 'L', 'AH', 'T', 'IY']","['pos', 'sib', 'il', 'ity']",['possibility'],0.2727272727272727,3.8e-05,"[29, 1, 31, 3, 16, 10, 25, 3]"
calibration,"['K', 'AE', 'L', 'AH', 'B', 'R', 'EY', 'SH', 'AH', 'N']","['cal', 'ib', 'ra', 'tion']",['calibration'],0.2727272727272727,2.19e-06,"[24, 2, 25, 3, 16, 30, 9, 32]"
hospitality,"['HH', 'AA', 'S', 'P', 'AH', 'T', 'AE', 'L', 'AH', 'T', 'IY']","['hos', 'pit', 'al', 'ity']",['hospitality'],0.2727272727272727,7.94e-06,"[22, 1, 31, 29, 3, 33, 2, 25]"
palestinian,"['P', 'AE', 'L', 'IH', 'S', 'T', 'IH', 'N', 'IY', 'AH', 'N']","['palestini', 'an']","['pal', 'est', 'inian']",0.2727272727272727,1.29e-05,"[29, 2, 25, 10, 31, 33, 10, 27]"
individuals,"['IH', 'N', 'D', 'AH', 'V', 'IH', 'JH', 'AH', 'W', 'AH', 'L', 'Z']","['in', 'di', 'vidu', 'als']",['individuals'],0.2727272727272727,6.46e-05,"[10, 27, 18, 3, 35, 10, 23, 3]"
temporarily,"['T', 'EH', 'M', 'P', 'ER', 'EH', 'R', 'AH', 'L', 'IY']","['tem', 'por', 'ar', 'ily']",['temporarily'],0.2727272727272727,1.15e-05,"[33, 7, 26, 29, 8, 7, 30, 3]"
christopher,"['K', 'R', 'IH', 'S', 'T', 'AH', 'F', 'ER']","['chris', 'toph', 'er']","['christ', 'opher']",0.2727272727272727,1.66e-05,"[24, 30, 10, 31, 33, 3, 20, 8]"
representatives,"['R', 'EH', 'P', 'R', 'AH', 'Z', 'EH', 'N', 'T', 'AH', 'T', 'IH', 'V', 'Z']","['rep', 'res', 'ent', 'at', 'ives']",['representatives'],0.26666666666666666,3.31e-05,"[30, 7, 29, 30, 3, 38, 7, 27]"
congratulations,"['K', 'AH', 'N', 'G', 'R', 'AE', 'CH', 'AH', 'L', 'EY', 'SH', 'AH', 'N', 'Z']","['con', 'grat', 'u', 'la', 'tions']",['congratulations'],0.26666666666666666,2.51e-05,"[24, 3, 27, 21, 30, 2, 17, 3]"
representations,"['R', 'EH', 'P', 'R', 'AH', 'Z', 'AH', 'N', 'T', 'EY', 'SH', 'AH', 'N', 'Z']","['rep', 'res', 'ent', 'a', 'tions']",['representations'],0.26666666666666666,4.68e-06,"[30, 7, 29, 30, 3, 38, 3, 27]"
characteristics,"['K', 'EH', 'R', 'AH', 'K', 'T', 'ER', 'IH', 'S', 'T', 'IH', 'K', 'S']","['char', 'ac', 'ter', 'ist', 'ics']",['characteristics'],0.26666666666666666,1.91e-05,"[24, 7, 30, 3, 24, 33, 8, 10]"
recommendations,"['R', 'EH', 'K', 'AH', 'M', 'AH', 'N', 'D', 'EY', 'SH', 'AH', 'N', 'Z']","['re', 'com', 'mend', 'a', 'tions']",['recommendations'],0.26666666666666666,1.95e-05,"[30, 7, 24, 3, 26, 3, 27, 18]"
internationally,"['IH', 'N', 'T', 'ER', 'N', 'AE', 'SH', 'AH', 'N', 'AH', 'L', 'IY']","['in', 'ter', 'na', 'tion', 'ally']",['internationally'],0.26666666666666666,8.91e-06,"[10, 27, 33, 8, 27, 2, 32, 3]"
emma,"['EH', 'M', 'AH']",['emma'],"['em', 'ma']",0.25,1.7e-05,"[7, 26, 3, 0, 0, 0, 0, 0]"
catalogs,"['K', 'AE', 'T', 'AH', 'L', 'AA', 'G', 'Z']","['cata', 'logs']","['catalog', 's']",0.25,1.2e-06,"[24, 2, 33, 3, 25, 1, 21, 38]"
reynolds,"['R', 'EH', 'N', 'AH', 'L', 'D', 'Z']","['reyn', 'olds']","['re', 'ynolds']",0.25,9.77e-06,"[30, 7, 27, 3, 25, 18, 38, 0]"
chan,"['CH', 'AE', 'N']",['chan'],"['ch', 'an']",0.25,1e-05,"[17, 2, 27, 0, 0, 0, 0, 0]"
beth,"['B', 'EH', 'TH']",['beth'],"['bet', 'h']",0.25,7.41e-06,"[16, 7, 34, 0, 0, 0, 0, 0]"
jill,"['JH', 'IH', 'L']",['jill'],"['j', 'ill']",0.25,6.46e-06,"[23, 10, 25, 0, 0, 0, 0, 0]"
democrat,"['D', 'EH', 'M', 'AH', 'K', 'R', 'AE', 'T']","['demo', 'crat']","['dem', 'ocrat']",0.25,1.74e-05,"[18, 7, 26, 3, 24, 30, 2, 33]"
instrumental,"['IH', 'N', 'S', 'T', 'R', 'AH', 'M', 'EH', 'N', 'T', 'AH', 'L']","['in', 'stru', 'ment', 'al']",['instrumental'],0.25,9.77e-06,"[10, 27, 31, 33, 30, 3, 26, 7]"
