word,arpabet,syllables,tokenized_word,hamming_distance,word_frequency,phon_vec
springfield,"['S', 'P', 'R', 'IH', 'NG', 'F', 'IY', 'L', 'D']","['spring', 'field']","['spring', 'field']",0.0,6.17e-06,"[31, 29, 30, 10, 28, 20, 11, 25]"
sailing,"['S', 'EY', 'L', 'IH', 'NG']","['sail', 'ing']","['sail', 'ing']",0.0,9.77e-06,"[31, 9, 25, 10, 28, 0, 0, 0]"
graduation,"['G', 'R', 'AE', 'JH', 'UW', 'EY', 'SH', 'AH', 'N']","['gradu', 'ation']","['gradu', 'ation']",0.0,1.17e-05,"[21, 30, 2, 23, 15, 9, 32, 3]"
previews,"['P', 'R', 'IY', 'V', 'Y', 'UW', 'Z']","['pre', 'views']","['pre', 'views']",0.0,2.14e-06,"[29, 30, 11, 35, 37, 15, 38, 0]"
newton,"['N', 'UW', 'T', 'AH', 'N']","['new', 'ton']","['new', 'ton']",0.0,8.71e-06,"[27, 15, 33, 3, 27, 0, 0, 0]"
springer,"['S', 'P', 'R', 'IH', 'NG', 'ER']","['spring', 'er']","['spring', 'er']",0.0,3.72e-06,"[31, 29, 30, 10, 28, 8, 0, 0]"
disclose,"['D', 'IH', 'S', 'K', 'L', 'OW', 'Z']","['dis', 'close']","['dis', 'close']",0.0,6.92e-06,"[18, 10, 31, 24, 25, 12, 38, 0]"
mixer,"['M', 'IH', 'K', 'S', 'ER']","['mix', 'er']","['mix', 'er']",0.0,3.16e-06,"[26, 10, 24, 31, 8, 0, 0, 0]"
fabulous,"['F', 'AE', 'B', 'Y', 'AH', 'L', 'AH', 'S']","['fab', 'ulous']","['fab', 'ulous']",0.0,1.2e-05,"[20, 2, 16, 37, 3, 25, 3, 31]"
bookings,"['B', 'UH', 'K', 'IH', 'NG', 'Z']","['book', 'ings']","['book', 'ings']",0.0,2.14e-06,"[16, 14, 24, 10, 28, 38, 0, 0]"
serum,"['S', 'IH', 'R', 'AH', 'M']","['ser', 'um']","['ser', 'um']",0.0,5.5e-06,"[31, 10, 30, 3, 26, 0, 0, 0]"
tariff,"['T', 'EH', 'R', 'AH', 'F']","['tar', 'iff']","['tar', 'iff']",0.0,3.09e-06,"[33, 7, 30, 3, 20, 0, 0, 0]"
manor,"['M', 'AE', 'N', 'ER']","['man', 'or']","['man', 'or']",0.0,6.46e-06,"[26, 2, 27, 8, 0, 0, 0, 0]"
breeding,"['B', 'R', 'IY', 'D', 'IH', 'NG']","['breed', 'ing']","['breed', 'ing']",0.0,1.2e-05,"[16, 30, 11, 18, 10, 28, 0, 0]"
shipment,"['SH', 'IH', 'P', 'M', 'AH', 'N', 'T']","['ship', 'ment']","['ship', 'ment']",0.0,5.75e-06,"[32, 10, 29, 26, 3, 27, 33, 0]"
schedules,"['S', 'K', 'EH', 'JH', 'UH', 'L', 'Z']","['sched', 'ules']","['sched', 'ules']",0.0,6.46e-06,"[31, 24, 7, 23, 14, 25, 38, 0]"
newcastle,"['N', 'UW', 'K', 'AE', 'S', 'AH', 'L']","['new', 'castle']","['new', 'castle']",0.0,1.17e-05,"[27, 15, 24, 2, 31, 3, 25, 0]"
mentor,"['M', 'EH', 'N', 'T', 'AO', 'R']","['ment', 'or']","['ment', 'or']",0.0,8.51e-06,"[26, 7, 27, 33, 4, 30, 0, 0]"
maiden,"['M', 'EY', 'D', 'AH', 'N']","['maid', 'en']","['maid', 'en']",0.0,6.61e-06,"[26, 9, 18, 3, 27, 0, 0, 0]"
drainage,"['D', 'R', 'EY', 'N', 'AH', 'JH']","['drain', 'age']","['drain', 'age']",0.0,5.89e-06,"[18, 30, 9, 27, 3, 23, 0, 0]"
nickel,"['N', 'IH', 'K', 'AH', 'L']","['nick', 'el']","['nick', 'el']",0.0,6.61e-06,"[27, 10, 24, 3, 25, 0, 0, 0]"
elephant,"['EH', 'L', 'AH', 'F', 'AH', 'N', 'T']","['ele', 'phant']","['ele', 'phant']",0.0,1.2e-05,"[7, 25, 3, 20, 3, 27, 33, 0]"
postcard,"['P', 'OW', 'S', 'T', 'K', 'AA', 'R', 'D']","['post', 'card']","['post', 'card']",0.0,2.75e-06,"[29, 12, 31, 33, 24, 1, 30, 18]"
newport,"['N', 'UW', 'P', 'AO', 'R', 'T']","['new', 'port']","['new', 'port']",0.0,6.03e-06,"[27, 15, 29, 4, 30, 33, 0, 0]"
wellness,"['W', 'EH', 'L', 'N', 'AH', 'S']","['well', 'ness']","['well', 'ness']",0.0,3.72e-06,"[36, 7, 25, 27, 3, 31, 0, 0]"
venues,"['V', 'EH', 'N', 'UW', 'Z']","['ven', 'ues']","['ven', 'ues']",0.0,8.32e-06,"[35, 7, 27, 15, 38, 0, 0, 0]"
wishing,"['W', 'IH', 'SH', 'IH', 'NG']","['wish', 'ing']","['wish', 'ing']",0.0,8.71e-06,"[36, 10, 32, 10, 28, 0, 0, 0]"
england,"['IH', 'NG', 'G', 'L', 'AH', 'N', 'D']","['eng', 'land']","['eng', 'land']",0.0,0.000132,"[10, 28, 21, 25, 3, 27, 18, 0]"
christmas,"['K', 'R', 'IH', 'S', 'M', 'AH', 'S']","['christ', 'mas']","['christ', 'mas']",0.0,8.13e-05,"[24, 30, 10, 31, 26, 3, 31, 0]"
newman,"['N', 'UW', 'M', 'AH', 'N']","['new', 'man']","['new', 'man']",0.0,6.76e-06,"[27, 15, 26, 3, 27, 0, 0, 0]"
newfoundland,"['N', 'UW', 'F', 'AH', 'N', 'D', 'L', 'AH', 'N', 'D']","['new', 'found', 'land']","['new', 'found', 'land']",0.0,2.4e-06,"[27, 15, 20, 3, 27, 18, 25, 3]"
necklace,"['N', 'EH', 'K', 'L', 'AH', 'S']","['neck', 'lace']","['neck', 'lace']",0.0,7.08e-06,"[27, 7, 24, 25, 3, 31, 0, 0]"
luggage,"['L', 'AH', 'G', 'AH', 'JH']","['lug', 'gage']","['lug', 'gage']",0.0,6.31e-06,"[25, 3, 21, 3, 23, 0, 0, 0]"
upgrades,"['AH', 'P', 'G', 'R', 'EY', 'D', 'Z']","['up', 'grades']","['up', 'grades']",0.0,6.03e-06,"[3, 29, 21, 30, 9, 18, 38, 0]"
vegas,"['V', 'EY', 'G', 'AH', 'S']","['ve', 'gas']","['ve', 'gas']",0.0,2.63e-05,"[35, 9, 21, 3, 31, 0, 0, 0]"
softball,"['S', 'AO', 'F', 'T', 'B', 'AO', 'L']","['soft', 'ball']","['soft', 'ball']",0.0,4.57e-06,"[31, 4, 20, 33, 16, 4, 25, 0]"
merger,"['M', 'ER', 'JH', 'ER']","['mer', 'ger']","['mer', 'ger']",0.0,9.33e-06,"[26, 8, 23, 8, 0, 0, 0, 0]"
papua,"['P', 'AE', 'P', 'Y', 'UW', 'AH']","['pap', 'ua']","['pap', 'ua']",0.0,2.63e-06,"[29, 2, 29, 37, 15, 3, 0, 0]"
spanish,"['S', 'P', 'AE', 'N', 'IH', 'SH']","['span', 'ish']","['span', 'ish']",0.0,5.37e-05,"[31, 29, 2, 27, 10, 32, 0, 0]"
jersey,"['JH', 'ER', 'Z', 'IY']","['jer', 'sey']","['jer', 'sey']",0.0,4.57e-05,"[23, 8, 38, 11, 0, 0, 0, 0]"
paris,"['P', 'EH', 'R', 'IH', 'S']","['par', 'is']","['par', 'is']",0.0,6.61e-05,"[29, 7, 30, 10, 31, 0, 0, 0]"
mailing,"['M', 'EY', 'L', 'IH', 'NG']","['mail', 'ing']","['mail', 'ing']",0.0,3.98e-06,"[26, 9, 25, 10, 28, 0, 0, 0]"
trustee,"['T', 'R', 'AH', 'S', 'T', 'IY']","['trust', 'ee']","['trust', 'ee']",0.0,4.79e-06,"[33, 30, 3, 31, 33, 11, 0, 0]"
validity,"['V', 'AH', 'L', 'IH', 'D', 'AH', 'T', 'IY']","['valid', 'ity']","['valid', 'ity']",0.0,5.01e-06,"[35, 3, 25, 10, 18, 3, 33, 11]"
arbor,"['AA', 'R', 'B', 'ER']","['ar', 'bor']","['ar', 'bor']",0.0,3.09e-06,"[1, 30, 16, 8, 0, 0, 0, 0]"
cocktail,"['K', 'AA', 'K', 'T', 'EY', 'L']","['cock', 'tail']","['cock', 'tail']",0.0,7.76e-06,"[24, 1, 24, 33, 9, 25, 0, 0]"
midlands,"['M', 'IH', 'D', 'L', 'AE', 'N', 'D', 'Z']","['mid', 'lands']","['mid', 'lands']",0.0,4.9e-06,"[26, 10, 18, 25, 2, 27, 18, 38]"
reprints,"['R', 'IY', 'P', 'R', 'IH', 'N', 'T', 'S']","['re', 'prints']","['re', 'prints']",0.0,1.07e-06,"[30, 11, 29, 30, 10, 27, 33, 31]"
danish,"['D', 'EY', 'N', 'IH', 'SH']","['dan', 'ish']","['dan', 'ish']",0.0,8.13e-06,"[18, 9, 27, 10, 32, 0, 0, 0]"
spotlight,"['S', 'P', 'AA', 'T', 'L', 'AY', 'T']","['spot', 'light']","['spot', 'light']",0.0,7.94e-06,"[31, 29, 1, 33, 25, 6, 33, 0]"
mirrors,"['M', 'IH', 'R', 'ER', 'Z']","['mir', 'rors']","['mir', 'rors']",0.0,6.46e-06,"[26, 10, 30, 8, 38, 0, 0, 0]"
frankfurt,"['F', 'R', 'AE', 'NG', 'K', 'F', 'ER', 'T']","['frank', 'furt']","['frank', 'furt']",0.0,4.17e-06,"[20, 30, 2, 28, 24, 20, 8, 33]"
parcel,"['P', 'AA', 'R', 'S', 'AH', 'L']","['par', 'cel']","['par', 'cel']",0.0,4.68e-06,"[29, 1, 30, 31, 3, 25, 0, 0]"
spokesman,"['S', 'P', 'OW', 'K', 'S', 'M', 'AH', 'N']","['spokes', 'man']","['spokes', 'man']",0.0,6.17e-06,"[31, 29, 12, 24, 31, 26, 3, 27]"
roommates,"['R', 'UW', 'M', 'EY', 'T', 'S']","['room', 'mates']","['room', 'mates']",0.0,2.45e-06,"[30, 15, 26, 9, 33, 31, 0, 0]"
salmon,"['S', 'AE', 'M', 'AH', 'N']","['sal', 'mon']","['sal', 'mon']",0.0,1.02e-05,"[31, 2, 26, 3, 27, 0, 0, 0]"
passport,"['P', 'AE', 'S', 'P', 'AO', 'R', 'T']","['pass', 'port']","['pass', 'port']",0.0,1.12e-05,"[29, 2, 31, 29, 4, 30, 33, 0]"
rabbit,"['R', 'AE', 'B', 'AH', 'T']","['rab', 'bit']","['rab', 'bit']",0.0,1.12e-05,"[30, 2, 16, 3, 33, 0, 0, 0]"
luxembourg,"['L', 'AH', 'K', 'S', 'AH', 'M', 'B', 'AO', 'R', 'G']","['lux', 'em', 'bourg']","['lux', 'em', 'bourg']",0.0,3.72e-06,"[25, 3, 24, 31, 3, 26, 16, 4]"
viewer,"['V', 'Y', 'UW', 'ER']","['view', 'er']","['view', 'er']",0.0,5.89e-06,"[35, 37, 15, 8, 0, 0, 0, 0]"
tuition,"['T', 'Y', 'UW', 'IH', 'SH', 'AH', 'N']","['tu', 'ition']","['tu', 'ition']",0.0,9.33e-06,"[33, 37, 15, 10, 32, 3, 27, 0]"
rebound,"['R', 'IY', 'B', 'AW', 'N', 'D']","['re', 'bound']","['re', 'bound']",0.0,3.39e-06,"[30, 11, 16, 5, 27, 18, 0, 0]"
offshore,"['AO', 'F', 'SH', 'AO', 'R']","['off', 'shore']","['off', 'shore']",0.0,8.13e-06,"[4, 20, 32, 4, 30, 0, 0, 0]"
exchanges,"['IH', 'K', 'S', 'CH', 'EY', 'N', 'JH', 'AH', 'Z']","['ex', 'changes']","['ex', 'changes']",0.0,8.91e-06,"[10, 24, 31, 17, 9, 27, 23, 3]"
samsung,"['S', 'AE', 'M', 'S', 'AH', 'NG']","['sam', 'sung']","['sam', 'sung']",0.0,1.32e-05,"[31, 2, 26, 31, 3, 28, 0, 0]"
statute,"['S', 'T', 'AE', 'CH', 'UW', 'T']","['stat', 'ute']","['stat', 'ute']",0.0,6.76e-06,"[31, 33, 2, 17, 15, 33, 0, 0]"
stockings,"['S', 'T', 'AA', 'K', 'IH', 'NG', 'Z']","['stock', 'ings']","['stock', 'ings']",0.0,2.95e-06,"[31, 33, 1, 24, 10, 28, 38, 0]"
stanford,"['S', 'T', 'AE', 'N', 'F', 'ER', 'D']","['stan', 'ford']","['stan', 'ford']",0.0,9.55e-06,"[31, 33, 2, 27, 20, 8, 18, 0]"
sunshine,"['S', 'AH', 'N', 'SH', 'AY', 'N']","['sun', 'shine']","['sun', 'shine']",0.0,1.45e-05,"[31, 3, 27, 32, 6, 27, 0, 0]"
madrid,"['M', 'AH', 'D', 'R', 'IH', 'D']","['mad', 'rid']","['mad', 'rid']",0.0,2e-05,"[26, 3, 18, 30, 10, 18, 0, 0]"
hacker,"['HH', 'AE', 'K', 'ER']","['hack', 'er']","['hack', 'er']",0.0,4.68e-06,"[22, 2, 24, 8, 0, 0, 0, 0]"
israel,"['IH', 'Z', 'R', 'IY', 'AH', 'L']","['is', 'rael']","['is', 'rael']",0.0,5.89e-05,"[10, 38, 30, 11, 3, 25, 0, 0]"
harley,"['HH', 'AA', 'R', 'L', 'IY']","['har', 'ley']","['har', 'ley']",0.0,5.25e-06,"[22, 1, 30, 25, 11, 0, 0, 0]"
inquire,"['IH', 'N', 'K', 'W', 'AY', 'R']","['in', 'quire']","['in', 'quire']",0.0,2.4e-06,"[10, 27, 24, 36, 6, 30, 0, 0]"
viral,"['V', 'AY', 'R', 'AH', 'L']","['vir', 'al']","['vir', 'al']",0.0,1.2e-05,"[35, 6, 30, 3, 25, 0, 0, 0]"
hardcore,"['HH', 'AA', 'R', 'D', 'K', 'AO', 'R']","['hard', 'core']","['hard', 'core']",0.0,9.33e-06,"[22, 1, 30, 18, 24, 4, 30, 0]"
kingston,"['K', 'IH', 'NG', 'S', 'T', 'AH', 'N']","['king', 'ston']","['king', 'ston']",0.0,5.5e-06,"[24, 10, 28, 31, 33, 3, 27, 0]"
weekends,"['W', 'IY', 'K', 'EH', 'N', 'D', 'Z']","['week', 'ends']","['week', 'ends']",0.0,1.12e-05,"[36, 11, 24, 7, 27, 18, 38, 0]"
arabic,"['AE', 'R', 'AH', 'B', 'IH', 'K']","['ar', 'ab', 'ic']","['ar', 'ab', 'ic']",0.0,1.07e-05,"[2, 30, 3, 16, 10, 24, 0, 0]"
monkey,"['M', 'AH', 'NG', 'K', 'IY']","['mon', 'key']","['mon', 'key']",0.0,1.17e-05,"[26, 3, 28, 24, 11, 0, 0, 0]"
mercury,"['M', 'ER', 'K', 'Y', 'ER', 'IY']","['mer', 'cury']","['mer', 'cury']",0.0,1.05e-05,"[26, 8, 24, 37, 8, 11, 0, 0]"
westminster,"['W', 'EH', 'S', 'T', 'M', 'IH', 'N', 'S', 'T', 'ER']","['west', 'min', 'ster']","['west', 'min', 'ster']",0.0,1e-05,"[36, 7, 31, 33, 26, 10, 27, 31]"
playback,"['P', 'L', 'EY', 'B', 'AE', 'K']","['play', 'back']","['play', 'back']",0.0,2.14e-06,"[29, 25, 9, 16, 2, 24, 0, 0]"
paintball,"['P', 'EY', 'N', 'T', 'B', 'AA', 'L']","['paint', 'ball']","['paint', 'ball']",0.0,1.07e-06,"[29, 9, 27, 33, 16, 1, 25, 0]"
kidney,"['K', 'IH', 'D', 'N', 'IY']","['kid', 'ney']","['kid', 'ney']",0.0,1.07e-05,"[24, 10, 18, 27, 11, 0, 0, 0]"
playboy,"['P', 'L', 'EY', 'B', 'OY']","['play', 'boy']","['play', 'boy']",0.0,3.63e-06,"[29, 25, 9, 16, 13, 0, 0, 0]"
seafood,"['S', 'IY', 'F', 'UW', 'D']","['sea', 'food']","['sea', 'food']",0.0,4.47e-06,"[31, 11, 20, 15, 18, 0, 0, 0]"
serbia,"['S', 'ER', 'B', 'IY', 'AH']","['ser', 'bia']","['ser', 'bia']",0.0,5.13e-06,"[31, 8, 16, 11, 3, 0, 0, 0]"
marking,"['M', 'AA', 'R', 'K', 'IH', 'NG']","['mark', 'ing']","['mark', 'ing']",0.0,8.91e-06,"[26, 1, 30, 24, 10, 28, 0, 0]"
oxide,"['AA', 'K', 'S', 'AY', 'D']","['ox', 'ide']","['ox', 'ide']",0.0,4.57e-06,"[1, 24, 31, 6, 18, 0, 0, 0]"
thumbnail,"['TH', 'AH', 'M', 'N', 'EY', 'L']","['thumb', 'nail']","['thumb', 'nail']",0.0,1.74e-06,"[34, 3, 26, 27, 9, 25, 0, 0]"
crawford,"['K', 'R', 'AO', 'F', 'ER', 'D']","['craw', 'ford']","['craw', 'ford']",0.0,6.92e-06,"[24, 30, 4, 20, 8, 18, 0, 0]"
trainers,"['T', 'R', 'EY', 'N', 'ER', 'Z']","['train', 'ers']","['train', 'ers']",0.0,5.25e-06,"[33, 30, 9, 27, 8, 38, 0, 0]"
scenic,"['S', 'IY', 'N', 'IH', 'K']","['scen', 'ic']","['scen', 'ic']",0.0,4.68e-06,"[31, 11, 27, 10, 24, 0, 0, 0]"
latin,"['L', 'AE', 'T', 'AH', 'N']","['lat', 'in']","['lat', 'in']",0.0,3.02e-05,"[25, 2, 33, 3, 27, 0, 0, 0]"
bondage,"['B', 'AA', 'N', 'D', 'IH', 'JH']","['bond', 'age']","['bond', 'age']",0.0,2.88e-06,"[16, 1, 27, 18, 10, 23, 0, 0]"
newsletters,"['N', 'UW', 'Z', 'L', 'EH', 'T', 'ER', 'Z']","['news', 'let', 'ters']","['news', 'let', 'ters']",0.0,8.71e-07,"[27, 15, 38, 25, 7, 33, 8, 38]"
tourism,"['T', 'UH', 'R', 'IH', 'Z', 'AH', 'M']","['tour', 'ism']","['tour', 'ism']",0.0,1.91e-05,"[33, 14, 30, 10, 38, 3, 26, 0]"
senate,"['S', 'EH', 'N', 'AH', 'T']","['sen', 'ate']","['sen', 'ate']",0.0,6.31e-05,"[31, 7, 27, 3, 33, 0, 0, 0]"
headlines,"['HH', 'EH', 'D', 'L', 'AY', 'N', 'Z']","['head', 'lines']","['head', 'lines']",0.0,8.13e-06,"[22, 7, 18, 25, 6, 27, 38, 0]"
jackson,"['JH', 'AE', 'K', 'S', 'AH', 'N']","['jack', 'son']","['jack', 'son']",0.0,3.8e-05,"[23, 2, 24, 31, 3, 27, 0, 0]"
garcia,"['G', 'AA', 'R', 'S', 'IY', 'AH']","['gar', 'cia']","['gar', 'cia']",0.0,7.76e-06,"[21, 1, 30, 31, 11, 3, 0, 0]"
scheduling,"['S', 'K', 'EH', 'JH', 'UH', 'L', 'IH', 'NG']","['schedul', 'ing']","['schedul', 'ing']",0.0,4.9e-06,"[31, 24, 7, 23, 14, 25, 10, 28]"
powell,"['P', 'AW', 'AH', 'L']","['pow', 'ell']","['pow', 'ell']",0.0,7.76e-06,"[29, 5, 3, 25, 0, 0, 0, 0]"
liberia,"['L', 'AY', 'B', 'IH', 'R', 'IY', 'AH']","['liber', 'ia']","['liber', 'ia']",0.0,3.16e-06,"[25, 6, 16, 10, 30, 11, 3, 0]"
walnut,"['W', 'AO', 'L', 'N', 'AH', 'T']","['wal', 'nut']","['wal', 'nut']",0.0,3.63e-06,"[36, 4, 25, 27, 3, 33, 0, 0]"
vitamins,"['V', 'AY', 'T', 'AH', 'M', 'AH', 'N', 'Z']","['vit', 'am', 'ins']","['vit', 'am', 'ins']",0.0,3.89e-06,"[35, 6, 33, 3, 26, 3, 27, 38]"
openings,"['OW', 'P', 'AH', 'N', 'IH', 'NG', 'Z']","['open', 'ings']","['open', 'ings']",0.0,5.13e-06,"[12, 29, 3, 27, 10, 28, 38, 0]"
annotated,"['AE', 'N', 'AH', 'T', 'EY', 'T', 'IH', 'D']","['an', 'not', 'ated']","['an', 'not', 'ated']",0.0,1.91e-06,"[2, 27, 3, 33, 9, 33, 10, 18]"
pottery,"['P', 'AA', 'T', 'ER', 'IY']","['pot', 'tery']","['pot', 'tery']",0.0,5.01e-06,"[29, 1, 33, 8, 11, 0, 0, 0]"
richmond,"['R', 'IH', 'CH', 'M', 'AH', 'N', 'D']","['rich', 'mond']","['rich', 'mond']",0.0,1.32e-05,"[30, 10, 17, 26, 3, 27, 18, 0]"
handbook,"['HH', 'AE', 'N', 'D', 'B', 'UH', 'K']","['hand', 'book']","['hand', 'book']",0.0,7.24e-06,"[22, 2, 27, 18, 16, 14, 24, 0]"
enlarge,"['EH', 'N', 'L', 'AA', 'R', 'JH']","['en', 'large']","['en', 'large']",0.0,1.58e-06,"[7, 27, 25, 1, 30, 23, 0, 0]"
corpus,"['K', 'AO', 'R', 'P', 'AH', 'S']","['cor', 'pus']","['cor', 'pus']",0.0,4.37e-06,"[24, 4, 30, 29, 3, 31, 0, 0]"
textbook,"['T', 'EH', 'K', 'S', 'T', 'B', 'UH', 'K']","['text', 'book']","['text', 'book']",0.0,5.89e-06,"[33, 7, 24, 31, 33, 16, 14, 24]"
hearings,"['HH', 'IY', 'R', 'IH', 'NG', 'Z']","['hear', 'ings']","['hear', 'ings']",0.0,6.17e-06,"[22, 11, 30, 10, 28, 38, 0, 0]"
batman,"['B', 'AE', 'T', 'M', 'AE', 'N']","['bat', 'man']","['bat', 'man']",0.0,1.66e-05,"[16, 2, 33, 26, 2, 27, 0, 0]"
gazette,"['G', 'AH', 'Z', 'EH', 'T']","['gaz', 'ette']","['gaz', 'ette']",0.0,4.07e-06,"[21, 3, 38, 7, 33, 0, 0, 0]"
stanley,"['S', 'T', 'AE', 'N', 'L', 'IY']","['stan', 'ley']","['stan', 'ley']",0.0,1.55e-05,"[31, 33, 2, 27, 25, 11, 0, 0]"
routing,"['R', 'AW', 'T', 'IH', 'NG']","['rout', 'ing']","['rout', 'ing']",0.0,3.55e-06,"[30, 5, 33, 10, 28, 0, 0, 0]"
monroe,"['M', 'AH', 'N', 'R', 'OW']","['mon', 'roe']","['mon', 'roe']",0.0,7.76e-06,"[26, 3, 27, 30, 12, 0, 0, 0]"
railroad,"['R', 'EY', 'L', 'R', 'OW', 'D']","['rail', 'road']","['rail', 'road']",0.0,2.09e-05,"[30, 9, 25, 30, 12, 18, 0, 0]"
monica,"['M', 'AA', 'N', 'IH', 'K', 'AH']","['mon', 'ica']","['mon', 'ica']",0.0,9.12e-06,"[26, 1, 27, 10, 24, 3, 0, 0]"
montgomery,"['M', 'AA', 'N', 'T', 'G', 'AH', 'M', 'R', 'IY']","['mont', 'gomery']","['mont', 'gomery']",0.0,8.32e-06,"[26, 1, 27, 33, 21, 3, 26, 30]"
rogers,"['R', 'AA', 'JH', 'ER', 'Z']","['ro', 'gers']","['ro', 'gers']",0.0,1.23e-05,"[30, 1, 23, 8, 38, 0, 0, 0]"
bouquet,"['B', 'UW', 'K', 'EY']","['bou', 'quet']","['bou', 'quet']",0.0,2.57e-06,"[16, 15, 24, 9, 0, 0, 0, 0]"
polymer,"['P', 'AA', 'L', 'AH', 'M', 'ER']","['poly', 'mer']","['poly', 'mer']",0.0,4.37e-06,"[29, 1, 25, 3, 26, 8, 0, 0]"
fabrics,"['F', 'AE', 'B', 'R', 'IH', 'K', 'S']","['fab', 'rics']","['fab', 'rics']",0.0,3.8e-06,"[20, 2, 16, 30, 10, 24, 31, 0]"
browsing,"['B', 'R', 'AW', 'Z', 'IH', 'NG']","['brows', 'ing']","['brows', 'ing']",0.0,3.98e-06,"[16, 30, 5, 38, 10, 28, 0, 0]"
leone,"['L', 'IY', 'OW', 'N']","['le', 'one']","['le', 'one']",0.0,4.37e-06,"[25, 11, 12, 27, 0, 0, 0, 0]"
cornwall,"['K', 'AO', 'R', 'N', 'W', 'AO', 'L']","['corn', 'wall']","['corn', 'wall']",0.0,5.89e-06,"[24, 4, 30, 27, 36, 4, 25, 0]"
algeria,"['AE', 'L', 'JH', 'IH', 'R', 'IY', 'AH']","['al', 'ger', 'ia']","['al', 'ger', 'ia']",0.0,4.17e-06,"[2, 25, 23, 10, 30, 11, 3, 0]"
postcards,"['P', 'OW', 'S', 'T', 'K', 'AA', 'R', 'D', 'Z']","['post', 'cards']","['post', 'cards']",0.0,1.91e-06,"[29, 12, 31, 33, 24, 1, 30, 18]"
postings,"['P', 'OW', 'S', 'T', 'IH', 'NG', 'Z']","['post', 'ings']","['post', 'ings']",0.0,1.38e-06,"[29, 12, 31, 33, 10, 28, 38, 0]"
checklist,"['CH', 'EH', 'K', 'L', 'IH', 'S', 'T']","['check', 'list']","['check', 'list']",0.0,2.82e-06,"[17, 7, 24, 25, 10, 31, 33, 0]"
thereof,"['DH', 'EH', 'R', 'AH', 'V']","['there', 'of']","['there', 'of']",0.0,5.5e-06,"[19, 7, 30, 3, 35, 0, 0, 0]"
touring,"['T', 'UH', 'R', 'IH', 'NG']","['tour', 'ing']","['tour', 'ing']",0.0,7.76e-06,"[33, 14, 30, 10, 28, 0, 0, 0]"
showcase,"['SH', 'OW', 'K', 'EY', 'S']","['show', 'case']","['show', 'case']",0.0,8.32e-06,"[32, 12, 24, 9, 31, 0, 0, 0]"
cosmetics,"['K', 'AA', 'Z', 'M', 'EH', 'T', 'IH', 'K', 'S']","['cos', 'met', 'ics']","['cos', 'met', 'ics']",0.0,4.68e-06,"[24, 1, 38, 26, 7, 33, 10, 24]"
sucking,"['S', 'AH', 'K', 'IH', 'NG']","['suck', 'ing']","['suck', 'ing']",0.0,7.59e-06,"[31, 3, 24, 10, 28, 0, 0, 0]"
turner,"['T', 'ER', 'N', 'ER']","['turn', 'er']","['turn', 'er']",0.0,1.55e-05,"[33, 8, 27, 8, 0, 0, 0, 0]"
starring,"['S', 'T', 'AA', 'R', 'IH', 'NG']","['star', 'ring']","['star', 'ring']",0.0,1.2e-05,"[31, 33, 1, 30, 10, 28, 0, 0]"
marriott,"['M', 'EH', 'R', 'IY', 'AH', 'T']","['mar', 'ri', 'ott']","['mar', 'ri', 'ott']",0.0,2.24e-06,"[26, 7, 30, 11, 3, 33, 0, 0]"
checkout,"['CH', 'EH', 'K', 'AW', 'T']","['check', 'out']","['check', 'out']",0.0,4.37e-06,"[17, 7, 24, 5, 33, 0, 0, 0]"
readings,"['R', 'EH', 'D', 'IH', 'NG', 'Z']","['read', 'ings']","['read', 'ings']",0.0,7.08e-06,"[30, 7, 18, 10, 28, 38, 0, 0]"
chronicles,"['K', 'R', 'AA', 'N', 'IH', 'K', 'AH', 'L', 'Z']","['chron', 'icles']","['chron', 'icles']",0.0,4.37e-06,"[24, 30, 1, 27, 10, 24, 3, 25]"
bedding,"['B', 'EH', 'D', 'IH', 'NG']","['bed', 'ding']","['bed', 'ding']",0.0,2.51e-06,"[16, 7, 18, 10, 28, 0, 0, 0]"
deferred,"['D', 'IH', 'F', 'ER', 'D']","['de', 'ferred']","['de', 'ferred']",0.0,3.47e-06,"[18, 10, 20, 8, 18, 0, 0, 0]"
patents,"['P', 'AE', 'T', 'AH', 'N', 'T', 'S']","['pat', 'ents']","['pat', 'ents']",0.0,5.89e-06,"[29, 2, 33, 3, 27, 33, 31, 0]"
ashley,"['AE', 'SH', 'L', 'IY']","['ash', 'ley']","['ash', 'ley']",0.0,1.29e-05,"[2, 32, 25, 11, 0, 0, 0, 0]"
stickers,"['S', 'T', 'IH', 'K', 'ER', 'Z']","['stick', 'ers']","['stick', 'ers']",0.0,4.9e-06,"[31, 33, 10, 24, 8, 38, 0, 0]"
samoa,"['S', 'AH', 'M', 'OW', 'AH']","['sam', 'oa']","['sam', 'oa']",0.0,2.45e-06,"[31, 3, 26, 12, 3, 0, 0, 0]"
caroline,"['K', 'EH', 'R', 'AH', 'L', 'AY', 'N']","['car', 'oline']","['car', 'oline']",0.0,1.02e-05,"[24, 7, 30, 3, 25, 6, 27, 0]"
holdings,"['HH', 'OW', 'L', 'D', 'IH', 'NG', 'Z']","['hold', 'ings']","['hold', 'ings']",0.0,1e-05,"[22, 12, 25, 18, 10, 28, 38, 0]"
delhi,"['D', 'EH', 'L', 'IY']","['del', 'hi']","['del', 'hi']",0.0,1.95e-05,"[18, 7, 25, 11, 0, 0, 0, 0]"
comics,"['K', 'AA', 'M', 'IH', 'K', 'S']","['com', 'ics']","['com', 'ics']",0.0,1.48e-05,"[24, 1, 26, 10, 24, 31, 0, 0]"
philadelphia,"['F', 'IH', 'L', 'AH', 'D', 'EH', 'L', 'F', 'IY', 'AH']","['phil', 'adelphia']","['phil', 'adelphia']",0.0,2.63e-05,"[20, 10, 25, 3, 18, 7, 25, 20]"
viruses,"['V', 'AY', 'R', 'AH', 'S', 'AH', 'Z']","['vir', 'uses']","['vir', 'uses']",0.0,5.37e-06,"[35, 6, 30, 3, 31, 3, 38, 0]"
coral,"['K', 'AO', 'R', 'AH', 'L']","['cor', 'al']","['cor', 'al']",0.0,7.24e-06,"[24, 4, 30, 3, 25, 0, 0, 0]"
reunion,"['R', 'IY', 'UW', 'N', 'Y', 'AH', 'N']","['re', 'union']","['re', 'union']",0.0,8.51e-06,"[30, 11, 15, 27, 37, 3, 27, 0]"
lolita,"['L', 'OW', 'L', 'IY', 'T', 'AH']","['lol', 'ita']","['lol', 'ita']",0.0,1.17e-06,"[25, 12, 25, 11, 33, 3, 0, 0]"
inquiry,"['IH', 'N', 'K', 'W', 'AY', 'R', 'IY']","['in', 'quiry']","['in', 'quiry']",0.0,1.78e-05,"[10, 27, 24, 36, 6, 30, 11, 0]"
trailers,"['T', 'R', 'EY', 'L', 'ER', 'Z']","['trail', 'ers']","['trail', 'ers']",0.0,4.47e-06,"[33, 30, 9, 25, 8, 38, 0, 0]"
nonprofit,"['N', 'AA', 'N', 'P', 'R', 'AA', 'F', 'AH', 'T']","['non', 'profit']","['non', 'profit']",0.0,7.24e-06,"[27, 1, 27, 29, 30, 1, 20, 3]"
raymond,"['R', 'EY', 'M', 'AH', 'N', 'D']","['ray', 'mond']","['ray', 'mond']",0.0,9.55e-06,"[30, 9, 26, 3, 27, 18, 0, 0]"
bookmarks,"['B', 'UH', 'K', 'M', 'AA', 'R', 'K', 'S']","['book', 'marks']","['book', 'marks']",0.0,6.46e-07,"[16, 14, 24, 26, 1, 30, 24, 31]"
harbor,"['HH', 'AA', 'R', 'B', 'ER']","['har', 'bor']","['har', 'bor']",0.0,1.41e-05,"[22, 1, 30, 16, 8, 0, 0, 0]"
campbell,"['K', 'AE', 'M', 'B', 'AH', 'L']","['camp', 'bell']","['camp', 'bell']",0.0,1.7e-05,"[24, 2, 26, 16, 3, 25, 0, 0]"
sonic,"['S', 'AA', 'N', 'IH', 'K']","['son', 'ic']","['son', 'ic']",0.0,8.51e-06,"[31, 1, 27, 10, 24, 0, 0, 0]"
surplus,"['S', 'ER', 'P', 'L', 'AH', 'S']","['sur', 'plus']","['sur', 'plus']",0.0,7.41e-06,"[31, 8, 29, 25, 3, 31, 0, 0]"
rehab,"['R', 'IY', 'HH', 'AE', 'B']","['re', 'hab']","['re', 'hab']",0.0,6.17e-06,"[30, 11, 22, 2, 16, 0, 0, 0]"
roommate,"['R', 'UW', 'M', 'EY', 'T']","['room', 'mate']","['room', 'mate']",0.0,6.46e-06,"[30, 15, 26, 9, 33, 0, 0, 0]"
vernon,"['V', 'ER', 'N', 'AH', 'N']","['ver', 'non']","['ver', 'non']",0.0,6.03e-06,"[35, 8, 27, 3, 27, 0, 0, 0]"
shipments,"['SH', 'IH', 'P', 'M', 'AH', 'N', 'T', 'S']","['ship', 'ments']","['ship', 'ments']",0.0,4.37e-06,"[32, 10, 29, 26, 3, 27, 33, 31]"
essex,"['EH', 'S', 'IH', 'K', 'S']","['es', 'sex']","['es', 'sex']",0.0,8.32e-06,"[7, 31, 10, 24, 31, 0, 0, 0]"
airports,"['EH', 'R', 'P', 'AO', 'R', 'T', 'S']","['air', 'ports']","['air', 'ports']",0.0,8.51e-06,"[7, 30, 29, 4, 30, 33, 31, 0]"
reload,"['R', 'IY', 'L', 'OW', 'D']","['re', 'load']","['re', 'load']",0.0,1.82e-06,"[30, 11, 25, 12, 18, 0, 0, 0]"
graduates,"['G', 'R', 'AE', 'JH', 'AH', 'W', 'AH', 'T', 'S']","['gradu', 'ates']","['gradu', 'ates']",0.0,1.05e-05,"[21, 30, 2, 23, 3, 36, 3, 33]"
juvenile,"['JH', 'UW', 'V', 'AH', 'N', 'AH', 'L']","['ju', 'ven', 'ile']","['ju', 'ven', 'ile']",0.0,7.59e-06,"[23, 15, 35, 3, 27, 3, 25, 0]"
bracelet,"['B', 'R', 'EY', 'S', 'L', 'AH', 'T']","['brace', 'let']","['brace', 'let']",0.0,5.01e-06,"[16, 30, 9, 31, 25, 3, 33, 0]"
outdoors,"['AW', 'T', 'D', 'AO', 'R', 'Z']","['out', 'doors']","['out', 'doors']",0.0,5.13e-06,"[5, 33, 18, 4, 30, 38, 0, 0]"
disney,"['D', 'IH', 'Z', 'N', 'IY']","['dis', 'ney']","['dis', 'ney']",0.0,2.45e-05,"[18, 10, 38, 27, 11, 0, 0, 0]"
markers,"['M', 'AA', 'R', 'K', 'ER', 'Z']","['mark', 'ers']","['mark', 'ers']",0.0,5.25e-06,"[26, 1, 30, 24, 8, 38, 0, 0]"
pirates,"['P', 'AY', 'R', 'AH', 'T', 'S']","['pir', 'ates']","['pir', 'ates']",0.0,9.77e-06,"[29, 6, 30, 3, 33, 31, 0, 0]"
bookmark,"['B', 'UH', 'K', 'M', 'AA', 'R', 'K']","['book', 'mark']","['book', 'mark']",0.0,1.1e-06,"[16, 14, 24, 26, 1, 30, 24, 0]"
turkey,"['T', 'ER', 'K', 'IY']","['tur', 'key']","['tur', 'key']",0.0,3.63e-05,"[33, 8, 24, 11, 0, 0, 0, 0]"
builders,"['B', 'IH', 'L', 'D', 'ER', 'Z']","['build', 'ers']","['build', 'ers']",0.0,6.31e-06,"[16, 10, 25, 18, 8, 38, 0, 0]"
norfolk,"['N', 'AO', 'R', 'F', 'AH', 'K']","['nor', 'folk']","['nor', 'folk']",0.0,6.92e-06,"[27, 4, 30, 20, 3, 24, 0, 0]"
counters,"['K', 'AW', 'N', 'T', 'ER', 'Z']","['coun', 'ters']","['coun', 'ters']",0.0,3.47e-06,"[24, 5, 27, 33, 8, 38, 0, 0]"
merit,"['M', 'EH', 'R', 'AH', 'T']","['mer', 'it']","['mer', 'it']",0.0,1.2e-05,"[26, 7, 30, 3, 33, 0, 0, 0]"
saturn,"['S', 'AE', 'T', 'ER', 'N']","['sat', 'urn']","['sat', 'urn']",0.0,3.47e-06,"[31, 2, 33, 8, 27, 0, 0, 0]"
shareware,"['SH', 'EH', 'R', 'W', 'EH', 'R']","['share', 'ware']","['share', 'ware']",0.0,1.91e-07,"[32, 7, 30, 36, 7, 30, 0, 0]"
butler,"['B', 'AH', 'T', 'L', 'ER']","['but', 'ler']","['but', 'ler']",0.0,1.2e-05,"[16, 3, 33, 25, 8, 0, 0, 0]"
annex,"['AE', 'N', 'EH', 'K', 'S']","['an', 'nex']","['an', 'nex']",0.0,3.16e-06,"[2, 27, 7, 24, 31, 0, 0, 0]"
irish,"['AY', 'R', 'IH', 'SH']","['ir', 'ish']","['ir', 'ish']",0.0,3.47e-05,"[6, 30, 10, 32, 0, 0, 0, 0]"
orlando,"['AO', 'R', 'L', 'AE', 'N', 'D', 'OW']","['or', 'lando']","['or', 'lando']",0.0,1.1e-05,"[4, 30, 25, 2, 27, 18, 12, 0]"
miniature,"['M', 'IH', 'N', 'IY', 'AH', 'CH', 'UH', 'R']","['mini', 'ature']","['mini', 'ature']",0.0,5.25e-06,"[26, 10, 27, 11, 3, 17, 14, 30]"
nottingham,"['N', 'AA', 'T', 'IH', 'NG', 'HH', 'AE', 'M']","['not', 'ting', 'ham']","['not', 'ting', 'ham']",0.0,5.25e-06,"[27, 1, 33, 10, 28, 22, 2, 26]"
harold,"['HH', 'EH', 'R', 'AH', 'L', 'D']","['har', 'old']","['har', 'old']",0.0,1.07e-05,"[22, 7, 30, 3, 25, 18, 0, 0]"
myanmar,"['M', 'Y', 'AA', 'N', 'M', 'AA', 'R']","['my', 'an', 'mar']","['my', 'an', 'mar']",0.0,6.46e-06,"[26, 37, 1, 27, 26, 1, 30, 0]"
broadband,"['B', 'R', 'AO', 'D', 'B', 'AE', 'N', 'D']","['broad', 'band']","['broad', 'band']",0.0,4.9e-06,"[16, 30, 4, 18, 16, 2, 27, 18]"
payable,"['P', 'EY', 'AH', 'B', 'AH', 'L']","['pay', 'able']","['pay', 'able']",0.0,3.16e-06,"[29, 9, 3, 16, 3, 25, 0, 0]"
wrestling,"['R', 'EH', 'S', 'L', 'IH', 'NG']","['wrest', 'ling']","['wrest', 'ling']",0.0,1.38e-05,"[30, 7, 31, 25, 10, 28, 0, 0]"
inquiries,"['IH', 'N', 'K', 'W', 'AY', 'ER', 'IY', 'Z']","['in', 'quir', 'ies']","['in', 'quir', 'ies']",0.0,6.46e-06,"[10, 27, 24, 36, 6, 8, 11, 38]"
webster,"['W', 'EH', 'B', 'S', 'T', 'ER']","['web', 'ster']","['web', 'ster']",0.0,5.75e-06,"[36, 7, 16, 31, 33, 8, 0, 0]"
oakland,"['OW', 'K', 'L', 'AH', 'N', 'D']","['oak', 'land']","['oak', 'land']",0.0,8.32e-06,"[12, 24, 25, 3, 27, 18, 0, 0]"
headset,"['HH', 'EH', 'D', 'S', 'EH', 'T']","['head', 'set']","['head', 'set']",0.0,3.47e-06,"[22, 7, 18, 31, 7, 33, 0, 0]"
edwards,"['EH', 'D', 'W', 'ER', 'D', 'Z']","['ed', 'wards']","['ed', 'wards']",0.0,1.1e-05,"[7, 18, 36, 8, 18, 38, 0, 0]"
donald,"['D', 'AA', 'N', 'AH', 'L', 'D']","['don', 'ald']","['don', 'ald']",0.0,2.88e-05,"[18, 1, 27, 3, 25, 18, 0, 0]"
shopper,"['SH', 'AA', 'P', 'ER']","['shop', 'per']","['shop', 'per']",0.0,1.55e-06,"[32, 1, 29, 8, 0, 0, 0, 0]"
surfing,"['S', 'ER', 'F', 'IH', 'NG']","['surf', 'ing']","['surf', 'ing']",0.0,5.25e-06,"[31, 8, 20, 10, 28, 0, 0, 0]"
bosnia,"['B', 'AA', 'Z', 'N', 'IY', 'AH']","['bos', 'nia']","['bos', 'nia']",0.0,3.72e-06,"[16, 1, 38, 27, 11, 3, 0, 0]"
marina,"['M', 'ER', 'IY', 'N', 'AH']","['mar', 'ina']","['mar', 'ina']",0.0,6.92e-06,"[26, 8, 11, 27, 3, 0, 0, 0]"
toolbox,"['T', 'UW', 'L', 'B', 'AO', 'K', 'S']","['tool', 'box']","['tool', 'box']",0.0,9.77e-07,"[33, 15, 25, 16, 4, 24, 31, 0]"
volleyball,"['V', 'AA', 'L', 'IY', 'B', 'AO', 'L']","['vol', 'ley', 'ball']","['vol', 'ley', 'ball']",0.0,7.08e-06,"[35, 1, 25, 11, 16, 4, 25, 0]"
polish,"['P', 'AA', 'L', 'IH', 'SH']","['pol', 'ish']","['pol', 'ish']",0.0,1.95e-05,"[29, 1, 25, 10, 32, 0, 0, 0]"
darwin,"['D', 'AA', 'R', 'W', 'IH', 'N']","['dar', 'win']","['dar', 'win']",0.0,5.75e-06,"[18, 1, 30, 36, 10, 27, 0, 0]"
lightweight,"['L', 'AY', 'T', 'W', 'EY', 'T']","['light', 'weight']","['light', 'weight']",0.0,6.03e-06,"[25, 6, 33, 36, 9, 33, 0, 0]"
receptors,"['R', 'AH', 'S', 'EH', 'P', 'T', 'ER', 'Z']","['re', 'cept', 'ors']","['re', 'cept', 'ors']",0.0,4.47e-06,"[30, 3, 31, 7, 29, 33, 8, 38]"
tracker,"['T', 'R', 'AE', 'K', 'ER']","['track', 'er']","['track', 'er']",0.0,4.27e-06,"[33, 30, 2, 24, 8, 0, 0, 0]"
amber,"['AE', 'M', 'B', 'ER']","['am', 'ber']","['am', 'ber']",0.0,9.33e-06,"[2, 26, 16, 8, 0, 0, 0, 0]"
locking,"['L', 'AA', 'K', 'IH', 'NG']","['lock', 'ing']","['lock', 'ing']",0.0,5.75e-06,"[25, 1, 24, 10, 28, 0, 0, 0]"
americas,"['AH', 'M', 'EH', 'R', 'AH', 'K', 'AH', 'Z']","['amer', 'icas']","['amer', 'icas']",0.0,5.5e-06,"[3, 26, 7, 30, 3, 24, 3, 38]"
cookbook,"['K', 'UH', 'K', 'B', 'UH', 'K']","['cook', 'book']","['cook', 'book']",0.0,2.29e-06,"[24, 14, 24, 16, 14, 24, 0, 0]"
adverse,"['AE', 'D', 'V', 'ER', 'S']","['ad', 'verse']","['ad', 'verse']",0.0,7.76e-06,"[2, 18, 35, 8, 31, 0, 0, 0]"
islam,"['IH', 'S', 'L', 'AA', 'M']","['is', 'lam']","['is', 'lam']",0.0,2.63e-05,"[10, 31, 25, 1, 26, 0, 0, 0]"
workforce,"['W', 'ER', 'K', 'F', 'AO', 'R', 'S']","['work', 'force']","['work', 'force']",0.0,8.71e-06,"[36, 8, 24, 20, 4, 30, 31, 0]"
dealers,"['D', 'IY', 'L', 'ER', 'Z']","['deal', 'ers']","['deal', 'ers']",0.0,1.02e-05,"[18, 11, 25, 8, 38, 0, 0, 0]"
hopkins,"['HH', 'AA', 'P', 'K', 'IH', 'N', 'Z']","['hop', 'kins']","['hop', 'kins']",0.0,7.76e-06,"[22, 1, 29, 24, 10, 27, 38, 0]"
sticker,"['S', 'T', 'IH', 'K', 'ER']","['stick', 'er']","['stick', 'er']",0.0,5.13e-06,"[31, 33, 10, 24, 8, 0, 0, 0]"
finances,"['F', 'IH', 'N', 'AE', 'N', 'S', 'IH', 'Z']","['fin', 'ances']","['fin', 'ances']",0.0,7.94e-06,"[20, 10, 27, 2, 27, 31, 10, 38]"
expires,"['IH', 'K', 'S', 'P', 'AY', 'ER', 'Z']","['ex', 'pires']","['ex', 'pires']",0.0,3.31e-06,"[10, 24, 31, 29, 6, 8, 38, 0]"
cohen,"['K', 'OW', 'AH', 'N']","['co', 'hen']","['co', 'hen']",0.0,9.55e-06,"[24, 12, 3, 27, 0, 0, 0, 0]"
virgin,"['V', 'ER', 'JH', 'IH', 'N']","['vir', 'gin']","['vir', 'gin']",0.0,2.24e-05,"[35, 8, 23, 10, 27, 0, 0, 0]"
snowboard,"['S', 'N', 'OW', 'B', 'AO', 'R', 'D']","['snow', 'board']","['snow', 'board']",0.0,1.02e-06,"[31, 27, 12, 16, 4, 30, 18, 0]"
satin,"['S', 'AE', 'T', 'AH', 'N']","['sat', 'in']","['sat', 'in']",0.0,2.45e-06,"[31, 2, 33, 3, 27, 0, 0, 0]"
roland,"['R', 'OW', 'L', 'AH', 'N', 'D']","['ro', 'land']","['ro', 'land']",0.0,4.57e-06,"[30, 12, 25, 3, 27, 18, 0, 0]"
soonest,"['S', 'UW', 'N', 'AH', 'S', 'T']","['soon', 'est']","['soon', 'est']",0.0,2.69e-07,"[31, 15, 27, 3, 31, 33, 0, 0]"
substances,"['S', 'AH', 'B', 'S', 'T', 'AH', 'N', 'S', 'AH', 'Z']","['sub', 'stances']","['sub', 'stances']",0.0,8.51e-06,"[31, 3, 16, 31, 33, 3, 27, 31]"
telecom,"['T', 'EH', 'L', 'AH', 'K', 'AA', 'M']","['tele', 'com']","['tele', 'com']",0.0,3.8e-06,"[33, 7, 25, 3, 24, 1, 26, 0]"
rankings,"['R', 'AE', 'NG', 'K', 'IH', 'NG', 'Z']","['rank', 'ings']","['rank', 'ings']",0.0,9.33e-06,"[30, 2, 28, 24, 10, 28, 38, 0]"
township,"['T', 'AW', 'N', 'SH', 'IH', 'P']","['town', 'ship']","['town', 'ship']",0.0,9.55e-06,"[33, 5, 27, 32, 10, 29, 0, 0]"
cleaner,"['K', 'L', 'IY', 'N', 'ER']","['clean', 'er']","['clean', 'er']",0.0,7.94e-06,"[24, 25, 11, 27, 8, 0, 0, 0]"
weddings,"['W', 'EH', 'D', 'IH', 'NG', 'Z']","['wed', 'dings']","['wed', 'dings']",0.0,5.75e-06,"[36, 7, 18, 10, 28, 38, 0, 0]"
freeware,"['F', 'R', 'IY', 'W', 'EY', 'R']","['free', 'ware']","['free', 'ware']",0.0,3.72e-07,"[20, 30, 11, 36, 9, 30, 0, 0]"
bookstore,"['B', 'UH', 'K', 'S', 'T', 'AO', 'R']","['book', 'store']","['book', 'store']",0.0,2.63e-06,"[16, 14, 24, 31, 33, 4, 30, 0]"
subscriber,"['S', 'AH', 'B', 'S', 'K', 'R', 'AY', 'B', 'ER']","['sub', 'scriber']","['sub', 'scriber']",0.0,3.31e-06,"[31, 3, 16, 31, 24, 30, 6, 16]"
denver,"['D', 'EH', 'N', 'V', 'ER']","['den', 'ver']","['den', 'ver']",0.0,1.7e-05,"[18, 7, 27, 35, 8, 0, 0, 0]"
printable,"['P', 'R', 'IH', 'N', 'T', 'AH', 'B', 'AH', 'L']","['print', 'able']","['print', 'able']",0.0,8.32e-07,"[29, 30, 10, 27, 33, 3, 16, 3]"
iran,"['IH', 'R', 'AA', 'N']","['ir', 'an']","['ir', 'an']",0.0,4.17e-05,"[10, 30, 1, 27, 0, 0, 0, 0]"
edward,"['EH', 'D', 'W', 'ER', 'D']","['ed', 'ward']","['ed', 'ward']",0.0,3.31e-05,"[7, 18, 36, 8, 18, 0, 0, 0]"
sporting,"['S', 'P', 'AO', 'R', 'T', 'IH', 'NG']","['sport', 'ing']","['sport', 'ing']",0.0,1.45e-05,"[31, 29, 4, 30, 33, 10, 28, 0]"
polished,"['P', 'AA', 'L', 'IH', 'SH', 'T']","['pol', 'ished']","['pol', 'ished']",0.0,5.75e-06,"[29, 1, 25, 10, 32, 33, 0, 0]"
hazardous,"['HH', 'AE', 'Z', 'ER', 'D', 'AH', 'S']","['haz', 'ard', 'ous']","['haz', 'ard', 'ous']",0.0,5.13e-06,"[22, 2, 38, 8, 18, 3, 31, 0]"
carol,"['K', 'AE', 'R', 'AH', 'L']","['car', 'ol']","['car', 'ol']",0.0,1.05e-05,"[24, 2, 30, 3, 25, 0, 0, 0]"
discharge,"['D', 'IH', 'S', 'CH', 'AA', 'R', 'JH']","['dis', 'charge']","['dis', 'charge']",0.0,8.51e-06,"[18, 10, 31, 17, 1, 30, 23, 0]"
watson,"['W', 'AA', 'T', 'S', 'AH', 'N']","['wat', 'son']","['wat', 'son']",0.0,1.51e-05,"[36, 1, 33, 31, 3, 27, 0, 0]"
clinics,"['K', 'L', 'IH', 'N', 'IH', 'K', 'S']","['clin', 'ics']","['clin', 'ics']",0.0,6.17e-06,"[24, 25, 10, 27, 10, 24, 31, 0]"
portland,"['P', 'AO', 'R', 'T', 'L', 'AH', 'N', 'D']","['port', 'land']","['port', 'land']",0.0,1.51e-05,"[29, 4, 30, 33, 25, 3, 27, 18]"
jewish,"['JH', 'UW', 'IH', 'SH']","['jew', 'ish']","['jew', 'ish']",0.0,4.07e-05,"[23, 15, 10, 32, 0, 0, 0, 0]"
standings,"['S', 'T', 'AE', 'N', 'D', 'IH', 'NG', 'Z']","['stand', 'ings']","['stand', 'ings']",0.0,2.88e-06,"[31, 33, 2, 27, 18, 10, 28, 38]"
winston,"['W', 'IH', 'N', 'S', 'T', 'AH', 'N']","['win', 'ston']","['win', 'ston']",0.0,8.32e-06,"[36, 10, 27, 31, 33, 3, 27, 0]"
giants,"['JH', 'AY', 'AH', 'N', 'T', 'S']","['gi', 'ants']","['gi', 'ants']",0.0,2.04e-05,"[23, 6, 3, 27, 33, 31, 0, 0]"
highland,"['HH', 'AY', 'L', 'AH', 'N', 'D']","['high', 'land']","['high', 'land']",0.0,5.01e-06,"[22, 6, 25, 3, 27, 18, 0, 0]"
blackberry,"['B', 'L', 'AE', 'K', 'B', 'EH', 'R', 'IY']","['black', 'berry']","['black', 'berry']",0.0,4.47e-06,"[16, 25, 2, 24, 16, 7, 30, 11]"
leon,"['L', 'IY', 'AA', 'N']","['le', 'on']","['le', 'on']",0.0,8.32e-06,"[25, 11, 1, 27, 0, 0, 0, 0]"
posing,"['P', 'OW', 'Z', 'IH', 'NG']","['pos', 'ing']","['pos', 'ing']",0.0,5.13e-06,"[29, 12, 38, 10, 28, 0, 0, 0]"
jaguar,"['JH', 'AE', 'G', 'W', 'AA', 'R']","['jag', 'uar']","['jag', 'uar']",0.0,3.24e-06,"[23, 2, 21, 36, 1, 30, 0, 0]"
skiing,"['S', 'K', 'IY', 'IH', 'NG']","['ski', 'ing']","['ski', 'ing']",0.0,6.92e-06,"[31, 24, 11, 10, 28, 0, 0, 0]"
rainbow,"['R', 'EY', 'N', 'B', 'OW']","['rain', 'bow']","['rain', 'bow']",0.0,1.17e-05,"[30, 9, 27, 16, 12, 0, 0, 0]"
transfers,"['T', 'R', 'AE', 'N', 'S', 'F', 'ER', 'Z']","['trans', 'fers']","['trans', 'fers']",0.0,1.05e-05,"[33, 30, 2, 27, 31, 20, 8, 38]"
jacksonville,"['JH', 'AE', 'K', 'S', 'AH', 'N', 'V', 'IH', 'L']","['jack', 'son', 'ville']","['jack', 'son', 'ville']",0.0,4.07e-06,"[23, 2, 24, 31, 3, 27, 35, 10]"
honors,"['AA', 'N', 'ER', 'Z']","['hon', 'ors']","['hon', 'ors']",0.0,7.24e-06,"[1, 27, 8, 38, 0, 0, 0, 0]"
keyboards,"['K', 'IY', 'B', 'AO', 'R', 'D', 'Z']","['key', 'boards']","['key', 'boards']",0.0,2.4e-06,"[24, 11, 16, 4, 30, 18, 38, 0]"
harbour,"['HH', 'AA', 'R', 'B', 'ER']","['har', 'bour']","['har', 'bour']",0.0,9.55e-06,"[22, 1, 30, 16, 8, 0, 0, 0]"
fireplace,"['F', 'AY', 'ER', 'P', 'L', 'EY', 'S']","['fire', 'place']","['fire', 'place']",0.0,3.47e-06,"[20, 6, 8, 29, 25, 9, 31, 0]"
surgeon,"['S', 'ER', 'JH', 'AH', 'N']","['sur', 'geon']","['sur', 'geon']",0.0,1.35e-05,"[31, 8, 23, 3, 27, 0, 0, 0]"
fetish,"['F', 'EH', 'T', 'IH', 'SH']","['fet', 'ish']","['fet', 'ish']",0.0,3.89e-06,"[20, 7, 33, 10, 32, 0, 0, 0]"
postage,"['P', 'OW', 'S', 'T', 'AH', 'JH']","['post', 'age']","['post', 'age']",0.0,3.24e-06,"[29, 12, 31, 33, 3, 23, 0, 0]"
hurricane,"['HH', 'ER', 'AH', 'K', 'EY', 'N']","['hur', 'ricane']","['hur', 'ricane']",0.0,1.26e-05,"[22, 8, 3, 24, 9, 27, 0, 0]"
savage,"['S', 'AE', 'V', 'AH', 'JH']","['sav', 'age']","['sav', 'age']",0.0,1.12e-05,"[31, 2, 35, 3, 23, 0, 0, 0]"
clearance,"['K', 'L', 'IH', 'R', 'AH', 'N', 'S']","['clear', 'ance']","['clear', 'ance']",0.0,9.12e-06,"[24, 25, 10, 30, 3, 27, 31, 0]"
murray,"['M', 'ER', 'IY']","['mur', 'ray']","['mur', 'ray']",0.0,1.86e-05,"[26, 8, 11, 0, 0, 0, 0, 0]"
festivals,"['F', 'EH', 'S', 'T', 'AH', 'V', 'AH', 'L', 'Z']","['fest', 'ivals']","['fest', 'ivals']",0.0,7.41e-06,"[20, 7, 31, 33, 3, 35, 3, 25]"
boxing,"['B', 'AA', 'K', 'S', 'IH', 'NG']","['box', 'ing']","['box', 'ing']",0.0,1.48e-05,"[16, 1, 24, 31, 10, 28, 0, 0]"
jamie,"['JH', 'EY', 'M', 'IY']","['jam', 'ie']","['jam', 'ie']",0.0,1.48e-05,"[23, 9, 26, 11, 0, 0, 0, 0]"
jackie,"['JH', 'AE', 'K', 'IY']","['jack', 'ie']","['jack', 'ie']",0.0,9.33e-06,"[23, 2, 24, 11, 0, 0, 0, 0]"
madness,"['M', 'AE', 'D', 'N', 'AH', 'S']","['mad', 'ness']","['mad', 'ness']",0.0,9.33e-06,"[26, 2, 18, 27, 3, 31, 0, 0]"
flashers,"['F', 'L', 'AE', 'SH', 'ER', 'Z']","['flash', 'ers']","['flash', 'ers']",0.0,9.77e-08,"[20, 25, 2, 32, 8, 38, 0, 0]"
handheld,"['HH', 'AE', 'N', 'D', 'HH', 'EH', 'L', 'D']","['hand', 'held']","['hand', 'held']",0.0,2.29e-06,"[22, 2, 27, 18, 22, 7, 25, 18]"
lottery,"['L', 'AA', 'T', 'ER', 'IY']","['lot', 'tery']","['lot', 'tery']",0.0,1e-05,"[25, 1, 33, 8, 11, 0, 0, 0]"
sunset,"['S', 'AH', 'N', 'S', 'EH', 'T']","['sun', 'set']","['sun', 'set']",0.0,1.1e-05,"[31, 3, 27, 31, 7, 33, 0, 0]"
picnic,"['P', 'IH', 'K', 'N', 'IH', 'K']","['pic', 'nic']","['pic', 'nic']",0.0,6.31e-06,"[29, 10, 24, 27, 10, 24, 0, 0]"
deutschland,"['D', 'OY', 'CH', 'L', 'AE', 'N', 'D']","['deutsch', 'land']","['deutsch', 'land']",0.0,8.32e-07,"[18, 13, 17, 25, 2, 27, 18, 0]"
sunrise,"['S', 'AH', 'N', 'R', 'AY', 'Z']","['sun', 'rise']","['sun', 'rise']",0.0,6.61e-06,"[31, 3, 27, 30, 6, 38, 0, 0]"
outlet,"['AW', 'T', 'L', 'EH', 'T']","['out', 'let']","['out', 'let']",0.0,1e-05,"[5, 33, 25, 7, 33, 0, 0, 0]"
barbie,"['B', 'AA', 'R', 'B', 'IY']","['bar', 'bie']","['bar', 'bie']",0.0,3.63e-06,"[16, 1, 30, 16, 11, 0, 0, 0]"
briefing,"['B', 'R', 'IY', 'F', 'IH', 'NG']","['brief', 'ing']","['brief', 'ing']",0.0,5.5e-06,"[16, 30, 11, 20, 10, 28, 0, 0]"
surrey,"['S', 'ER', 'IY']","['sur', 'rey']","['sur', 'rey']",0.0,5.89e-06,"[31, 8, 11, 0, 0, 0, 0, 0]"
remedy,"['R', 'EH', 'M', 'AH', 'D', 'IY']","['rem', 'edy']","['rem', 'edy']",0.0,6.61e-06,"[30, 7, 26, 3, 18, 11, 0, 0]"
flooring,"['F', 'L', 'AO', 'R', 'IH', 'NG']","['floor', 'ing']","['floor', 'ing']",0.0,1.91e-06,"[20, 25, 4, 30, 10, 28, 0, 0]"
rebecca,"['R', 'AH', 'B', 'EH', 'K', 'AH']","['re', 'becca']","['re', 'becca']",0.0,9.12e-06,"[30, 3, 16, 7, 24, 3, 0, 0]"
alfred,"['AE', 'L', 'F', 'R', 'AH', 'D']","['al', 'fred']","['al', 'fred']",0.0,9.77e-06,"[2, 25, 20, 30, 3, 18, 0, 0]"
sussex,"['S', 'AH', 'S', 'IH', 'K', 'S']","['sus', 'sex']","['sus', 'sex']",0.0,5.75e-06,"[31, 3, 31, 10, 24, 31, 0, 0]"
sterling,"['S', 'T', 'ER', 'L', 'IH', 'NG']","['ster', 'ling']","['ster', 'ling']",0.0,1.35e-05,"[31, 33, 8, 25, 10, 28, 0, 0]"
oxford,"['AA', 'K', 'S', 'F', 'ER', 'D']","['ox', 'ford']","['ox', 'ford']",0.0,2.4e-05,"[1, 24, 31, 20, 8, 18, 0, 0]"
potter,"['P', 'AA', 'T', 'ER']","['pot', 'ter']","['pot', 'ter']",0.0,1.29e-05,"[29, 1, 33, 8, 0, 0, 0, 0]"
telephony,"['T', 'EH', 'L', 'AH', 'F', 'OW', 'N', 'IY']","['tele', 'phony']","['tele', 'phony']",0.0,7.76e-07,"[33, 7, 25, 3, 20, 12, 27, 11]"
bracelets,"['B', 'R', 'EY', 'S', 'L', 'IH', 'T', 'S']","['brace', 'lets']","['brace', 'lets']",0.0,2.34e-06,"[16, 30, 9, 31, 25, 10, 33, 31]"
upgrading,"['AH', 'P', 'G', 'R', 'EY', 'D', 'IH', 'NG']","['up', 'grad', 'ing']","['up', 'grad', 'ing']",0.0,4.17e-06,"[3, 29, 21, 30, 9, 18, 10, 28]"
mercedes,"['M', 'ER', 'S', 'EY', 'D', 'IY', 'Z']","['mer', 'cedes']","['mer', 'cedes']",0.0,9.55e-06,"[26, 8, 31, 9, 18, 11, 38, 0]"
herald,"['HH', 'EH', 'R', 'AH', 'L', 'D']","['her', 'ald']","['her', 'ald']",0.0,8.91e-06,"[22, 7, 30, 3, 25, 18, 0, 0]"
bidder,"['B', 'IH', 'D', 'ER']","['bid', 'der']","['bid', 'der']",0.0,3.02e-06,"[16, 10, 18, 8, 0, 0, 0, 0]"
harvard,"['HH', 'AA', 'R', 'V', 'ER', 'D']","['har', 'vard']","['har', 'vard']",0.0,1.74e-05,"[22, 1, 30, 35, 8, 18, 0, 0]"
memphis,"['M', 'EH', 'M', 'F', 'AH', 'S']","['mem', 'ph', 'is']","['mem', 'ph', 'is']",0.0,7.76e-06,"[26, 7, 26, 20, 3, 31, 0, 0]"
swingers,"['S', 'W', 'IH', 'NG', 'ER', 'Z']","['swing', 'ers']","['swing', 'ers']",0.0,9.12e-07,"[31, 36, 10, 28, 8, 38, 0, 0]"
statutes,"['S', 'T', 'AE', 'CH', 'UW', 'T', 'S']","['stat', 'utes']","['stat', 'utes']",0.0,3.16e-06,"[31, 33, 2, 17, 15, 33, 31, 0]"
timber,"['T', 'IH', 'M', 'B', 'ER']","['tim', 'ber']","['tim', 'ber']",0.0,1.02e-05,"[33, 10, 26, 16, 8, 0, 0, 0]"
staffing,"['S', 'T', 'AE', 'F', 'IH', 'NG']","['staff', 'ing']","['staff', 'ing']",0.0,3.39e-06,"[31, 33, 2, 20, 10, 28, 0, 0]"
nickname,"['N', 'IH', 'K', 'N', 'EY', 'M']","['nick', 'name']","['nick', 'name']",0.0,8.13e-06,"[27, 10, 24, 27, 9, 26, 0, 0]"
blackjack,"['B', 'L', 'AE', 'K', 'JH', 'AE', 'K']","['black', 'jack']","['black', 'jack']",0.0,1.45e-06,"[16, 25, 2, 24, 23, 2, 24, 0]"
melbourne,"['M', 'EH', 'L', 'B', 'ER', 'N']","['mel', 'bourne']","['mel', 'bourne']",0.0,2.29e-05,"[26, 7, 25, 16, 8, 27, 0, 0]"
genome,"['JH', 'IY', 'N', 'OW', 'M']","['gen', 'ome']","['gen', 'ome']",0.0,5.01e-06,"[23, 11, 27, 12, 26, 0, 0, 0]"
windsor,"['W', 'IH', 'N', 'Z', 'ER']","['wind', 'sor']","['wind', 'sor']",0.0,5.37e-06,"[36, 10, 27, 38, 8, 0, 0, 0]"
dentists,"['D', 'EH', 'N', 'T', 'AH', 'S', 'T', 'S']","['dent', 'ists']","['dent', 'ists']",0.0,2.09e-06,"[18, 7, 27, 33, 3, 31, 33, 31]"
preston,"['P', 'R', 'EH', 'S', 'T', 'AH', 'N']","['pre', 'ston']","['pre', 'ston']",0.0,6.17e-06,"[29, 30, 7, 31, 33, 3, 27, 0]"
creations,"['K', 'R', 'IY', 'EY', 'SH', 'AH', 'N', 'Z']","['cre', 'ations']","['cre', 'ations']",0.0,3.39e-06,"[24, 30, 11, 9, 32, 3, 27, 38]"
belize,"['B', 'EH', 'L', 'IY', 'Z']","['bel', 'ize']","['bel', 'ize']",0.0,1.74e-06,"[16, 7, 25, 11, 38, 0, 0, 0]"
airfare,"['EH', 'R', 'F', 'EH', 'R']","['air', 'fare']","['air', 'fare']",0.0,6.76e-07,"[7, 30, 20, 7, 30, 0, 0, 0]"
finder,"['F', 'AY', 'N', 'D', 'ER']","['find', 'er']","['find', 'er']",0.0,1.91e-06,"[20, 6, 27, 18, 8, 0, 0, 0]"
lincoln,"['L', 'IH', 'NG', 'K', 'AH', 'N']","['lin', 'coln']","['lin', 'coln']",0.0,2.04e-05,"[25, 10, 28, 24, 3, 27, 0, 0]"
arab,"['AE', 'R', 'AH', 'B']","['ar', 'ab']","['ar', 'ab']",0.0,2.45e-05,"[2, 30, 3, 16, 0, 0, 0, 0]"
orleans,"['AO', 'R', 'L', 'IY', 'AH', 'N', 'Z']","['or', 'leans']","['or', 'leans']",0.0,1.62e-05,"[4, 30, 25, 11, 3, 27, 38, 0]"
bedford,"['B', 'EH', 'D', 'F', 'ER', 'D']","['bed', 'ford']","['bed', 'ford']",0.0,3.98e-06,"[16, 7, 18, 20, 8, 18, 0, 0]"
benchmark,"['B', 'EH', 'N', 'CH', 'M', 'AA', 'R', 'K']","['bench', 'mark']","['bench', 'mark']",0.0,3.98e-06,"[16, 7, 27, 17, 26, 1, 30, 24]"
hazards,"['HH', 'AE', 'Z', 'ER', 'D', 'Z']","['haz', 'ards']","['haz', 'ards']",0.0,4.37e-06,"[22, 2, 38, 8, 18, 38, 0, 0]"
gateway,"['G', 'EY', 'T', 'W', 'EY']","['gate', 'way']","['gate', 'way']",0.0,6.76e-06,"[21, 9, 33, 36, 9, 0, 0, 0]"
airplane,"['EH', 'R', 'P', 'L', 'EY', 'N']","['air', 'plane']","['air', 'plane']",0.0,8.32e-06,"[7, 30, 29, 25, 9, 27, 0, 0]"
cowboy,"['K', 'AW', 'B', 'OY']","['cow', 'boy']","['cow', 'boy']",0.0,7.08e-06,"[24, 5, 16, 13, 0, 0, 0, 0]"
headline,"['HH', 'EH', 'D', 'L', 'AY', 'N']","['head', 'line']","['head', 'line']",0.0,1.07e-05,"[22, 7, 18, 25, 6, 27, 0, 0]"
hardwood,"['HH', 'AA', 'R', 'D', 'W', 'UH', 'D']","['hard', 'wood']","['hard', 'wood']",0.0,2.19e-06,"[22, 1, 30, 18, 36, 14, 18, 0]"
enrolled,"['EH', 'N', 'R', 'OW', 'L', 'D']","['en', 'rolled']","['en', 'rolled']",0.0,8.32e-06,"[7, 27, 30, 12, 25, 18, 0, 0]"
myers,"['M', 'AY', 'ER', 'Z']","['my', 'ers']","['my', 'ers']",0.0,5.37e-06,"[26, 6, 8, 38, 0, 0, 0, 0]"
morris,"['M', 'AO', 'R', 'AH', 'S']","['mor', 'ris']","['mor', 'ris']",0.0,1.41e-05,"[26, 4, 30, 3, 31, 0, 0, 0]"
liable,"['L', 'AY', 'AH', 'B', 'AH', 'L']","['li', 'able']","['li', 'able']",0.0,7.76e-06,"[25, 6, 3, 16, 3, 25, 0, 0]"
thereafter,"['DH', 'EH', 'R', 'AE', 'F', 'T', 'ER']","['there', 'after']","['there', 'after']",0.0,9.33e-06,"[19, 7, 30, 2, 20, 33, 8, 0]"
carmen,"['K', 'AA', 'R', 'M', 'AH', 'N']","['car', 'men']","['car', 'men']",0.0,4.27e-06,"[24, 1, 30, 26, 3, 27, 0, 0]"
reid,"['R', 'IY', 'D']","['re', 'id']","['re', 'id']",0.0,9.77e-06,"[30, 11, 18, 0, 0, 0, 0, 0]"
reprint,"['R', 'IY', 'P', 'R', 'IH', 'N', 'T']","['re', 'print']","['re', 'print']",0.0,2.45e-06,"[30, 11, 29, 30, 10, 27, 33, 0]"
headphones,"['HH', 'EH', 'D', 'F', 'OW', 'N', 'Z']","['head', 'phones']","['head', 'phones']",0.0,7.59e-06,"[22, 7, 18, 20, 12, 27, 38, 0]"
morgan,"['M', 'AO', 'R', 'G', 'AH', 'N']","['mor', 'gan']","['mor', 'gan']",0.0,2.63e-05,"[26, 4, 30, 21, 3, 27, 0, 0]"
finland,"['F', 'IH', 'N', 'L', 'AE', 'N', 'D']","['fin', 'land']","['fin', 'land']",0.0,8.91e-06,"[20, 10, 27, 25, 2, 27, 18, 0]"
teenage,"['T', 'IY', 'N', 'EY', 'JH']","['teen', 'age']","['teen', 'age']",0.0,1.38e-05,"[33, 11, 27, 9, 23, 0, 0, 0]"
lebanon,"['L', 'EH', 'B', 'AH', 'N', 'AH', 'N']","['le', 'ban', 'on']","['le', 'ban', 'on']",0.0,1.02e-05,"[25, 7, 16, 3, 27, 3, 27, 0]"
denmark,"['D', 'EH', 'N', 'M', 'AA', 'R', 'K']","['den', 'mark']","['den', 'mark']",0.0,1.1e-05,"[18, 7, 27, 26, 1, 30, 24, 0]"
outlook,"['AW', 'T', 'L', 'UH', 'K']","['out', 'look']","['out', 'look']",0.0,1.17e-05,"[5, 33, 25, 14, 24, 0, 0, 0]"
nightlife,"['N', 'AY', 'T', 'L', 'AY', 'F']","['night', 'life']","['night', 'life']",0.0,1.41e-06,"[27, 6, 33, 25, 6, 20, 0, 0]"
burner,"['B', 'ER', 'N', 'ER']","['burn', 'er']","['burn', 'er']",0.0,3.47e-06,"[16, 8, 27, 8, 0, 0, 0, 0]"
chronicle,"['K', 'R', 'AA', 'N', 'IH', 'K', 'AH', 'L']","['chron', 'icle']","['chron', 'icle']",0.0,5.01e-06,"[24, 30, 1, 27, 10, 24, 3, 25]"
vermont,"['V', 'ER', 'M', 'AA', 'N', 'T']","['ver', 'mont']","['ver', 'mont']",0.0,6.92e-06,"[35, 8, 26, 1, 27, 33, 0, 0]"
norway,"['N', 'AO', 'R', 'W', 'EY']","['nor', 'way']","['nor', 'way']",0.0,1.41e-05,"[27, 4, 30, 36, 9, 0, 0, 0]"
hollywood,"['HH', 'AA', 'L', 'IY', 'W', 'UH', 'D']","['hol', 'ly', 'wood']","['hol', 'ly', 'wood']",0.0,3.31e-05,"[22, 1, 25, 11, 36, 14, 18, 0]"
atlas,"['AE', 'T', 'L', 'AH', 'S']","['at', 'las']","['at', 'las']",0.0,6.31e-06,"[2, 33, 25, 3, 31, 0, 0, 0]"
currencies,"['K', 'ER', 'AH', 'N', 'S', 'IY', 'Z']","['cur', 'ren', 'cies']","['cur', 'ren', 'cies']",0.0,4.17e-06,"[24, 8, 3, 27, 31, 11, 38, 0]"
travis,"['T', 'R', 'AE', 'V', 'IH', 'S']","['trav', 'is']","['trav', 'is']",0.0,1.02e-05,"[33, 30, 2, 35, 10, 31, 0, 0]"
carlos,"['K', 'AA', 'R', 'L', 'OW', 'S']","['car', 'los']","['car', 'los']",0.0,1.23e-05,"[24, 1, 30, 25, 12, 31, 0, 0]"
porcelain,"['P', 'AO', 'R', 'S', 'AH', 'L', 'AH', 'N']","['por', 'cel', 'ain']","['por', 'cel', 'ain']",0.0,3.63e-06,"[29, 4, 30, 31, 3, 25, 3, 27]"
meanwhile,"['M', 'IY', 'N', 'W', 'AY', 'L']","['mean', 'while']","['mean', 'while']",0.0,3.02e-05,"[26, 11, 27, 36, 6, 25, 0, 0]"
writings,"['R', 'AY', 'T', 'IH', 'NG', 'Z']","['writ', 'ings']","['writ', 'ings']",0.0,9.55e-06,"[30, 6, 33, 10, 28, 38, 0, 0]"
grenada,"['G', 'R', 'IH', 'N', 'EY', 'D', 'AH']","['gren', 'ada']","['gren', 'ada']",0.0,1.05e-06,"[21, 30, 10, 27, 9, 18, 3, 0]"
handmade,"['HH', 'AE', 'N', 'D', 'M', 'EY', 'D']","['hand', 'made']","['hand', 'made']",0.0,4.37e-06,"[22, 2, 27, 18, 26, 9, 18, 0]"
diesel,"['D', 'IY', 'S', 'AH', 'L']","['dies', 'el']","['dies', 'el']",0.0,1.12e-05,"[18, 11, 31, 3, 25, 0, 0, 0]"
burton,"['B', 'ER', 'T', 'AH', 'N']","['bur', 'ton']","['bur', 'ton']",0.0,6.31e-06,"[16, 8, 33, 3, 27, 0, 0, 0]"
thinkpad,"['TH', 'IH', 'NG', 'K', 'P', 'AE', 'D']","['think', 'pad']","['think', 'pad']",0.0,4.57e-07,"[34, 10, 28, 24, 29, 2, 18, 0]"
highways,"['HH', 'AY', 'W', 'EY', 'Z']","['high', 'ways']","['high', 'ways']",0.0,7.59e-06,"[22, 6, 36, 9, 38, 0, 0, 0]"
franklin,"['F', 'R', 'AE', 'NG', 'K', 'L', 'IH', 'N']","['frank', 'lin']","['frank', 'lin']",0.0,1.62e-05,"[20, 30, 2, 28, 24, 25, 10, 27]"
cooler,"['K', 'UW', 'L', 'ER']","['cool', 'er']","['cool', 'er']",0.0,9.12e-06,"[24, 15, 25, 8, 0, 0, 0, 0]"
textbooks,"['T', 'EH', 'K', 'S', 'T', 'B', 'UH', 'K', 'S']","['text', 'books']","['text', 'books']",0.0,4.57e-06,"[33, 7, 24, 31, 33, 16, 14, 24]"
ballet,"['B', 'AE', 'L', 'EY']","['bal', 'let']","['bal', 'let']",0.0,8.91e-06,"[16, 2, 25, 9, 0, 0, 0, 0]"
carroll,"['K', 'AE', 'R', 'AH', 'L']","['car', 'roll']","['car', 'roll']",0.0,6.31e-06,"[24, 2, 30, 3, 25, 0, 0, 0]"
barbara,"['B', 'AA', 'R', 'B', 'ER', 'AH']","['bar', 'bara']","['bar', 'bara']",0.0,1.58e-05,"[16, 1, 30, 16, 8, 3, 0, 0]"
greenhouse,"['G', 'R', 'IY', 'N', 'HH', 'AW', 'S']","['green', 'house']","['green', 'house']",0.0,6.03e-06,"[21, 30, 11, 27, 22, 5, 31, 0]"
firewall,"['F', 'AY', 'R', 'W', 'AA', 'L']","['fire', 'wall']","['fire', 'wall']",0.0,1.74e-06,"[20, 6, 30, 36, 1, 25, 0, 0]"
vincent,"['V', 'IH', 'N', 'S', 'AH', 'N', 'T']","['vin', 'cent']","['vin', 'cent']",0.0,1.38e-05,"[35, 10, 27, 31, 3, 27, 33, 0]"
payday,"['P', 'EY', 'D', 'EY']","['pay', 'day']","['pay', 'day']",0.0,4.07e-06,"[29, 9, 18, 9, 0, 0, 0, 0]"
packard,"['P', 'AE', 'K', 'ER', 'D']","['pack', 'ard']","['pack', 'ard']",0.0,1.91e-06,"[29, 2, 24, 8, 18, 0, 0, 0]"
symphony,"['S', 'IH', 'M', 'F', 'AH', 'N', 'IY']","['sym', 'phony']","['sym', 'phony']",0.0,5.89e-06,"[31, 10, 26, 20, 3, 27, 11, 0]"
milan,"['M', 'AH', 'L', 'AA', 'N']","['mil', 'an']","['mil', 'an']",0.0,1.12e-05,"[26, 3, 25, 1, 27, 0, 0, 0]"
armstrong,"['AA', 'R', 'M', 'S', 'T', 'R', 'AA', 'NG']","['arm', 'strong']","['arm', 'strong']",0.0,7.94e-06,"[1, 30, 26, 31, 33, 30, 1, 28]"
bennett,"['B', 'EH', 'N', 'AH', 'T']","['ben', 'nett']","['ben', 'nett']",0.0,1.07e-05,"[16, 7, 27, 3, 33, 0, 0, 0]"
latina,"['L', 'AA', 'T', 'IY', 'N', 'AH']","['lat', 'ina']","['lat', 'ina']",0.0,2.4e-06,"[25, 1, 33, 11, 27, 3, 0, 0]"
parker,"['P', 'AA', 'R', 'K', 'ER']","['park', 'er']","['park', 'er']",0.0,1.7e-05,"[29, 1, 30, 24, 8, 0, 0, 0]"
flyer,"['F', 'L', 'AY', 'ER']","['fly', 'er']","['fly', 'er']",0.0,3.8e-06,"[20, 25, 6, 8, 0, 0, 0, 0]"
eddie,"['EH', 'D', 'IY']","['ed', 'die']","['ed', 'die']",0.0,1.38e-05,"[7, 18, 11, 0, 0, 0, 0, 0]"
cordless,"['K', 'AO', 'R', 'D', 'L', 'AH', 'S']","['cord', 'less']","['cord', 'less']",0.0,5.37e-07,"[24, 4, 30, 18, 25, 3, 31, 0]"
copying,"['K', 'AA', 'P', 'IY', 'IH', 'NG']","['copy', 'ing']","['copy', 'ing']",0.0,4.79e-06,"[24, 1, 29, 11, 10, 28, 0, 0]"
islamic,"['IH', 'Z', 'L', 'AA', 'M', 'IH', 'K']","['is', 'lam', 'ic']","['is', 'lam', 'ic']",0.0,2.75e-05,"[10, 38, 25, 1, 26, 10, 24, 0]"
linking,"['L', 'IH', 'NG', 'K', 'IH', 'NG']","['link', 'ing']","['link', 'ing']",0.0,9.12e-06,"[25, 10, 28, 24, 10, 28, 0, 0]"
broadway,"['B', 'R', 'AO', 'D', 'W', 'EY']","['broad', 'way']","['broad', 'way']",0.0,1.2e-05,"[16, 30, 4, 18, 36, 9, 0, 0]"
folding,"['F', 'OW', 'L', 'D', 'IH', 'NG']","['fold', 'ing']","['fold', 'ing']",0.0,5.01e-06,"[20, 12, 25, 18, 10, 28, 0, 0]"
earrings,"['IH', 'R', 'IH', 'NG', 'Z']","['ear', 'rings']","['ear', 'rings']",0.0,4.17e-06,"[10, 30, 10, 28, 38, 0, 0, 0]"
gerald,"['JH', 'EH', 'R', 'AH', 'L', 'D']","['ger', 'ald']","['ger', 'ald']",0.0,5.75e-06,"[23, 7, 30, 3, 25, 18, 0, 0]"
enclosed,"['EH', 'N', 'K', 'L', 'OW', 'Z', 'D']","['en', 'closed']","['en', 'closed']",0.0,5.5e-06,"[7, 27, 24, 25, 12, 38, 18, 0]"
forbes,"['F', 'AO', 'R', 'B', 'Z']","['for', 'bes']","['for', 'bes']",0.0,6.46e-06,"[20, 4, 30, 16, 38, 0, 0, 0]"
cannon,"['K', 'AE', 'N', 'AH', 'N']","['can', 'non']","['can', 'non']",0.0,1.05e-05,"[24, 2, 27, 3, 27, 0, 0, 0]"
marie,"['M', 'ER', 'IY']","['mar', 'ie']","['mar', 'ie']",0.0,1.55e-05,"[26, 8, 11, 0, 0, 0, 0, 0]"
warren,"['W', 'AO', 'R', 'AH', 'N']","['war', 'ren']","['war', 'ren']",0.0,1.82e-05,"[36, 4, 30, 3, 27, 0, 0, 0]"
stainless,"['S', 'T', 'EY', 'N', 'L', 'AH', 'S']","['stain', 'less']","['stain', 'less']",0.0,5.75e-06,"[31, 33, 9, 27, 25, 3, 31, 0]"
stockholm,"['S', 'T', 'AA', 'K', 'HH', 'OW', 'L', 'M']","['stock', 'holm']","['stock', 'holm']",0.0,5.75e-06,"[31, 33, 1, 24, 22, 12, 25, 26]"
mailman,"['M', 'EY', 'L', 'M', 'AE', 'N']","['mail', 'man']","['mail', 'man']",0.0,7.59e-07,"[26, 9, 25, 26, 2, 27, 0, 0]"
airline,"['EH', 'R', 'L', 'AY', 'N']","['air', 'line']","['air', 'line']",0.0,1.1e-05,"[7, 30, 25, 6, 27, 0, 0, 0]"
holders,"['HH', 'OW', 'L', 'D', 'ER', 'Z']","['hold', 'ers']","['hold', 'ers']",0.0,1.05e-05,"[22, 12, 25, 18, 8, 38, 0, 0]"
hazard,"['HH', 'AE', 'Z', 'ER', 'D']","['haz', 'ard']","['haz', 'ard']",0.0,9.55e-06,"[22, 2, 38, 8, 18, 0, 0, 0]"
harvey,"['HH', 'AA', 'R', 'V', 'IY']","['har', 'vey']","['har', 'vey']",0.0,1.41e-05,"[22, 1, 30, 35, 11, 0, 0, 0]"
grammar,"['G', 'R', 'AE', 'M', 'ER']","['gram', 'mar']","['gram', 'mar']",0.0,1.48e-05,"[21, 30, 2, 26, 8, 0, 0, 0]"
fairfield,"['F', 'EH', 'R', 'F', 'IY', 'L', 'D']","['fair', 'field']","['fair', 'field']",0.0,2.04e-06,"[20, 7, 30, 20, 11, 25, 18, 0]"
exempt,"['IH', 'G', 'Z', 'EH', 'M', 'P', 'T']","['ex', 'empt']","['ex', 'empt']",0.0,6.03e-06,"[10, 21, 38, 7, 26, 29, 33, 0]"
kissing,"['K', 'IH', 'S', 'IH', 'NG']","['kiss', 'ing']","['kiss', 'ing']",0.0,9.33e-06,"[24, 10, 31, 10, 28, 0, 0, 0]"
ribbon,"['R', 'IH', 'B', 'AH', 'N']","['rib', 'bon']","['rib', 'bon']",0.0,6.46e-06,"[30, 10, 16, 3, 27, 0, 0, 0]"
mainland,"['M', 'EY', 'N', 'L', 'AE', 'N', 'D']","['main', 'land']","['main', 'land']",0.0,8.91e-06,"[26, 9, 27, 25, 2, 27, 18, 0]"
bandwidth,"['B', 'AE', 'N', 'D', 'W', 'IH', 'D', 'TH']","['band', 'width']","['band', 'width']",0.0,4.17e-06,"[16, 2, 27, 18, 36, 10, 18, 34]"
albert,"['AE', 'L', 'B', 'ER', 'T']","['al', 'bert']","['al', 'bert']",0.0,1.74e-05,"[2, 25, 16, 8, 33, 0, 0, 0]"
oracle,"['AO', 'R', 'AH', 'K', 'AH', 'L']","['or', 'acle']","['or', 'acle']",0.0,5.01e-06,"[4, 30, 3, 24, 3, 25, 0, 0]"
ethics,"['EH', 'TH', 'IH', 'K', 'S']","['eth', 'ics']","['eth', 'ics']",0.0,1.55e-05,"[7, 34, 10, 24, 31, 0, 0, 0]"
marshall,"['M', 'AA', 'R', 'SH', 'AH', 'L']","['mar', 'shall']","['mar', 'shall']",0.0,1.74e-05,"[26, 1, 30, 32, 3, 25, 0, 0]"
cleaners,"['K', 'L', 'IY', 'N', 'ER', 'Z']","['clean', 'ers']","['clean', 'ers']",0.0,2.88e-06,"[24, 25, 11, 27, 8, 38, 0, 0]"
rapids,"['R', 'AE', 'P', 'AH', 'D', 'Z']","['rap', 'ids']","['rap', 'ids']",0.0,4.37e-06,"[30, 2, 29, 3, 18, 38, 0, 0]"
disclaimers,"['D', 'IH', 'S', 'K', 'L', 'EY', 'M', 'ER', 'Z']","['dis', 'claim', 'ers']","['dis', 'claim', 'ers']",0.0,2.82e-07,"[18, 10, 31, 24, 25, 9, 26, 8]"
camping,"['K', 'AE', 'M', 'P', 'IH', 'NG']","['camp', 'ing']","['camp', 'ing']",0.0,1e-05,"[24, 2, 26, 29, 10, 28, 0, 0]"
berlin,"['B', 'ER', 'L', 'IH', 'N']","['ber', 'lin']","['ber', 'lin']",0.0,2.4e-05,"[16, 8, 25, 10, 27, 0, 0, 0]"
dennis,"['D', 'EH', 'N', 'IH', 'S']","['den', 'nis']","['den', 'nis']",0.0,1.26e-05,"[18, 7, 27, 10, 31, 0, 0, 0]"
quebec,"['K', 'W', 'AH', 'B', 'EH', 'K']","['que', 'bec']","['que', 'bec']",0.0,9.33e-06,"[24, 36, 3, 16, 7, 24, 0, 0]"
trustees,"['T', 'R', 'AH', 'S', 'T', 'IY', 'Z']","['trust', 'ees']","['trust', 'ees']",0.0,6.92e-06,"[33, 30, 3, 31, 33, 11, 38, 0]"
dublin,"['D', 'AH', 'B', 'L', 'IH', 'N']","['dub', 'lin']","['dub', 'lin']",0.0,1.2e-05,"[18, 3, 16, 25, 10, 27, 0, 0]"
shoppers,"['SH', 'AA', 'P', 'ER', 'Z']","['shop', 'pers']","['shop', 'pers']",0.0,3.55e-06,"[32, 1, 29, 8, 38, 0, 0, 0]"
rocket,"['R', 'AA', 'K', 'AH', 'T']","['rock', 'et']","['rock', 'et']",0.0,2.04e-05,"[30, 1, 24, 3, 33, 0, 0, 0]"
tuning,"['T', 'UW', 'N', 'IH', 'NG']","['tun', 'ing']","['tun', 'ing']",0.0,4.68e-06,"[33, 15, 27, 10, 28, 0, 0, 0]"
walker,"['W', 'AO', 'K', 'ER']","['walk', 'er']","['walk', 'er']",0.0,2.63e-05,"[36, 4, 24, 8, 0, 0, 0, 0]"
arthur,"['AA', 'R', 'TH', 'ER']","['ar', 'thur']","['ar', 'thur']",0.0,2.57e-05,"[1, 30, 34, 8, 0, 0, 0, 0]"
roger,"['R', 'AA', 'JH', 'ER']","['ro', 'ger']","['ro', 'ger']",0.0,2.45e-05,"[30, 1, 23, 8, 0, 0, 0, 0]"
remedies,"['R', 'EH', 'M', 'AH', 'D', 'IY', 'Z']","['rem', 'ed', 'ies']","['rem', 'ed', 'ies']",0.0,6.76e-06,"[30, 7, 26, 3, 18, 11, 38, 0]"
budapest,"['B', 'UW', 'D', 'AH', 'P', 'EH', 'S', 'T']","['bud', 'apest']","['bud', 'apest']",0.0,3.55e-06,"[16, 15, 18, 3, 29, 7, 31, 33]"
crossword,"['K', 'R', 'AO', 'S', 'W', 'ER', 'D']","['cross', 'word']","['cross', 'word']",0.0,1.38e-06,"[24, 30, 4, 31, 36, 8, 18, 0]"
mounting,"['M', 'AW', 'N', 'T', 'IH', 'NG']","['mount', 'ing']","['mount', 'ing']",0.0,7.24e-06,"[26, 5, 27, 33, 10, 28, 0, 0]"
outreach,"['AW', 'T', 'R', 'IY', 'CH']","['out', 'reach']","['out', 'reach']",0.0,4.79e-06,"[5, 33, 30, 11, 17, 0, 0, 0]"
jackets,"['JH', 'AE', 'K', 'IH', 'T', 'S']","['jack', 'ets']","['jack', 'ets']",0.0,6.46e-06,"[23, 2, 24, 10, 33, 31, 0, 0]"
velvet,"['V', 'EH', 'L', 'V', 'AH', 'T']","['vel', 'vet']","['vel', 'vet']",0.0,5.89e-06,"[35, 7, 25, 35, 3, 33, 0, 0]"
dryer,"['D', 'R', 'AY', 'ER']","['dry', 'er']","['dry', 'er']",0.0,3.47e-06,"[18, 30, 6, 8, 0, 0, 0, 0]"
virginia,"['V', 'ER', 'JH', 'IH', 'N', 'Y', 'AH']","['vir', 'gin', 'ia']","['vir', 'gin', 'ia']",0.0,4.17e-05,"[35, 8, 23, 10, 27, 37, 3, 0]"
rentals,"['R', 'EH', 'N', 'T', 'AH', 'L', 'Z']","['rent', 'als']","['rent', 'als']",0.0,2.63e-06,"[30, 7, 27, 33, 3, 25, 38, 0]"
prostate,"['P', 'R', 'AA', 'S', 'T', 'EY', 'T']","['pro', 'state']","['pro', 'state']",0.0,4.68e-06,"[29, 30, 1, 31, 33, 9, 33, 0]"
outlets,"['AW', 'T', 'L', 'EH', 'T', 'S']","['out', 'lets']","['out', 'lets']",0.0,1e-05,"[5, 33, 25, 7, 33, 31, 0, 0]"
monsters,"['M', 'AA', 'N', 'S', 'T', 'ER', 'Z']","['mon', 'sters']","['mon', 'sters']",0.0,1.48e-05,"[26, 1, 27, 31, 33, 8, 38, 0]"
listings,"['L', 'IH', 'S', 'T', 'IH', 'NG', 'Z']","['list', 'ings']","['list', 'ings']",0.0,7.94e-06,"[25, 10, 31, 33, 10, 28, 38, 0]"
footwear,"['F', 'UH', 'T', 'W', 'EH', 'R']","['foot', 'wear']","['foot', 'wear']",0.0,2.63e-06,"[20, 14, 33, 36, 7, 30, 0, 0]"
subscribe,"['S', 'AH', 'B', 'S', 'K', 'R', 'AY', 'B']","['sub', 'scribe']","['sub', 'scribe']",0.0,1.05e-05,"[31, 3, 16, 31, 24, 30, 6, 16]"
redhead,"['R', 'EH', 'D', 'HH', 'EH', 'D']","['red', 'head']","['red', 'head']",0.0,1.7e-06,"[30, 7, 18, 22, 7, 18, 0, 0]"
unwrap,"['AH', 'N', 'R', 'AE', 'P']","['un', 'wrap']","['un', 'wrap']",0.0,3.63e-07,"[3, 27, 30, 2, 29, 0, 0, 0]"
forums,"['F', 'AO', 'R', 'AH', 'M', 'Z']","['for', 'ums']","['for', 'ums']",0.0,7.08e-06,"[20, 4, 30, 3, 26, 38, 0, 0]"
america,"['AH', 'M', 'EH', 'R', 'AH', 'K', 'AH']","['amer', 'ica']","['amer', 'ica']",0.0,0.000166,"[3, 26, 7, 30, 3, 24, 3, 0]"
british,"['B', 'R', 'IH', 'T', 'IH', 'SH']","['brit', 'ish']","['brit', 'ish']",0.0,0.000151,"[16, 30, 10, 33, 10, 32, 0, 0]"
strengthening,"['S', 'T', 'R', 'EH', 'NG', 'TH', 'AH', 'N', 'IH', 'NG']","['strength', 'en', 'ing']","['strengthen', 'ing']",0.07692307692307693,6.61e-06,"[31, 33, 30, 7, 28, 34, 3, 27]"
subscriptions,"['S', 'AH', 'B', 'S', 'K', 'R', 'IH', 'P', 'SH', 'AH', 'N', 'Z']","['sub', 'scrip', 'tions']","['sub', 'scriptions']",0.07692307692307693,3.09e-06,"[31, 3, 16, 31, 24, 30, 10, 29]"
announcements,"['AH', 'N', 'AW', 'N', 'S', 'M', 'AH', 'N', 'T', 'S']","['an', 'nounce', 'ments']","['announce', 'ments']",0.07692307692307693,5.01e-06,"[3, 27, 5, 27, 31, 26, 3, 27]"
questionnaire,"['K', 'W', 'EH', 'S', 'CH', 'AH', 'N', 'EH', 'R']","['ques', 'tion', 'naire']","['question', 'naire']",0.07692307692307693,2.75e-06,"[24, 36, 7, 31, 17, 3, 27, 7]"
presentations,"['P', 'R', 'EH', 'Z', 'AH', 'N', 'T', 'EY', 'SH', 'AH', 'N', 'Z']","['present', 'a', 'tions']","['present', 'ations']",0.07692307692307693,4.07e-06,"[29, 30, 7, 38, 3, 27, 33, 9]"
reproductive,"['R', 'IY', 'P', 'R', 'AH', 'D', 'AH', 'K', 'T', 'IH', 'V']","['re', 'pro', 'duct', 'ive']","['re', 'product', 'ive']",0.08333333333333333,6.31e-06,"[30, 11, 29, 30, 3, 18, 3, 24]"
shareholders,"['SH', 'EH', 'R', 'HH', 'OW', 'L', 'D', 'ER', 'Z']","['share', 'hold', 'ers']","['share', 'holders']",0.08333333333333333,8.71e-06,"[32, 7, 30, 22, 12, 25, 18, 8]"
introductory,"['IH', 'N', 'T', 'R', 'AH', 'D', 'AH', 'K', 'T', 'ER', 'IY']","['in', 'tro', 'duct', 'ory']","['intro', 'duct', 'ory']",0.08333333333333333,3.24e-06,"[10, 27, 33, 30, 3, 18, 3, 24]"
broadcasting,"['B', 'R', 'AO', 'D', 'K', 'AE', 'S', 'T', 'IH', 'NG']","['broad', 'cast', 'ing']","['broadcast', 'ing']",0.08333333333333333,1.05e-05,"[16, 30, 4, 18, 24, 2, 31, 33]"
stakeholders,"['S', 'T', 'EY', 'K', 'HH', 'OW', 'L', 'D', 'ER', 'Z']","['stake', 'hold', 'ers']","['stake', 'holders']",0.08333333333333333,3.63e-06,"[31, 33, 9, 24, 22, 12, 25, 18]"
laboratories,"['L', 'AE', 'B', 'R', 'AH', 'T', 'AO', 'R', 'IY', 'Z']","['labor', 'at', 'or', 'ies']","['labor', 'ator', 'ies']",0.08333333333333333,5.25e-06,"[25, 2, 16, 30, 3, 33, 4, 30]"
collectibles,"['K', 'AH', 'L', 'EH', 'K', 'T', 'AH', 'B', 'AH', 'L', 'Z']","['col', 'lect', 'ibles']","['collect', 'ibles']",0.08333333333333333,1.29e-06,"[24, 3, 25, 7, 24, 33, 3, 16]"
commonwealth,"['K', 'AA', 'M', 'AH', 'N', 'W', 'EH', 'L', 'TH']","['com', 'mon', 'wealth']","['common', 'wealth']",0.08333333333333333,2.19e-05,"[24, 1, 26, 3, 27, 36, 7, 25]"
subcommittee,"['S', 'AH', 'B', 'K', 'AH', 'M', 'IH', 'T', 'IY']","['sub', 'com', 'mit', 'tee']","['sub', 'commit', 'tee']",0.08333333333333333,2.88e-06,"[31, 3, 16, 24, 3, 26, 10, 33]"
appointments,"['AH', 'P', 'OY', 'N', 'T', 'M', 'AH', 'N', 'T', 'S']","['ap', 'point', 'ments']","['appoint', 'ments']",0.08333333333333333,8.91e-06,"[3, 29, 13, 27, 33, 26, 3, 27]"
transparency,"['T', 'R', 'AE', 'N', 'S', 'P', 'EH', 'R', 'AH', 'N', 'S', 'IY']","['trans', 'par', 'ency']","['trans', 'parency']",0.08333333333333333,7.94e-06,"[33, 30, 2, 27, 31, 29, 7, 30]"
scholarships,"['S', 'K', 'AA', 'L', 'ER', 'SH', 'IH', 'P', 'S']","['schol', 'ar', 'ships']","['scholar', 'ships']",0.08333333333333333,5.75e-06,"[31, 24, 1, 25, 8, 32, 10, 29]"
enhancements,"['EH', 'N', 'HH', 'AE', 'N', 'S', 'M', 'AH', 'N', 'T', 'S']","['en', 'hance', 'ments']","['enhance', 'ments']",0.08333333333333333,1.45e-06,"[7, 27, 22, 2, 27, 31, 26, 3]"
battlefield,"['B', 'AE', 'T', 'AH', 'L', 'F', 'IY', 'L', 'D']","['bat', 'tle', 'field']","['battle', 'field']",0.09090909090909091,8.51e-06,"[16, 2, 33, 3, 25, 20, 11, 25]"
collectible,"['K', 'AH', 'L', 'EH', 'K', 'T', 'AH', 'B', 'AH', 'L']","['col', 'lect', 'ible']","['collect', 'ible']",0.09090909090909091,1.38e-06,"[24, 3, 25, 7, 24, 33, 3, 16]"
attachments,"['AH', 'T', 'AE', 'CH', 'M', 'AH', 'N', 'T', 'S']","['at', 'tach', 'ments']","['attach', 'ments']",0.09090909090909091,2.4e-06,"[3, 33, 2, 17, 26, 3, 27, 33]"
furthermore,"['F', 'ER', 'DH', 'ER', 'M', 'AO', 'R']","['fur', 'ther', 'more']","['further', 'more']",0.09090909090909091,1.7e-05,"[20, 8, 19, 8, 26, 4, 30, 0]"
advancement,"['AH', 'D', 'V', 'AE', 'N', 'S', 'M', 'AH', 'N', 'T']","['ad', 'vance', 'ment']","['advance', 'ment']",0.09090909090909091,6.46e-06,"[3, 18, 35, 2, 27, 31, 26, 3]"
instructors,"['IH', 'N', 'S', 'T', 'R', 'AH', 'K', 'T', 'ER', 'Z']","['in', 'struct', 'ors']","['instruct', 'ors']",0.09090909090909091,3.72e-06,"[10, 27, 31, 33, 30, 3, 24, 33]"
conferences,"['K', 'AA', 'N', 'F', 'ER', 'AH', 'N', 'S', 'AH', 'Z']","['con', 'fer', 'ences']","['con', 'ferences']",0.09090909090909091,1.07e-05,"[24, 1, 27, 20, 8, 3, 27, 31]"
recruitment,"['R', 'AH', 'K', 'R', 'UW', 'T', 'M', 'AH', 'N', 'T']","['re', 'cruit', 'ment']","['recruit', 'ment']",0.09090909090909091,1e-05,"[30, 3, 24, 30, 15, 33, 26, 3]"
consultants,"['K', 'AH', 'N', 'S', 'AH', 'L', 'T', 'AH', 'N', 'T', 'S']","['con', 'sult', 'ants']","['consult', 'ants']",0.09090909090909091,5.5e-06,"[24, 3, 27, 31, 3, 25, 33, 3]"
workstation,"['W', 'ER', 'K', 'S', 'T', 'EY', 'SH', 'AH', 'N']","['work', 'sta', 'tion']","['work', 'station']",0.09090909090909091,1.1e-06,"[36, 8, 24, 31, 33, 9, 32, 3]"
contractors,"['K', 'AA', 'N', 'T', 'R', 'AE', 'K', 'T', 'ER', 'Z']","['con', 'tract', 'ors']","['contract', 'ors']",0.09090909090909091,1.02e-05,"[24, 1, 27, 33, 30, 2, 24, 33]"
electronics,"['IH', 'L', 'EH', 'K', 'T', 'R', 'AA', 'N', 'IH', 'K', 'S']","['elec', 'tron', 'ics']","['electron', 'ics']",0.09090909090909091,1.55e-05,"[10, 25, 7, 24, 33, 30, 1, 27]"
groundwater,"['G', 'R', 'AW', 'N', 'D', 'W', 'AA', 'T', 'ER']","['ground', 'wa', 'ter']","['ground', 'water']",0.09090909090909091,2.75e-06,"[21, 30, 5, 27, 18, 36, 1, 33]"
assessments,"['AH', 'S', 'EH', 'S', 'M', 'AH', 'N', 'T', 'S']","['as', 'sess', 'ments']","['assess', 'ments']",0.09090909090909091,6.17e-06,"[3, 31, 7, 31, 26, 3, 27, 33]"
foundations,"['F', 'AW', 'N', 'D', 'EY', 'SH', 'AH', 'N', 'Z']","['found', 'a', 'tions']","['found', 'ations']",0.09090909090909091,9.33e-06,"[20, 5, 27, 18, 9, 32, 3, 27]"
shakespeare,"['SH', 'EY', 'K', 'S', 'P', 'IY', 'R']",['shakespeare'],"['sh', 'akespeare']",0.09090909090909091,1e-05,"[32, 9, 24, 31, 29, 11, 30, 0]"
downloading,"['D', 'AW', 'N', 'L', 'OW', 'D', 'IH', 'NG']","['down', 'load', 'ing']","['download', 'ing']",0.09090909090909091,5.01e-06,"[18, 5, 27, 25, 12, 18, 10, 28]"
contracting,"['K', 'AA', 'N', 'T', 'R', 'AE', 'K', 'T', 'IH', 'NG']","['con', 'tract', 'ing']","['contract', 'ing']",0.09090909090909091,4.47e-06,"[24, 1, 27, 33, 30, 2, 24, 33]"
marketplace,"['M', 'AA', 'R', 'K', 'AH', 'T', 'P', 'L', 'EY', 'S']","['mar', 'ket', 'place']","['market', 'place']",0.09090909090909091,6.61e-06,"[26, 1, 30, 24, 3, 33, 29, 25]"
tournaments,"['T', 'ER', 'N', 'AH', 'M', 'AH', 'N', 'T', 'S']","['tour', 'na', 'ments']","['tour', 'naments']",0.09090909090909091,6.92e-06,"[33, 8, 27, 3, 26, 3, 27, 33]"
playstation,"['P', 'L', 'EY', 'S', 'T', 'EY', 'SH', 'AH', 'N']","['play', 'sta', 'tion']","['play', 'station']",0.09090909090909091,8.71e-06,"[29, 25, 9, 31, 33, 9, 32, 3]"
convertible,"['K', 'AH', 'N', 'V', 'ER', 'T', 'AH', 'B', 'AH', 'L']","['con', 'vert', 'ible']","['convert', 'ible']",0.09090909090909091,3.55e-06,"[24, 3, 27, 35, 8, 33, 3, 16]"
evaluations,"['IH', 'V', 'AE', 'L', 'Y', 'UW', 'EY', 'SH', 'AH', 'N', 'Z']","['eval', 'u', 'ations']","['evalu', 'ations']",0.09090909090909091,2.69e-06,"[10, 35, 2, 25, 37, 15, 9, 32]"
secretariat,"['S', 'EH', 'K', 'R', 'IH', 'T', 'EH', 'R', 'IY', 'AH', 'T']","['sec', 'ret', 'ari', 'at']","['secret', 'ari', 'at']",0.09090909090909091,2.82e-06,"[31, 7, 24, 30, 10, 33, 7, 30]"
prospective,"['P', 'R', 'AH', 'S', 'P', 'EH', 'K', 'T', 'IH', 'V']","['pro', 'spect', 'ive']","['prospect', 'ive']",0.09090909090909091,7.41e-06,"[29, 30, 3, 31, 29, 7, 24, 33]"
enterprises,"['EH', 'N', 'T', 'ER', 'P', 'R', 'AY', 'Z', 'IH', 'Z']","['en', 'ter', 'prises']","['enter', 'prises']",0.09090909090909091,1e-05,"[7, 27, 33, 8, 29, 30, 6, 38]"
subscribers,"['S', 'AH', 'B', 'S', 'K', 'R', 'AY', 'B', 'ER', 'Z']","['sub', 'scribers']","['sub', 'scrib', 'ers']",0.09090909090909091,1e-05,"[31, 3, 16, 31, 24, 30, 6, 16]"
transmitted,"['T', 'R', 'AE', 'N', 'S', 'M', 'IH', 'T', 'IH', 'D']","['trans', 'mit', 'ted']","['trans', 'mitted']",0.09090909090909091,7.41e-06,"[33, 30, 2, 27, 31, 26, 10, 33]"
celebrities,"['S', 'AH', 'L', 'EH', 'B', 'R', 'IH', 'T', 'IY', 'Z']","['celebrit', 'ies']","['cele', 'brit', 'ies']",0.09090909090909091,1.2e-05,"[31, 3, 25, 7, 16, 30, 10, 33]"
commitments,"['K', 'AH', 'M', 'IH', 'T', 'M', 'AH', 'N', 'T', 'S']","['com', 'mit', 'ments']","['commit', 'ments']",0.09090909090909091,6.17e-06,"[24, 3, 26, 10, 33, 26, 3, 27]"
bestsellers,"['B', 'EH', 'S', 'T', 'S', 'EH', 'L', 'ER', 'Z']","['best', 'sellers']","['best', 's', 'ellers']",0.09090909090909091,5.13e-07,"[16, 7, 31, 33, 31, 7, 25, 8]"
programmers,"['P', 'R', 'OW', 'G', 'R', 'AE', 'M', 'ER', 'Z']","['pro', 'gram', 'mers']","['program', 'mers']",0.09090909090909091,2.82e-06,"[29, 30, 12, 21, 30, 2, 26, 8]"
respondents,"['R', 'IH', 'S', 'P', 'AA', 'N', 'D', 'AH', 'N', 'T', 'S']","['re', 'spond', 'ents']","['respond', 'ents']",0.09090909090909091,6.03e-06,"[30, 10, 31, 29, 1, 27, 18, 3]"
unavailable,"['AH', 'N', 'AH', 'V', 'EY', 'L', 'AH', 'B', 'AH', 'L']","['un', 'avail', 'able']","['un', 'available']",0.09090909090909091,4.27e-06,"[3, 27, 3, 35, 9, 25, 3, 16]"
peripherals,"['P', 'ER', 'IH', 'F', 'ER', 'AH', 'L', 'Z']","['peri', 'pher', 'als']","['peripher', 'als']",0.09090909090909091,7.24e-07,"[29, 8, 10, 20, 8, 3, 25, 38]"
specialties,"['S', 'P', 'EH', 'SH', 'AH', 'L', 'T', 'IY', 'Z']","['spe', 'cial', 'ties']","['special', 'ties']",0.09090909090909091,2.04e-06,"[31, 29, 7, 32, 3, 25, 33, 11]"
endorsement,"['EH', 'N', 'D', 'AO', 'R', 'S', 'M', 'AH', 'N', 'T']","['en', 'dorse', 'ment']","['endorse', 'ment']",0.09090909090909091,5.62e-06,"[7, 27, 18, 4, 30, 31, 26, 3]"
adjustments,"['AH', 'JH', 'AH', 'S', 'T', 'M', 'AH', 'N', 'T', 'S']","['ad', 'just', 'ments']","['adjust', 'ments']",0.09090909090909091,6.61e-06,"[3, 23, 3, 31, 33, 26, 3, 27]"
unsubscribe,"['AH', 'N', 'S', 'AH', 'B', 'S', 'K', 'R', 'AY', 'B']","['un', 'sub', 'scribe']","['un', 'subscribe']",0.09090909090909091,1.07e-06,"[3, 27, 31, 3, 16, 31, 24, 30]"
applicants,"['AE', 'P', 'L', 'IH', 'K', 'AH', 'N', 'T', 'S']","['ap', 'plic', 'ants']","['applic', 'ants']",0.1,8.71e-06,"[2, 29, 25, 10, 24, 3, 27, 33]"
enrollment,"['EH', 'N', 'R', 'OW', 'L', 'M', 'AH', 'N', 'T']","['en', 'roll', 'ment']","['en', 'rollment']",0.1,8.32e-06,"[7, 27, 30, 12, 25, 26, 3, 27]"
interfaces,"['IH', 'N', 'T', 'ER', 'F', 'EY', 'S', 'IH', 'Z']","['in', 'ter', 'faces']","['inter', 'faces']",0.1,2.95e-06,"[10, 27, 33, 8, 20, 9, 31, 10]"
programmer,"['P', 'R', 'OW', 'G', 'R', 'AE', 'M', 'ER']","['pro', 'gram', 'mer']","['program', 'mer']",0.1,3.63e-06,"[29, 30, 12, 21, 30, 2, 26, 8]"
adjustment,"['AH', 'JH', 'AH', 'S', 'T', 'M', 'AH', 'N', 'T']","['ad', 'just', 'ment']","['adjust', 'ment']",0.1,7.59e-06,"[3, 23, 3, 31, 33, 26, 3, 27]"
displaying,"['D', 'IH', 'S', 'P', 'L', 'EY', 'IH', 'NG']","['dis', 'play', 'ing']","['display', 'ing']",0.1,4.79e-06,"[18, 10, 31, 29, 25, 9, 10, 28]"
housewives,"['HH', 'AW', 'S', 'W', 'AY', 'V', 'Z']","['house', 'wives']","['house', 'w', 'ives']",0.1,2.51e-06,"[22, 5, 31, 36, 6, 35, 38, 0]"
housewares,"['HH', 'AW', 'S', 'W', 'EH', 'R', 'Z']","['house', 'wares']","['house', 'w', 'ares']",0.1,2.34e-07,"[22, 5, 31, 36, 7, 30, 38, 0]"
microphone,"['M', 'AY', 'K', 'R', 'AH', 'F', 'OW', 'N']","['mi', 'cro', 'phone']","['micro', 'phone']",0.1,5.25e-06,"[26, 6, 24, 30, 3, 20, 12, 27]"
paperbacks,"['P', 'EY', 'P', 'ER', 'B', 'AE', 'K', 'S']","['pa', 'per', 'backs']","['paper', 'backs']",0.1,5.01e-07,"[29, 9, 29, 8, 16, 2, 24, 31]"
infections,"['IH', 'N', 'F', 'EH', 'K', 'SH', 'AH', 'N', 'Z']","['in', 'fec', 'tions']","['in', 'fections']",0.1,9.33e-06,"[10, 27, 20, 7, 24, 32, 3, 27]"
manchester,"['M', 'AE', 'N', 'CH', 'EH', 'S', 'T', 'ER']",['manchester'],"['man', 'chester']",0.1,3.39e-05,"[26, 2, 27, 17, 7, 31, 33, 8]"
dispatched,"['D', 'IH', 'S', 'P', 'AE', 'CH', 'T']","['dis', 'patched']","['dis', 'pat', 'ched']",0.1,4.07e-06,"[18, 10, 31, 29, 2, 17, 33, 0]"
harassment,"['HH', 'ER', 'AE', 'S', 'M', 'AH', 'N', 'T']","['har', 'ass', 'ment']","['harass', 'ment']",0.1,1.02e-05,"[22, 8, 2, 31, 26, 3, 27, 33]"
physicians,"['F', 'AH', 'Z', 'IH', 'SH', 'AH', 'N', 'Z']","['phys', 'i', 'cians']","['phys', 'icians']",0.1,1.1e-05,"[20, 3, 38, 10, 32, 3, 27, 38]"
customized,"['K', 'AH', 'S', 'T', 'AH', 'M', 'AY', 'Z', 'D']","['cus', 'tom', 'ized']","['custom', 'ized']",0.1,2.75e-06,"[24, 3, 31, 33, 3, 26, 6, 38]"
proceeding,"['P', 'R', 'AH', 'S', 'IY', 'D', 'IH', 'NG']","['pro', 'ceed', 'ing']","['proceed', 'ing']",0.1,4.57e-06,"[29, 30, 3, 31, 11, 18, 10, 28]"
publishers,"['P', 'AH', 'B', 'L', 'IH', 'SH', 'ER', 'Z']","['pub', 'lish', 'ers']","['publish', 'ers']",0.1,1.17e-05,"[29, 3, 16, 25, 10, 32, 8, 38]"
terrorists,"['T', 'EH', 'R', 'ER', 'AH', 'S', 'T', 'S']","['ter', 'ror', 'ists']","['terror', 'ists']",0.1,1.58e-05,"[33, 7, 30, 8, 3, 31, 33, 31]"
stationery,"['S', 'T', 'EY', 'SH', 'AH', 'N', 'EH', 'R', 'IY']","['sta', 'tion', 'ery']","['station', 'ery']",0.1,1.95e-06,"[31, 33, 9, 32, 3, 27, 7, 30]"
contractor,"['K', 'AA', 'N', 'T', 'R', 'AE', 'K', 'T', 'ER']","['con', 'tract', 'or']","['contract', 'or']",0.1,1.2e-05,"[24, 1, 27, 33, 30, 2, 24, 33]"
recordings,"['R', 'IH', 'K', 'AO', 'R', 'D', 'IH', 'NG', 'Z']","['re', 'cord', 'ings']","['record', 'ings']",0.1,7.94e-06,"[30, 10, 24, 4, 30, 18, 10, 28]"
amendments,"['AH', 'M', 'EH', 'N', 'D', 'M', 'AH', 'N', 'T', 'S']","['amend', 'ments']","['am', 'end', 'ments']",0.1,6.17e-06,"[3, 26, 7, 27, 18, 26, 3, 27]"
incomplete,"['IH', 'N', 'K', 'AH', 'M', 'P', 'L', 'IY', 'T']","['in', 'com', 'plete']","['in', 'complete']",0.1,7.08e-06,"[10, 27, 24, 3, 26, 29, 25, 11]"
veterinary,"['V', 'EH', 'T', 'R', 'AH', 'N', 'EH', 'R', 'IY']","['veter', 'in', 'ary']","['veter', 'inary']",0.1,5.62e-06,"[35, 7, 33, 30, 3, 27, 7, 30]"
forwarding,"['F', 'AO', 'R', 'W', 'ER', 'D', 'IH', 'NG']","['for', 'ward', 'ing']","['forward', 'ing']",0.1,1.62e-06,"[20, 4, 30, 36, 8, 18, 10, 28]"
supervisor,"['S', 'UW', 'P', 'ER', 'V', 'AY', 'Z', 'ER']","['su', 'per', 'visor']","['super', 'visor']",0.1,8.91e-06,"[31, 15, 29, 8, 35, 6, 38, 8]"
subjective,"['S', 'AH', 'B', 'JH', 'EH', 'K', 'T', 'IH', 'V']","['sub', 'ject', 'ive']","['subject', 'ive']",0.1,6.17e-06,"[31, 3, 16, 23, 7, 24, 33, 10]"
newsletter,"['N', 'UW', 'Z', 'L', 'EH', 'T', 'ER']","['news', 'let', 'ter']","['news', 'letter']",0.1,5.75e-06,"[27, 15, 38, 25, 7, 33, 8, 0]"
queensland,"['K', 'W', 'IY', 'N', 'Z', 'L', 'AE', 'N', 'D']","['queens', 'land']","['que', 'ens', 'land']",0.1,1.7e-05,"[24, 36, 11, 27, 38, 25, 2, 27]"
washington,"['W', 'AA', 'SH', 'IH', 'NG', 'T', 'AH', 'N']","['wash', 'ing', 'ton']","['washing', 'ton']",0.1,0.00012,"[36, 1, 32, 10, 28, 33, 3, 27]"
projectors,"['P', 'R', 'AH', 'JH', 'EH', 'K', 'T', 'ER', 'Z']","['pro', 'ject', 'ors']","['project', 'ors']",0.1,9.33e-07,"[29, 30, 3, 23, 7, 24, 33, 8]"
selections,"['S', 'AH', 'L', 'EH', 'K', 'SH', 'AH', 'N', 'Z']","['se', 'lec', 'tions']","['se', 'lections']",0.1,4.79e-06,"[31, 3, 25, 7, 24, 32, 3, 27]"
journalism,"['JH', 'ER', 'N', 'AH', 'L', 'IH', 'Z', 'AH', 'M']","['journ', 'al', 'ism']","['journal', 'ism']",0.1,1.32e-05,"[23, 8, 27, 3, 25, 10, 38, 3]"
connectors,"['K', 'AH', 'N', 'EH', 'K', 'T', 'ER', 'Z']","['con', 'nect', 'ors']","['connect', 'ors']",0.1,1.48e-06,"[24, 3, 27, 7, 24, 33, 8, 38]"
internship,"['IH', 'N', 'T', 'ER', 'N', 'SH', 'IH', 'P']","['in', 'tern', 'ship']","['intern', 'ship']",0.1,4.07e-06,"[10, 27, 33, 8, 27, 32, 10, 29]"
annotation,"['AE', 'N', 'AH', 'T', 'EY', 'SH', 'AH', 'N']","['an', 'nota', 'tion']","['an', 'notation']",0.1,7.76e-07,"[2, 27, 3, 33, 9, 32, 3, 27]"
interstate,"['IH', 'N', 'T', 'ER', 'S', 'T', 'EY', 'T']","['in', 'ter', 'state']","['inter', 'state']",0.1,9.77e-06,"[10, 27, 33, 8, 31, 33, 9, 33]"
prohibited,"['P', 'R', 'OW', 'HH', 'IH', 'B', 'AH', 'T', 'AH', 'D']","['pro', 'hib', 'ited']","['prohib', 'ited']",0.1,9.77e-06,"[29, 30, 12, 22, 10, 16, 3, 33]"
fellowship,"['F', 'EH', 'L', 'OW', 'SH', 'IH', 'P']","['fel', 'low', 'ship']","['fellow', 'ship']",0.1,7.24e-06,"[20, 7, 25, 12, 32, 10, 29, 0]"
peripheral,"['P', 'ER', 'IH', 'F', 'ER', 'AH', 'L']","['peri', 'pher', 'al']","['peripher', 'al']",0.1,4.57e-06,"[29, 8, 10, 20, 8, 3, 25, 0]"
incentives,"['IH', 'N', 'S', 'EH', 'N', 'T', 'IH', 'V', 'Z']","['in', 'cent', 'ives']","['incent', 'ives']",0.1,7.59e-06,"[10, 27, 31, 7, 27, 33, 10, 35]"
mastercard,"['M', 'AE', 'S', 'T', 'ER', 'K', 'AA', 'R', 'D']","['mas', 'ter', 'card']","['master', 'card']",0.1,1.35e-06,"[26, 2, 31, 33, 8, 24, 1, 30]"
petersburg,"['P', 'IY', 'T', 'ER', 'Z', 'B', 'ER', 'G']","['peters', 'burg']","['p', 'eters', 'burg']",0.1,5.01e-06,"[29, 11, 33, 8, 38, 16, 8, 21]"
limousines,"['L', 'IH', 'M', 'AH', 'Z', 'IY', 'N', 'Z']","['lim', 'ousines']","['lim', 'ous', 'ines']",0.1,3.55e-07,"[25, 10, 26, 3, 38, 11, 27, 38]"
commentary,"['K', 'AA', 'M', 'AH', 'N', 'T', 'EH', 'R', 'IY']","['com', 'ment', 'ary']","['comment', 'ary']",0.1,1.55e-05,"[24, 1, 26, 3, 27, 33, 7, 30]"
nationwide,"['N', 'EY', 'SH', 'AH', 'N', 'W', 'AY', 'D']","['na', 'tion', 'wide']","['nation', 'wide']",0.1,1.17e-05,"[27, 9, 32, 3, 27, 36, 6, 18]"
richardson,"['R', 'IH', 'CH', 'ER', 'D', 'S', 'AH', 'N']","['richard', 'son']","['rich', 'ard', 'son']",0.1,8.13e-06,"[30, 10, 17, 8, 18, 31, 3, 27]"
huntington,"['HH', 'AH', 'N', 'T', 'IH', 'NG', 'T', 'AH', 'N']","['hunt', 'ing', 'ton']","['hunting', 'ton']",0.1,3.31e-06,"[22, 3, 27, 33, 10, 28, 33, 3]"
researcher,"['R', 'IY', 'S', 'ER', 'CH', 'ER']","['re', 'search', 'er']","['research', 'er']",0.1,8.32e-06,"[30, 11, 31, 8, 17, 8, 0, 0]"
louisville,"['L', 'UW', 'IY', 'V', 'IH', 'L']","['louis', 'ville']","['lou', 'is', 'ville']",0.1,6.92e-06,"[25, 15, 11, 35, 10, 25, 0, 0]"
charitable,"['CH', 'AE', 'R', 'AH', 'T', 'AH', 'B', 'AH', 'L']","['char', 'it', 'able']","['char', 'itable']",0.1,8.13e-06,"[17, 2, 30, 3, 33, 3, 16, 3]"
subsection,"['S', 'AH', 'B', 'S', 'EH', 'K', 'SH', 'AH', 'N']","['sub', 'sec', 'tion']","['sub', 'section']",0.1,1.78e-06,"[31, 3, 16, 31, 7, 24, 32, 3]"
requesting,"['R', 'IH', 'K', 'W', 'EH', 'S', 'T', 'IH', 'NG']","['re', 'quest', 'ing']","['request', 'ing']",0.1,6.31e-06,"[30, 10, 24, 36, 7, 31, 33, 10]"
waterproof,"['W', 'AO', 'T', 'ER', 'P', 'R', 'UW', 'F']","['wa', 'ter', 'proof']","['water', 'proof']",0.1,3.55e-06,"[36, 4, 33, 8, 29, 30, 15, 20]"
collectors,"['K', 'AH', 'L', 'EH', 'K', 'T', 'ER', 'Z']","['col', 'lect', 'ors']","['collect', 'ors']",0.1,6.31e-06,"[24, 3, 25, 7, 24, 33, 8, 38]"
advertiser,"['AE', 'D', 'V', 'ER', 'T', 'AY', 'Z', 'ER']","['ad', 'vert', 'iser']","['advert', 'iser']",0.1,2.4e-06,"[2, 18, 35, 8, 33, 6, 38, 8]"
respondent,"['R', 'IH', 'S', 'P', 'AA', 'N', 'D', 'AH', 'N', 'T']","['re', 'spond', 'ent']","['respond', 'ent']",0.1,1.23e-06,"[30, 10, 31, 29, 1, 27, 18, 3]"
nationally,"['N', 'AE', 'SH', 'AH', 'N', 'AH', 'L', 'IY']","['na', 'tion', 'ally']","['nation', 'ally']",0.1,6.92e-06,"[27, 2, 32, 3, 27, 3, 25, 11]"
adolescent,"['AE', 'D', 'AH', 'L', 'EH', 'S', 'AH', 'N', 'T']","['ad', 'oles', 'cent']","['adoles', 'cent']",0.1,3.8e-06,"[2, 18, 3, 25, 7, 31, 3, 27]"
soundtrack,"['S', 'AW', 'N', 'D', 'T', 'R', 'AE', 'K']",['soundtrack'],"['sound', 'track']",0.1,8.51e-06,"[31, 5, 27, 18, 33, 30, 2, 24]"
referenced,"['R', 'EH', 'F', 'ER', 'AH', 'N', 'S', 'T']","['ref', 'er', 'enced']","['refer', 'enced']",0.1,4.68e-06,"[30, 7, 20, 8, 3, 27, 31, 33]"
encourages,"['EH', 'N', 'K', 'ER', 'IH', 'JH', 'IH', 'Z']","['en', 'cour', 'ages']","['encour', 'ages']",0.1,6.92e-06,"[7, 27, 24, 8, 10, 23, 10, 38]"
continuity,"['K', 'AA', 'N', 'T', 'AH', 'N', 'UW', 'AH', 'T', 'IY']","['con', 'tinu', 'ity']","['continu', 'ity']",0.1,5.89e-06,"[24, 1, 27, 33, 3, 27, 15, 3]"
disclosure,"['D', 'IH', 'S', 'K', 'L', 'OW', 'ZH', 'ER']","['dis', 'clos', 'ure']","['dis', 'closure']",0.1,1e-05,"[18, 10, 31, 24, 25, 12, 39, 8]"
motorcycle,"['M', 'OW', 'T', 'ER', 'S', 'AY', 'K', 'AH', 'L']","['mo', 'tor', 'cycle']","['motor', 'cycle']",0.1,1.17e-05,"[26, 12, 33, 8, 31, 6, 24, 3]"
counseling,"['K', 'AW', 'N', 'S', 'AH', 'L', 'IH', 'NG']","['coun', 'sel', 'ing']","['counsel', 'ing']",0.1,7.76e-06,"[24, 5, 27, 31, 3, 25, 10, 28]"
occurrence,"['AH', 'K', 'ER', 'AH', 'N', 'S']","['oc', 'cur', 'rence']","['occur', 'rence']",0.1,5.89e-06,"[3, 24, 8, 3, 27, 31, 0, 0]"
contacting,"['K', 'AA', 'N', 'T', 'AE', 'K', 'T', 'IH', 'NG']","['con', 'tact', 'ing']","['contact', 'ing']",0.1,3.8e-06,"[24, 1, 27, 33, 2, 24, 33, 10]"
celebrity,"['S', 'AH', 'L', 'EH', 'B', 'R', 'IH', 'T', 'IY']",['celebrity'],"['celebr', 'ity']",0.1111111111111111,1.95e-05,"[31, 3, 25, 7, 16, 30, 10, 33]"
hardcover,"['HH', 'AA', 'R', 'D', 'K', 'AH', 'V', 'ER']","['hard', 'cov', 'er']","['hard', 'cover']",0.1111111111111111,2.09e-06,"[22, 1, 30, 18, 24, 3, 35, 8]"
unlimited,"['AH', 'N', 'L', 'IH', 'M', 'AH', 'T', 'AH', 'D']","['un', 'lim', 'ited']","['un', 'limited']",0.1111111111111111,1.26e-05,"[3, 27, 25, 10, 26, 3, 33, 3]"
resistant,"['R', 'IH', 'Z', 'IH', 'S', 'T', 'AH', 'N', 'T']","['res', 'ist', 'ant']","['res', 'istant']",0.1111111111111111,9.77e-06,"[30, 10, 38, 10, 31, 33, 3, 27]"
manhattan,"['M', 'AE', 'N', 'HH', 'AE', 'T', 'AH', 'N']","['man', 'hat', 'tan']","['man', 'hattan']",0.1111111111111111,1.45e-05,"[26, 2, 27, 22, 2, 33, 3, 27]"
traveller,"['T', 'R', 'AE', 'V', 'AH', 'L', 'ER']","['trav', 'el', 'ler']","['trav', 'eller']",0.1111111111111111,3.09e-06,"[33, 30, 2, 35, 3, 25, 8, 0]"
brochures,"['B', 'R', 'OW', 'SH', 'UH', 'R', 'Z']","['bro', 'chures']","['bro', 'ch', 'ures']",0.1111111111111111,1.2e-06,"[16, 30, 12, 32, 14, 30, 38, 0]"
personals,"['P', 'ER', 'S', 'IH', 'N', 'IH', 'L', 'Z']","['per', 'son', 'als']","['person', 'als']",0.1111111111111111,3.63e-07,"[29, 8, 31, 10, 27, 10, 25, 38]"
peninsula,"['P', 'AH', 'N', 'IH', 'N', 'S', 'AH', 'L', 'AH']","['pen', 'in', 'sula']","['pen', 'insula']",0.1111111111111111,1.07e-05,"[29, 3, 27, 10, 27, 31, 3, 25]"
offerings,"['AO', 'F', 'ER', 'IH', 'NG', 'Z']","['of', 'fer', 'ings']","['offer', 'ings']",0.1111111111111111,6.61e-06,"[4, 20, 8, 10, 28, 38, 0, 0]"
travelers,"['T', 'R', 'AE', 'V', 'AH', 'L', 'ER', 'Z']","['trav', 'el', 'ers']","['travel', 'ers']",0.1111111111111111,6.92e-06,"[33, 30, 2, 35, 3, 25, 8, 38]"
webmaster,"['W', 'EH', 'B', 'M', 'AE', 'S', 'T', 'ER']","['web', 'mas', 'ter']","['web', 'master']",0.1111111111111111,2.45e-07,"[36, 7, 16, 26, 2, 31, 33, 8]"
americans,"['AH', 'M', 'EH', 'R', 'AH', 'K', 'AH', 'N', 'Z']","['amer', 'ic', 'ans']","['amer', 'icans']",0.1111111111111111,6.76e-05,"[3, 26, 7, 30, 3, 24, 3, 27]"
statutory,"['S', 'T', 'AE', 'CH', 'AH', 'T', 'AO', 'R', 'IY']","['stat', 'utory']","['stat', 'ut', 'ory']",0.1111111111111111,5.75e-06,"[31, 33, 2, 17, 3, 33, 4, 30]"
arlington,"['AA', 'R', 'L', 'IH', 'NG', 'T', 'AH', 'N']","['ar', 'ling', 'ton']","['ar', 'lington']",0.1111111111111111,5.37e-06,"[1, 30, 25, 10, 28, 33, 3, 27]"
commodity,"['K', 'AH', 'M', 'AA', 'D', 'AH', 'T', 'IY']","['com', 'mod', 'ity']","['commod', 'ity']",0.1111111111111111,7.24e-06,"[24, 3, 26, 1, 18, 3, 33, 11]"
parenting,"['P', 'EH', 'R', 'AH', 'N', 'T', 'IH', 'NG']","['par', 'ent', 'ing']","['parent', 'ing']",0.1111111111111111,7.41e-06,"[29, 7, 30, 3, 27, 33, 10, 28]"
guatemala,"['G', 'W', 'AA', 'T', 'AH', 'M', 'AA', 'L', 'AH']","['guatem', 'ala']","['gu', 'atem', 'ala']",0.1111111111111111,4.17e-06,"[21, 36, 1, 33, 3, 26, 1, 25]"
polyester,"['P', 'AA', 'L', 'IY', 'EH', 'S', 'T', 'ER']","['poly', 'es', 'ter']","['poly', 'ester']",0.1111111111111111,1.29e-06,"[29, 1, 25, 11, 7, 31, 33, 8]"
sociology,"['S', 'OW', 'S', 'IY', 'AA', 'L', 'AH', 'JH', 'IY']","['so', 'ci', 'ology']","['soci', 'ology']",0.1111111111111111,6.03e-06,"[31, 12, 31, 11, 1, 25, 3, 23]"
southwest,"['S', 'AW', 'TH', 'W', 'EH', 'S', 'T']","['south', 'w', 'est']","['south', 'west']",0.1111111111111111,1.26e-05,"[31, 5, 34, 36, 7, 31, 33, 0]"
milwaukee,"['M', 'IH', 'L', 'W', 'AO', 'K', 'IY']","['mil', 'wau', 'kee']","['mil', 'w', 'au', 'kee']",0.1111111111111111,1.02e-05,"[26, 10, 25, 36, 4, 24, 11, 0]"
frederick,"['F', 'R', 'EH', 'D', 'R', 'IH', 'K']","['fre', 'd', 'er', 'ick']","['fre', 'der', 'ick']",0.1111111111111111,8.91e-06,"[20, 30, 7, 18, 30, 10, 24, 0]"
retailers,"['R', 'IY', 'T', 'EY', 'L', 'ER', 'Z']","['re', 'tail', 'ers']","['retail', 'ers']",0.1111111111111111,8.32e-06,"[30, 11, 33, 9, 25, 8, 38, 0]"
panasonic,"['P', 'AE', 'N', 'AH', 'S', 'AA', 'N', 'IH', 'K']","['panason', 'ic']","['pan', 'ason', 'ic']",0.1111111111111111,1.51e-06,"[29, 2, 27, 3, 31, 1, 27, 10]"
assessing,"['AH', 'S', 'EH', 'S', 'IH', 'NG']","['as', 'sess', 'ing']","['assess', 'ing']",0.1111111111111111,5.5e-06,"[3, 31, 7, 31, 10, 28, 0, 0]"
shortcuts,"['SH', 'AO', 'R', 'T', 'K', 'AH', 'T', 'S']","['short', 'cuts']","['short', 'c', 'uts']",0.1111111111111111,1.45e-06,"[32, 4, 30, 33, 24, 3, 33, 31]"
graphical,"['G', 'R', 'AE', 'F', 'IH', 'K', 'AH', 'L']","['graph', 'ic', 'al']","['graph', 'ical']",0.1111111111111111,2.88e-06,"[21, 30, 2, 20, 10, 24, 3, 25]"
organisms,"['AO', 'R', 'G', 'AH', 'N', 'IH', 'Z', 'AH', 'M', 'Z']","['or', 'gan', 'isms']","['organ', 'isms']",0.1111111111111111,6.31e-06,"[4, 30, 21, 3, 27, 10, 38, 3]"
ordinance,"['AO', 'R', 'D', 'AH', 'N', 'AH', 'N', 'S']","['or', 'din', 'ance']","['ordin', 'ance']",0.1111111111111111,3.98e-06,"[4, 30, 18, 3, 27, 3, 27, 31]"
lafayette,"['L', 'AA', 'F', 'IY', 'EH', 'T']","['la', 'fay', 'ette']","['la', 'f', 'ay', 'ette']",0.1111111111111111,3.31e-06,"[25, 1, 20, 11, 7, 33, 0, 0]"
orchestra,"['AO', 'R', 'K', 'AH', 'S', 'T', 'R', 'AH']","['or', 'ches', 'tra']","['or', 'chestra']",0.1111111111111111,1.02e-05,"[4, 30, 24, 3, 31, 33, 30, 3]"
competent,"['K', 'AA', 'M', 'P', 'AH', 'T', 'IH', 'N', 'T']","['com', 'pet', 'ent']","['compet', 'ent']",0.1111111111111111,8.32e-06,"[24, 1, 26, 29, 3, 33, 10, 27]"
yorkshire,"['Y', 'AO', 'R', 'K', 'SH', 'ER']","['york', 'shire']","['y', 'ork', 'shire']",0.1111111111111111,1.1e-05,"[37, 4, 30, 24, 32, 8, 0, 0]"
allowance,"['AH', 'L', 'AW', 'AH', 'N', 'S']","['al', 'low', 'ance']","['allow', 'ance']",0.1111111111111111,7.08e-06,"[3, 25, 5, 3, 27, 31, 0, 0]"
enclosure,"['EH', 'N', 'K', 'L', 'OW', 'ZH', 'ER']","['en', 'clos', 'ure']","['en', 'closure']",0.1111111111111111,4.07e-06,"[7, 27, 24, 25, 12, 39, 8, 0]"
arthritis,"['AA', 'R', 'TH', 'R', 'AY', 'T', 'AH', 'S']","['arth', 'rit', 'is']","['ar', 'th', 'rit', 'is']",0.1111111111111111,4.07e-06,"[1, 30, 34, 30, 6, 33, 3, 31]"
monitored,"['M', 'AA', 'N', 'AH', 'T', 'ER', 'D']","['mon', 'itored']","['mon', 'it', 'ored']",0.1111111111111111,5.62e-06,"[26, 1, 27, 3, 33, 8, 18, 0]"
selective,"['S', 'AH', 'L', 'EH', 'K', 'T', 'IH', 'V']","['se', 'lect', 'ive']","['select', 'ive']",0.1111111111111111,7.59e-06,"[31, 3, 25, 7, 24, 33, 10, 35]"
forbidden,"['F', 'AO', 'R', 'B', 'IH', 'D', 'AH', 'N']","['for', 'bid', 'den']","['for', 'bidden']",0.1111111111111111,9.12e-06,"[20, 4, 30, 16, 10, 18, 3, 27]"
wallpaper,"['W', 'AO', 'L', 'P', 'EY', 'P', 'ER']","['wall', 'pa', 'per']","['wall', 'paper']",0.1111111111111111,4.9e-06,"[36, 4, 25, 29, 9, 29, 8, 0]"
northwest,"['N', 'AO', 'R', 'TH', 'W', 'EH', 'S', 'T']","['north', 'w', 'est']","['north', 'west']",0.1111111111111111,1.38e-05,"[27, 4, 30, 34, 36, 7, 31, 33]"
caribbean,"['K', 'ER', 'IH', 'B', 'IY', 'AH', 'N']","['carib', 'bean']","['car', 'ib', 'bean']",0.1111111111111111,1.32e-05,"[24, 8, 10, 16, 11, 3, 27, 0]"
academics,"['AE', 'K', 'AH', 'D', 'EH', 'M', 'IH', 'K', 'S']","['aca', 'dem', 'ics']","['academ', 'ics']",0.1111111111111111,6.03e-06,"[2, 24, 3, 18, 7, 26, 10, 24]"
freelance,"['F', 'R', 'IY', 'L', 'AE', 'N', 'S']","['freel', 'ance']","['fre', 'el', 'ance']",0.1111111111111111,4.79e-06,"[20, 30, 11, 25, 2, 27, 31, 0]"
butterfly,"['B', 'AH', 'T', 'ER', 'F', 'L', 'AY']","['but', 'ter', 'fly']","['butter', 'fly']",0.1111111111111111,8.51e-06,"[16, 3, 33, 8, 20, 25, 6, 0]"
incentive,"['IH', 'N', 'S', 'EH', 'N', 'T', 'IH', 'V']","['in', 'cent', 'ive']","['incent', 'ive']",0.1111111111111111,9.33e-06,"[10, 27, 31, 7, 27, 33, 10, 35]"
relevance,"['R', 'EH', 'L', 'AH', 'V', 'AH', 'N', 'S']","['rel', 'ev', 'ance']","['relev', 'ance']",0.1111111111111111,5.62e-06,"[30, 7, 25, 3, 35, 3, 27, 31]"
preceding,"['P', 'R', 'IY', 'S', 'IY', 'D', 'IH', 'NG']","['pre', 'ced', 'ing']","['preced', 'ing']",0.1111111111111111,5.5e-06,"[29, 30, 11, 31, 11, 18, 10, 28]"
organizer,"['AO', 'R', 'G', 'AH', 'N', 'AY', 'Z', 'ER']","['or', 'gan', 'izer']","['organ', 'izer']",0.1111111111111111,3.72e-06,"[4, 30, 21, 3, 27, 6, 38, 8]"
recorders,"['R', 'IH', 'K', 'AO', 'R', 'D', 'ER', 'Z']","['re', 'cord', 'ers']","['record', 'ers']",0.1111111111111111,1.55e-06,"[30, 10, 24, 4, 30, 18, 8, 38]"
underwear,"['AH', 'N', 'D', 'ER', 'W', 'EH', 'R']","['un', 'der', 'wear']","['under', 'wear']",0.1111111111111111,9.12e-06,"[3, 27, 18, 8, 36, 7, 30, 0]"
edinburgh,"['EH', 'D', 'AH', 'N', 'B', 'ER', 'OW']","['ed', 'in', 'burgh']","['ed', 'inburgh']",0.1111111111111111,1.91e-05,"[7, 18, 3, 27, 16, 8, 12, 0]"
sexuality,"['S', 'EH', 'K', 'SH', 'UW', 'AE', 'L', 'AH', 'T', 'IY']","['sexu', 'al', 'ity']","['sexual', 'ity']",0.1111111111111111,9.33e-06,"[31, 7, 24, 32, 15, 2, 25, 3]"
customize,"['K', 'AH', 'S', 'T', 'AH', 'M', 'AY', 'Z']","['cus', 'tom', 'ize']","['custom', 'ize']",0.1111111111111111,1.86e-06,"[24, 3, 31, 33, 3, 26, 6, 38]"
inspector,"['IH', 'N', 'S', 'P', 'EH', 'K', 'T', 'ER']","['in', 'spect', 'or']","['inspect', 'or']",0.1111111111111111,1.78e-05,"[10, 27, 31, 29, 7, 24, 33, 8]"
terrorism,"['T', 'EH', 'R', 'ER', 'IH', 'Z', 'AH', 'M']","['ter', 'ror', 'ism']","['terror', 'ism']",0.1111111111111111,1.74e-05,"[33, 7, 30, 8, 10, 38, 3, 26]"
electoral,"['IH', 'L', 'EH', 'K', 'T', 'ER', 'AH', 'L']","['elect', 'or', 'al']","['elect', 'oral']",0.1111111111111111,1.32e-05,"[10, 25, 7, 24, 33, 8, 3, 25]"
fisheries,"['F', 'IH', 'SH', 'ER', 'IY', 'Z']","['fish', 'er', 'ies']","['fisher', 'ies']",0.1111111111111111,4.9e-06,"[20, 10, 32, 8, 11, 38, 0, 0]"
utilities,"['Y', 'UW', 'T', 'IH', 'L', 'AH', 'T', 'IY', 'Z']","['util', 'it', 'ies']","['util', 'ities']",0.1111111111111111,7.76e-06,"[37, 15, 33, 10, 25, 3, 33, 11]"
charlotte,"['SH', 'AA', 'R', 'L', 'AH', 'T']","['char', 'lotte']","['char', 'l', 'otte']",0.1111111111111111,1.66e-05,"[32, 1, 30, 25, 3, 33, 0, 0]"
christina,"['K', 'R', 'IH', 'S', 'T', 'IY', 'N', 'AH']",['christina'],"['christ', 'ina']",0.1111111111111111,6.61e-06,"[24, 30, 10, 31, 33, 11, 27, 3]"
barcelona,"['B', 'AA', 'R', 'S', 'IH', 'L', 'OW', 'N', 'AH']","['bar', 'celona']","['bar', 'cel', 'ona']",0.1111111111111111,1.7e-05,"[16, 1, 30, 31, 10, 25, 12, 27]"
greetings,"['G', 'R', 'IY', 'T', 'IH', 'NG', 'Z']","['greet', 'ings']","['gre', 'et', 'ings']",0.1111111111111111,4.68e-06,"[21, 30, 11, 33, 10, 28, 38, 0]"
collector,"['K', 'AH', 'L', 'EH', 'K', 'T', 'ER']","['col', 'lect', 'or']","['col', 'lector']",0.1111111111111111,8.13e-06,"[24, 3, 25, 7, 24, 33, 8, 0]"
applicant,"['AE', 'P', 'L', 'IH', 'K', 'AH', 'N', 'T']","['ap', 'plic', 'ant']","['applic', 'ant']",0.1111111111111111,4.37e-06,"[2, 29, 25, 10, 24, 3, 27, 33]"
provinces,"['P', 'R', 'AA', 'V', 'AH', 'N', 'S', 'AH', 'Z']",['provinces'],"['provin', 'ces']",0.1111111111111111,1.07e-05,"[29, 30, 1, 35, 3, 27, 31, 3]"
activists,"['AE', 'K', 'T', 'AH', 'V', 'AH', 'S', 'T', 'S']","['act', 'iv', 'ists']","['activ', 'ists']",0.1111111111111111,1.35e-05,"[2, 24, 33, 3, 35, 3, 31, 33]"
directive,"['D', 'ER', 'EH', 'K', 'T', 'IH', 'V']","['dir', 'ect', 'ive']","['direct', 'ive']",0.1111111111111111,5.13e-06,"[18, 8, 7, 24, 33, 10, 35, 0]"
dominican,"['D', 'AH', 'M', 'IH', 'N', 'AH', 'K', 'AH', 'N']","['domin', 'ic', 'an']","['domin', 'ican']",0.1111111111111111,4.47e-06,"[18, 3, 26, 10, 27, 3, 24, 3]"
filtering,"['F', 'IH', 'L', 'T', 'ER', 'IH', 'NG']","['fil', 'ter', 'ing']","['filter', 'ing']",0.1111111111111111,3.63e-06,"[20, 10, 25, 33, 8, 10, 28, 0]"
testament,"['T', 'EH', 'S', 'T', 'AH', 'M', 'AH', 'N', 'T']","['test', 'a', 'ment']","['test', 'ament']",0.1111111111111111,1.17e-05,"[33, 7, 31, 33, 3, 26, 3, 27]"
penalties,"['P', 'EH', 'N', 'AH', 'L', 'T', 'IY', 'Z']","['pen', 'al', 'ties']","['pen', 'alties']",0.1111111111111111,1.2e-05,"[29, 7, 27, 3, 25, 33, 11, 38]"
accessory,"['AE', 'K', 'S', 'EH', 'S', 'ER', 'IY']","['ac', 'cess', 'ory']","['access', 'ory']",0.1111111111111111,4.27e-06,"[2, 24, 31, 7, 31, 8, 11, 0]"
athletics,"['AE', 'TH', 'L', 'EH', 'T', 'IH', 'K', 'S']","['ath', 'let', 'ics']","['athlet', 'ics']",0.1111111111111111,6.61e-06,"[2, 34, 25, 7, 33, 10, 24, 31]"
projector,"['P', 'R', 'AH', 'JH', 'EH', 'K', 'T', 'ER']","['pro', 'ject', 'or']","['project', 'or']",0.1111111111111111,2.57e-06,"[29, 30, 3, 23, 7, 24, 33, 8]"
amenities,"['AH', 'M', 'EH', 'N', 'AH', 'T', 'IY', 'Z']","['amen', 'it', 'ies']","['amen', 'ities']",0.1111111111111111,3.39e-06,"[3, 26, 7, 27, 3, 33, 11, 38]"
presently,"['P', 'R', 'EH', 'Z', 'AH', 'N', 'T', 'L', 'IY']",['presently'],"['present', 'ly']",0.1111111111111111,5.25e-06,"[29, 30, 7, 38, 3, 27, 33, 25]"
statewide,"['S', 'T', 'EY', 'T', 'W', 'AY', 'D']",['statewide'],"['state', 'wide']",0.1111111111111111,4.27e-06,"[31, 33, 9, 33, 36, 6, 18, 0]"
christine,"['K', 'R', 'IH', 'S', 'T', 'IY', 'N']",['christine'],"['christ', 'ine']",0.1111111111111111,8.13e-06,"[24, 30, 10, 31, 33, 11, 27, 0]"
reviewing,"['R', 'IY', 'V', 'Y', 'UW', 'IH', 'NG']","['re', 'view', 'ing']","['review', 'ing']",0.1111111111111111,8.32e-06,"[30, 11, 35, 37, 15, 10, 28, 0]"
treasurer,"['T', 'R', 'EH', 'ZH', 'ER', 'ER']","['treas', 'urer']","['tre', 'as', 'urer']",0.1111111111111111,8.51e-06,"[33, 30, 7, 39, 8, 8, 0, 0]"
mortgages,"['M', 'AO', 'R', 'G', 'AH', 'JH', 'AH', 'Z']","['mort', 'gages']","['mort', 'g', 'ages']",0.1111111111111111,4.9e-06,"[26, 4, 30, 21, 3, 23, 3, 38]"
renewable,"['R', 'IY', 'N', 'UW', 'AH', 'B', 'AH', 'L']","['re', 'new', 'able']","['renew', 'able']",0.1111111111111111,8.13e-06,"[30, 11, 27, 15, 3, 16, 3, 25]"
chevrolet,"['SH', 'EH', 'V', 'R', 'AH', 'L', 'EY']","['chev', 'ro', 'let']","['che', 'v', 'ro', 'let']",0.1111111111111111,4.17e-06,"[32, 7, 35, 30, 3, 25, 9, 0]"
quarterly,"['K', 'W', 'AO', 'R', 'T', 'ER', 'L', 'IY']",['quarterly'],"['quarter', 'ly']",0.1111111111111111,9.77e-06,"[24, 36, 4, 30, 33, 8, 25, 11]"
beverages,"['B', 'EH', 'V', 'R', 'IH', 'JH', 'IH', 'Z']","['bever', 'ages']","['be', 'ver', 'ages']",0.1111111111111111,3.98e-06,"[16, 7, 35, 30, 10, 23, 10, 38]"
paperback,"['P', 'EY', 'P', 'ER', 'B', 'AE', 'K']","['pa', 'per', 'back']","['paper', 'back']",0.1111111111111111,4.17e-06,"[29, 9, 29, 8, 16, 2, 24, 0]"
wisconsin,"['W', 'IH', 'S', 'K', 'AA', 'N', 'S', 'AH', 'N']","['wis', 'con', 'sin']","['wis', 'consin']",0.1111111111111111,2.29e-05,"[36, 10, 31, 24, 1, 27, 31, 3]"
minnesota,"['M', 'IH', 'N', 'IH', 'S', 'OW', 'T', 'AH']","['min', 'nesota']","['min', 'nes', 'ota']",0.1111111111111111,2.04e-05,"[26, 10, 27, 10, 31, 12, 33, 3]"
economies,"['IH', 'K', 'AA', 'N', 'AH', 'M', 'IY', 'Z']","['eco', 'nom', 'ies']","['econom', 'ies']",0.1111111111111111,7.76e-06,"[10, 24, 1, 27, 3, 26, 11, 38]"
communist,"['K', 'AA', 'M', 'Y', 'AH', 'N', 'AH', 'S', 'T']","['com', 'mun', 'ist']","['commun', 'ist']",0.1111111111111111,2.09e-05,"[24, 1, 26, 37, 3, 27, 3, 31]"
retrieval,"['R', 'IH', 'T', 'R', 'IY', 'V', 'AH', 'L']","['re', 'triev', 'al']","['retriev', 'al']",0.1111111111111111,2.14e-06,"[30, 10, 33, 30, 11, 35, 3, 25]"
regulated,"['R', 'EH', 'G', 'Y', 'AH', 'L', 'EY', 'T', 'AH', 'D']","['reg', 'u', 'lated']","['reg', 'ulated']",0.1111111111111111,9.55e-06,"[30, 7, 21, 37, 3, 25, 9, 33]"
rochester,"['R', 'AA', 'CH', 'EH', 'S', 'T', 'ER']",['rochester'],"['ro', 'chester']",0.1111111111111111,6.46e-06,"[30, 1, 17, 7, 31, 33, 8, 0]"
liverpool,"['L', 'IH', 'V', 'ER', 'P', 'UW', 'L']","['liv', 'er', 'pool']","['liver', 'pool']",0.1111111111111111,2.69e-05,"[25, 10, 35, 8, 29, 15, 25, 0]"
summaries,"['S', 'AH', 'M', 'ER', 'IY', 'Z']","['sum', 'mar', 'ies']","['summar', 'ies']",0.1111111111111111,2.04e-06,"[31, 3, 26, 8, 11, 38, 0, 0]"
vegetable,"['V', 'EH', 'JH', 'T', 'AH', 'B', 'AH', 'L']","['ve', 'get', 'able']","['veget', 'able']",0.1111111111111111,8.71e-06,"[35, 7, 23, 33, 3, 16, 3, 25]"
terminals,"['T', 'ER', 'M', 'AH', 'N', 'AH', 'L', 'Z']","['ter', 'min', 'als']","['termin', 'als']",0.1111111111111111,4.07e-06,"[33, 8, 26, 3, 27, 3, 25, 38]"
advertise,"['AE', 'D', 'V', 'ER', 'T', 'AY', 'Z']","['ad', 'vert', 'ise']","['advert', 'ise']",0.1111111111111111,4.57e-06,"[2, 18, 35, 8, 33, 6, 38, 0]"
accessing,"['AE', 'K', 'S', 'EH', 'S', 'IH', 'NG']","['ac', 'cess', 'ing']","['access', 'ing']",0.1111111111111111,3.02e-06,"[2, 24, 31, 7, 31, 10, 28, 0]"
worcester,"['W', 'UH', 'S', 'T', 'ER']",['worcester'],"['wor', 'cester']",0.1111111111111111,3.89e-06,"[36, 14, 31, 33, 8, 0, 0, 0]"
wednesday,"['W', 'EH', 'N', 'Z', 'D', 'IY']","['wed', 'nes', 'day']","['wed', 'nesday']",0.1111111111111111,3.89e-05,"[36, 7, 27, 38, 18, 11, 0, 0]"
routines,"['R', 'UW', 'T', 'IY', 'N', 'Z']",['routines'],"['rout', 'ines']",0.125,3.16e-06,"[30, 15, 33, 11, 27, 38, 0, 0]"
searches,"['S', 'ER', 'CH', 'IH', 'Z']",['searches'],"['sear', 'ches']",0.125,7.24e-06,"[31, 8, 17, 10, 38, 0, 0, 0]"
saturday,"['S', 'AE', 'T', 'ER', 'D', 'IY']","['sat', 'urday']","['sat', 'ur', 'day']",0.125,7.41e-05,"[31, 2, 33, 8, 18, 11, 0, 0]"
thursday,"['TH', 'ER', 'Z', 'D', 'EY']",['thursday'],"['th', 'ursday']",0.125,4.17e-05,"[34, 8, 38, 18, 9, 0, 0, 0]"
february,"['F', 'EH', 'B', 'Y', 'AH', 'W', 'EH', 'R', 'IY']","['feb', 'ru', 'ary']","['febru', 'ary']",0.125,0.000107,"[20, 7, 16, 37, 3, 36, 7, 30]"
brooklyn,"['B', 'R', 'UH', 'K', 'L', 'AH', 'N']","['brook', 'lyn']","['bro', 'ok', 'lyn']",0.125,1.78e-05,"[16, 30, 14, 24, 25, 3, 27, 0]"
councils,"['K', 'AW', 'N', 'S', 'AH', 'L', 'Z']","['coun', 'cils']","['coun', 'c', 'ils']",0.125,8.71e-06,"[24, 5, 27, 31, 3, 25, 38, 0]"
adelaide,"['AE', 'D', 'AH', 'L', 'EY', 'D']","['ad', 'elaide']","['ad', 'ela', 'ide']",0.125,9.77e-06,"[2, 18, 3, 25, 9, 18, 0, 0]"
emirates,"['EH', 'M', 'ER', 'AH', 'T', 'S']","['emir', 'ates']","['em', 'ir', 'ates']",0.125,5.37e-06,"[7, 26, 8, 3, 33, 31, 0, 0]"
peterson,"['P', 'IY', 'T', 'ER', 'S', 'AH', 'N']",['peterson'],"['pet', 'erson']",0.125,7.08e-06,"[29, 11, 33, 8, 31, 3, 27, 0]"
ericsson,"['EH', 'R', 'IH', 'K', 'S', 'AH', 'N']","['eric', 'sson']","['er', 'ic', 'sson']",0.125,1.05e-06,"[7, 30, 10, 24, 31, 3, 27, 0]"
forestry,"['F', 'AO', 'R', 'AH', 'S', 'T', 'R', 'IY']",['forestry'],"['forest', 'ry']",0.125,4.9e-06,"[20, 4, 30, 3, 31, 33, 30, 11]"
bradford,"['B', 'R', 'AE', 'D', 'F', 'ER', 'D']","['brad', 'ford']","['br', 'ad', 'ford']",0.125,5.62e-06,"[16, 30, 2, 18, 20, 8, 18, 0]"
reynolds,"['R', 'EH', 'N', 'AH', 'L', 'D', 'Z']","['reyn', 'olds']","['re', 'yn', 'olds']",0.125,9.77e-06,"[30, 7, 27, 3, 25, 18, 38, 0]"
drilling,"['D', 'R', 'IH', 'L', 'IH', 'NG']",['drilling'],"['dr', 'illing']",0.125,8.51e-06,"[18, 30, 10, 25, 10, 28, 0, 0]"
european,"['Y', 'UH', 'R', 'AH', 'P', 'IY', 'AH', 'N']",['european'],"['europe', 'an']",0.125,0.00012,"[37, 14, 30, 3, 29, 11, 3, 27]"
archives,"['AA', 'R', 'K', 'AY', 'V', 'Z']",['archives'],"['arch', 'ives']",0.125,1.26e-05,"[1, 30, 24, 6, 35, 38, 0, 0]"
cylinder,"['S', 'IH', 'L', 'AH', 'N', 'D', 'ER']","['cyl', 'in', 'der']","['cyl', 'inder']",0.125,9.77e-06,"[31, 10, 25, 3, 27, 18, 8, 0]"
exhibits,"['IH', 'G', 'Z', 'IH', 'B', 'AH', 'T', 'S']","['ex', 'hib', 'its']","['exhib', 'its']",0.125,6.61e-06,"[10, 21, 38, 10, 16, 3, 33, 31]"
sapphire,"['S', 'AE', 'F', 'AY', 'ER']","['sap', 'phire']","['sap', 'ph', 'ire']",0.125,2.75e-06,"[31, 2, 20, 6, 8, 0, 0, 0]"
botswana,"['B', 'AA', 'T', 'S', 'W', 'AA', 'N', 'AH']","['bot', 'swana']","['bot', 'sw', 'ana']",0.125,1.74e-06,"[16, 1, 33, 31, 36, 1, 27, 3]"
tribunal,"['T', 'R', 'AH', 'B', 'Y', 'UW', 'N', 'AH', 'L']",['tribunal'],"['trib', 'unal']",0.125,7.59e-06,"[33, 30, 3, 16, 37, 15, 27, 3]"
examines,"['IH', 'G', 'Z', 'AE', 'M', 'AH', 'N', 'Z']","['ex', 'am', 'ines']","['exam', 'ines']",0.125,3.89e-06,"[10, 21, 38, 2, 26, 3, 27, 38]"
manitoba,"['M', 'AE', 'N', 'IH', 'T', 'OW', 'B', 'AH']","['man', 'itoba']","['man', 'it', 'oba']",0.125,2.69e-06,"[26, 2, 27, 10, 33, 12, 16, 3]"
monetary,"['M', 'AA', 'N', 'AH', 'T', 'EH', 'R', 'IY']","['mon', 'et', 'ary']","['mon', 'etary']",0.125,1.26e-05,"[26, 1, 27, 3, 33, 7, 30, 11]"
plymouth,"['P', 'L', 'IH', 'M', 'AH', 'TH']","['ply', 'mouth']","['p', 'ly', 'mouth']",0.125,4.9e-06,"[29, 25, 10, 26, 3, 34, 0, 0]"
illinois,"['IH', 'L', 'AH', 'N', 'OY']",['illinois'],"['ill', 'inois']",0.125,2.75e-05,"[10, 25, 3, 27, 13, 0, 0, 0]"
olympics,"['OW', 'L', 'IH', 'M', 'P', 'IH', 'K', 'S']",['olympics'],"['olymp', 'ics']",0.125,2.82e-05,"[12, 25, 10, 26, 29, 10, 24, 31]"
maximize,"['M', 'AE', 'K', 'S', 'AH', 'M', 'AY', 'Z']","['max', 'im', 'ize']","['maxim', 'ize']",0.125,4.27e-06,"[26, 2, 24, 31, 3, 26, 6, 38]"
survivor,"['S', 'ER', 'V', 'AY', 'V', 'ER']","['sur', 'viv', 'or']","['surviv', 'or']",0.125,1e-05,"[31, 8, 35, 6, 35, 8, 0, 0]"
senators,"['S', 'EH', 'N', 'AH', 'T', 'ER', 'Z']","['sen', 'at', 'ors']","['sen', 'ators']",0.125,1.26e-05,"[31, 7, 27, 3, 33, 8, 38, 0]"
monitors,"['M', 'AA', 'N', 'AH', 'T', 'ER', 'Z']","['mon', 'it', 'ors']","['mon', 'itors']",0.125,6.61e-06,"[26, 1, 27, 3, 33, 8, 38, 0]"
reviewer,"['R', 'IY', 'V', 'Y', 'UW', 'ER']","['re', 'view', 'er']","['review', 'er']",0.125,2.95e-06,"[30, 11, 35, 37, 15, 8, 0, 0]"
moreover,"['M', 'AO', 'R', 'OW', 'V', 'ER']",['moreover'],"['more', 'over']",0.125,1.45e-05,"[26, 4, 30, 12, 35, 8, 0, 0]"
disposal,"['D', 'IH', 'S', 'P', 'OW', 'Z', 'AH', 'L']","['dis', 'pos', 'al']","['dispos', 'al']",0.125,1e-05,"[18, 10, 31, 29, 12, 38, 3, 25]"
florists,"['F', 'L', 'AO', 'R', 'IH', 'S', 'T', 'S']","['flor', 'ists']","['fl', 'or', 'ists']",0.125,4.37e-07,"[20, 25, 4, 30, 10, 31, 33, 31]"
handbags,"['HH', 'AE', 'N', 'D', 'B', 'AE', 'G', 'Z']","['hand', 'bags']","['hand', 'b', 'ags']",0.125,1.51e-06,"[22, 2, 27, 18, 16, 2, 21, 38]"
incurred,"['IH', 'N', 'K', 'ER', 'D']","['in', 'curred']","['in', 'cur', 'red']",0.125,3.98e-06,"[10, 27, 24, 8, 18, 0, 0, 0]"
minerals,"['M', 'IH', 'N', 'ER', 'AH', 'L', 'Z']","['min', 'er', 'als']","['miner', 'als']",0.125,8.51e-06,"[26, 10, 27, 8, 3, 25, 38, 0]"
infrared,"['IH', 'N', 'F', 'R', 'ER', 'EH', 'D']","['in', 'frared']","['in', 'fr', 'ared']",0.125,5.13e-06,"[10, 27, 20, 30, 8, 7, 18, 0]"
cashiers,"['K', 'AE', 'SH', 'IH', 'R', 'Z']",['cashiers'],"['cash', 'iers']",0.125,5.62e-07,"[24, 2, 32, 10, 30, 38, 0, 0]"
lawrence,"['L', 'AO', 'R', 'AH', 'N', 'S']",['lawrence'],"['law', 'rence']",0.125,2.04e-05,"[25, 4, 30, 3, 27, 31, 0, 0]"
auckland,"['AA', 'K', 'L', 'AH', 'N', 'D']","['auck', 'land']","['a', 'uck', 'land']",0.125,5.01e-06,"[1, 24, 25, 3, 27, 18, 0, 0]"
adapters,"['AH', 'D', 'AE', 'P', 'T', 'ER', 'Z']","['ad', 'apters']","['ad', 'ap', 'ters']",0.125,7.24e-07,"[3, 18, 2, 29, 33, 8, 38, 0]"
catering,"['K', 'EY', 'T', 'ER', 'IH', 'NG']","['ca', 'ter', 'ing']","['cater', 'ing']",0.125,4.37e-06,"[24, 9, 33, 8, 10, 28, 0, 0]"
oriental,"['AO', 'R', 'IY', 'EH', 'N', 'T', 'AH', 'L']","['ori', 'ent', 'al']","['orient', 'al']",0.125,5.37e-06,"[4, 30, 11, 7, 27, 33, 3, 25]"
hydrogen,"['HH', 'AY', 'D', 'R', 'AH', 'JH', 'AH', 'N']","['hy', 'dro', 'gen']","['hydro', 'gen']",0.125,9.55e-06,"[22, 6, 18, 30, 3, 23, 3, 27]"
parental,"['P', 'ER', 'EH', 'N', 'T', 'AH', 'L']","['par', 'ent', 'al']","['parent', 'al']",0.125,6.03e-06,"[29, 8, 7, 27, 33, 3, 25, 0]"
colorado,"['K', 'AA', 'L', 'ER', 'AA', 'D', 'OW']","['col', 'or', 'ado']","['color', 'ado']",0.125,2.88e-05,"[24, 1, 25, 8, 1, 18, 12, 0]"
honolulu,"['HH', 'AA', 'N', 'AH', 'L', 'UW', 'L', 'UW']","['hon', 'olulu']","['hon', 'ol', 'ulu']",0.125,3.16e-06,"[22, 1, 27, 3, 25, 15, 25, 15]"
cemetery,"['S', 'EH', 'M', 'AH', 'T', 'EH', 'R', 'IY']",['cemetery'],"['c', 'emetery']",0.125,1.15e-05,"[31, 7, 26, 3, 33, 7, 30, 11]"
seasonal,"['S', 'IY', 'Z', 'AH', 'N', 'AH', 'L']","['sea', 'son', 'al']","['season', 'al']",0.125,9.55e-06,"[31, 11, 38, 3, 27, 3, 25, 0]"
cabinets,"['K', 'AE', 'B', 'AH', 'N', 'AH', 'T', 'S']","['cab', 'in', 'ets']","['cabin', 'ets']",0.125,2.88e-06,"[24, 2, 16, 3, 27, 3, 33, 31]"
hartford,"['HH', 'AA', 'R', 'T', 'F', 'ER', 'D']","['hart', 'ford']","['h', 'art', 'ford']",0.125,4.37e-06,"[22, 1, 30, 33, 20, 8, 18, 0]"
timeline,"['T', 'AY', 'M', 'L', 'AY', 'N']",['timeline'],"['tim', 'eline']",0.125,1.41e-05,"[33, 6, 26, 25, 6, 27, 0, 0]"
revenues,"['R', 'EH', 'V', 'AH', 'N', 'UW', 'Z']","['rev', 'en', 'ues']","['reven', 'ues']",0.125,1.15e-05,"[30, 7, 35, 3, 27, 15, 38, 0]"
seminars,"['S', 'EH', 'M', 'AH', 'N', 'AA', 'R', 'Z']","['sem', 'inars']","['sem', 'in', 'ars']",0.125,3.16e-06,"[31, 7, 26, 3, 27, 1, 30, 38]"
semester,"['S', 'AH', 'M', 'EH', 'S', 'T', 'ER']",['semester'],"['sem', 'ester']",0.125,1.07e-05,"[31, 3, 26, 7, 31, 33, 8, 0]"
spanking,"['S', 'P', 'AE', 'NG', 'K', 'IH', 'NG']","['spank', 'ing']","['sp', 'ank', 'ing']",0.125,1.91e-06,"[31, 29, 2, 28, 24, 10, 28, 0]"
cheapest,"['CH', 'IY', 'P', 'AH', 'S', 'T']",['cheapest'],"['cheap', 'est']",0.125,5.62e-06,"[17, 11, 29, 3, 31, 33, 0, 0]"
retailer,"['R', 'IY', 'T', 'EY', 'L', 'ER']","['re', 'tail', 'er']","['retail', 'er']",0.125,5.62e-06,"[30, 11, 33, 9, 25, 8, 0, 0]"
learners,"['L', 'ER', 'N', 'ER', 'Z']",['learners'],"['learn', 'ers']",0.125,3.02e-06,"[25, 8, 27, 8, 38, 0, 0, 0]"
taxation,"['T', 'AE', 'K', 'S', 'EY', 'SH', 'AH', 'N']","['tax', 'a', 'tion']","['tax', 'ation']",0.125,6.46e-06,"[33, 2, 24, 31, 9, 32, 3, 27]"
aluminum,"['AH', 'L', 'UW', 'M', 'AH', 'N', 'AH', 'M']","['alu', 'min', 'um']","['alumin', 'um']",0.125,1.02e-05,"[3, 25, 15, 26, 3, 27, 3, 26]"
nicholas,"['N', 'IH', 'K', 'AH', 'L', 'AH', 'S']","['nich', 'olas']","['n', 'ich', 'olas']",0.125,1.07e-05,"[27, 10, 24, 3, 25, 3, 31, 0]"
spelling,"['S', 'P', 'EH', 'L', 'IH', 'NG']",['spelling'],"['sp', 'elling']",0.125,1e-05,"[31, 29, 7, 25, 10, 28, 0, 0]"
istanbul,"['IH', 'S', 'T', 'AA', 'N', 'B', 'UW', 'L']","['istan', 'bul']","['ist', 'an', 'bul']",0.125,5.5e-06,"[10, 31, 33, 1, 27, 16, 15, 25]"
cosmetic,"['K', 'AA', 'Z', 'M', 'EH', 'T', 'IH', 'K']","['cos', 'met', 'ic']","['cos', 'metic']",0.125,5.13e-06,"[24, 1, 38, 26, 7, 33, 10, 24]"
carriers,"['K', 'AE', 'R', 'IY', 'ER', 'Z']","['car', 'ri', 'ers']","['car', 'riers']",0.125,1.05e-05,"[24, 2, 30, 11, 8, 38, 0, 0]"
canberra,"['K', 'AE', 'N', 'B', 'EH', 'R', 'AH']","['can', 'berra']","['can', 'ber', 'ra']",0.125,4.37e-06,"[24, 2, 27, 16, 7, 30, 3, 0]"
literacy,"['L', 'IH', 'T', 'ER', 'AH', 'S', 'IY']","['lit', 'er', 'acy']","['liter', 'acy']",0.125,7.94e-06,"[25, 10, 33, 8, 3, 31, 11, 0]"
bulletin,"['B', 'UH', 'L', 'IH', 'T', 'AH', 'N']","['bul', 'let', 'in']","['bullet', 'in']",0.125,6.17e-06,"[16, 14, 25, 10, 33, 3, 27, 0]"
switches,"['S', 'W', 'IH', 'CH', 'AH', 'Z']",['switches'],"['sw', 'itches']",0.125,6.92e-06,"[31, 36, 10, 17, 3, 38, 0, 0]"
adaptive,"['AH', 'D', 'AE', 'P', 'T', 'IH', 'V']","['ad', 'apt', 'ive']","['adapt', 'ive']",0.125,4.07e-06,"[3, 18, 2, 29, 33, 10, 35, 0]"
premiere,"['P', 'R', 'EH', 'M', 'IH', 'R']",['premiere'],"['premi', 'ere']",0.125,1.45e-05,"[29, 30, 7, 26, 10, 30, 0, 0]"
maryland,"['M', 'EH', 'R', 'AH', 'L', 'AH', 'N', 'D']","['mary', 'land']","['m', 'ary', 'land']",0.125,1.86e-05,"[26, 7, 30, 3, 25, 3, 27, 18]"
scotland,"['S', 'K', 'AA', 'T', 'L', 'AH', 'N', 'D']","['scot', 'land']","['sc', 'ot', 'land']",0.125,4.79e-05,"[31, 24, 1, 33, 25, 3, 27, 18]"
referral,"['R', 'IH', 'F', 'ER', 'AH', 'L']","['re', 'fer', 'ral']","['refer', 'ral']",0.125,3.98e-06,"[30, 10, 20, 8, 3, 25, 0, 0]"
deutsche,"['D', 'OY', 'CH']",['deutsche'],"['de', 'utsche']",0.125,4.57e-06,"[18, 13, 17, 0, 0, 0, 0, 0]"
bulgaria,"['B', 'AH', 'L', 'G', 'EH', 'R', 'IY', 'AH']","['bul', 'garia']","['bul', 'gar', 'ia']",0.125,7.94e-06,"[16, 3, 25, 21, 7, 30, 11, 3]"
browsers,"['B', 'R', 'AW', 'Z', 'ER', 'Z']",['browsers'],"['brows', 'ers']",0.125,1.55e-06,"[16, 30, 5, 38, 8, 38, 0, 0]"
guardian,"['G', 'AA', 'R', 'D', 'IY', 'AH', 'N']","['guard', 'i', 'an']","['guard', 'ian']",0.125,1.82e-05,"[21, 1, 30, 18, 11, 3, 27, 0]"
beginner,"['B', 'IH', 'G', 'IH', 'N', 'ER']","['be', 'gin', 'ner']","['begin', 'ner']",0.125,3.31e-06,"[16, 10, 21, 10, 27, 8, 0, 0]"
traveler,"['T', 'R', 'AE', 'V', 'AH', 'L', 'ER']","['trav', 'el', 'er']","['travel', 'er']",0.125,3.72e-06,"[33, 30, 2, 35, 3, 25, 8, 0]"
brighton,"['B', 'R', 'AY', 'T', 'AH', 'N']",['brighton'],"['bright', 'on']",0.125,7.08e-06,"[16, 30, 6, 33, 3, 27, 0, 0]"
maldives,"['M', 'AO', 'L', 'D', 'AY', 'V', 'Z']","['mal', 'dives']","['mal', 'div', 'es']",0.125,2.24e-06,"[26, 4, 25, 18, 6, 35, 38, 0]"
richards,"['R', 'IH', 'CH', 'ER', 'D', 'Z']",['richards'],"['rich', 'ards']",0.125,7.08e-06,"[30, 10, 17, 8, 18, 38, 0, 0]"
brochure,"['B', 'R', 'OW', 'SH', 'UH', 'R']","['bro', 'chure']","['bro', 'ch', 'ure']",0.125,2.34e-06,"[16, 30, 12, 32, 14, 30, 0, 0]"
informal,"['IH', 'N', 'F', 'AO', 'R', 'M', 'AH', 'L']","['in', 'form', 'al']","['inform', 'al']",0.125,7.41e-06,"[10, 27, 20, 4, 30, 26, 3, 25]"
receptor,"['R', 'IY', 'S', 'EH', 'P', 'T', 'ER']","['re', 'cept', 'or']","['re', 'ceptor']",0.125,6.17e-06,"[30, 11, 31, 7, 29, 33, 8, 0]"
premises,"['P', 'R', 'EH', 'M', 'AH', 'S', 'AH', 'Z']",['premises'],"['prem', 'ises']",0.125,1.05e-05,"[29, 30, 7, 26, 3, 31, 3, 38]"
benjamin,"['B', 'EH', 'N', 'JH', 'AH', 'M', 'AH', 'N']","['ben', 'jamin']","['ben', 'j', 'amin']",0.125,1.45e-05,"[16, 7, 27, 23, 3, 26, 3, 27]"
johnston,"['JH', 'AA', 'N', 'S', 'T', 'AH', 'N']","['john', 'ston']","['j', 'ohn', 'ston']",0.125,6.17e-06,"[23, 1, 27, 31, 33, 3, 27, 0]"
montreal,"['M', 'AH', 'N', 'T', 'R', 'IY', 'AO', 'L']",['montreal'],"['mont', 'real']",0.125,1.17e-05,"[26, 3, 27, 33, 30, 11, 4, 25]"
counties,"['K', 'AW', 'N', 'T', 'IY', 'Z']",['counties'],"['count', 'ies']",0.125,1.74e-05,"[24, 5, 27, 33, 11, 38, 0, 0]"
synopsis,"['S', 'IH', 'N', 'AA', 'P', 'S', 'IH', 'S']","['syn', 'op', 'sis']","['syn', 'opsis']",0.125,2.4e-06,"[31, 10, 27, 1, 29, 31, 10, 31]"
hispanic,"['HH', 'IH', 'S', 'P', 'AE', 'N', 'IH', 'K']","['his', 'pan', 'ic']","['his', 'panic']",0.125,9.33e-06,"[22, 10, 31, 29, 2, 27, 10, 24]"
mitchell,"['M', 'IH', 'CH', 'AH', 'L']",['mitchell'],"['mit', 'chell']",0.125,1.74e-05,"[26, 10, 17, 3, 25, 0, 0, 0]"
delaware,"['D', 'EH', 'L', 'AH', 'W', 'EH', 'R']",['delaware'],"['del', 'aware']",0.125,7.94e-06,"[18, 7, 25, 3, 36, 7, 30, 0]"
lingerie,"['L', 'AA', 'N', 'ZH', 'ER', 'EY']","['linger', 'ie']","['l', 'inger', 'ie']",0.125,3.39e-06,"[25, 1, 27, 39, 8, 9, 0, 0]"
oklahoma,"['OW', 'K', 'L', 'AH', 'HH', 'OW', 'M', 'AH']","['ok', 'lahoma']","['ok', 'l', 'ahoma']",0.125,1.86e-05,"[12, 24, 25, 3, 22, 12, 26, 3]"
optimize,"['AA', 'P', 'T', 'AH', 'M', 'AY', 'Z']","['op', 'tim', 'ize']","['optim', 'ize']",0.125,2.14e-06,"[1, 29, 33, 3, 26, 6, 38, 0]"
boutique,"['B', 'UW', 'T', 'IY', 'K']",['boutique'],"['bout', 'ique']",0.125,3.47e-06,"[16, 15, 33, 11, 24, 0, 0, 0]"
threaded,"['TH', 'R', 'EH', 'D', 'AH', 'D']",['threaded'],"['thread', 'ed']",0.125,1.7e-06,"[34, 30, 7, 18, 3, 18, 0, 0]"
launches,"['L', 'AO', 'N', 'CH', 'AH', 'Z']",['launches'],"['la', 'unches']",0.125,7.76e-06,"[25, 4, 27, 17, 3, 38, 0, 0]"
latitude,"['L', 'AE', 'T', 'AH', 'T', 'UW', 'D']","['lat', 'it', 'ude']","['lat', 'itude']",0.125,3.72e-06,"[25, 2, 33, 3, 33, 15, 18, 0]"
deposits,"['D', 'AH', 'P', 'AA', 'Z', 'IH', 'T', 'S']","['de', 'pos', 'its']","['depos', 'its']",0.125,1e-05,"[18, 3, 29, 1, 38, 10, 33, 31]"
advisory,"['AE', 'D', 'V', 'AY', 'Z', 'ER', 'IY']","['ad', 'vis', 'ory']","['advis', 'ory']",0.125,1.51e-05,"[2, 18, 35, 6, 38, 8, 11, 0]"
atlantic,"['AH', 'T', 'L', 'AE', 'N', 'T', 'IH', 'K']","['at', 'lantic']","['at', 'l', 'antic']",0.125,2.45e-05,"[3, 33, 25, 2, 27, 33, 10, 24]"
glossary,"['G', 'L', 'AO', 'S', 'ER', 'IY']","['gloss', 'ary']","['gl', 'oss', 'ary']",0.125,1.55e-06,"[21, 25, 4, 31, 8, 11, 0, 0]"
weighted,"['W', 'EY', 'T', 'IH', 'D']",['weighted'],"['weight', 'ed']",0.125,4.79e-06,"[36, 9, 33, 10, 18, 0, 0, 0]"
gasoline,"['G', 'AE', 'S', 'AH', 'L', 'IY', 'N']","['gas', 'ol', 'ine']","['gas', 'oline']",0.125,7.08e-06,"[21, 2, 31, 3, 25, 11, 27, 0]"
athletic,"['AE', 'TH', 'L', 'EH', 'T', 'IH', 'K']","['ath', 'let', 'ic']","['athlet', 'ic']",0.125,1.32e-05,"[2, 34, 25, 7, 33, 10, 24, 0]"
promptly,"['P', 'R', 'AA', 'M', 'P', 'T', 'L', 'IY']",['promptly'],"['prompt', 'ly']",0.125,6.92e-06,"[29, 30, 1, 26, 29, 33, 25, 11]"
coupons,"['K', 'UW', 'P', 'AO', 'N', 'Z']",['coupons'],"['cou', 'pons']",0.14285714285714285,4.37e-06,"[24, 15, 29, 4, 27, 38, 0, 0]"
uruguay,"['Y', 'ER', 'AH', 'G', 'W', 'EY']","['ur', 'uguay']","['ur', 'ugu', 'ay']",0.14285714285714285,5.01e-06,"[37, 8, 3, 21, 36, 9, 0, 0]"
sheriff,"['SH', 'EH', 'R', 'AH', 'F']","['sher', 'iff']","['sh', 'er', 'iff']",0.14285714285714285,1.45e-05,"[32, 7, 30, 3, 20, 0, 0, 0]"
acrobat,"['AE', 'K', 'R', 'AH', 'B', 'AE', 'T']","['ac', 'robat']","['ac', 'ro', 'bat']",0.14285714285714285,5.25e-07,"[2, 24, 30, 3, 16, 2, 33, 0]"
richard,"['R', 'IH', 'CH', 'ER', 'D']",['richard'],"['rich', 'ard']",0.14285714285714285,6.17e-05,"[30, 10, 17, 8, 18, 0, 0, 0]"
mileage,"['M', 'AY', 'L', 'AH', 'JH']",['mileage'],"['mile', 'age']",0.14285714285714285,4.37e-06,"[26, 6, 25, 3, 23, 0, 0, 0]"
gilbert,"['G', 'IH', 'L', 'B', 'ER', 'T']","['gil', 'bert']","['g', 'il', 'bert']",0.14285714285714285,7.94e-06,"[21, 10, 25, 16, 8, 33, 0, 0]"
excerpt,"['EH', 'K', 'S', 'ER', 'P', 'T']","['ex', 'cerpt']","['ex', 'cer', 'pt']",0.14285714285714285,3.24e-06,"[7, 24, 31, 8, 29, 33, 0, 0]"
alberta,"['AE', 'L', 'B', 'ER', 'T', 'AH']","['al', 'berta']","['al', 'ber', 'ta']",0.14285714285714285,7.24e-06,"[2, 25, 16, 8, 33, 3, 0, 0]"
sublime,"['S', 'AH', 'B', 'L', 'AY', 'M']","['sub', 'lime']","['sub', 'l', 'ime']",0.14285714285714285,3.02e-06,"[31, 3, 16, 25, 6, 26, 0, 0]"
simpson,"['S', 'IH', 'M', 'P', 'S', 'AH', 'N']",['simpson'],"['sim', 'pson']",0.14285714285714285,1.02e-05,"[31, 10, 26, 29, 31, 3, 27, 0]"
heights,"['HH', 'AY', 'T', 'S']",['heights'],"['he', 'ights']",0.14285714285714285,1.38e-05,"[22, 6, 33, 31, 0, 0, 0, 0]"
florida,"['F', 'L', 'AO', 'R', 'AH', 'D', 'AH']","['flor', 'ida']","['fl', 'or', 'ida']",0.14285714285714285,5.75e-05,"[20, 25, 4, 30, 3, 18, 3, 0]"
chinese,"['CH', 'AY', 'N', 'IY', 'Z']",['chinese'],"['ch', 'inese']",0.14285714285714285,0.000102,"[17, 6, 27, 11, 38, 0, 0, 0]"
senator,"['S', 'EH', 'N', 'AH', 'T', 'ER']","['sen', 'at', 'or']","['sen', 'ator']",0.14285714285714285,3.8e-05,"[31, 7, 27, 3, 33, 8, 0, 0]"
lodging,"['L', 'AA', 'JH', 'IH', 'NG']",['lodging'],"['lod', 'ging']",0.14285714285714285,2.75e-06,"[25, 1, 23, 10, 28, 0, 0, 0]"
springs,"['S', 'P', 'R', 'IH', 'NG', 'Z']",['springs'],"['spring', 's']",0.14285714285714285,1.74e-05,"[31, 29, 30, 10, 28, 38, 0, 0]"
toronto,"['T', 'ER', 'AA', 'N', 'T', 'OW']",['toronto'],"['tor', 'onto']",0.14285714285714285,3.09e-05,"[33, 8, 1, 27, 33, 12, 0, 0]"
calcium,"['K', 'AE', 'L', 'S', 'IY', 'AH', 'M']","['cal', 'ci', 'um']","['calci', 'um']",0.14285714285714285,6.61e-06,"[24, 2, 25, 31, 11, 3, 26, 0]"
interim,"['IH', 'N', 'T', 'ER', 'AH', 'M']","['in', 'ter', 'im']","['inter', 'im']",0.14285714285714285,1e-05,"[10, 27, 33, 8, 3, 26, 0, 0]"
calgary,"['K', 'AE', 'L', 'G', 'ER', 'IY']","['cal', 'gary']","['cal', 'g', 'ary']",0.14285714285714285,6.03e-06,"[24, 2, 25, 21, 8, 11, 0, 0]"
relying,"['R', 'IY', 'L', 'AY', 'IH', 'NG']","['re', 'ly', 'ing']","['re', 'lying']",0.14285714285714285,6.46e-06,"[30, 11, 25, 6, 10, 28, 0, 0]"
locator,"['L', 'OW', 'K', 'EY', 'T', 'ER']","['loc', 'at', 'or']","['loc', 'ator']",0.14285714285714285,1.07e-06,"[25, 12, 24, 9, 33, 8, 0, 0]"
academy,"['AH', 'K', 'AE', 'D', 'AH', 'M', 'IY']",['academy'],"['academ', 'y']",0.14285714285714285,3.72e-05,"[3, 24, 2, 18, 3, 26, 11, 0]"
timothy,"['T', 'IH', 'M', 'AH', 'TH', 'IY']",['timothy'],"['tim', 'othy']",0.14285714285714285,6.61e-06,"[33, 10, 26, 3, 34, 11, 0, 0]"
tribune,"['T', 'R', 'IH', 'B', 'Y', 'UW', 'N']",['tribune'],"['trib', 'une']",0.14285714285714285,5.13e-06,"[33, 30, 10, 16, 37, 15, 27, 0]"
patrick,"['P', 'AE', 'T', 'R', 'IH', 'K']",['patrick'],"['pat', 'rick']",0.14285714285714285,2.34e-05,"[29, 2, 33, 30, 10, 24, 0, 0]"
bridges,"['B', 'R', 'IH', 'JH', 'AH', 'Z']",['bridges'],"['br', 'idges']",0.14285714285714285,1.26e-05,"[16, 30, 10, 23, 3, 38, 0, 0]"
prairie,"['P', 'R', 'EH', 'R', 'IY']","['prair', 'ie']","['pra', 'ir', 'ie']",0.14285714285714285,5.01e-06,"[29, 30, 7, 30, 11, 0, 0, 0]"
melissa,"['M', 'AH', 'L', 'IH', 'S', 'AH']",['melissa'],"['mel', 'issa']",0.14285714285714285,6.92e-06,"[26, 3, 25, 10, 31, 3, 0, 0]"
emerald,"['EH', 'M', 'R', 'AH', 'L', 'D']","['em', 'er', 'ald']","['emer', 'ald']",0.14285714285714285,3.98e-06,"[7, 26, 30, 3, 25, 18, 0, 0]"
cardiff,"['K', 'AA', 'R', 'D', 'IH', 'F']",['cardiff'],"['card', 'iff']",0.14285714285714285,8.32e-06,"[24, 1, 30, 18, 10, 20, 0, 0]"
turkish,"['T', 'ER', 'K', 'IH', 'SH']","['turk', 'ish']","['tur', 'k', 'ish']",0.14285714285714285,1.91e-05,"[33, 8, 24, 10, 32, 0, 0, 0]"
folders,"['F', 'OW', 'L', 'D', 'ER', 'Z']",['folders'],"['fold', 'ers']",0.14285714285714285,1.66e-06,"[20, 12, 25, 18, 8, 38, 0, 0]"
marilyn,"['M', 'EH', 'R', 'AH', 'L', 'AH', 'N']","['mar', 'ilyn']","['mar', 'il', 'yn']",0.14285714285714285,5.25e-06,"[26, 7, 30, 3, 25, 3, 27, 0]"
charter,"['CH', 'AA', 'R', 'T', 'ER']",['charter'],"['char', 'ter']",0.14285714285714285,1.7e-05,"[17, 1, 30, 33, 8, 0, 0, 0]"
starter,"['S', 'T', 'AA', 'R', 'T', 'ER']",['starter'],"['st', 'arter']",0.14285714285714285,1.05e-05,"[31, 33, 1, 30, 33, 8, 0, 0]"
solaris,"['S', 'OW', 'L', 'EH', 'R', 'IH', 'S']","['sol', 'ar', 'is']","['solar', 'is']",0.14285714285714285,5.75e-07,"[31, 12, 25, 7, 30, 10, 31, 0]"
puzzles,"['P', 'AH', 'Z', 'AH', 'L', 'Z']",['puzzles'],"['puzz', 'les']",0.14285714285714285,3.55e-06,"[29, 3, 38, 3, 25, 38, 0, 0]"
erotica,"['IH', 'R', 'AA', 'T', 'IH', 'K', 'AH']","['erot', 'ica']","['er', 'ot', 'ica']",0.14285714285714285,1.05e-06,"[10, 30, 1, 33, 10, 24, 3, 0]"
centres,"['S', 'EH', 'N', 'T', 'ER', 'Z']",['centres'],"['cent', 'res']",0.14285714285714285,1.26e-05,"[31, 7, 27, 33, 8, 38, 0, 0]"
budgets,"['B', 'AH', 'JH', 'IH', 'T', 'S']",['budgets'],"['budget', 's']",0.14285714285714285,5.5e-06,"[16, 3, 23, 10, 33, 31, 0, 0]"
leonard,"['L', 'EH', 'N', 'ER', 'D']","['le', 'onard']","['le', 'on', 'ard']",0.14285714285714285,1.02e-05,"[25, 7, 27, 8, 18, 0, 0, 0]"
lenders,"['L', 'EH', 'N', 'D', 'ER', 'Z']",['lenders'],"['l', 'enders']",0.14285714285714285,4.68e-06,"[25, 7, 27, 18, 8, 38, 0, 0]"
chester,"['CH', 'EH', 'S', 'T', 'ER']",['chester'],"['che', 'ster']",0.14285714285714285,6.46e-06,"[17, 7, 31, 33, 8, 0, 0, 0]"
bradley,"['B', 'R', 'AE', 'D', 'L', 'IY']","['brad', 'ley']","['br', 'ad', 'ley']",0.14285714285714285,1.02e-05,"[16, 30, 2, 18, 25, 11, 0, 0]"
armenia,"['AA', 'R', 'M', 'IY', 'N', 'IY', 'AH']","['ar', 'menia']","['ar', 'men', 'ia']",0.14285714285714285,3.63e-06,"[1, 30, 26, 11, 27, 11, 3, 0]"
proudly,"['P', 'R', 'AW', 'D', 'L', 'IY']",['proudly'],"['proud', 'ly']",0.14285714285714285,5.13e-06,"[29, 30, 5, 18, 25, 11, 0, 0]"
appropriations,"['AH', 'P', 'R', 'OW', 'P', 'R', 'IY', 'EY', 'SH', 'AH', 'N', 'Z']","['ap', 'pro', 'pri', 'ations']","['appropri', 'ations']",0.14285714285714285,2.29e-06,"[3, 29, 30, 12, 29, 30, 11, 9]"
phoenix,"['F', 'IY', 'N', 'IH', 'K', 'S']",['phoenix'],"['ph', 'oenix']",0.14285714285714285,1.62e-05,"[20, 11, 27, 10, 24, 31, 0, 0]"
glasgow,"['G', 'L', 'AE', 'S', 'K', 'OW']","['glas', 'gow']","['gl', 'as', 'gow']",0.14285714285714285,1.55e-05,"[21, 25, 2, 31, 24, 12, 0, 0]"
seminar,"['S', 'EH', 'M', 'AH', 'N', 'AA', 'R']","['sem', 'in', 'ar']","['sem', 'inar']",0.14285714285714285,5.89e-06,"[31, 7, 26, 3, 27, 1, 30, 0]"
senegal,"['S', 'EH', 'N', 'AH', 'G', 'AO', 'L']","['seneg', 'al']","['sen', 'eg', 'al']",0.14285714285714285,2.4e-06,"[31, 7, 27, 3, 21, 4, 25, 0]"
abraham,"['EY', 'B', 'R', 'AH', 'HH', 'AE', 'M']","['ab', 'ra', 'ham']","['ab', 'raham']",0.14285714285714285,9.55e-06,"[9, 16, 30, 3, 22, 2, 26, 0]"
specifications,"['S', 'P', 'EH', 'S', 'AH', 'F', 'AH', 'K', 'EY', 'SH', 'AH', 'N', 'Z']","['spe', 'cific', 'a', 'tions']","['specific', 'ations']",0.14285714285714285,8.91e-06,"[31, 29, 7, 31, 3, 20, 3, 24]"
vanilla,"['V', 'AH', 'N', 'IH', 'L', 'AH']",['vanilla'],"['van', 'illa']",0.14285714285714285,6.92e-06,"[35, 3, 27, 10, 25, 3, 0, 0]"
cuisine,"['K', 'W', 'IH', 'Z', 'IY', 'N']",['cuisine'],"['cu', 'isine']",0.14285714285714285,6.46e-06,"[24, 36, 10, 38, 11, 27, 0, 0]"
gourmet,"['G', 'UH', 'R', 'M', 'EY']","['gour', 'met']","['g', 'our', 'met']",0.14285714285714285,2.29e-06,"[21, 14, 30, 26, 9, 0, 0, 0]"
beaches,"['B', 'IY', 'CH', 'AH', 'Z']",['beaches'],"['be', 'aches']",0.14285714285714285,9.12e-06,"[16, 11, 17, 3, 38, 0, 0, 0]"
baptist,"['B', 'AE', 'P', 'T', 'AH', 'S', 'T']",['baptist'],"['bapt', 'ist']",0.14285714285714285,7.24e-06,"[16, 2, 29, 33, 3, 31, 33, 0]"
midwest,"['M', 'IH', 'D', 'W', 'EH', 'S', 'T']","['mid', 'w', 'est']","['mid', 'west']",0.14285714285714285,6.31e-06,"[26, 10, 18, 36, 7, 31, 33, 0]"
philips,"['F', 'IH', 'L', 'AH', 'P', 'S']",['philips'],"['phil', 'ips']",0.14285714285714285,2.57e-06,"[20, 10, 25, 3, 29, 31, 0, 0]"
stewart,"['S', 'T', 'UW', 'ER', 'T']","['stew', 'art']","['st', 'ew', 'art']",0.14285714285714285,1.78e-05,"[31, 33, 15, 8, 33, 0, 0, 0]"
glucose,"['G', 'L', 'UW', 'K', 'OW', 'S']","['gluc', 'ose']","['gl', 'uc', 'ose']",0.14285714285714285,5.62e-06,"[21, 25, 15, 24, 12, 31, 0, 0]"
bolivia,"['B', 'AH', 'L', 'IH', 'V', 'IY', 'AH']",['bolivia'],"['bol', 'ivia']",0.14285714285714285,3.39e-06,"[16, 3, 25, 10, 35, 11, 3, 0]"
numeric,"['N', 'UW', 'M', 'EH', 'R', 'IH', 'K']","['nu', 'mer', 'ic']","['numer', 'ic']",0.14285714285714285,1.02e-06,"[27, 15, 26, 7, 30, 10, 24, 0]"
lexmark,"['L', 'EH', 'K', 'S', 'M', 'AA', 'R', 'K']","['lex', 'mark']","['le', 'x', 'mark']",0.14285714285714285,1.23e-07,"[25, 7, 24, 31, 26, 1, 30, 24]"
charlie,"['CH', 'AA', 'R', 'L', 'IY']",['charlie'],"['char', 'lie']",0.14285714285714285,2.69e-05,"[17, 1, 30, 25, 11, 0, 0, 0]"
scanned,"['S', 'K', 'AE', 'N', 'D']",['scanned'],"['sc', 'anned']",0.14285714285714285,3.39e-06,"[31, 24, 2, 27, 18, 0, 0, 0]"
dresses,"['D', 'R', 'EH', 'S', 'AH', 'Z']",['dresses'],"['dress', 'es']",0.14285714285714285,1.12e-05,"[18, 30, 7, 31, 3, 38, 0, 0]"
routers,"['R', 'UW', 'T', 'ER', 'Z']",['routers'],"['rou', 'ters']",0.14285714285714285,1e-06,"[30, 15, 33, 8, 38, 0, 0, 0]"
stripes,"['S', 'T', 'R', 'AY', 'P', 'S']",['stripes'],"['stri', 'pes']",0.14285714285714285,5.75e-06,"[31, 33, 30, 6, 29, 31, 0, 0]"
brokers,"['B', 'R', 'OW', 'K', 'ER', 'Z']",['brokers'],"['bro', 'kers']",0.14285714285714285,4.68e-06,"[16, 30, 12, 24, 8, 38, 0, 0]"
showers,"['SH', 'AW', 'ER', 'Z']",['showers'],"['show', 'ers']",0.14285714285714285,7.76e-06,"[32, 5, 8, 38, 0, 0, 0, 0]"
coleman,"['K', 'OW', 'L', 'M', 'AH', 'N']","['cole', 'man']","['co', 'le', 'man']",0.14285714285714285,5.89e-06,"[24, 12, 25, 26, 3, 27, 0, 0]"
hygiene,"['HH', 'AY', 'JH', 'IY', 'N']","['hy', 'giene']","['hy', 'g', 'iene']",0.14285714285714285,6.17e-06,"[22, 6, 23, 11, 27, 0, 0, 0]"
somalia,"['S', 'AH', 'M', 'AA', 'L', 'IY', 'AH']",['somalia'],"['som', 'alia']",0.14285714285714285,4.68e-06,"[31, 3, 26, 1, 25, 11, 3, 0]"
atlanta,"['AE', 'T', 'L', 'AE', 'N', 'T', 'AH']","['at', 'lanta']","['at', 'l', 'anta']",0.14285714285714285,2.34e-05,"[2, 33, 25, 2, 27, 33, 3, 0]"
swedish,"['S', 'W', 'IY', 'D', 'IH', 'SH']",['swedish'],"['sw', 'edish']",0.14285714285714285,1.62e-05,"[31, 36, 11, 18, 10, 32, 0, 0]"
collins,"['K', 'AA', 'L', 'IH', 'N', 'Z']",['collins'],"['coll', 'ins']",0.14285714285714285,1.41e-05,"[24, 1, 25, 10, 27, 38, 0, 0]"
arising,"['ER', 'AY', 'Z', 'IH', 'NG']",['arising'],"['ar', 'ising']",0.14285714285714285,5.25e-06,"[8, 6, 38, 10, 28, 0, 0, 0]"
thomson,"['T', 'AA', 'M', 'S', 'AH', 'N']","['thom', 'son']","['th', 'om', 'son']",0.14285714285714285,6.03e-06,"[33, 1, 26, 31, 3, 27, 0, 0]"
dietary,"['D', 'AY', 'AH', 'T', 'EH', 'R', 'IY']","['di', 'et', 'ary']","['diet', 'ary']",0.14285714285714285,5.01e-06,"[18, 6, 3, 33, 7, 30, 11, 0]"
douglas,"['D', 'AH', 'G', 'L', 'AH', 'S']",['douglas'],"['dou', 'glas']",0.14285714285714285,1.62e-05,"[18, 3, 21, 25, 3, 31, 0, 0]"
deborah,"['D', 'EH', 'B', 'ER', 'AH']","['de', 'borah']","['de', 'bor', 'ah']",0.14285714285714285,4.07e-06,"[18, 7, 16, 8, 3, 0, 0, 0]"
lindsay,"['L', 'IH', 'N', 'D', 'Z', 'IY']","['lind', 'say']","['l', 'ind', 'say']",0.14285714285714285,6.46e-06,"[25, 10, 27, 18, 38, 11, 0, 0]"
editors,"['EH', 'D', 'IH', 'T', 'ER', 'Z']","['ed', 'it', 'ors']","['ed', 'itors']",0.14285714285714285,1.1e-05,"[7, 18, 10, 33, 8, 38, 0, 0]"
seekers,"['S', 'IY', 'K', 'ER', 'Z']",['seekers'],"['seek', 'ers']",0.14285714285714285,4.17e-06,"[31, 11, 24, 8, 38, 0, 0, 0]"
relates,"['R', 'IH', 'L', 'EY', 'T', 'S']",['relates'],"['rel', 'ates']",0.14285714285714285,6.61e-06,"[30, 10, 25, 9, 33, 31, 0, 0]"
johnson,"['JH', 'AA', 'N', 'S', 'AH', 'N']","['john', 'son']","['j', 'ohn', 'son']",0.14285714285714285,5.25e-05,"[23, 1, 27, 31, 3, 27, 0, 0]"
beatles,"['B', 'IY', 'T', 'AH', 'L', 'Z']",['beatles'],"['beat', 'les']",0.14285714285714285,7.59e-06,"[16, 11, 33, 3, 25, 38, 0, 0]"
angeles,"['AE', 'N', 'JH', 'AH', 'L', 'IH', 'S']",['angeles'],"['ang', 'eles']",0.14285714285714285,5.37e-05,"[2, 27, 23, 3, 25, 10, 31, 0]"
replies,"['R', 'IH', 'P', 'L', 'AY', 'Z']",['replies'],"['repl', 'ies']",0.14285714285714285,8.91e-06,"[30, 10, 29, 25, 6, 38, 0, 0]"
madonna,"['M', 'AH', 'D', 'AA', 'N', 'AH']",['madonna'],"['mad', 'onna']",0.14285714285714285,5.37e-06,"[26, 3, 18, 1, 27, 3, 0, 0]"
cruises,"['K', 'R', 'UW', 'Z', 'IH', 'Z']",['cruises'],"['cru', 'ises']",0.14285714285714285,2.63e-06,"[24, 30, 15, 38, 10, 38, 0, 0]"
bizarre,"['B', 'AH', 'Z', 'AA', 'R']",['bizarre'],"['b', 'izarre']",0.14285714285714285,1.05e-05,"[16, 3, 38, 1, 30, 0, 0, 0]"
israeli,"['IH', 'Z', 'R', 'EY', 'L', 'IY']","['is', 'raeli']","['is', 'rael', 'i']",0.14285714285714285,2.51e-05,"[10, 38, 30, 9, 25, 11, 0, 0]"
olympic,"['OW', 'L', 'IH', 'M', 'P', 'IH', 'K']",['olympic'],"['olymp', 'ic']",0.14285714285714285,3.09e-05,"[12, 25, 10, 26, 29, 10, 24, 0]"
brandon,"['B', 'R', 'AE', 'N', 'D', 'AH', 'N']",['brandon'],"['brand', 'on']",0.14285714285714285,1.02e-05,"[16, 30, 2, 27, 18, 3, 27, 0]"
panties,"['P', 'AE', 'N', 'T', 'IY', 'Z']",['panties'],"['pant', 'ies']",0.14285714285714285,4.68e-06,"[29, 2, 27, 33, 11, 38, 0, 0]"
renewal,"['R', 'IH', 'N', 'UW', 'AH', 'L']","['re', 'new', 'al']","['renew', 'al']",0.14285714285714285,6.92e-06,"[30, 10, 27, 15, 3, 25, 0, 0]"
florist,"['F', 'L', 'AA', 'R', 'AH', 'S', 'T']","['flor', 'ist']","['fl', 'or', 'ist']",0.14285714285714285,1.02e-06,"[20, 25, 1, 30, 3, 31, 33, 0]"
rangers,"['R', 'EY', 'N', 'JH', 'ER', 'Z']",['rangers'],"['r', 'angers']",0.14285714285714285,1.7e-05,"[30, 9, 27, 23, 8, 38, 0, 0]"
alabama,"['AE', 'L', 'AH', 'B', 'AE', 'M', 'AH']",['alabama'],"['al', 'abama']",0.14285714285714285,1.82e-05,"[2, 25, 3, 16, 2, 26, 3, 0]"
amended,"['AH', 'M', 'EH', 'N', 'D', 'AH', 'D']",['amended'],"['am', 'ended']",0.14285714285714285,6.03e-06,"[3, 26, 7, 27, 18, 3, 18, 0]"
albania,"['AE', 'L', 'B', 'EY', 'N', 'IY', 'AH']","['al', 'bania']","['al', 'ban', 'ia']",0.14285714285714285,2.24e-06,"[2, 25, 16, 9, 27, 11, 3, 0]"
laptops,"['L', 'AE', 'P', 'T', 'AA', 'P', 'S']",['laptops'],"['lapt', 'ops']",0.14285714285714285,3.47e-06,"[25, 2, 29, 33, 1, 29, 31, 0]"
montana,"['M', 'AA', 'N', 'T', 'AE', 'N', 'AH']",['montana'],"['mont', 'ana']",0.14285714285714285,1.12e-05,"[26, 1, 27, 33, 2, 27, 3, 0]"
tracked,"['T', 'R', 'AE', 'K', 'T']",['tracked'],"['track', 'ed']",0.14285714285714285,8.91e-06,"[33, 30, 2, 24, 33, 0, 0, 0]"
posters,"['P', 'OW', 'S', 'T', 'ER', 'Z']",['posters'],"['post', 'ers']",0.14285714285714285,9.77e-06,"[29, 12, 31, 33, 8, 38, 0, 0]"
seattle,"['S', 'IY', 'AE', 'T', 'AH', 'L']",['seattle'],"['se', 'attle']",0.14285714285714285,2.45e-05,"[31, 11, 2, 33, 3, 25, 0, 0]"
anaheim,"['AE', 'N', 'AH', 'HH', 'AY', 'M']","['ana', 'heim']","['an', 'a', 'heim']",0.14285714285714285,2.88e-06,"[2, 27, 3, 22, 6, 26, 0, 0]"
silicon,"['S', 'IH', 'L', 'AH', 'K', 'AH', 'N']","['sil', 'ic', 'on']","['sil', 'icon']",0.14285714285714285,1e-05,"[31, 10, 25, 3, 24, 3, 27, 0]"
modular,"['M', 'AA', 'JH', 'AH', 'L', 'ER']","['mod', 'u', 'lar']","['mod', 'ular']",0.14285714285714285,3.24e-06,"[26, 1, 23, 3, 25, 8, 0, 0]"
minolta,"['M', 'IH', 'N', 'AA', 'L', 'T', 'AH']","['min', 'olta']","['min', 'ol', 'ta']",0.14285714285714285,2.14e-07,"[26, 10, 27, 1, 25, 33, 3, 0]"
capitol,"['K', 'AE', 'P', 'IH', 'T', 'AH', 'L']","['cap', 'it', 'ol']","['capit', 'ol']",0.14285714285714285,1e-05,"[24, 2, 29, 10, 33, 3, 25, 0]"
ontario,"['AA', 'N', 'T', 'EH', 'R', 'IY', 'OW']",['ontario'],"['ont', 'ario']",0.14285714285714285,1.62e-05,"[1, 27, 33, 7, 30, 11, 12, 0]"
billing,"['B', 'IH', 'L', 'IH', 'NG']",['billing'],"['bill', 'ing']",0.14285714285714285,3.89e-06,"[16, 10, 25, 10, 28, 0, 0, 0]"
sellers,"['S', 'EH', 'L', 'ER', 'Z']",['sellers'],"['sell', 'ers']",0.14285714285714285,6.92e-06,"[31, 7, 25, 8, 38, 0, 0, 0]"
knights,"['N', 'AY', 'T', 'S']",['knights'],"['kn', 'ights']",0.14285714285714285,1.12e-05,"[27, 6, 33, 31, 0, 0, 0, 0]"
charles,"['CH', 'AA', 'R', 'L', 'Z']",['charles'],"['char', 'les']",0.14285714285714285,5.89e-05,"[17, 1, 30, 25, 38, 0, 0, 0]"
donated,"['D', 'OW', 'N', 'EY', 'T', 'AH', 'D']",['donated'],"['don', 'ated']",0.14285714285714285,1.15e-05,"[18, 12, 27, 9, 33, 3, 18, 0]"
hewlett,"['HH', 'Y', 'UW', 'L', 'IH', 'T']","['hew', 'lett']","['he', 'w', 'lett']",0.14285714285714285,1.38e-06,"[22, 37, 15, 25, 10, 33, 0, 0]"
genesis,"['JH', 'EH', 'N', 'AH', 'S', 'AH', 'S']","['gen', 'es', 'is']","['gen', 'esis']",0.14285714285714285,7.08e-06,"[23, 7, 27, 3, 31, 3, 31, 0]"
shuttle,"['SH', 'AH', 'T', 'AH', 'L']",['shuttle'],"['shut', 'tle']",0.14285714285714285,7.94e-06,"[32, 3, 33, 3, 25, 0, 0, 0]"
freight,"['F', 'R', 'EY', 'T']",['freight'],"['fre', 'ight']",0.14285714285714285,9.77e-06,"[20, 30, 9, 33, 0, 0, 0, 0]"
payroll,"['P', 'EY', 'R', 'OW', 'L']",['payroll'],"['pay', 'roll']",0.14285714285714285,5.75e-06,"[29, 9, 30, 12, 25, 0, 0, 0]"
prefers,"['P', 'R', 'AH', 'F', 'ER', 'Z']",['prefers'],"['pre', 'fers']",0.14285714285714285,4.68e-06,"[29, 30, 3, 20, 8, 38, 0, 0]"
beijing,"['B', 'EY', 'ZH', 'IH', 'NG']",['beijing'],"['be', 'ijing']",0.14285714285714285,1.32e-05,"[16, 9, 39, 10, 28, 0, 0, 0]"
ireland,"['AY', 'ER', 'L', 'AH', 'N', 'D']","['ire', 'land']","['', 'ire', 'land']",0.14285714285714285,4.57e-05,"[6, 8, 25, 3, 27, 18, 0, 0]"
lesbian,"['L', 'EH', 'Z', 'B', 'IY', 'AH', 'N']","['les', 'bi', 'an']","['les', 'bian']",0.14285714285714285,1.41e-05,"[25, 7, 38, 16, 11, 3, 27, 0]"
hyundai,"['HH', 'Y', 'AH', 'N', 'D', 'EY']","['hy', 'undai']","['hy', 'und', 'ai']",0.14285714285714285,2.75e-06,"[22, 37, 3, 27, 18, 9, 0, 0]"
bernard,"['B', 'ER', 'N', 'AA', 'R', 'D']","['bern', 'ard']","['b', 'ern', 'ard']",0.14285714285714285,1.05e-05,"[16, 8, 27, 1, 30, 18, 0, 0]"
candles,"['K', 'AE', 'N', 'D', 'AH', 'L', 'Z']",['candles'],"['cand', 'les']",0.14285714285714285,6.61e-06,"[24, 2, 27, 18, 3, 25, 38, 0]"
gabriel,"['G', 'EY', 'B', 'R', 'IY', 'AH', 'L']","['gab', 'ri', 'el']","['gab', 'riel']",0.14285714285714285,8.32e-06,"[21, 9, 16, 30, 11, 3, 25, 0]"
auditor,"['AO', 'D', 'IH', 'T', 'ER']","['aud', 'it', 'or']","['aud', 'itor']",0.14285714285714285,3.02e-06,"[4, 18, 10, 33, 8, 0, 0, 0]"
vitamin,"['V', 'AY', 'T', 'AH', 'M', 'AH', 'N']","['vit', 'am', 'in']","['vit', 'amin']",0.14285714285714285,1.02e-05,"[35, 6, 33, 3, 26, 3, 27, 0]"
alternatively,"['AO', 'L', 'T', 'ER', 'N', 'AH', 'T', 'IH', 'V', 'L', 'IY']","['al', 'tern', 'at', 'ively']","['altern', 'atively']",0.15384615384615385,6.46e-06,"[4, 25, 33, 8, 27, 3, 33, 10]"
undergraduate,"['AH', 'N', 'D', 'ER', 'G', 'R', 'AE', 'JH', 'AH', 'W', 'AH', 'T']","['un', 'der', 'gradu', 'ate']","['under', 'graduate']",0.15384615384615385,7.08e-06,"[3, 27, 18, 8, 21, 30, 2, 23]"
commissioners,"['K', 'AH', 'M', 'IH', 'SH', 'AH', 'N', 'ER', 'Z']","['com', 'mis', 'sion', 'ers']","['commission', 'ers']",0.15384615384615385,5.89e-06,"[24, 3, 26, 10, 32, 3, 27, 8]"
miscellaneous,"['M', 'IH', 'S', 'AH', 'L', 'EY', 'N', 'IY', 'AH', 'S']","['mis', 'cel', 'laneous']","['mis', 'cell', 'aneous']",0.15384615384615385,2.63e-06,"[26, 10, 31, 3, 25, 9, 27, 11]"
installations,"['IH', 'N', 'S', 'T', 'AH', 'L', 'EY', 'SH', 'AH', 'N', 'Z']","['in', 'stall', 'a', 'tions']","['install', 'ations']",0.15384615384615385,6.03e-06,"[10, 27, 31, 33, 3, 25, 9, 32]"
complications,"['K', 'AA', 'M', 'P', 'L', 'AH', 'K', 'EY', 'SH', 'AH', 'N', 'Z']","['com', 'plic', 'a', 'tions']","['complic', 'ations']",0.15384615384615385,9.55e-06,"[24, 1, 26, 29, 25, 3, 24, 9]"
practitioners,"['P', 'R', 'AE', 'K', 'T', 'IH', 'SH', 'AH', 'N', 'ER', 'Z']","['prac', 'ti', 'tion', 'ers']","['practition', 'ers']",0.15384615384615385,6.31e-06,"[29, 30, 2, 24, 33, 10, 32, 3]"
complimentary,"['K', 'AA', 'M', 'P', 'L', 'AH', 'M', 'EH', 'N', 'T', 'ER', 'IY']","['com', 'pli', 'ment', 'ary']","['compliment', 'ary']",0.15384615384615385,2.24e-06,"[24, 1, 26, 29, 25, 3, 26, 7]"
instructional,"['IH', 'N', 'S', 'T', 'R', 'AH', 'K', 'SH', 'AH', 'N', 'AH', 'L']","['in', 'struc', 'tion', 'al']","['instruction', 'al']",0.15384615384615385,3.24e-06,"[10, 27, 31, 33, 30, 3, 24, 32]"
parliamentary,"['P', 'AA', 'R', 'L', 'AH', 'M', 'EH', 'N', 'T', 'ER', 'IY']","['par', 'lia', 'ment', 'ary']","['parliament', 'ary']",0.15384615384615385,1.51e-05,"[29, 1, 30, 25, 3, 26, 7, 27]"
photographers,"['F', 'AH', 'T', 'AA', 'G', 'R', 'AH', 'F', 'ER', 'Z']","['pho', 'to', 'graph', 'ers']","['photograph', 'ers']",0.15384615384615385,6.76e-06,"[20, 3, 33, 1, 21, 30, 3, 20]"
inappropriate,"['IH', 'N', 'AH', 'P', 'R', 'OW', 'P', 'R', 'IY', 'IH', 'T']","['in', 'ap', 'pro', 'pri', 'ate']","['in', 'appropri', 'ate']",0.15384615384615385,9.77e-06,"[10, 27, 3, 29, 30, 12, 29, 30]"
liechtenstein,"['L', 'IH', 'K', 'T', 'AH', 'N', 'S', 'T', 'AY', 'N']","['liecht', 'en', 'stein']","['lie', 'chten', 'stein']",0.15384615384615385,5.89e-07,"[25, 10, 24, 33, 3, 27, 31, 33]"
interventions,"['IH', 'N', 'T', 'ER', 'V', 'EH', 'N', 'CH', 'AH', 'N', 'Z']","['in', 'ter', 'ven', 'tions']","['inter', 'ventions']",0.15384615384615385,5.5e-06,"[10, 27, 33, 8, 35, 7, 27, 17]"
duncan,"['D', 'AH', 'NG', 'K', 'AH', 'N']",['duncan'],"['dun', 'can']",0.16666666666666666,1.05e-05,"[18, 3, 28, 24, 3, 27, 0, 0]"
canada,"['K', 'AE', 'N', 'AH', 'D', 'AH']",['canada'],"['can', 'ada']",0.16666666666666666,9.33e-05,"[24, 2, 27, 3, 18, 3, 0, 0]"
george,"['JH', 'AO', 'R', 'JH']",['george'],"['ge', 'orge']",0.16666666666666666,0.00011,"[23, 4, 30, 23, 0, 0, 0, 0]"
spider,"['S', 'P', 'AY', 'D', 'ER']",['spider'],"['sp', 'ider']",0.16666666666666666,1.78e-05,"[31, 29, 6, 18, 8, 0, 0, 0]"
hudson,"['HH', 'AH', 'D', 'S', 'AH', 'N']","['hud', 'son']","['h', 'ud', 'son']",0.16666666666666666,1.07e-05,"[22, 3, 18, 31, 3, 27, 0, 0]"
cables,"['K', 'EY', 'B', 'AH', 'L', 'Z']",['cables'],"['c', 'ables']",0.16666666666666666,7.41e-06,"[24, 9, 16, 3, 25, 38, 0, 0]"
techno,"['T', 'EH', 'K', 'N', 'OW']",['techno'],"['tech', 'no']",0.16666666666666666,3.09e-06,"[33, 7, 24, 27, 12, 0, 0, 0]"
latvia,"['L', 'AE', 'T', 'V', 'IY', 'AH']",['latvia'],"['lat', 'via']",0.16666666666666666,2.75e-06,"[25, 2, 33, 35, 11, 3, 0, 0]"
martha,"['M', 'AA', 'R', 'TH', 'AH']",['martha'],"['mar', 'tha']",0.16666666666666666,9.55e-06,"[26, 1, 30, 34, 3, 0, 0, 0]"
metals,"['M', 'EH', 'T', 'AH', 'L', 'Z']",['metals'],"['met', 'als']",0.16666666666666666,8.91e-06,"[26, 7, 33, 3, 25, 38, 0, 0]"
fridge,"['F', 'R', 'IH', 'JH']",['fridge'],"['fr', 'idge']",0.16666666666666666,1.05e-05,"[20, 30, 10, 23, 0, 0, 0, 0]"
fraser,"['F', 'R', 'EY', 'Z', 'ER']",['fraser'],"['fr', 'aser']",0.16666666666666666,6.61e-06,"[20, 30, 9, 38, 8, 0, 0, 0]"
mounts,"['M', 'AW', 'N', 'T', 'S']",['mounts'],"['mount', 's']",0.16666666666666666,3.31e-06,"[26, 5, 27, 33, 31, 0, 0, 0]"
sweden,"['S', 'W', 'IY', 'D', 'AH', 'N']",['sweden'],"['sw', 'eden']",0.16666666666666666,2.51e-05,"[31, 36, 11, 18, 3, 27, 0, 0]"
louise,"['L', 'UW', 'IY', 'Z']",['louise'],"['lou', 'ise']",0.16666666666666666,1e-05,"[25, 15, 11, 38, 0, 0, 0, 0]"
celtic,"['S', 'EH', 'L', 'T', 'IH', 'K']","['celt', 'ic']","['c', 'elt', 'ic']",0.16666666666666666,1e-05,"[31, 7, 25, 33, 10, 24, 0, 0]"
bibliography,"['B', 'IH', 'B', 'L', 'IY', 'AA', 'G', 'R', 'AH', 'F', 'IY']","['bib', 'li', 'o', 'graphy']","['bibli', 'ography']",0.16666666666666666,6.61e-06,"[16, 10, 16, 25, 11, 1, 21, 30]"
durham,"['D', 'ER', 'AH', 'M']",['durham'],"['dur', 'ham']",0.16666666666666666,6.03e-06,"[18, 8, 3, 26, 0, 0, 0, 0]"
delays,"['D', 'IH', 'L', 'EY', 'Z']",['delays'],"['del', 'ays']",0.16666666666666666,9.55e-06,"[18, 10, 25, 9, 38, 0, 0, 0]"
timely,"['T', 'AY', 'M', 'L', 'IY']",['timely'],"['tim', 'ely']",0.16666666666666666,7.08e-06,"[33, 6, 26, 25, 11, 0, 0, 0]"
consolidated,"['K', 'AH', 'N', 'S', 'AA', 'L', 'AH', 'D', 'EY', 'T', 'AH', 'D']","['con', 'sol', 'id', 'ated']","['consolid', 'ated']",0.16666666666666666,6.61e-06,"[24, 3, 27, 31, 1, 25, 3, 18]"
squirt,"['S', 'K', 'W', 'ER', 'T']",['squirt'],"['squ', 'irt']",0.16666666666666666,1.66e-06,"[31, 24, 36, 8, 33, 0, 0, 0]"
riders,"['R', 'AY', 'D', 'ER', 'Z']",['riders'],"['r', 'iders']",0.16666666666666666,9.77e-06,"[30, 6, 18, 8, 38, 0, 0, 0]"
charms,"['CH', 'AA', 'R', 'M', 'Z']",['charms'],"['char', 'ms']",0.16666666666666666,3.47e-06,"[17, 1, 30, 26, 38, 0, 0, 0]"
violin,"['V', 'AY', 'AH', 'L', 'IH', 'N']","['vi', 'ol', 'in']","['viol', 'in']",0.16666666666666666,5.5e-06,"[35, 6, 3, 25, 10, 27, 0, 0]"
periodically,"['P', 'IY', 'R', 'IY', 'AA', 'D', 'IH', 'K', 'AH', 'L', 'IY']","['peri', 'od', 'ic', 'ally']","['period', 'ically']",0.16666666666666666,3.89e-06,"[29, 11, 30, 11, 1, 18, 10, 24]"
roster,"['R', 'AA', 'S', 'T', 'ER']",['roster'],"['ro', 'ster']",0.16666666666666666,1.23e-05,"[30, 1, 31, 33, 8, 0, 0, 0]"
nasdaq,"['N', 'AE', 'Z', 'D', 'AE', 'K']","['nas', 'daq']","['nas', 'da', 'q']",0.16666666666666666,2.57e-06,"[27, 2, 38, 18, 2, 24, 0, 0]"
ranger,"['R', 'EY', 'N', 'JH', 'ER']",['ranger'],"['r', 'anger']",0.16666666666666666,7.59e-06,"[30, 9, 27, 23, 8, 0, 0, 0]"
fossil,"['F', 'AA', 'S', 'AH', 'L']",['fossil'],"['foss', 'il']",0.16666666666666666,9.77e-06,"[20, 1, 31, 3, 25, 0, 0, 0]"
steven,"['S', 'T', 'IY', 'V', 'AH', 'N']",['steven'],"['st', 'even']",0.16666666666666666,1.74e-05,"[31, 33, 11, 35, 3, 27, 0, 0]"
muslim,"['M', 'AH', 'Z', 'L', 'AH', 'M']",['muslim'],"['mus', 'lim']",0.16666666666666666,4.68e-05,"[26, 3, 38, 25, 3, 26, 0, 0]"
cayman,"['K', 'EY', 'M', 'AH', 'N']","['cay', 'man']","['c', 'ay', 'man']",0.16666666666666666,1.55e-06,"[24, 9, 26, 3, 27, 0, 0, 0]"
thanksgiving,"['TH', 'AE', 'NG', 'K', 'S', 'G', 'IH', 'V', 'IH', 'NG']","['thanks', 'giv', 'ing']","['thanks', 'g', 'iving']",0.16666666666666666,1.1e-05,"[34, 2, 28, 24, 31, 21, 10, 35]"
panama,"['P', 'AE', 'N', 'AH', 'M', 'AA']",['panama'],"['pan', 'ama']",0.16666666666666666,7.24e-06,"[29, 2, 27, 3, 26, 1, 0, 0]"
athens,"['AE', 'TH', 'AH', 'N', 'Z']",['athens'],"['at', 'hens']",0.16666666666666666,8.32e-06,"[2, 34, 3, 27, 38, 0, 0, 0]"
suites,"['S', 'W', 'IY', 'T', 'S']",['suites'],"['su', 'ites']",0.16666666666666666,3.09e-06,"[31, 36, 11, 33, 31, 0, 0, 0]"
bridal,"['B', 'R', 'AY', 'D', 'AH', 'L']",['bridal'],"['br', 'idal']",0.16666666666666666,3.16e-06,"[16, 30, 6, 18, 3, 25, 0, 0]"
hughes,"['HH', 'Y', 'UW', 'Z']",['hughes'],"['hug', 'hes']",0.16666666666666666,1.2e-05,"[22, 37, 15, 38, 0, 0, 0, 0]"
alerts,"['AH', 'L', 'ER', 'T', 'S']",['alerts'],"['al', 'erts']",0.16666666666666666,3.63e-06,"[3, 25, 8, 33, 31, 0, 0, 0]"
howard,"['HH', 'AW', 'ER', 'D']",['howard'],"['how', 'ard']",0.16666666666666666,3.02e-05,"[22, 5, 8, 18, 0, 0, 0, 0]"
pamela,"['P', 'AE', 'M', 'AH', 'L', 'AH']",['pamela'],"['pam', 'ela']",0.16666666666666666,3.72e-06,"[29, 2, 26, 3, 25, 3, 0, 0]"
belkin,"['B', 'EH', 'L', 'K', 'IH', 'N']",['belkin'],"['bel', 'kin']",0.16666666666666666,2.88e-07,"[16, 7, 25, 24, 10, 27, 0, 0]"
miller,"['M', 'IH', 'L', 'ER']",['miller'],"['mill', 'er']",0.16666666666666666,3.16e-05,"[26, 10, 25, 8, 0, 0, 0, 0]"
norton,"['N', 'AO', 'R', 'T', 'AH', 'N']",['norton'],"['nort', 'on']",0.16666666666666666,5.62e-06,"[27, 4, 30, 33, 3, 27, 0, 0]"
