word,arpabet,syllables,tokenized_word,hamming_distance,word_frequency,phon_vec
lycos,"['L', 'AY', 'K', 'OW', 'S']","['ly', 'c', 'os']","['l', '##y', '##cos']",0.8,5.62e-08,"[25, 6, 24, 12, 31, 0, 0, 0]"
notify,"['N', 'OW', 'T', 'AH', 'F', 'AY']","['no', 'ti', 'fy']","['not', '##ify']",0.5,5.37e-06,"[27, 12, 33, 3, 20, 6, 0, 0]"
remedies,"['R', 'EH', 'M', 'AH', 'D', 'IY', 'Z']","['rem', 'ed', 'ies']","['re', '##med', '##ies']",0.5,6.76e-06,"[30, 7, 26, 3, 18, 11, 38, 0]"
bestiality,"['B', 'EH', 'S', 'CH', 'AE', 'L', 'IH', 'T', 'IY']","['bes', 'ti', 'al', 'ity']","['best', '##ial', '##ity']",0.5,4.17e-07,"[16, 7, 31, 17, 2, 25, 10, 33]"
zimbabwe,"['Z', 'IH', 'M', 'B', 'AA', 'B', 'W', 'EY']","['zi', 'm', 'b', 'ab', 'we']",['zimbabwe'],0.5,5.37e-06,"[38, 10, 26, 16, 1, 16, 36, 9]"
editorials,"['EH', 'D', 'AH', 'T', 'AO', 'R', 'IY', 'AH', 'L', 'Z']","['ed', 'it', 'or', 'i', 'als']","['editorial', '##s']",0.5,1.05e-06,"[7, 18, 3, 33, 4, 30, 11, 3]"
identifier,"['AY', 'D', 'EH', 'N', 'T', 'AH', 'F', 'AY', 'ER']","['iden', 'ti', 'fi', 'er']","['id', '##ent', '##ifier']",0.5,1.32e-06,"[6, 18, 7, 27, 33, 3, 20, 6]"
liabilities,"['L', 'AY', 'AH', 'B', 'IH', 'L', 'AH', 'T', 'IY', 'Z']","['li', 'ab', 'il', 'it', 'ies']","['lia', '##bilities']",0.45454545454545453,3.63e-06,"[25, 6, 3, 16, 10, 25, 3, 33]"
annotated,"['AE', 'N', 'AH', 'T', 'EY', 'T', 'IH', 'D']","['an', 'not', 'ated']","['ann', '##ota', '##ted']",0.4444444444444444,1.91e-06,"[2, 27, 3, 33, 9, 33, 10, 18]"
appraisal,"['AH', 'P', 'R', 'EY', 'Z', 'AH', 'L']","['ap', 'prais', 'al']","['app', '##rai', '##sal']",0.4444444444444444,2.69e-06,"[3, 29, 30, 9, 38, 3, 25, 0]"
editorial,"['EH', 'D', 'AH', 'T', 'AO', 'R', 'IY', 'AH', 'L']","['ed', 'it', 'or', 'i', 'al']",['editorial'],0.4444444444444444,1.29e-05,"[7, 18, 3, 33, 4, 30, 11, 3]"
refinance,"['R', 'IY', 'F', 'AH', 'N', 'AE', 'N', 'S']","['re', 'fin', 'ance']","['ref', '##ina', '##nce']",0.4444444444444444,8.32e-07,"[30, 11, 20, 3, 27, 2, 27, 31]"
swaziland,"['S', 'W', 'AA', 'Z', 'IH', 'L', 'AH', 'N', 'D']","['swazi', 'l', 'and']","['sw', '##azi', '##land']",0.4444444444444444,6.61e-07,"[31, 36, 1, 38, 10, 25, 3, 27]"
stylish,"['S', 'T', 'AY', 'L', 'IH', 'SH']","['styl', 'ish']","['st', '##yl', '##ish']",0.42857142857142855,5.01e-06,"[31, 33, 6, 25, 10, 32, 0, 0]"
gourmet,"['G', 'UH', 'R', 'M', 'EY']","['gour', 'met']","['go', '##ur', '##met']",0.42857142857142855,2.29e-06,"[21, 14, 30, 26, 9, 0, 0, 0]"
optimum,"['AA', 'P', 'T', 'AH', 'M', 'AH', 'M']","['op', 'tim', 'um']","['opt', '##imum']",0.42857142857142855,3.47e-06,"[1, 29, 33, 3, 26, 3, 26, 0]"
hewlett,"['HH', 'Y', 'UW', 'L', 'IH', 'T']","['hew', 'lett']","['he', '##wl', '##ett']",0.42857142857142855,1.38e-06,"[22, 37, 15, 25, 10, 33, 0, 0]"
locator,"['L', 'OW', 'K', 'EY', 'T', 'ER']","['loc', 'at', 'or']","['lo', '##cat', '##or']",0.42857142857142855,1.07e-06,"[25, 12, 24, 9, 33, 8, 0, 0]"
pharmacology,"['F', 'AA', 'R', 'M', 'AH', 'K', 'AA', 'L', 'AH', 'JH', 'IY']","['phar', 'ma', 'co', 'logy']","['ph', '##arm', '##aco', '##logy']",0.4166666666666667,1.41e-06,"[20, 1, 30, 26, 3, 24, 1, 25]"
masturbating,"['M', 'AE', 'S', 'T', 'ER', 'B', 'EY', 'T', 'IH', 'NG']","['mas', 'turb', 'at', 'ing']","['mast', '##ur', '##bat', '##ing']",0.4166666666666667,2e-06,"[26, 2, 31, 33, 8, 16, 9, 33]"
xerox,"['Z', 'IH', 'R', 'AA', 'K', 'S']","['xer', 'ox']","['x', '##ero', '##x']",0.4,1.02e-06,"[38, 10, 30, 1, 24, 31, 0, 0]"
modem,"['M', 'OW', 'D', 'AH', 'M']","['mo', 'dem']","['mode', '##m']",0.4,2.51e-06,"[26, 12, 18, 3, 26, 0, 0, 0]"
moderators,"['M', 'AA', 'D', 'ER', 'EY', 'T', 'ER', 'Z']","['mod', 'er', 'at', 'ors']","['moderator', '##s']",0.4,1.02e-06,"[26, 1, 18, 8, 9, 33, 8, 38]"
annotation,"['AE', 'N', 'AH', 'T', 'EY', 'SH', 'AH', 'N']","['an', 'nota', 'tion']","['ann', '##ota', '##tion']",0.4,7.76e-07,"[2, 27, 3, 33, 9, 32, 3, 27]"
currencies,"['K', 'ER', 'AH', 'N', 'S', 'IY', 'Z']","['cur', 'ren', 'cies']","['cu', '##rre', '##ncies']",0.4,4.17e-06,"[24, 8, 3, 27, 31, 11, 38, 0]"
behavioral,"['B', 'IH', 'HH', 'EY', 'V', 'Y', 'ER', 'AH', 'L']","['be', 'ha', 'vi', 'or', 'al']",['behavioral'],0.4,7.24e-06,"[16, 10, 22, 9, 35, 37, 8, 3]"
pharmacies,"['F', 'AA', 'R', 'M', 'AH', 'S', 'IY', 'Z']","['phar', 'ma', 'cies']","['ph', '##arm', '##acies']",0.4,1.51e-06,"[20, 1, 30, 26, 3, 31, 11, 38]"
obituaries,"['OW', 'B', 'IH', 'CH', 'UW', 'EH', 'R', 'IY', 'Z']","['ob', 'it', 'u', 'ar', 'ies']","['ob', '##it', '##uaries']",0.4,6.76e-07,"[12, 16, 10, 17, 15, 7, 30, 11]"
disclaimer,"['D', 'IH', 'S', 'K', 'L', 'EY', 'M', 'ER']","['dis', 'claim', 'er']","['disc', '##lai', '##mer']",0.4,2.88e-06,"[18, 10, 31, 24, 25, 9, 26, 8]"
casio,"['K', 'AE', 'S', 'IY', 'OW']","['ca', 'sio']","['cas', '##io']",0.4,5.37e-07,"[24, 2, 31, 11, 12, 0, 0, 0]"
notifications,"['N', 'OW', 'T', 'AH', 'F', 'AH', 'K', 'EY', 'SH', 'AH', 'N', 'Z']","['no', 'ti', 'fic', 'a', 'tions']","['notification', '##s']",0.38461538461538464,4.57e-06,"[27, 12, 33, 3, 20, 3, 24, 9]"
colonial,"['K', 'AH', 'L', 'OW', 'N', 'IY', 'AH', 'L']","['co', 'lo', 'ni', 'al']",['colonial'],0.375,1.48e-05,"[24, 3, 25, 12, 27, 11, 3, 25]"
roulette,"['R', 'UW', 'L', 'EH', 'T']","['roul', 'ette']","['ro', '##ule', '##tte']",0.375,2.45e-06,"[30, 15, 25, 7, 33, 0, 0, 0]"
material,"['M', 'AH', 'T', 'IH', 'R', 'IY', 'AH', 'L']","['ma', 'ter', 'i', 'al']",['material'],0.375,8.91e-05,"[26, 3, 33, 10, 30, 11, 3, 25]"
superior,"['S', 'UW', 'P', 'IH', 'R', 'IY', 'ER']","['su', 'per', 'i', 'or']",['superior'],0.375,2.88e-05,"[31, 15, 29, 10, 30, 11, 8, 0]"
exterior,"['IH', 'K', 'S', 'T', 'IH', 'R', 'IY', 'ER']","['ex', 'ter', 'i', 'or']",['exterior'],0.375,8.13e-06,"[10, 24, 31, 33, 10, 30, 11, 8]"
vitamins,"['V', 'AY', 'T', 'AH', 'M', 'AH', 'N', 'Z']","['vit', 'am', 'ins']","['vitamin', '##s']",0.375,3.89e-06,"[35, 6, 33, 3, 26, 3, 27, 38]"
position,"['P', 'AH', 'Z', 'IH', 'SH', 'AH', 'N']","['po', 's', 'i', 'tion']",['position'],0.375,0.000162,"[29, 3, 38, 10, 32, 3, 27, 0]"
operator,"['AA', 'P', 'ER', 'EY', 'T', 'ER']","['op', 'er', 'at', 'or']",['operator'],0.375,2.09e-05,"[1, 29, 8, 9, 33, 8, 0, 0]"
optimize,"['AA', 'P', 'T', 'AH', 'M', 'AY', 'Z']","['op', 'tim', 'ize']","['opt', '##imi', '##ze']",0.375,2.14e-06,"[1, 29, 33, 3, 26, 6, 38, 0]"
familiar,"['F', 'AH', 'M', 'IH', 'L', 'Y', 'ER']","['fa', 'mil', 'i', 'ar']",['familiar'],0.375,4.07e-05,"[20, 3, 26, 10, 25, 37, 8, 0]"
behavior,"['B', 'IH', 'HH', 'EY', 'V', 'Y', 'ER']","['be', 'ha', 'vi', 'or']",['behavior'],0.375,4.9e-05,"[16, 10, 22, 9, 35, 37, 8, 0]"
lesbians,"['L', 'EH', 'Z', 'B', 'IY', 'AH', 'N', 'Z']","['les', 'bi', 'ans']","['lesbian', '##s']",0.375,3.98e-06,"[25, 7, 38, 16, 11, 3, 27, 38]"
tutorial,"['T', 'UW', 'T', 'AO', 'R', 'IY', 'AH', 'L']","['tu', 'tori', 'al']","['tutor', '##ial']",0.375,6.31e-06,"[33, 15, 33, 4, 30, 11, 3, 25]"
imperial,"['IH', 'M', 'P', 'IH', 'R', 'IY', 'AH', 'L']","['im', 'per', 'i', 'al']",['imperial'],0.375,1.62e-05,"[10, 26, 29, 10, 30, 11, 3, 25]"
relative,"['R', 'EH', 'L', 'AH', 'T', 'IH', 'V']","['re', 'l', 'at', 'ive']",['relative'],0.375,3.02e-05,"[30, 7, 25, 3, 33, 10, 35, 0]"
medieval,"['M', 'IH', 'D', 'IY', 'V', 'AH', 'L']","['me', 'di', 'ev', 'al']",['medieval'],0.375,1.12e-05,"[26, 10, 18, 11, 35, 3, 25, 0]"
memorabilia,"['M', 'EH', 'M', 'ER', 'AH', 'B', 'IY', 'L', 'Y', 'AH']","['mem', 'or', 'ab', 'il', 'ia']",['memorabilia'],0.36363636363636365,2.04e-06,"[26, 7, 26, 8, 3, 16, 11, 25]"
disclaimers,"['D', 'IH', 'S', 'K', 'L', 'EY', 'M', 'ER', 'Z']","['dis', 'claim', 'ers']","['disc', '##lai', '##mers']",0.36363636363636365,2.82e-07,"[18, 10, 31, 24, 25, 9, 26, 8]"
reliability,"['R', 'IY', 'L', 'AY', 'AH', 'B', 'IH', 'L', 'AH', 'T', 'IY']","['re', 'li', 'ab', 'il', 'ity']",['reliability'],0.36363636363636365,8.32e-06,"[30, 11, 25, 6, 3, 16, 10, 25]"
examination,"['IH', 'G', 'Z', 'AE', 'M', 'AH', 'N', 'EY', 'SH', 'AH', 'N']","['ex', 'am', 'in', 'a', 'tion']",['examination'],0.36363636363636365,1.82e-05,"[10, 21, 38, 2, 26, 3, 27, 9]"
operational,"['AA', 'P', 'ER', 'EY', 'SH', 'AH', 'N', 'AH', 'L']","['op', 'er', 'a', 'tion', 'al']",['operational'],0.36363636363636365,1.62e-05,"[1, 29, 8, 9, 32, 3, 27, 3]"
positioning,"['P', 'AH', 'Z', 'IH', 'SH', 'AH', 'N', 'IH', 'NG']","['po', 's', 'i', 'tion', 'ing']",['positioning'],0.36363636363636365,5.37e-06,"[29, 3, 38, 10, 32, 3, 27, 10]"
theoretical,"['TH', 'IY', 'ER', 'EH', 'T', 'IH', 'K', 'AH', 'L']","['the', 'or', 'et', 'ic', 'al']",['theoretical'],0.36363636363636365,1.02e-05,"[34, 11, 8, 7, 33, 10, 24, 3]"
organizational,"['AO', 'R', 'G', 'AH', 'N', 'AH', 'Z', 'EY', 'SH', 'AH', 'N', 'AH', 'L']","['or', 'gan', 'iz', 'a', 'tion', 'al']",['organizational'],0.35714285714285715,6.76e-06,"[4, 30, 21, 3, 27, 3, 38, 9]"
rehabilitation,"['R', 'IY', 'HH', 'AH', 'B', 'IH', 'L', 'AH', 'T', 'EY', 'SH', 'AH', 'N']","['re', 'hab', 'il', 'it', 'a', 'tion']",['rehabilitation'],0.35714285714285715,9.77e-06,"[30, 11, 22, 3, 16, 10, 25, 3]"
dis,"['D', 'IH', 'S']",['dis'],"['di', '##s']",0.3333333333333333,5.37e-06,"[18, 10, 31, 0, 0, 0, 0, 0]"
pty,"['T', 'AY']",['pty'],"['pt', '##y']",0.3333333333333333,1.66e-06,"[33, 6, 0, 0, 0, 0, 0, 0]"
affiliate,"['AH', 'F', 'IH', 'L', 'IY', 'EY', 'T']","['af', 'fil', 'i', 'ate']",['affiliate'],0.3333333333333333,9.77e-06,"[3, 20, 10, 25, 11, 9, 33, 0]"
tit,"['T', 'IH', 'T']",['tit'],"['ti', '##t']",0.3333333333333333,3.02e-06,"[33, 10, 33, 0, 0, 0, 0, 0]"
violation,"['V', 'AY', 'AH', 'L', 'EY', 'SH', 'AH', 'N']","['vi', 'ol', 'a', 'tion']",['violation'],0.3333333333333333,1.41e-05,"[35, 6, 3, 25, 9, 32, 3, 27]"
elevation,"['EH', 'L', 'AH', 'V', 'EY', 'SH', 'AH', 'N']","['el', 'ev', 'a', 'tion']",['elevation'],0.3333333333333333,7.94e-06,"[7, 25, 3, 35, 9, 32, 3, 27]"
mauritius,"['M', 'AO', 'R', 'IH', 'T', 'IY', 'AH', 'S']","['maur', 'i', 'ti', 'us']",['mauritius'],0.3333333333333333,1.62e-06,"[26, 4, 30, 10, 33, 11, 3, 31]"
alexander,"['AE', 'L', 'AH', 'G', 'Z', 'AE', 'N', 'D', 'ER']","['al', 'ex', 'an', 'der']",['alexander'],0.3333333333333333,2.51e-05,"[2, 25, 3, 21, 38, 2, 27, 18]"
tutorials,"['T', 'UW', 'T', 'AO', 'R', 'IY', 'AH', 'L', 'Z']","['tu', 'tori', 'als']","['tutor', '##ials']",0.3333333333333333,2.88e-06,"[33, 15, 33, 4, 30, 11, 3, 25]"
municipality,"['M', 'Y', 'UW', 'N', 'IH', 'S', 'AH', 'P', 'AE', 'L', 'AH', 'T', 'IY']","['mu', 'ni', 'cip', 'al', 'ity']",['municipality'],0.3333333333333333,5.13e-06,"[26, 37, 15, 27, 10, 31, 3, 29]"
ottawa,"['AA', 'T', 'AH', 'W', 'AA']","['ot', 't', 'awa']",['ottawa'],0.3333333333333333,9.55e-06,"[1, 33, 3, 36, 1, 0, 0, 0]"
execution,"['EH', 'K', 'S', 'AH', 'K', 'Y', 'UW', 'SH', 'AH', 'N']","['ex', 'e', 'cu', 'tion']",['execution'],0.3333333333333333,1.95e-05,"[7, 24, 31, 3, 24, 37, 15, 32]"
eau,['OW'],['eau'],"['ea', '##u']",0.3333333333333333,1.41e-06,"[12, 0, 0, 0, 0, 0, 0, 0]"
recorders,"['R', 'IH', 'K', 'AO', 'R', 'D', 'ER', 'Z']","['re', 'cord', 'ers']","['recorder', '##s']",0.3333333333333333,1.55e-06,"[30, 10, 24, 4, 30, 18, 8, 38]"
frederick,"['F', 'R', 'EH', 'D', 'R', 'IH', 'K']","['fre', 'd', 'er', 'ick']",['frederick'],0.3333333333333333,8.91e-06,"[20, 30, 7, 18, 30, 10, 24, 0]"
associate,"['AH', 'S', 'OW', 'S', 'IY', 'AH', 'T']","['as', 'so', 'ci', 'ate']",['associate'],0.3333333333333333,2.45e-05,"[3, 31, 12, 31, 11, 3, 33, 0]"
jerusalem,"['JH', 'ER', 'UW', 'S', 'AH', 'L', 'AH', 'M']","['jer', 'u', 's', 'alem']",['jerusalem'],0.3333333333333333,1.58e-05,"[23, 8, 15, 31, 3, 25, 3, 26]"
sodium,"['S', 'OW', 'D', 'IY', 'AH', 'M']","['so', 'di', 'um']",['sodium'],0.3333333333333333,7.41e-06,"[31, 12, 18, 11, 3, 26, 0, 0]"
executive,"['IH', 'G', 'Z', 'EH', 'K', 'Y', 'AH', 'T', 'IH', 'V']","['ex', 'ec', 'ut', 'ive']",['executive'],0.3333333333333333,7.41e-05,"[10, 21, 38, 7, 24, 37, 3, 33]"
operators,"['AA', 'P', 'ER', 'EY', 'T', 'ER', 'Z']","['op', 'er', 'at', 'ors']",['operators'],0.3333333333333333,1.55e-05,"[1, 29, 8, 9, 33, 8, 38, 0]"
organization,"['AO', 'R', 'G', 'AH', 'N', 'AH', 'Z', 'EY', 'SH', 'AH', 'N']","['or', 'gan', 'iz', 'a', 'tion']",['organization'],0.3333333333333333,8.32e-05,"[4, 30, 21, 3, 27, 3, 38, 9]"
empirical,"['EH', 'M', 'P', 'IH', 'R', 'IH', 'K', 'AH', 'L']","['em', 'pir', 'ic', 'al']",['empirical'],0.3333333333333333,4.17e-06,"[7, 26, 29, 10, 30, 10, 24, 3]"
apparatus,"['AE', 'P', 'ER', 'AE', 'T', 'AH', 'S']","['ap', 'par', 'at', 'us']",['apparatus'],0.3333333333333333,6.03e-06,"[2, 29, 8, 2, 33, 3, 31, 0]"
dui,"['D', 'IY', 'Y', 'UW', 'AY']",['dui'],"['du', '##i']",0.3333333333333333,2.24e-06,"[18, 11, 37, 15, 6, 0, 0, 0]"
indianapolis,"['IH', 'N', 'D', 'IY', 'AH', 'N', 'AE', 'P', 'AH', 'L', 'IH', 'S']","['in', 'di', 'ana', 'pol', 'is']",['indianapolis'],0.3333333333333333,6.61e-06,"[10, 27, 18, 11, 3, 27, 2, 29]"
lolita,"['L', 'OW', 'L', 'IY', 'T', 'AH']","['lol', 'ita']","['lo', '##lita']",0.3333333333333333,1.17e-06,"[25, 12, 25, 11, 33, 3, 0, 0]"
accompanying,"['AH', 'K', 'AH', 'M', 'P', 'AH', 'N', 'IY', 'IH', 'NG']","['ac', 'com', 'pa', 'ny', 'ing']",['accompanying'],0.3333333333333333,7.08e-06,"[3, 24, 3, 26, 29, 3, 27, 11]"
omissions,"['OW', 'M', 'IH', 'SH', 'AH', 'N', 'Z']","['omis', 'sions']","['om', '##iss', '##ions']",0.3333333333333333,1.29e-06,"[12, 26, 10, 32, 3, 27, 38, 0]"
mpg,"['EH', 'M', 'P', 'IY', 'JH', 'IY']",['mpg'],"['mp', '##g']",0.3333333333333333,1.15e-06,"[7, 26, 29, 11, 23, 11, 0, 0]"
moderator,"['M', 'AA', 'D', 'ER', 'EY', 'T', 'ER']","['mod', 'er', 'at', 'or']",['moderator'],0.3333333333333333,2.57e-06,"[26, 1, 18, 8, 9, 33, 8, 0]"
uni,"['Y', 'UW', 'N', 'IY']",['uni'],"['un', '##i']",0.3333333333333333,4.9e-06,"[37, 15, 27, 11, 0, 0, 0, 0]"
nav,"['N', 'AE', 'V']",['nav'],"['na', '##v']",0.3333333333333333,1.82e-06,"[27, 2, 35, 0, 0, 0, 0, 0]"
refund,"['R', 'IH', 'F', 'AH', 'N', 'D']","['re', 'fund']","['ref', '##und']",0.3333333333333333,8.71e-06,"[30, 10, 20, 3, 27, 18, 0, 0]"
radios,"['R', 'EY', 'D', 'IY', 'OW', 'Z']","['ra', 'di', 'os']",['radios'],0.3333333333333333,2.57e-06,"[30, 9, 18, 11, 12, 38, 0, 0]"
lib,"['L', 'IH', 'B']",['lib'],"['li', '##b']",0.3333333333333333,5.62e-06,"[25, 10, 16, 0, 0, 0, 0, 0]"
vacations,"['V', 'EY', 'K', 'EY', 'SH', 'AH', 'N', 'Z']","['va', 'ca', 'tions']","['vacation', '##s']",0.3333333333333333,3.24e-06,"[35, 9, 24, 9, 32, 3, 27, 38]"
fetish,"['F', 'EH', 'T', 'IH', 'SH']","['fet', 'ish']","['fe', '##tish']",0.3333333333333333,3.89e-06,"[20, 7, 33, 10, 32, 0, 0, 0]"
zoloft,"['Z', 'AA', 'L', 'AA', 'F', 'T']","['zo', 'loft']","['z', '##olo', '##ft']",0.3333333333333333,3.39e-07,"[38, 1, 25, 1, 20, 33, 0, 0]"
uri,"['Y', 'ER', 'IY']",['uri'],"['ur', '##i']",0.3333333333333333,1.82e-06,"[37, 8, 11, 0, 0, 0, 0, 0]"
violin,"['V', 'AY', 'AH', 'L', 'IH', 'N']","['vi', 'ol', 'in']",['violin'],0.3333333333333333,5.5e-06,"[35, 6, 3, 25, 10, 27, 0, 0]"
aud,"['AO', 'D']",['aud'],"['au', '##d']",0.3333333333333333,1.45e-06,"[4, 18, 0, 0, 0, 0, 0, 0]"
prozac,"['P', 'R', 'OW', 'Z', 'AE', 'K']","['proz', 'ac']","['pro', '##za', '##c']",0.3333333333333333,5.25e-07,"[29, 30, 12, 38, 2, 24, 0, 0]"
modems,"['M', 'OW', 'D', 'AH', 'M', 'Z']","['mo', 'dems']","['mode', '##ms']",0.3333333333333333,5.13e-07,"[26, 12, 18, 3, 26, 38, 0, 0]"
pediatric,"['P', 'IY', 'D', 'IY', 'AE', 'T', 'R', 'IH', 'K']","['pe', 'di', 'at', 'ric']",['pediatric'],0.3333333333333333,3.39e-06,"[29, 11, 18, 11, 2, 33, 30, 10]"
personals,"['P', 'ER', 'S', 'IH', 'N', 'IH', 'L', 'Z']","['per', 'son', 'als']","['personal', '##s']",0.3333333333333333,3.63e-07,"[29, 8, 31, 10, 27, 10, 25, 38]"
immediate,"['IH', 'M', 'IY', 'D', 'IY', 'AH', 'T']","['im', 'me', 'di', 'ate']",['immediate'],0.3333333333333333,3.31e-05,"[10, 26, 11, 18, 11, 3, 33, 0]"
experiencing,"['IH', 'K', 'S', 'P', 'IH', 'R', 'IY', 'AH', 'N', 'S', 'IH', 'NG']","['ex', 'per', 'i', 'en', 'cing']",['experiencing'],0.3333333333333333,1.1e-05,"[10, 24, 31, 29, 10, 30, 11, 3]"
occupational,"['AA', 'K', 'Y', 'AH', 'P', 'EY', 'SH', 'AH', 'N', 'AH', 'L']","['oc', 'cu', 'pa', 'tion', 'al']",['occupational'],0.3333333333333333,5.25e-06,"[1, 24, 37, 3, 29, 9, 32, 3]"
refine,"['R', 'AH', 'F', 'AY', 'N']","['re', 'fine']","['ref', '##ine']",0.3333333333333333,1.91e-06,"[30, 3, 20, 6, 27, 0, 0, 0]"
pos,"['P', 'AA', 'S']",['pos'],"['po', '##s']",0.3333333333333333,5.01e-06,"[29, 1, 31, 0, 0, 0, 0, 0]"
arabic,"['AE', 'R', 'AH', 'B', 'IH', 'K']","['ar', 'ab', 'ic']",['arabic'],0.3333333333333333,1.07e-05,"[2, 30, 3, 16, 10, 24, 0, 0]"
animation,"['AE', 'N', 'AH', 'M', 'EY', 'SH', 'AH', 'N']","['an', 'im', 'a', 'tion']",['animation'],0.3333333333333333,1.51e-05,"[2, 27, 3, 26, 9, 32, 3, 27]"
dialog,"['D', 'AY', 'AH', 'L', 'AO', 'G']","['dia', 'log']","['dial', '##og']",0.3333333333333333,2.88e-06,"[18, 6, 3, 25, 4, 21, 0, 0]"
animal,"['AE', 'N', 'AH', 'M', 'AH', 'L']","['an', 'im', 'al']",['animal'],0.3333333333333333,6.46e-05,"[2, 27, 3, 26, 3, 25, 0, 0]"
generator,"['JH', 'EH', 'N', 'ER', 'EY', 'T', 'ER']","['gen', 'er', 'at', 'or']",['generator'],0.3333333333333333,8.71e-06,"[23, 7, 27, 8, 9, 33, 8, 0]"
casual,"['K', 'AE', 'ZH', 'AH', 'W', 'AH', 'L']","['cas', 'u', 'al']",['casual'],0.3333333333333333,1.7e-05,"[24, 2, 39, 3, 36, 3, 25, 0]"
actual,"['AE', 'K', 'CH', 'AH', 'W', 'AH', 'L']","['ac', 'tu', 'al']",['actual'],0.3333333333333333,7.08e-05,"[2, 24, 17, 3, 36, 3, 25, 0]"
nextel,"['N', 'EH', 'K', 'S', 'T', 'EH', 'L']","['nex', 'tel']","['next', '##el']",0.3333333333333333,2.09e-07,"[27, 7, 24, 31, 33, 7, 25, 0]"
ppm,"['P', 'IY', 'P', 'IY', 'EH', 'M']",['ppm'],"['pp', '##m']",0.3333333333333333,1.41e-06,"[29, 11, 29, 11, 7, 26, 0, 0]"
biz,"['B', 'IH', 'Z']",['biz'],"['bi', '##z']",0.3333333333333333,1.86e-06,"[16, 10, 38, 0, 0, 0, 0, 0]"
operation,"['AA', 'P', 'ER', 'EY', 'SH', 'AH', 'N']","['op', 'er', 'a', 'tion']",['operation'],0.3333333333333333,8.32e-05,"[1, 29, 8, 9, 32, 3, 27, 0]"
asp,"['AE', 'S', 'P']",['asp'],"['as', '##p']",0.3333333333333333,1.12e-06,"[2, 31, 29, 0, 0, 0, 0, 0]"
nudity,"['N', 'UW', 'D', 'IH', 'T', 'IY']","['nud', 'ity']","['nu', '##dity']",0.3333333333333333,2.45e-06,"[27, 15, 18, 10, 33, 11, 0, 0]"
eleven,"['IH', 'L', 'EH', 'V', 'AH', 'N']","['el', 'ev', 'en']",['eleven'],0.3333333333333333,1.32e-05,"[10, 25, 7, 35, 3, 27, 0, 0]"
amsterdam,"['AE', 'M', 'S', 'T', 'ER', 'D', 'AE', 'M']","['am', 's', 'ter', 'dam']",['amsterdam'],0.3333333333333333,1.07e-05,"[2, 26, 31, 33, 8, 18, 2, 26]"
eos,"['IY', 'AA', 'S']",['eos'],"['e', '##os']",0.3333333333333333,1.7e-06,"[11, 1, 31, 0, 0, 0, 0, 0]"
experimental,"['IH', 'K', 'S', 'P', 'EH', 'R', 'IH', 'M', 'EH', 'N', 'T', 'AH', 'L']","['ex', 'per', 'i', 'ment', 'al']",['experimental'],0.3333333333333333,1.91e-05,"[10, 24, 31, 29, 7, 30, 10, 26]"
notification,"['N', 'OW', 'T', 'AH', 'F', 'AH', 'K', 'EY', 'SH', 'AH', 'N']","['no', 'ti', 'fic', 'a', 'tion']",['notification'],0.3333333333333333,8.32e-06,"[27, 12, 33, 3, 20, 3, 24, 9]"
ver,"['V', 'ER']",['ver'],"['ve', '##r']",0.3333333333333333,2.63e-06,"[35, 8, 0, 0, 0, 0, 0, 0]"
indian,"['IH', 'N', 'D', 'IY', 'AH', 'N']","['in', 'di', 'an']",['indian'],0.3333333333333333,8.13e-05,"[10, 27, 18, 11, 3, 27, 0, 0]"
intellectual,"['IH', 'N', 'T', 'AH', 'L', 'EH', 'K', 'CH', 'UW', 'AH', 'L']","['in', 'tel', 'lec', 'tu', 'al']",['intellectual'],0.3333333333333333,2e-05,"[10, 27, 33, 3, 25, 7, 24, 17]"
indicator,"['IH', 'N', 'D', 'AH', 'K', 'EY', 'T', 'ER']","['in', 'dic', 'at', 'or']",['indicator'],0.3333333333333333,8.32e-06,"[10, 27, 18, 3, 24, 9, 33, 8]"
avenue,"['AE', 'V', 'AH', 'N', 'UW']","['av', 'en', 'ue']",['avenue'],0.3333333333333333,2.69e-05,"[2, 35, 3, 27, 15, 0, 0, 0]"
julian,"['JH', 'UW', 'L', 'IY', 'AH', 'N']","['ju', 'li', 'an']",['julian'],0.3333333333333333,9.77e-06,"[23, 15, 25, 11, 3, 27, 0, 0]"
nil,"['N', 'IH', 'L']",['nil'],"['ni', '##l']",0.3333333333333333,2.14e-06,"[27, 10, 25, 0, 0, 0, 0, 0]"
arabia,"['ER', 'EY', 'B', 'IY', 'AH']","['ar', 'a', 'bia']",['arabia'],0.3333333333333333,1.32e-05,"[8, 9, 16, 11, 3, 0, 0, 0]"
mariah,"['M', 'ER', 'AY', 'AH']","['mari', 'ah']","['maria', '##h']",0.3333333333333333,1.58e-06,"[26, 8, 6, 3, 0, 0, 0, 0]"
mutual,"['M', 'Y', 'UW', 'CH', 'AH', 'W', 'AH', 'L']","['mu', 'tu', 'al']",['mutual'],0.3333333333333333,1.82e-05,"[26, 37, 15, 17, 3, 36, 3, 25]"
tue,"['T', 'UW']",['tue'],"['tu', '##e']",0.3333333333333333,1.74e-06,"[33, 15, 0, 0, 0, 0, 0, 0]"
medium,"['M', 'IY', 'D', 'IY', 'AH', 'M']","['me', 'di', 'um']",['medium'],0.3333333333333333,4.07e-05,"[26, 11, 18, 11, 3, 26, 0, 0]"
mathematical,"['M', 'AE', 'TH', 'AH', 'M', 'AE', 'T', 'IH', 'K', 'AH', 'L']","['math', 'em', 'at', 'ic', 'al']",['mathematical'],0.3333333333333333,1.1e-05,"[26, 2, 34, 3, 26, 2, 33, 10]"
delete,"['D', 'IH', 'L', 'IY', 'T']","['de', 'lete']","['del', '##ete']",0.3333333333333333,1.66e-05,"[18, 10, 25, 11, 33, 0, 0, 0]"
incest,"['IH', 'N', 'S', 'EH', 'S', 'T']","['in', 'cest']","['inc', '##est']",0.3333333333333333,2.29e-06,"[10, 27, 31, 7, 31, 33, 0, 0]"
investigator,"['IH', 'N', 'V', 'EH', 'S', 'T', 'AH', 'G', 'EY', 'T', 'ER']","['in', 'vest', 'ig', 'at', 'or']",['investigator'],0.3333333333333333,6.76e-06,"[10, 27, 35, 7, 31, 33, 3, 21]"
nudist,"['N', 'UW', 'D', 'IH', 'S', 'T']","['nud', 'ist']","['nu', '##dis', '##t']",0.3333333333333333,6.46e-07,"[27, 15, 18, 10, 31, 33, 0, 0]"
yea,"['Y', 'EY']",['yea'],"['ye', '##a']",0.3333333333333333,1.82e-05,"[37, 9, 0, 0, 0, 0, 0, 0]"
aol,"['EY', 'OW', 'EH', 'L']",['aol'],"['ao', '##l']",0.3333333333333333,1.74e-06,"[9, 12, 7, 25, 0, 0, 0, 0]"
locale,"['L', 'OW', 'K', 'AE', 'L']","['loc', 'ale']","['local', '##e']",0.3333333333333333,9.55e-07,"[25, 12, 24, 2, 25, 0, 0, 0]"
nested,"['N', 'EH', 'S', 'T', 'AH', 'D']","['nes', 'ted']","['nest', '##ed']",0.3333333333333333,1.07e-06,"[27, 7, 31, 33, 3, 18, 0, 0]"
liability,"['L', 'AY', 'AH', 'B', 'IH', 'L', 'IH', 'T', 'IY']","['li', 'ab', 'il', 'ity']",['liability'],0.3333333333333333,1.45e-05,"[25, 6, 3, 16, 10, 25, 10, 33]"
intermediate,"['IH', 'N', 'T', 'ER', 'M', 'IY', 'D', 'IY', 'IH', 'T']","['in', 'ter', 'me', 'di', 'ate']",['intermediate'],0.3333333333333333,1.1e-05,"[10, 27, 33, 8, 26, 11, 18, 11]"
specifics,"['S', 'P', 'IH', 'S', 'IH', 'F', 'IH', 'K', 'S']","['spe', 'cif', 'ics']","['specific', '##s']",0.3333333333333333,3.31e-06,"[31, 29, 10, 31, 10, 20, 10, 24]"
librarian,"['L', 'AY', 'B', 'R', 'EH', 'R', 'IY', 'AH', 'N']","['lib', 'rar', 'i', 'an']",['librarian'],0.3333333333333333,3.89e-06,"[25, 6, 16, 30, 7, 30, 11, 3]"
subsidiaries,"['S', 'AH', 'B', 'S', 'IH', 'D', 'IY', 'EH', 'R', 'IY', 'Z']","['sub', 'si', 'di', 'ar', 'ies']",['subsidiaries'],0.3333333333333333,3.8e-06,"[31, 3, 16, 31, 10, 18, 11, 7]"
positions,"['P', 'AH', 'Z', 'IH', 'SH', 'AH', 'N', 'Z']","['po', 's', 'i', 'tions']",['positions'],0.3333333333333333,4.27e-05,"[29, 3, 38, 10, 32, 3, 27, 38]"
junior,"['JH', 'UW', 'N', 'Y', 'ER']","['ju', 'ni', 'or']",['junior'],0.3333333333333333,3.09e-05,"[23, 15, 27, 37, 8, 0, 0, 0]"
lat,"['L', 'AA', 'T']",['lat'],"['la', '##t']",0.3333333333333333,1.35e-06,"[25, 1, 33, 0, 0, 0, 0, 0]"
examinations,"['IH', 'G', 'Z', 'AE', 'M', 'AH', 'N', 'EY', 'SH', 'AH', 'N', 'Z']","['ex', 'am', 'in', 'a', 'tions']",['examinations'],0.3333333333333333,4.07e-06,"[10, 21, 38, 2, 26, 3, 27, 9]"
cursor,"['K', 'ER', 'S', 'ER']","['curs', 'or']","['cu', '##rso', '##r']",0.3333333333333333,1.23e-06,"[24, 8, 31, 8, 0, 0, 0, 0]"
latina,"['L', 'AA', 'T', 'IY', 'N', 'AH']","['lat', 'ina']","['latin', '##a']",0.3333333333333333,2.4e-06,"[25, 1, 33, 11, 27, 3, 0, 0]"
leu,"['L', 'UW']",['leu'],"['le', '##u']",0.3333333333333333,2.88e-07,"[25, 15, 0, 0, 0, 0, 0, 0]"
fundamentals,"['F', 'AH', 'N', 'D', 'AH', 'M', 'EH', 'N', 'T', 'AH', 'L', 'Z']","['fun', 'da', 'ment', 'als']","['fundamental', '##s']",0.3333333333333333,3.89e-06,"[20, 3, 27, 18, 3, 26, 7, 27]"
norwegian,"['N', 'AO', 'R', 'W', 'IY', 'JH', 'AH', 'N']","['nor', 'we', 'gi', 'an']",['norwegian'],0.3333333333333333,8.91e-06,"[27, 4, 30, 36, 11, 23, 3, 27]"
societies,"['S', 'AH', 'S', 'AY', 'AH', 'T', 'IY', 'Z']","['so', 'ci', 'et', 'ies']",['societies'],0.3333333333333333,1.2e-05,"[31, 3, 31, 6, 3, 33, 11, 38]"
condos,"['K', 'AA', 'N', 'D', 'OW', 'Z']","['con', 'dos']","['condo', '##s']",0.3333333333333333,1.32e-06,"[24, 1, 27, 18, 12, 38, 0, 0]"
encyclopedia,"['IH', 'N', 'S', 'AY', 'K', 'L', 'AH', 'P', 'IY', 'D', 'IY', 'AH']","['en', 'cyc', 'lo', 'pe', 'dia']",['encyclopedia'],0.3333333333333333,3.31e-06,"[10, 27, 31, 6, 24, 25, 3, 29]"
median,"['M', 'IY', 'D', 'IY', 'AH', 'N']","['me', 'di', 'an']",['median'],0.3333333333333333,1.12e-05,"[26, 11, 18, 11, 3, 27, 0, 0]"
wagner,"['W', 'AE', 'G', 'N', 'ER']","['wag', 'n', 'er']",['wagner'],0.3333333333333333,5.13e-06,"[36, 2, 21, 27, 8, 0, 0, 0]"
authentic,"['AH', 'TH', 'EH', 'N', 'T', 'IH', 'K']","['au', 'then', 't', 'ic']",['authentic'],0.3333333333333333,1.1e-05,"[3, 34, 7, 27, 33, 10, 24, 0]"
sie,"['S', 'IY']",['sie'],"['si', '##e']",0.3333333333333333,1.15e-06,"[31, 11, 0, 0, 0, 0, 0, 0]"
numerical,"['N', 'UW', 'M', 'EH', 'R', 'AH', 'K', 'AH', 'L']","['nu', 'mer', 'ic', 'al']",['numerical'],0.3333333333333333,4.47e-06,"[27, 15, 26, 7, 30, 3, 24, 3]"
ons,"['AA', 'N', 'Z']",['ons'],"['on', '##s']",0.3333333333333333,3.63e-06,"[1, 27, 38, 0, 0, 0, 0, 0]"
refrigerator,"['R', 'AH', 'F', 'R', 'IH', 'JH', 'ER', 'EY', 'T', 'ER']","['re', 'fri', 'ger', 'at', 'or']",['refrigerator'],0.3333333333333333,4.07e-06,"[30, 3, 20, 30, 10, 23, 8, 9]"
disabilities,"['D', 'IH', 'S', 'AH', 'B', 'IH', 'L', 'AH', 'T', 'IY', 'Z']","['dis', 'ab', 'il', 'it', 'ies']",['disabilities'],0.3333333333333333,8.51e-06,"[18, 10, 31, 3, 16, 10, 25, 3]"
municipal,"['M', 'Y', 'UW', 'N', 'IH', 'S', 'AH', 'P', 'AH', 'L']","['mu', 'ni', 'cip', 'al']",['municipal'],0.3333333333333333,1.74e-05,"[26, 37, 15, 27, 10, 31, 3, 29]"
editor,"['EH', 'D', 'AH', 'T', 'ER']","['ed', 'it', 'or']",['editor'],0.3333333333333333,4.17e-05,"[7, 18, 3, 33, 8, 0, 0, 0]"
radius,"['R', 'EY', 'D', 'IY', 'AH', 'S']","['ra', 'di', 'us']",['radius'],0.3333333333333333,7.24e-06,"[30, 9, 18, 11, 3, 31, 0, 0]"
calendars,"['K', 'AE', 'L', 'AH', 'N', 'D', 'ER', 'Z']","['cal', 'en', 'dars']","['calendar', '##s']",0.3333333333333333,2e-06,"[24, 2, 25, 3, 27, 18, 8, 38]"
adrian,"['EY', 'D', 'R', 'IY', 'AH', 'N']","['ad', 'ri', 'an']",['adrian'],0.3333333333333333,8.91e-06,"[9, 18, 30, 11, 3, 27, 0, 0]"
humanitarian,"['HH', 'Y', 'UW', 'M', 'AE', 'N', 'AH', 'T', 'EH', 'R', 'IY', 'AH', 'N']","['hu', 'man', 'it', 'ari', 'an']",['humanitarian'],0.3333333333333333,8.13e-06,"[22, 37, 15, 26, 2, 27, 3, 33]"
hepatitis,"['HH', 'EH', 'P', 'AH', 'T', 'AY', 'T', 'AH', 'S']","['hep', 'at', 'it', 'is']",['hepatitis'],0.3333333333333333,3.31e-06,"[22, 7, 29, 3, 33, 6, 33, 3]"
navigator,"['N', 'AE', 'V', 'AH', 'G', 'EY', 'T', 'ER']","['nav', 'ig', 'at', 'or']",['navigator'],0.3333333333333333,1.95e-06,"[27, 2, 35, 3, 21, 9, 33, 8]"
hypothetical,"['HH', 'AY', 'P', 'AH', 'TH', 'EH', 'T', 'AH', 'K', 'AH', 'L']","['hy', 'po', 'thet', 'ic', 'al']",['hypothetical'],0.3333333333333333,4.07e-06,"[22, 6, 29, 3, 34, 7, 33, 3]"
capabilities,"['K', 'EY', 'P', 'AH', 'B', 'IH', 'L', 'AH', 'T', 'IY', 'Z']","['cap', 'ab', 'il', 'it', 'ies']",['capabilities'],0.3333333333333333,1.29e-05,"[24, 9, 29, 3, 16, 10, 25, 3]"
ent,"['EH', 'N', 'T']",['ent'],"['en', '##t']",0.3333333333333333,2.09e-06,"[7, 27, 33, 0, 0, 0, 0, 0]"
metropolitan,"['M', 'EH', 'T', 'R', 'AH', 'P', 'AA', 'L', 'AH', 'T', 'AH', 'N']","['met', 'ro', 'pol', 'it', 'an']",['metropolitan'],0.3333333333333333,1.51e-05,"[26, 7, 33, 30, 3, 29, 1, 25]"
aerial,"['EH', 'R', 'IY', 'AH', 'L']","['aer', 'i', 'al']",['aerial'],0.3333333333333333,8.13e-06,"[7, 30, 11, 3, 25, 0, 0, 0]"
amplifier,"['AE', 'M', 'P', 'L', 'AH', 'F', 'AY', 'ER']","['amp', 'li', 'fi', 'er']",['amplifier'],0.3333333333333333,2.82e-06,"[2, 26, 29, 25, 3, 20, 6, 8]"
appliance,"['AH', 'P', 'L', 'AY', 'AH', 'N', 'S']","['ap', 'pli', 'ance']","['app', '##lian', '##ce']",0.3333333333333333,2.24e-06,"[3, 29, 25, 6, 3, 27, 31, 0]"
sig,"['S', 'IH', 'G']",['sig'],"['si', '##g']",0.3333333333333333,1.86e-06,"[31, 10, 21, 0, 0, 0, 0, 0]"
relatives,"['R', 'EH', 'L', 'AH', 'T', 'IH', 'V', 'Z']","['re', 'l', 'at', 'ives']",['relatives'],0.3333333333333333,1.58e-05,"[30, 7, 25, 3, 33, 10, 35, 38]"
motels,"['M', 'OW', 'T', 'EH', 'L', 'Z']","['mo', 'tels']","['motel', '##s']",0.3333333333333333,7.94e-07,"[26, 12, 33, 7, 25, 38, 0, 0]"
materials,"['M', 'AH', 'T', 'IH', 'R', 'IY', 'AH', 'L', 'Z']","['ma', 'ter', 'i', 'als']",['materials'],0.3333333333333333,6.03e-05,"[26, 3, 33, 10, 30, 11, 3, 25]"
annual,"['AE', 'N', 'Y', 'UW', 'AH', 'L']","['an', 'nu', 'al']",['annual'],0.3333333333333333,8.71e-05,"[2, 27, 37, 15, 3, 25, 0, 0]"
agricultural,"['AE', 'G', 'R', 'AH', 'K', 'AH', 'L', 'CH', 'ER', 'AH', 'L']","['ag', 'ri', 'cul', 'tur', 'al']",['agricultural'],0.3333333333333333,2.19e-05,"[2, 21, 30, 3, 24, 3, 25, 17]"
pix,"['P', 'IH', 'K', 'S']",['pix'],"['pi', '##x']",0.3333333333333333,5.62e-07,"[29, 10, 24, 31, 0, 0, 0, 0]"
recipient,"['R', 'AH', 'S', 'IH', 'P', 'IY', 'AH', 'N', 'T']","['re', 'cip', 'i', 'ent']",['recipient'],0.3333333333333333,8.71e-06,"[30, 3, 31, 10, 29, 11, 3, 27]"
operating,"['AA', 'P', 'ER', 'EY', 'T', 'IH', 'NG']","['op', 'er', 'at', 'ing']",['operating'],0.3333333333333333,5.62e-05,"[1, 29, 8, 9, 33, 10, 28, 0]"
vat,"['V', 'AE', 'T']",['vat'],"['va', '##t']",0.3333333333333333,3.47e-06,"[35, 2, 33, 0, 0, 0, 0, 0]"
realty,"['R', 'IY', 'AH', 'L', 'T', 'IY']","['re', 'alty']","['real', '##ty']",0.3333333333333333,2.29e-06,"[30, 11, 3, 25, 33, 11, 0, 0]"
fax,"['F', 'AE', 'K', 'S']",['fax'],"['fa', '##x']",0.3333333333333333,4.27e-06,"[20, 2, 24, 31, 0, 0, 0, 0]"
vacuum,"['V', 'AE', 'K', 'Y', 'UW', 'M']","['va', 'cu', 'um']",['vacuum'],0.3333333333333333,1.23e-05,"[35, 2, 24, 37, 15, 26, 0, 0]"
telephony,"['T', 'EH', 'L', 'AH', 'F', 'OW', 'N', 'IY']","['tele', 'phony']","['tel', '##ep', '##hony']",0.3333333333333333,7.76e-07,"[33, 7, 25, 3, 20, 12, 27, 11]"
avi,"['AA', 'V', 'IY']",['avi'],"['av', '##i']",0.3333333333333333,1.51e-06,"[1, 35, 11, 0, 0, 0, 0, 0]"
redeem,"['R', 'IH', 'D', 'IY', 'M']","['re', 'deem']","['red', '##eem']",0.3333333333333333,3.39e-06,"[30, 10, 18, 11, 26, 0, 0, 0]"
ide,"['AY', 'D']",['ide'],"['id', '##e']",0.3333333333333333,1.38e-06,"[6, 18, 0, 0, 0, 0, 0, 0]"
valium,"['V', 'EY', 'L', 'IY', 'AH', 'M']","['vali', 'um']","['val', '##ium']",0.3333333333333333,8.91e-07,"[35, 9, 25, 11, 3, 26, 0, 0]"
pantyhose,"['P', 'AE', 'N', 'T', 'IY', 'HH', 'OW', 'Z']","['panty', 'hose']","['pan', '##ty', '##hos', '##e']",0.3333333333333333,6.92e-07,"[29, 2, 27, 33, 11, 22, 12, 38]"
cos,"['K', 'AO', 'S']",['cos'],"['co', '##s']",0.3333333333333333,1.12e-05,"[24, 4, 31, 0, 0, 0, 0, 0]"
optimization,"['AA', 'P', 'T', 'AH', 'M', 'AH', 'Z', 'EY', 'SH', 'AH', 'N']","['op', 'tim', 'iz', 'a', 'tion']",['optimization'],0.3333333333333333,4.57e-06,"[1, 29, 33, 3, 26, 3, 38, 9]"
responsibilities,"['R', 'IY', 'S', 'P', 'AA', 'N', 'S', 'AH', 'B', 'IH', 'L', 'AH', 'T', 'IY', 'Z']","['re', 'spons', 'ib', 'il', 'it', 'ies']",['responsibilities'],0.3125,1.41e-05,"[30, 11, 31, 29, 1, 27, 31, 3]"
characterization,"['K', 'EH', 'R', 'AH', 'K', 'T', 'ER', 'IH', 'Z', 'EY', 'SH', 'AH', 'N']","['char', 'ac', 'ter', 'iz', 'a', 'tion']",['characterization'],0.3125,3.39e-06,"[24, 7, 30, 3, 24, 33, 8, 10]"
opportunities,"['AA', 'P', 'ER', 'T', 'UW', 'N', 'AH', 'T', 'IY', 'Z']","['op', 'por', 'tun', 'it', 'ies']",['opportunities'],0.3076923076923077,4.07e-05,"[1, 29, 8, 33, 15, 27, 3, 33]"
manufacturing,"['M', 'AE', 'N', 'Y', 'AH', 'F', 'AE', 'K', 'CH', 'ER', 'IH', 'NG']","['man', 'u', 'fac', 'tur', 'ing']",['manufacturing'],0.3076923076923077,3.63e-05,"[26, 2, 27, 37, 3, 20, 2, 24]"
documentation,"['D', 'AA', 'K', 'Y', 'AH', 'M', 'EH', 'N', 'T', 'EY', 'SH', 'AH', 'N']","['doc', 'u', 'ment', 'a', 'tion']",['documentation'],0.3076923076923077,8.91e-06,"[18, 1, 24, 37, 3, 26, 7, 27]"
compatibility,"['K', 'AH', 'M', 'P', 'AE', 'T', 'AH', 'B', 'IH', 'L', 'AH', 'T', 'IY']","['com', 'pat', 'ib', 'il', 'ity']",['compatibility'],0.3076923076923077,3.89e-06,"[24, 3, 26, 29, 2, 33, 3, 16]"
computational,"['K', 'AA', 'M', 'P', 'Y', 'UW', 'T', 'EY', 'SH', 'AH', 'N', 'AH', 'L']","['com', 'pu', 'ta', 'tion', 'al']",['computational'],0.3076923076923077,4.17e-06,"[24, 1, 26, 29, 37, 15, 33, 9]"
biotechnology,"['B', 'AY', 'OW', 'T', 'EH', 'K', 'N', 'AA', 'L', 'AH', 'JH', 'IY']","['bi', 'o', 'tech', 'no', 'logy']",['biotechnology'],0.3076923076923077,2.63e-06,"[16, 6, 12, 33, 7, 24, 27, 1]"
accreditation,"['AH', 'K', 'R', 'EH', 'D', 'AH', 'T', 'EY', 'SH', 'AH', 'N']","['ac', 'cred', 'it', 'a', 'tion']",['accreditation'],0.3076923076923077,3.47e-06,"[3, 24, 30, 7, 18, 3, 33, 9]"
precipitation,"['P', 'R', 'IH', 'S', 'IH', 'P', 'IH', 'T', 'EY', 'SH', 'AH', 'N']","['pre', 'cip', 'it', 'a', 'tion']",['precipitation'],0.3076923076923077,4.37e-06,"[29, 30, 10, 31, 10, 29, 10, 33]"
technological,"['T', 'EH', 'K', 'N', 'AH', 'L', 'AA', 'JH', 'IH', 'K', 'AH', 'L']","['tech', 'no', 'lo', 'gic', 'al']",['technological'],0.3076923076923077,1.15e-05,"[33, 7, 24, 27, 3, 25, 1, 23]"
manufacturers,"['M', 'AE', 'N', 'Y', 'AH', 'F', 'AE', 'K', 'CH', 'ER', 'ER', 'Z']","['man', 'u', 'fac', 'tur', 'ers']",['manufacturers'],0.3076923076923077,2.24e-05,"[26, 2, 27, 37, 3, 20, 2, 24]"
institutional,"['IH', 'N', 'S', 'T', 'IH', 'T', 'UW', 'SH', 'AH', 'N', 'AH', 'L']","['in', 'sti', 'tu', 'tion', 'al']",['institutional'],0.3076923076923077,1e-05,"[10, 27, 31, 33, 10, 33, 15, 32]"
participating,"['P', 'AA', 'R', 'T', 'IH', 'S', 'AH', 'P', 'EY', 'T', 'IH', 'NG']","['par', 'ti', 'cip', 'at', 'ing']",['participating'],0.3076923076923077,1.55e-05,"[29, 1, 30, 33, 10, 31, 3, 29]"
qualification,"['K', 'W', 'AA', 'L', 'AH', 'F', 'AH', 'K', 'EY', 'SH', 'AH', 'N']","['qual', 'i', 'fic', 'a', 'tion']",['qualification'],0.3076923076923077,7.59e-06,"[24, 36, 1, 25, 3, 20, 3, 24]"
psychological,"['S', 'AY', 'K', 'AH', 'L', 'AA', 'JH', 'IH', 'K', 'AH', 'L']","['psy', 'cho', 'lo', 'gic', 'al']",['psychological'],0.3076923076923077,1.86e-05,"[31, 6, 24, 3, 25, 1, 23, 10]"
consolidation,"['K', 'AH', 'N', 'S', 'AA', 'L', 'AH', 'D', 'EY', 'SH', 'AH', 'N']","['con', 'sol', 'id', 'a', 'tion']",['consolidation'],0.3076923076923077,5.13e-06,"[24, 3, 27, 31, 1, 25, 3, 18]"
collaboration,"['K', 'AH', 'L', 'AE', 'B', 'ER', 'EY', 'SH', 'AH', 'N']","['col', 'lab', 'or', 'a', 'tion']",['collaboration'],0.3076923076923077,1.91e-05,"[24, 3, 25, 2, 16, 8, 9, 32]"
investigators,"['IH', 'N', 'V', 'EH', 'S', 'T', 'AH', 'G', 'EY', 'T', 'ER', 'Z']","['in', 'vest', 'ig', 'at', 'ors']",['investigators'],0.3076923076923077,7.59e-06,"[10, 27, 35, 7, 31, 33, 3, 21]"
possibilities,"['P', 'AA', 'S', 'AH', 'B', 'IH', 'L', 'AH', 'T', 'IY', 'Z']","['pos', 'sib', 'il', 'it', 'ies']",['possibilities'],0.3076923076923077,1.29e-05,"[29, 1, 31, 3, 16, 10, 25, 3]"
organizations,"['AO', 'R', 'G', 'AH', 'N', 'AH', 'Z', 'EY', 'SH', 'AH', 'N', 'Z']","['or', 'gan', 'iz', 'a', 'tions']",['organizations'],0.3076923076923077,4.68e-05,"[4, 30, 21, 3, 27, 3, 38, 9]"
investigation,"['IH', 'N', 'V', 'EH', 'S', 'T', 'AH', 'G', 'EY', 'SH', 'AH', 'N']","['in', 'vest', 'ig', 'a', 'tion']",['investigation'],0.3076923076923077,5.62e-05,"[10, 27, 35, 7, 31, 33, 3, 21]"
vulnerability,"['V', 'AH', 'L', 'N', 'ER', 'AH', 'B', 'IH', 'L', 'IH', 'T', 'IY']","['vul', 'ner', 'ab', 'il', 'ity']",['vulnerability'],0.3076923076923077,5.01e-06,"[35, 3, 25, 27, 8, 3, 16, 10]"
accommodation,"['AH', 'K', 'AA', 'M', 'AH', 'D', 'EY', 'SH', 'AH', 'N']","['ac', 'com', 'mod', 'a', 'tion']",['accommodation'],0.3076923076923077,1.15e-05,"[3, 24, 1, 26, 3, 18, 9, 32]"
international,"['IH', 'N', 'T', 'ER', 'N', 'AE', 'SH', 'AH', 'N', 'AH', 'L']","['in', 'ter', 'na', 'tion', 'al']",['international'],0.3076923076923077,0.000229,"[10, 27, 33, 8, 27, 2, 32, 3]"
authorization,"['AO', 'TH', 'ER', 'AH', 'Z', 'EY', 'SH', 'AH', 'N']","['au', 'thor', 'iz', 'a', 'tion']",['authorization'],0.3076923076923077,5.5e-06,"[4, 34, 8, 3, 38, 9, 32, 3]"
architectural,"['AA', 'R', 'K', 'AH', 'T', 'EH', 'K', 'CH', 'ER', 'AH', 'L']","['ar', 'chi', 'tec', 'tur', 'al']",['architectural'],0.3076923076923077,9.12e-06,"[1, 30, 24, 3, 33, 7, 24, 17]"
accessibility,"['AE', 'K', 'S', 'EH', 'S', 'AH', 'B', 'IH', 'L', 'IH', 'T', 'IY']","['ac', 'cess', 'ib', 'il', 'ity']",['accessibility'],0.3076923076923077,3.24e-06,"[2, 24, 31, 7, 31, 3, 16, 10]"
environmental,"['IH', 'N', 'V', 'AY', 'R', 'AH', 'N', 'M', 'EH', 'N', 'T', 'AH', 'L']","['en', 'vir', 'on', 'ment', 'al']",['environmental'],0.3076923076923077,5.01e-05,"[10, 27, 35, 6, 30, 3, 27, 26]"
collaborative,"['K', 'AH', 'L', 'AE', 'B', 'ER', 'EY', 'T', 'IH', 'V']","['col', 'lab', 'or', 'at', 'ive']",['collaborative'],0.3076923076923077,6.03e-06,"[24, 3, 25, 2, 16, 8, 9, 33]"
developmental,"['D', 'IH', 'V', 'EH', 'L', 'AH', 'P', 'M', 'EH', 'N', 'T', 'AH', 'L']","['de', 'vel', 'op', 'ment', 'al']",['developmental'],0.3076923076923077,6.03e-06,"[18, 10, 35, 7, 25, 3, 29, 26]"
inappropriate,"['IH', 'N', 'AH', 'P', 'R', 'OW', 'P', 'R', 'IY', 'IH', 'T']","['in', 'ap', 'pro', 'pri', 'ate']",['inappropriate'],0.3076923076923077,9.77e-06,"[10, 27, 3, 29, 30, 12, 29, 30]"
certification,"['S', 'ER', 'T', 'AH', 'F', 'AH', 'K', 'EY', 'SH', 'AH', 'N']","['cer', 'ti', 'fic', 'a', 'tion']",['certification'],0.3076923076923077,9.33e-06,"[31, 8, 33, 3, 20, 3, 24, 9]"
configuration,"['K', 'AH', 'N', 'F', 'IH', 'G', 'Y', 'ER', 'EY', 'SH', 'AH', 'N']","['con', 'fig', 'ur', 'a', 'tion']",['configuration'],0.3076923076923077,9.33e-06,"[24, 3, 27, 20, 10, 21, 37, 8]"
administrator,"['AH', 'D', 'M', 'IH', 'N', 'AH', 'S', 'T', 'R', 'EY', 'T', 'ER']","['ad', 'min', 'is', 'trat', 'or']",['administrator'],0.3076923076923077,1.17e-05,"[3, 18, 26, 10, 27, 3, 31, 33]"
contamination,"['K', 'AH', 'N', 'T', 'AE', 'M', 'AH', 'N', 'EY', 'SH', 'AH', 'N']","['con', 'tam', 'in', 'a', 'tion']",['contamination'],0.3076923076923077,5.01e-06,"[24, 3, 27, 33, 2, 26, 3, 27]"
communication,"['K', 'AH', 'M', 'Y', 'UW', 'N', 'AH', 'K', 'EY', 'SH', 'AH', 'N']","['com', 'mu', 'nic', 'a', 'tion']",['communication'],0.3076923076923077,4.79e-05,"[24, 3, 26, 37, 15, 27, 3, 24]"
consideration,"['K', 'AH', 'N', 'S', 'IH', 'D', 'ER', 'EY', 'SH', 'AH', 'N']","['con', 'sid', 'er', 'a', 'tion']",['consideration'],0.3076923076923077,1.91e-05,"[24, 3, 27, 31, 10, 18, 8, 9]"
participation,"['P', 'AA', 'R', 'T', 'IH', 'S', 'AH', 'P', 'EY', 'SH', 'AH', 'N']","['par', 'ti', 'cip', 'a', 'tion']",['participation'],0.3076923076923077,2.14e-05,"[29, 1, 30, 33, 10, 31, 3, 29]"
determination,"['D', 'IH', 'T', 'ER', 'M', 'AH', 'N', 'EY', 'SH', 'AH', 'N']","['de', 'term', 'in', 'a', 'tion']",['determination'],0.3076923076923077,1.45e-05,"[18, 10, 33, 8, 26, 3, 27, 9]"
evaluating,"['IH', 'V', 'AE', 'L', 'Y', 'UW', 'EY', 'T', 'IH', 'NG']","['eval', 'u', 'at', 'ing']",['evaluating'],0.3,5.01e-06,"[10, 35, 2, 25, 37, 15, 9, 33]"
exhibition,"['EH', 'K', 'S', 'AH', 'B', 'IH', 'SH', 'AH', 'N']","['ex', 'hib', 'i', 'tion']",['exhibition'],0.3,2.34e-05,"[7, 24, 31, 3, 16, 10, 32, 3]"
paperbacks,"['P', 'EY', 'P', 'ER', 'B', 'AE', 'K', 'S']","['pa', 'per', 'backs']","['paperback', '##s']",0.3,5.01e-07,"[29, 9, 29, 8, 16, 2, 24, 31]"
particular,"['P', 'ER', 'T', 'IH', 'K', 'Y', 'AH', 'L', 'ER']","['par', 'tic', 'u', 'lar']",['particular'],0.3,0.0001,"[29, 8, 33, 10, 24, 37, 3, 25]"
nomination,"['N', 'AA', 'M', 'AH', 'N', 'EY', 'SH', 'AH', 'N']","['nom', 'in', 'a', 'tion']",['nomination'],0.3,1.17e-05,"[27, 1, 26, 3, 27, 9, 32, 3]"
litigation,"['L', 'IH', 'T', 'AH', 'G', 'EY', 'SH', 'AH', 'N']","['lit', 'ig', 'a', 'tion']",['litigation'],0.3,8.51e-06,"[25, 10, 33, 3, 21, 9, 32, 3]"
vegetation,"['V', 'EH', 'JH', 'AH', 'T', 'EY', 'SH', 'AH', 'N']","['ve', 'get', 'a', 'tion']",['vegetation'],0.3,5.89e-06,"[35, 7, 23, 3, 33, 9, 32, 3]"
appreciate,"['AH', 'P', 'R', 'IY', 'SH', 'IY', 'EY', 'T']","['ap', 'pre', 'ci', 'ate']",['appreciate'],0.3,5.5e-05,"[3, 29, 30, 11, 32, 11, 9, 33]"
validation,"['V', 'AE', 'L', 'AH', 'D', 'EY', 'SH', 'AH', 'N']","['val', 'id', 'a', 'tion']",['validation'],0.3,4.79e-06,"[35, 2, 25, 3, 18, 9, 32, 3]"
securities,"['S', 'IH', 'K', 'Y', 'UH', 'R', 'AH', 'T', 'IY', 'Z']","['se', 'cur', 'it', 'ies']",['securities'],0.3,1.74e-05,"[31, 10, 24, 37, 14, 30, 3, 33]"
discounted,"['D', 'IH', 'S', 'K', 'AW', 'N', 'T', 'IH', 'D']","['dis', 'coun', 'ted']","['discount', '##ed']",0.3,3.8e-06,"[18, 10, 31, 24, 5, 27, 33, 10]"
alexandria,"['AE', 'L', 'AH', 'G', 'Z', 'AE', 'N', 'D', 'R', 'IY', 'AH']","['al', 'ex', 'an', 'dria']",['alexandria'],0.3,5.89e-06,"[2, 25, 3, 21, 38, 2, 27, 18]"
allocation,"['AE', 'L', 'AH', 'K', 'EY', 'SH', 'AH', 'N']","['al', 'loc', 'a', 'tion']",['allocation'],0.3,5.5e-06,"[2, 25, 3, 24, 9, 32, 3, 27]"
associates,"['AH', 'S', 'OW', 'S', 'IY', 'AH', 'T', 'S']","['as', 'so', 'ci', 'ates']",['associates'],0.3,1.38e-05,"[3, 31, 12, 31, 11, 3, 33, 31]"
regulatory,"['R', 'EH', 'G', 'Y', 'AH', 'L', 'AH', 'T', 'AO', 'R', 'IY']","['reg', 'u', 'lat', 'ory']",['regulatory'],0.3,1.7e-05,"[30, 7, 21, 37, 3, 25, 3, 33]"
systematic,"['S', 'IH', 'S', 'T', 'AH', 'M', 'AE', 'T', 'IH', 'K']","['sys', 'tem', 'at', 'ic']",['systematic'],0.3,7.41e-06,"[31, 10, 31, 33, 3, 26, 2, 33]"
madagascar,"['M', 'AE', 'D', 'AH', 'G', 'AE', 'S', 'K', 'ER']","['mad', 'a', 'gas', 'car']",['madagascar'],0.3,2.45e-06,"[26, 2, 18, 3, 21, 2, 31, 24]"
operations,"['AA', 'P', 'ER', 'EY', 'SH', 'AH', 'N', 'Z']","['op', 'er', 'a', 'tions']",['operations'],0.3,7.41e-05,"[1, 29, 8, 9, 32, 3, 27, 38]"
revelation,"['R', 'EH', 'V', 'AH', 'L', 'EY', 'SH', 'AH', 'N']","['rev', 'el', 'a', 'tion']",['revelation'],0.3,9.12e-06,"[30, 7, 35, 3, 25, 9, 32, 3]"
literature,"['L', 'IH', 'T', 'ER', 'AH', 'CH', 'ER']","['lit', 'er', 'at', 'ure']",['literature'],0.3,4.17e-05,"[25, 10, 33, 8, 3, 17, 8, 0]"
ecological,"['IY', 'K', 'AH', 'L', 'AA', 'JH', 'IH', 'K', 'AH', 'L']","['eco', 'lo', 'gic', 'al']",['ecological'],0.3,6.03e-06,"[11, 24, 3, 25, 1, 23, 10, 24]"
subsidiary,"['S', 'AH', 'B', 'S', 'IH', 'D', 'IY', 'EH', 'R', 'IY']","['sub', 'si', 'di', 'ary']",['subsidiary'],0.3,8.32e-06,"[31, 3, 16, 31, 10, 18, 11, 7]"
burlington,"['B', 'ER', 'L', 'IH', 'NG', 'T', 'AH', 'N']","['bur', 'l', 'ing', 'ton']",['burlington'],0.3,3.16e-06,"[16, 8, 25, 10, 28, 33, 3, 27]"
mechanical,"['M', 'AH', 'K', 'AE', 'N', 'IH', 'K', 'AH', 'L']","['mech', 'an', 'ic', 'al']",['mechanical'],0.3,2.14e-05,"[26, 3, 24, 2, 27, 10, 24, 3]"
experiment,"['IH', 'K', 'S', 'P', 'EH', 'R', 'AH', 'M', 'AH', 'N', 'T']","['ex', 'per', 'i', 'ment']",['experiment'],0.3,2.4e-05,"[10, 24, 31, 29, 7, 30, 3, 26]"
humanities,"['HH', 'Y', 'UW', 'M', 'AE', 'N', 'IH', 'T', 'IY', 'Z']","['hu', 'man', 'it', 'ies']",['humanities'],0.3,4.17e-06,"[22, 37, 15, 26, 2, 27, 10, 33]"
navigation,"['N', 'AE', 'V', 'AH', 'G', 'EY', 'SH', 'AH', 'N']","['nav', 'ig', 'a', 'tion']",['navigation'],0.3,1.07e-05,"[27, 2, 35, 3, 21, 9, 32, 3]"
population,"['P', 'AA', 'P', 'Y', 'AH', 'L', 'EY', 'SH', 'AH', 'N']","['pop', 'u', 'la', 'tion']",['population'],0.3,0.000102,"[29, 1, 29, 37, 3, 25, 9, 32]"
motivation,"['M', 'OW', 'T', 'AH', 'V', 'EY', 'SH', 'AH', 'N']","['mo', 'tiv', 'a', 'tion']",['motivation'],0.3,1.66e-05,"[26, 12, 33, 3, 35, 9, 32, 3]"
monitoring,"['M', 'AA', 'N', 'AH', 'T', 'ER', 'IH', 'NG']","['mon', 'it', 'or', 'ing']",['monitoring'],0.3,2.19e-05,"[26, 1, 27, 3, 33, 8, 10, 28]"
medication,"['M', 'EH', 'D', 'AH', 'K', 'EY', 'SH', 'AH', 'N']","['med', 'ic', 'a', 'tion']",['medication'],0.3,1.41e-05,"[26, 7, 18, 3, 24, 9, 32, 3]"
recipients,"['R', 'IH', 'S', 'IH', 'P', 'IY', 'AH', 'N', 'T', 'S']","['re', 'cip', 'i', 'ents']",['recipients'],0.3,6.61e-06,"[30, 10, 31, 10, 29, 11, 3, 27]"
ambassador,"['AE', 'M', 'B', 'AE', 'S', 'AH', 'D', 'ER']","['am', 'bas', 'sad', 'or']",['ambassador'],0.3,2.24e-05,"[2, 26, 16, 2, 31, 3, 18, 8]"
generators,"['JH', 'EH', 'N', 'ER', 'EY', 'T', 'ER', 'Z']","['gen', 'er', 'at', 'ors']",['generators'],0.3,4.37e-06,"[23, 7, 27, 8, 9, 33, 8, 38]"
insulation,"['IH', 'N', 'S', 'AH', 'L', 'EY', 'SH', 'AH', 'N']","['in', 'su', 'la', 'tion']",['insulation'],0.3,4.68e-06,"[10, 27, 31, 3, 25, 9, 32, 3]"
regulation,"['R', 'EH', 'G', 'Y', 'AH', 'L', 'EY', 'SH', 'AH', 'N']","['reg', 'u', 'la', 'tion']",['regulation'],0.3,2.4e-05,"[30, 7, 21, 37, 3, 25, 9, 32]"
antibodies,"['AE', 'N', 'T', 'IH', 'B', 'AA', 'D', 'IY', 'Z']","['an', 'ti', 'bod', 'ies']",['antibodies'],0.3,3.63e-06,"[2, 27, 33, 10, 16, 1, 18, 11]"
delegation,"['D', 'EH', 'L', 'AH', 'G', 'EY', 'SH', 'AH', 'N']","['del', 'eg', 'a', 'tion']",['delegation'],0.3,8.32e-06,"[18, 7, 25, 3, 21, 9, 32, 3]"
relaxation,"['R', 'IY', 'L', 'AE', 'K', 'S', 'EY', 'SH', 'AH', 'N']","['re', 'lax', 'a', 'tion']",['relaxation'],0.3,5.13e-06,"[30, 11, 25, 2, 24, 31, 9, 32]"
connectors,"['K', 'AH', 'N', 'EH', 'K', 'T', 'ER', 'Z']","['con', 'nect', 'ors']","['connector', '##s']",0.3,1.48e-06,"[24, 3, 27, 7, 24, 33, 8, 38]"
affiliates,"['AH', 'F', 'IH', 'L', 'IY', 'AH', 'T', 'S']","['af', 'fil', 'i', 'ates']",['affiliates'],0.3,3.98e-06,"[3, 20, 10, 25, 11, 3, 33, 31]"
essentials,"['EH', 'S', 'EH', 'N', 'CH', 'AH', 'L', 'Z']","['es', 'sen', 'tials']","['essential', '##s']",0.3,3.72e-06,"[7, 31, 7, 27, 17, 3, 25, 38]"
occasional,"['AH', 'K', 'EY', 'ZH', 'AH', 'N', 'AH', 'L']","['oc', 'ca', 'sion', 'al']",['occasional'],0.3,1.32e-05,"[3, 24, 9, 39, 3, 27, 3, 25]"
analytical,"['AE', 'N', 'AH', 'L', 'IH', 'T', 'IH', 'K', 'AH', 'L']","['ana', 'lyt', 'ic', 'al']",['analytical'],0.3,5.37e-06,"[2, 27, 3, 25, 10, 33, 10, 24]"
invitation,"['IH', 'N', 'V', 'IH', 'T', 'EY', 'SH', 'AH', 'N']","['in', 'vit', 'a', 'tion']",['invitation'],0.3,1.38e-05,"[10, 27, 35, 10, 33, 9, 32, 3]"
executives,"['IH', 'G', 'Z', 'EH', 'K', 'Y', 'AH', 'T', 'IH', 'V', 'Z']","['ex', 'ec', 'ut', 'ives']",['executives'],0.3,1.07e-05,"[10, 21, 38, 7, 24, 37, 3, 33]"
limitation,"['L', 'IH', 'M', 'IH', 'T', 'EY', 'SH', 'AH', 'N']","['lim', 'it', 'a', 'tion']",['limitation'],0.3,5.13e-06,"[25, 10, 26, 10, 33, 9, 32, 3]"
individual,"['IH', 'N', 'D', 'AH', 'V', 'IH', 'JH', 'AH', 'W', 'AH', 'L']","['in', 'di', 'vidu', 'al']",['individual'],0.3,0.0001,"[10, 27, 18, 3, 35, 10, 23, 3]"
aboriginal,"['AE', 'B', 'ER', 'IH', 'JH', 'AH', 'N', 'AH', 'L']","['ab', 'ori', 'gin', 'al']",['aboriginal'],0.3,6.03e-06,"[2, 16, 8, 10, 23, 3, 27, 3]"
developing,"['D', 'IH', 'V', 'EH', 'L', 'AH', 'P', 'IH', 'NG']","['de', 'vel', 'op', 'ing']",['developing'],0.3,4.57e-05,"[18, 10, 35, 7, 25, 3, 29, 10]"
priorities,"['P', 'R', 'AY', 'AO', 'R', 'AH', 'T', 'IY', 'Z']","['pri', 'or', 'it', 'ies']",['priorities'],0.3,1.15e-05,"[29, 30, 6, 4, 30, 3, 33, 11]"
comparison,"['K', 'AH', 'M', 'P', 'EH', 'R', 'AH', 'S', 'AH', 'N']","['com', 'par', 'is', 'on']",['comparison'],0.3,3.24e-05,"[24, 3, 26, 29, 7, 30, 3, 31]"
innovation,"['IH', 'N', 'AH', 'V', 'EY', 'SH', 'AH', 'N']","['in', 'nov', 'a', 'tion']",['innovation'],0.3,2.09e-05,"[10, 27, 3, 35, 9, 32, 3, 27]"
biological,"['B', 'AY', 'AH', 'L', 'AA', 'JH', 'IH', 'K', 'AH', 'L']","['bio', 'lo', 'gic', 'al']",['biological'],0.3,2.04e-05,"[16, 6, 3, 25, 1, 23, 10, 24]"
unexpected,"['AH', 'N', 'IH', 'K', 'S', 'P', 'EH', 'K', 'T', 'IH', 'D']","['un', 'ex', 'pec', 'ted']",['unexpected'],0.3,1.7e-05,"[3, 27, 10, 24, 31, 29, 7, 24]"
legitimate,"['L', 'AH', 'JH', 'IH', 'T', 'AH', 'M', 'AH', 'T']","['le', 'git', 'im', 'ate']",['legitimate'],0.3,1.66e-05,"[25, 3, 23, 10, 33, 3, 26, 3]"
facilitate,"['F', 'AH', 'S', 'IH', 'L', 'AH', 'T', 'EY', 'T']","['fa', 'cil', 'it', 'ate']",['facilitate'],0.3,9.77e-06,"[20, 3, 31, 10, 25, 3, 33, 9]"
obligation,"['AA', 'B', 'L', 'AH', 'G', 'EY', 'SH', 'AH', 'N']","['ob', 'lig', 'a', 'tion']",['obligation'],0.3,1.17e-05,"[1, 16, 25, 3, 21, 9, 32, 3]"
innovative,"['IH', 'N', 'AH', 'V', 'EY', 'T', 'IH', 'V']","['in', 'nov', 'at', 'ive']",['innovative'],0.3,1.26e-05,"[10, 27, 3, 35, 9, 33, 10, 35]"
multimedia,"['M', 'AH', 'L', 'T', 'IY', 'M', 'IY', 'D', 'IY', 'AH']","['mul', 'ti', 'me', 'dia']",['multimedia'],0.3,3.63e-06,"[26, 3, 25, 33, 11, 26, 11, 18]"
organizing,"['AO', 'R', 'G', 'AH', 'N', 'AY', 'Z', 'IH', 'NG']","['or', 'gan', 'iz', 'ing']",['organizing'],0.3,9.33e-06,"[4, 30, 21, 3, 27, 6, 38, 10]"
meditation,"['M', 'EH', 'D', 'AH', 'T', 'EY', 'SH', 'AH', 'N']","['med', 'it', 'a', 'tion']",['meditation'],0.3,8.91e-06,"[26, 7, 18, 3, 33, 9, 32, 3]"
millennium,"['M', 'AH', 'L', 'EH', 'N', 'IY', 'AH', 'M']","['mil', 'len', 'ni', 'um']",['millennium'],0.3,5.01e-06,"[26, 3, 25, 7, 27, 11, 3, 26]"
mysterious,"['M', 'IH', 'S', 'T', 'IH', 'R', 'IY', 'AH', 'S']","['mys', 'ter', 'i', 'ous']",['mysterious'],0.3,1.48e-05,"[26, 10, 31, 33, 10, 30, 11, 3]"
estimation,"['EH', 'S', 'T', 'AH', 'M', 'EY', 'SH', 'AH', 'N']","['es', 'tim', 'a', 'tion']",['estimation'],0.3,2.88e-06,"[7, 31, 33, 3, 26, 9, 32, 3]"
qualifying,"['K', 'W', 'AA', 'L', 'AH', 'F', 'AY', 'IH', 'NG']","['qual', 'i', 'fy', 'ing']",['qualifying'],0.3,1.02e-05,"[24, 36, 1, 25, 3, 20, 6, 10]"
historical,"['HH', 'IH', 'S', 'T', 'AO', 'R', 'IH', 'K', 'AH', 'L']","['his', 'tor', 'ic', 'al']",['historical'],0.3,4.9e-05,"[22, 10, 31, 33, 4, 30, 10, 24]"
adaptation,"['AE', 'D', 'AH', 'P', 'T', 'EY', 'SH', 'AH', 'N']","['ad', 'apt', 'a', 'tion']",['adaptation'],0.3,1.02e-05,"[2, 18, 3, 29, 33, 9, 32, 3]"
immunology,"['IH', 'M', 'Y', 'UW', 'N', 'AA', 'L', 'AH', 'JH', 'IY']","['im', 'mun', 'o', 'logy']","['im', '##mun', '##ology']",0.3,1.29e-06,"[10, 26, 37, 15, 27, 1, 25, 3]"
decorative,"['D', 'EH', 'K', 'R', 'AH', 'T', 'IH', 'V']","['dec', 'or', 'at', 'ive']",['decorative'],0.3,6.31e-06,"[18, 7, 24, 30, 3, 33, 10, 35]"
violations,"['V', 'AY', 'AH', 'L', 'EY', 'SH', 'AH', 'N', 'Z']","['vi', 'ol', 'a', 'tions']",['violations'],0.3,9.77e-06,"[35, 6, 3, 25, 9, 32, 3, 27]"
irrigation,"['IH', 'R', 'AH', 'G', 'EY', 'SH', 'AH', 'N']","['ir', 'rig', 'a', 'tion']",['irrigation'],0.3,4.9e-06,"[10, 30, 3, 21, 9, 32, 3, 27]"
relocation,"['R', 'IY', 'L', 'OW', 'K', 'EY', 'SH', 'AH', 'N']","['re', 'lo', 'ca', 'tion']",['relocation'],0.3,3.72e-06,"[30, 11, 25, 12, 24, 9, 32, 3]"
indigenous,"['IH', 'N', 'D', 'IH', 'JH', 'AH', 'N', 'AH', 'S']","['in', 'di', 'gen', 'ous']",['indigenous'],0.3,1.45e-05,"[10, 27, 18, 10, 23, 3, 27, 3]"
resolution,"['R', 'EH', 'Z', 'AH', 'L', 'UW', 'SH', 'AH', 'N']","['res', 'ol', 'u', 'tion']",['resolution'],0.3,3.89e-05,"[30, 7, 38, 3, 25, 15, 32, 3]"
vocational,"['V', 'OW', 'K', 'EY', 'SH', 'AH', 'N', 'AH', 'L']","['vo', 'ca', 'tion', 'al']",['vocational'],0.3,4.47e-06,"[35, 12, 24, 9, 32, 3, 27, 3]"
delivering,"['D', 'IH', 'L', 'IH', 'V', 'ER', 'IH', 'NG']","['de', 'liv', 'er', 'ing']",['delivering'],0.3,1.23e-05,"[18, 10, 25, 10, 35, 8, 10, 28]"
conceptual,"['K', 'AH', 'N', 'S', 'EH', 'P', 'CH', 'UW', 'AH', 'L']","['con', 'cep', 'tu', 'al']",['conceptual'],0.3,4.17e-06,"[24, 3, 27, 31, 7, 29, 17, 15]"
simulation,"['S', 'IH', 'M', 'Y', 'AH', 'L', 'EY', 'SH', 'AH', 'N']","['sim', 'u', 'la', 'tion']",['simulation'],0.3,8.71e-06,"[31, 10, 26, 37, 3, 25, 9, 32]"
separation,"['S', 'EH', 'P', 'ER', 'EY', 'SH', 'AH', 'N']","['sep', 'ar', 'a', 'tion']",['separation'],0.3,1.35e-05,"[31, 7, 29, 8, 9, 32, 3, 27]"
indicating,"['IH', 'N', 'D', 'AH', 'K', 'EY', 'T', 'IH', 'NG']","['in', 'dic', 'at', 'ing']",['indicating'],0.3,1.23e-05,"[10, 27, 18, 3, 24, 9, 33, 10]"
occupation,"['AA', 'K', 'Y', 'AH', 'P', 'EY', 'SH', 'AH', 'N']","['oc', 'cu', 'pa', 'tion']",['occupation'],0.3,1.58e-05,"[1, 24, 37, 3, 29, 9, 32, 3]"
generation,"['JH', 'EH', 'N', 'ER', 'EY', 'SH', 'AH', 'N']","['gen', 'er', 'a', 'tion']",['generation'],0.3,6.61e-05,"[23, 7, 27, 8, 9, 32, 3, 27]"
facilities,"['F', 'AH', 'S', 'IH', 'L', 'AH', 'T', 'IY', 'Z']","['fa', 'cil', 'it', 'ies']",['facilities'],0.3,4.57e-05,"[20, 3, 31, 10, 25, 3, 33, 11]"
vegetarian,"['V', 'EH', 'JH', 'AH', 'T', 'EH', 'R', 'IY', 'AH', 'N']","['ve', 'get', 'ari', 'an']",['vegetarian'],0.3,6.03e-06,"[35, 7, 23, 3, 33, 7, 30, 11]"
hypothesis,"['HH', 'AY', 'P', 'AA', 'TH', 'AH', 'S', 'AH', 'S']","['hy', 'po', 'thes', 'is']",['hypothesis'],0.3,7.41e-06,"[22, 6, 29, 1, 34, 3, 31, 3]"
experience,"['IH', 'K', 'S', 'P', 'IH', 'R', 'IY', 'AH', 'N', 'S']","['ex', 'per', 'i', 'ence']",['experience'],0.3,0.000186,"[10, 24, 31, 29, 10, 30, 11, 3]"
republican,"['R', 'IH', 'P', 'AH', 'B', 'L', 'IH', 'K', 'AH', 'N']","['re', 'pub', 'lic', 'an']",['republican'],0.3,5.01e-05,"[30, 10, 29, 3, 16, 25, 10, 24]"
opposition,"['AA', 'P', 'AH', 'Z', 'IH', 'SH', 'AH', 'N']","['op', 'pos', 'i', 'tion']",['opposition'],0.3,3.72e-05,"[1, 29, 3, 38, 10, 32, 3, 27]"
associated,"['AH', 'S', 'OW', 'S', 'IY', 'EY', 'T', 'AH', 'D']","['as', 'so', 'ci', 'ated']",['associated'],0.3,7.76e-05,"[3, 31, 12, 31, 11, 9, 33, 3]"
cumulative,"['K', 'Y', 'UW', 'M', 'Y', 'AH', 'L', 'AH', 'T', 'IH', 'V']","['cu', 'mu', 'lat', 'ive']",['cumulative'],0.3,3.55e-06,"[24, 37, 15, 26, 37, 3, 25, 3]"
initiative,"['IH', 'N', 'IH', 'SH', 'AH', 'T', 'IH', 'V']","['ini', 'ti', 'at', 'ive']",['initiative'],0.3,2.29e-05,"[10, 27, 10, 32, 3, 33, 10, 35]"
additional,"['AH', 'D', 'IH', 'SH', 'AH', 'N', 'AH', 'L']","['ad', 'di', 'tion', 'al']",['additional'],0.3,9.55e-05,"[3, 18, 10, 32, 3, 27, 3, 25]"
disability,"['D', 'IH', 'S', 'AH', 'B', 'IH', 'L', 'IH', 'T', 'IY']","['dis', 'ab', 'il', 'ity']",['disability'],0.3,1.62e-05,"[18, 10, 31, 3, 16, 10, 25, 10]"
industrial,"['IH', 'N', 'D', 'AH', 'S', 'T', 'R', 'IY', 'AH', 'L']","['in', 'dus', 'tri', 'al']",['industrial'],0.3,5.13e-05,"[10, 27, 18, 3, 31, 33, 30, 11]"
consortium,"['K', 'AH', 'N', 'S', 'AO', 'R', 'SH', 'IY', 'AH', 'M']","['con', 'sor', 'ti', 'um']",['consortium'],0.3,4.79e-06,"[24, 3, 27, 31, 4, 30, 32, 11]"
geological,"['JH', 'IY', 'AH', 'L', 'AA', 'JH', 'IH', 'K', 'AH', 'L']","['geo', 'lo', 'gic', 'al']",['geological'],0.3,6.61e-06,"[23, 11, 3, 25, 1, 23, 10, 24]"
indication,"['IH', 'N', 'D', 'AH', 'K', 'EY', 'SH', 'AH', 'N']","['in', 'dic', 'a', 'tion']",['indication'],0.3,1.15e-05,"[10, 27, 18, 3, 24, 9, 32, 3]"
capability,"['K', 'EY', 'P', 'AH', 'B', 'IH', 'L', 'AH', 'T', 'IY']","['cap', 'ab', 'il', 'ity']",['capability'],0.3,1.17e-05,"[24, 9, 29, 3, 16, 10, 25, 3]"
indicators,"['IH', 'N', 'D', 'AH', 'K', 'EY', 'T', 'ER', 'Z']","['in', 'dic', 'at', 'ors']",['indicators'],0.3,6.76e-06,"[10, 27, 18, 3, 24, 9, 33, 8]"
underlying,"['AH', 'N', 'D', 'ER', 'L', 'AY', 'IH', 'NG']","['un', 'der', 'ly', 'ing']",['underlying'],0.3,1.48e-05,"[3, 27, 18, 8, 25, 6, 10, 28]"
relatively,"['R', 'EH', 'L', 'AH', 'T', 'IH', 'V', 'L', 'IY']","['re', 'l', 'at', 'ively']",['relatively'],0.3,4.57e-05,"[30, 7, 25, 3, 33, 10, 35, 25]"
artificial,"['AA', 'R', 'T', 'AH', 'F', 'IH', 'SH', 'AH', 'L']","['ar', 'ti', 'fi', 'cial']",['artificial'],0.3,1.74e-05,"[1, 30, 33, 3, 20, 10, 32, 3]"
activation,"['AE', 'K', 'T', 'AH', 'V', 'EY', 'SH', 'AH', 'N']","['ac', 'tiv', 'a', 'tion']",['activation'],0.3,6.76e-06,"[2, 24, 33, 3, 35, 9, 32, 3]"
federation,"['F', 'EH', 'D', 'ER', 'EY', 'SH', 'AH', 'N']","['fed', 'er', 'a', 'tion']",['federation'],0.3,1.82e-05,"[20, 7, 18, 8, 9, 32, 3, 27]"
generating,"['JH', 'EH', 'N', 'ER', 'EY', 'T', 'IH', 'NG']","['gen', 'er', 'at', 'ing']",['generating'],0.3,9.77e-06,"[23, 7, 27, 8, 9, 33, 10, 28]"
repository,"['R', 'IY', 'P', 'AA', 'Z', 'AH', 'T', 'AO', 'R', 'IY']","['re', 'pos', 'it', 'ory']",['repository'],0.3,2.69e-06,"[30, 11, 29, 1, 38, 3, 33, 4]"
affiliated,"['AH', 'F', 'IH', 'L', 'IY', 'EY', 'T', 'AH', 'D']","['af', 'fil', 'i', 'ated']",['affiliated'],0.3,9.12e-06,"[3, 20, 10, 25, 11, 9, 33, 3]"
beneficial,"['B', 'EH', 'N', 'AH', 'F', 'IH', 'SH', 'AH', 'L']","['be', 'ne', 'fi', 'cial']",['beneficial'],0.3,1.2e-05,"[16, 7, 27, 3, 20, 10, 32, 3]"
horizontal,"['HH', 'AO', 'R', 'AH', 'Z', 'AA', 'N', 'T', 'AH', 'L']","['ho', 'ri', 'zont', 'al']",['horizontal'],0.3,7.94e-06,"[22, 4, 30, 3, 38, 1, 27, 33]"
visibility,"['V', 'IH', 'Z', 'AH', 'B', 'IH', 'L', 'IH', 'T', 'IY']","['vis', 'ib', 'il', 'ity']",['visibility'],0.3,6.03e-06,"[35, 10, 38, 3, 16, 10, 25, 10]"
calculator,"['K', 'AE', 'L', 'K', 'Y', 'AH', 'L', 'EY', 'T', 'ER']","['cal', 'cu', 'lat', 'or']","['cal', '##cula', '##tor']",0.3,3.63e-06,"[24, 2, 25, 24, 37, 3, 25, 9]"
satisfy,"['S', 'AE', 'T', 'AH', 'S', 'F', 'AY']","['sat', 'is', 'fy']",['satisfy'],0.2857142857142857,9.55e-06,"[31, 2, 33, 3, 31, 20, 6, 0]"
cabinet,"['K', 'AE', 'B', 'AH', 'N', 'AH', 'T']","['cab', 'in', 'et']",['cabinet'],0.2857142857142857,3.09e-05,"[24, 2, 16, 3, 27, 3, 33, 0]"
genetic,"['JH', 'AH', 'N', 'EH', 'T', 'IH', 'K']","['ge', 'net', 'ic']",['genetic'],0.2857142857142857,2.19e-05,"[23, 3, 27, 7, 33, 10, 24, 0]"
emperor,"['EH', 'M', 'P', 'ER', 'ER']","['em', 'per', 'or']",['emperor'],0.2857142857142857,1.78e-05,"[7, 26, 29, 8, 8, 0, 0, 0]"
investigations,"['IH', 'N', 'V', 'EH', 'S', 'T', 'AH', 'G', 'EY', 'SH', 'AH', 'N', 'Z']","['in', 'vest', 'ig', 'a', 'tions']",['investigations'],0.2857142857142857,1.62e-05,"[10, 27, 35, 7, 31, 33, 3, 21]"
recover,"['R', 'IH', 'K', 'AH', 'V', 'ER']","['re', 'cov', 'er']",['recover'],0.2857142857142857,1.95e-05,"[30, 10, 24, 3, 35, 8, 0, 0]"
cameras,"['K', 'AE', 'M', 'ER', 'AH', 'Z']","['cam', 'er', 'as']",['cameras'],0.2857142857142857,2.19e-05,"[24, 2, 26, 8, 3, 38, 0, 0]"
qualify,"['K', 'W', 'AA', 'L', 'AH', 'F', 'AY']","['qual', 'i', 'fy']",['qualify'],0.2857142857142857,1.55e-05,"[24, 36, 1, 25, 3, 20, 6, 0]"
musical,"['M', 'Y', 'UW', 'Z', 'IH', 'K', 'AH', 'L']","['mu', 'sic', 'al']",['musical'],0.2857142857142857,3.24e-05,"[26, 37, 15, 38, 10, 24, 3, 25]"
habitat,"['HH', 'AE', 'B', 'AH', 'T', 'AE', 'T']","['hab', 'it', 'at']",['habitat'],0.2857142857142857,9.55e-06,"[22, 2, 16, 3, 33, 2, 33, 0]"
optical,"['AA', 'P', 'T', 'IH', 'K', 'AH', 'L']","['op', 'tic', 'al']",['optical'],0.2857142857142857,1.17e-05,"[1, 29, 33, 10, 24, 3, 25, 0]"
vitamin,"['V', 'AY', 'T', 'AH', 'M', 'AH', 'N']","['vit', 'am', 'in']",['vitamin'],0.2857142857142857,1.02e-05,"[35, 6, 33, 3, 26, 3, 27, 0]"
funeral,"['F', 'Y', 'UW', 'N', 'ER', 'AH', 'L']","['fu', 'ner', 'al']",['funeral'],0.2857142857142857,2.34e-05,"[20, 37, 15, 27, 8, 3, 25, 0]"
florist,"['F', 'L', 'AA', 'R', 'AH', 'S', 'T']","['flor', 'ist']","['fl', '##oris', '##t']",0.2857142857142857,1.02e-06,"[20, 25, 1, 30, 3, 31, 33, 0]"
generic,"['JH', 'AH', 'N', 'EH', 'R', 'IH', 'K']","['gen', 'er', 'ic']",['generic'],0.2857142857142857,1.29e-05,"[23, 3, 27, 7, 30, 10, 24, 0]"
deposit,"['D', 'AH', 'P', 'AA', 'Z', 'IH', 'T']","['de', 'pos', 'it']",['deposit'],0.2857142857142857,1.74e-05,"[18, 3, 29, 1, 38, 10, 33, 0]"
seminar,"['S', 'EH', 'M', 'AH', 'N', 'AA', 'R']","['sem', 'in', 'ar']",['seminar'],0.2857142857142857,5.89e-06,"[31, 7, 26, 3, 27, 1, 30, 0]"
another,"['AH', 'N', 'AH', 'DH', 'ER']","['an', 'oth', 'er']",['another'],0.2857142857142857,0.00055,"[3, 27, 3, 19, 8, 0, 0, 0]"
serious,"['S', 'IH', 'R', 'IY', 'AH', 'S']","['ser', 'i', 'ous']",['serious'],0.2857142857142857,0.000126,"[31, 10, 30, 11, 3, 31, 0, 0]"
estonia,"['EH', 'S', 'T', 'OW', 'N', 'IY', 'AH']","['es', 'to', 'nia']",['estonia'],0.2857142857142857,3.02e-06,"[7, 31, 33, 12, 27, 11, 3, 0]"
mexican,"['M', 'EH', 'K', 'S', 'AH', 'K', 'AH', 'N']","['mex', 'ic', 'an']",['mexican'],0.2857142857142857,2.57e-05,"[26, 7, 24, 31, 3, 24, 3, 27]"
maximum,"['M', 'AE', 'K', 'S', 'AH', 'M', 'AH', 'M']","['max', 'im', 'um']",['maximum'],0.2857142857142857,3.98e-05,"[26, 2, 24, 31, 3, 26, 3, 26]"
representation,"['R', 'EH', 'P', 'R', 'AH', 'Z', 'EH', 'N', 'T', 'EY', 'SH', 'AH', 'N']","['rep', 'res', 'ent', 'a', 'tion']",['representation'],0.2857142857142857,2.19e-05,"[30, 7, 29, 30, 3, 38, 7, 27]"
interim,"['IH', 'N', 'T', 'ER', 'AH', 'M']","['in', 'ter', 'im']",['interim'],0.2857142857142857,1e-05,"[10, 27, 33, 8, 3, 26, 0, 0]"
regular,"['R', 'EH', 'G', 'Y', 'AH', 'L', 'ER']","['reg', 'u', 'lar']",['regular'],0.2857142857142857,8.91e-05,"[30, 7, 21, 37, 3, 25, 8, 0]"
accommodations,"['AH', 'K', 'AA', 'M', 'AH', 'D', 'EY', 'SH', 'AH', 'N', 'Z']","['ac', 'com', 'mod', 'a', 'tions']",['accommodations'],0.2857142857142857,3.02e-06,"[3, 24, 1, 26, 3, 18, 9, 32]"
average,"['AE', 'V', 'ER', 'IH', 'JH']","['av', 'er', 'age']",['average'],0.2857142857142857,0.000145,"[2, 35, 8, 10, 23, 0, 0, 0]"
vietnam,"['V', 'IY', 'EH', 'T', 'N', 'AA', 'M']","['vi', 'et', 'nam']",['vietnam'],0.2857142857142857,2.04e-05,"[35, 11, 7, 33, 27, 1, 26, 0]"
refresh,"['R', 'IH', 'F', 'R', 'EH', 'SH']","['re', 'fresh']","['ref', '##resh']",0.2857142857142857,4.47e-06,"[30, 10, 20, 30, 7, 32, 0, 0]"
removal,"['R', 'IH', 'M', 'UW', 'V', 'AH', 'L']","['re', 'mov', 'al']",['removal'],0.2857142857142857,2.24e-05,"[30, 10, 26, 15, 35, 3, 25, 0]"
justify,"['JH', 'AH', 'S', 'T', 'AH', 'F', 'AY']","['jus', 'ti', 'fy']",['justify'],0.2857142857142857,1.38e-05,"[23, 3, 31, 33, 3, 20, 6, 0]"
operate,"['AA', 'P', 'ER', 'EY', 'T']","['op', 'er', 'ate']",['operate'],0.2857142857142857,3.16e-05,"[1, 29, 8, 9, 33, 0, 0, 0]"
silicon,"['S', 'IH', 'L', 'AH', 'K', 'AH', 'N']","['sil', 'ic', 'on']",['silicon'],0.2857142857142857,1e-05,"[31, 10, 25, 3, 24, 3, 27, 0]"
representative,"['R', 'EH', 'P', 'R', 'AH', 'Z', 'EH', 'N', 'T', 'AH', 'T', 'IH', 'V']","['rep', 'res', 'ent', 'at', 'ive']",['representative'],0.2857142857142857,3.72e-05,"[30, 7, 29, 30, 3, 38, 7, 27]"
auditor,"['AO', 'D', 'IH', 'T', 'ER']","['aud', 'it', 'or']",['auditor'],0.2857142857142857,3.02e-06,"[4, 18, 10, 33, 8, 0, 0, 0]"
russian,"['R', 'AH', 'SH', 'AH', 'N']","['rus', 'si', 'an']",['russian'],0.2857142857142857,0.000102,"[30, 3, 32, 3, 27, 0, 0, 0]"
renewal,"['R', 'IH', 'N', 'UW', 'AH', 'L']","['re', 'new', 'al']",['renewal'],0.2857142857142857,6.92e-06,"[30, 10, 27, 15, 3, 25, 0, 0]"
hobbies,"['HH', 'AA', 'B', 'IY', 'Z']","['hob', 'bies']","['ho', '##bbies']",0.2857142857142857,3.72e-06,"[22, 1, 16, 11, 38, 0, 0, 0]"
barrier,"['B', 'AE', 'R', 'IY', 'ER']","['bar', 'ri', 'er']",['barrier'],0.2857142857142857,1.41e-05,"[16, 2, 30, 11, 8, 0, 0, 0]"
studios,"['S', 'T', 'UW', 'D', 'IY', 'OW', 'Z']","['stu', 'di', 'os']",['studios'],0.2857142857142857,1.26e-05,"[31, 33, 15, 18, 11, 12, 38, 0]"
courier,"['K', 'ER', 'IY', 'ER']","['cour', 'i', 'er']",['courier'],0.2857142857142857,4.79e-06,"[24, 8, 11, 8, 0, 0, 0, 0]"
hitachi,"['HH', 'IH', 'T', 'AA', 'CH', 'IY']","['hita', 'chi']","['hit', '##achi']",0.2857142857142857,1e-06,"[22, 10, 33, 1, 17, 11, 0, 0]"
adapter,"['AH', 'D', 'AE', 'P', 'T', 'ER']","['ad', 'apter']","['adapt', '##er']",0.2857142857142857,3.98e-06,"[3, 18, 2, 29, 33, 8, 0, 0]"
vatican,"['V', 'AE', 'T', 'IH', 'K', 'AH', 'N']","['vat', 'ic', 'an']",['vatican'],0.2857142857142857,6.17e-06,"[35, 2, 33, 10, 24, 3, 27, 0]"
liberal,"['L', 'IH', 'B', 'ER', 'AH', 'L']","['lib', 'er', 'al']",['liberal'],0.2857142857142857,4.57e-05,"[25, 10, 16, 8, 3, 25, 0, 0]"
genesis,"['JH', 'EH', 'N', 'AH', 'S', 'AH', 'S']","['gen', 'es', 'is']",['genesis'],0.2857142857142857,7.08e-06,"[23, 7, 27, 3, 31, 3, 31, 0]"
administration,"['AE', 'D', 'M', 'IH', 'N', 'IH', 'S', 'T', 'R', 'EY', 'SH', 'AH', 'N']","['ad', 'min', 'is', 'tra', 'tion']",['administration'],0.2857142857142857,8.51e-05,"[2, 18, 26, 10, 27, 10, 31, 33]"
magical,"['M', 'AE', 'JH', 'IH', 'K', 'AH', 'L']","['ma', 'gic', 'al']",['magical'],0.2857142857142857,1.66e-05,"[26, 2, 23, 10, 24, 3, 25, 0]"
digital,"['D', 'IH', 'JH', 'AH', 'T', 'AH', 'L']","['di', 'git', 'al']",['digital'],0.2857142857142857,6.76e-05,"[18, 10, 23, 3, 33, 3, 25, 0]"
exhibit,"['IH', 'G', 'Z', 'IH', 'B', 'IH', 'T']","['ex', 'hib', 'it']",['exhibit'],0.2857142857142857,1.45e-05,"[10, 21, 38, 10, 16, 10, 33, 0]"
obvious,"['AA', 'B', 'V', 'IY', 'AH', 'S']","['ob', 'vi', 'ous']",['obvious'],0.2857142857142857,4.27e-05,"[1, 16, 35, 11, 3, 31, 0, 0]"
organic,"['AO', 'R', 'G', 'AE', 'N', 'IH', 'K']","['or', 'gan', 'ic']",['organic'],0.2857142857142857,2.51e-05,"[4, 30, 21, 2, 27, 10, 24, 0]"
ethical,"['EH', 'TH', 'AH', 'K', 'AH', 'L']","['eth', 'ic', 'al']",['ethical'],0.2857142857142857,1.17e-05,"[7, 34, 3, 24, 3, 25, 0, 0]"
horizon,"['HH', 'ER', 'AY', 'Z', 'AH', 'N']","['ho', 'ri', 'zon']",['horizon'],0.2857142857142857,1.17e-05,"[22, 8, 6, 38, 3, 27, 0, 0]"
houston,"['HH', 'Y', 'UW', 'S', 'T', 'AH', 'N']","['hou', 's', 'ton']",['houston'],0.2857142857142857,2.63e-05,"[22, 37, 15, 31, 33, 3, 27, 0]"
disable,"['D', 'IH', 'S', 'EY', 'B', 'AH', 'L']","['dis', 'able']","['di', '##sable']",0.2857142857142857,3.31e-06,"[18, 10, 31, 9, 16, 3, 25, 0]"
islamic,"['IH', 'Z', 'L', 'AA', 'M', 'IH', 'K']","['is', 'lam', 'ic']",['islamic'],0.2857142857142857,2.75e-05,"[10, 38, 25, 1, 26, 10, 24, 0]"
general,"['JH', 'EH', 'N', 'ER', 'AH', 'L']","['gen', 'er', 'al']",['general'],0.2857142857142857,0.000295,"[23, 7, 27, 8, 3, 25, 0, 0]"
alcohol,"['AE', 'L', 'K', 'AH', 'HH', 'AA', 'L']","['al', 'co', 'hol']",['alcohol'],0.2857142857142857,4.07e-05,"[2, 25, 24, 3, 22, 1, 25, 0]"
headers,"['HH', 'EH', 'D', 'ER', 'Z']","['head', 'ers']","['header', '##s']",0.2857142857142857,1.32e-06,"[22, 7, 18, 8, 38, 0, 0, 0]"
manuals,"['M', 'AE', 'N', 'Y', 'UW', 'AH', 'L', 'Z']","['manu', 'als']","['manual', '##s']",0.2857142857142857,2.4e-06,"[26, 2, 27, 37, 15, 3, 25, 38]"
antigua,"['AE', 'N', 'T', 'IY', 'G', 'W', 'AH']","['an', 'ti', 'gua']",['antigua'],0.2857142857142857,1.2e-06,"[2, 27, 33, 11, 21, 36, 3, 0]"
myanmar,"['M', 'Y', 'AA', 'N', 'M', 'AA', 'R']","['my', 'an', 'mar']",['myanmar'],0.2857142857142857,6.46e-06,"[26, 37, 1, 27, 26, 1, 30, 0]"
deficit,"['D', 'EH', 'F', 'AH', 'S', 'AH', 'T']","['de', 'fi', 'cit']",['deficit'],0.2857142857142857,1.15e-05,"[18, 7, 20, 3, 31, 3, 33, 0]"
minimal,"['M', 'IH', 'N', 'AH', 'M', 'AH', 'L']","['min', 'im', 'al']",['minimal'],0.2857142857142857,1.29e-05,"[26, 10, 27, 3, 26, 3, 25, 0]"
allergy,"['AE', 'L', 'ER', 'JH', 'IY']","['al', 'lergy']","['all', '##ergy']",0.2857142857142857,3.98e-06,"[2, 25, 8, 23, 11, 0, 0, 0]"
indexes,"['IH', 'N', 'D', 'EH', 'K', 'S', 'IH', 'Z']","['in', 'dexes']","['index', '##es']",0.2857142857142857,2.09e-06,"[10, 27, 18, 7, 24, 31, 10, 38]"
antonio,"['AE', 'N', 'T', 'OW', 'N', 'IY', 'OW']","['ant', 'o', 'nio']",['antonio'],0.2857142857142857,1.48e-05,"[2, 27, 33, 12, 27, 11, 12, 0]"
illegal,"['IH', 'L', 'IY', 'G', 'AH', 'L']","['il', 'leg', 'al']",['illegal'],0.2857142857142857,4.79e-05,"[10, 25, 11, 21, 3, 25, 0, 0]"
charger,"['CH', 'AA', 'R', 'JH', 'ER']","['char', 'ger']","['charge', '##r']",0.2857142857142857,4.37e-06,"[17, 1, 30, 23, 8, 0, 0, 0]"
adopted,"['AH', 'D', 'AA', 'P', 'T', 'AH', 'D']","['ad', 'op', 'ted']",['adopted'],0.2857142857142857,3.24e-05,"[3, 18, 1, 29, 33, 3, 18, 0]"
medical,"['M', 'EH', 'D', 'AH', 'K', 'AH', 'L']","['med', 'ic', 'al']",['medical'],0.2857142857142857,0.000145,"[26, 7, 18, 3, 24, 3, 25, 0]"
animals,"['AE', 'N', 'AH', 'M', 'AH', 'L', 'Z']","['an', 'im', 'als']",['animals'],0.2857142857142857,6.92e-05,"[2, 27, 3, 26, 3, 25, 38, 0]"
radical,"['R', 'AE', 'D', 'AH', 'K', 'AH', 'L']","['rad', 'ic', 'al']",['radical'],0.2857142857142857,2.14e-05,"[30, 2, 18, 3, 24, 3, 25, 0]"
ongoing,"['AA', 'N', 'G', 'OW', 'IH', 'NG']","['on', 'go', 'ing']",['ongoing'],0.2857142857142857,2.09e-05,"[1, 27, 21, 12, 10, 28, 0, 0]"
theorem,"['TH', 'IH', 'R', 'AH', 'M']","['the', 'or', 'em']",['theorem'],0.2857142857142857,5.13e-06,"[34, 10, 30, 3, 26, 0, 0, 0]"
capital,"['K', 'AE', 'P', 'AH', 'T', 'AH', 'L']","['cap', 'it', 'al']",['capital'],0.2857142857142857,0.000102,"[24, 2, 29, 3, 33, 3, 25, 0]"
lesbian,"['L', 'EH', 'Z', 'B', 'IY', 'AH', 'N']","['les', 'bi', 'an']",['lesbian'],0.2857142857142857,1.41e-05,"[25, 7, 38, 16, 11, 3, 27, 0]"
realtor,"['R', 'IY', 'AH', 'L', 'T', 'ER']","['re', 'altor']","['real', '##tor']",0.2857142857142857,1.78e-06,"[30, 11, 3, 25, 33, 8, 0, 0]"
senator,"['S', 'EH', 'N', 'AH', 'T', 'ER']","['sen', 'at', 'or']",['senator'],0.2857142857142857,3.8e-05,"[31, 7, 27, 3, 33, 8, 0, 0]"
communications,"['K', 'AH', 'M', 'Y', 'UW', 'N', 'AH', 'K', 'EY', 'SH', 'AH', 'N', 'Z']","['com', 'mu', 'nic', 'a', 'tions']",['communications'],0.2857142857142857,3.89e-05,"[24, 3, 26, 37, 15, 27, 3, 24]"
revenue,"['R', 'EH', 'V', 'AH', 'N', 'UW']","['rev', 'en', 'ue']",['revenue'],0.2857142857142857,4.37e-05,"[30, 7, 35, 3, 27, 15, 0, 0]"
apparel,"['AH', 'P', 'AE', 'R', 'AH', 'L']","['ap', 'par', 'el']",['apparel'],0.2857142857142857,5.25e-06,"[3, 29, 2, 30, 3, 25, 0, 0]"
minimum,"['M', 'IH', 'N', 'AH', 'M', 'AH', 'M']","['min', 'im', 'um']",['minimum'],0.2857142857142857,4.9e-05,"[26, 10, 27, 3, 26, 3, 26, 0]"
algeria,"['AE', 'L', 'JH', 'IH', 'R', 'IY', 'AH']","['al', 'ger', 'ia']",['algeria'],0.2857142857142857,4.17e-06,"[2, 25, 23, 10, 30, 11, 3, 0]"
editors,"['EH', 'D', 'IH', 'T', 'ER', 'Z']","['ed', 'it', 'ors']",['editors'],0.2857142857142857,1.1e-05,"[7, 18, 10, 33, 8, 38, 0, 0]"
memphis,"['M', 'EH', 'M', 'F', 'AH', 'S']","['mem', 'ph', 'is']",['memphis'],0.2857142857142857,7.76e-06,"[26, 7, 26, 20, 3, 31, 0, 0]"
zealand,"['Z', 'IY', 'L', 'AH', 'N', 'D']","['zea', 'l', 'and']",['zealand'],0.2857142857142857,3.16e-05,"[38, 11, 25, 3, 27, 18, 0, 0]"
typical,"['T', 'IH', 'P', 'AH', 'K', 'AH', 'L']","['typ', 'ic', 'al']",['typical'],0.2857142857142857,3.89e-05,"[33, 10, 29, 3, 24, 3, 25, 0]"
reuters,"['R', 'OY', 'T', 'ER', 'Z']","['re', 'u', 'ters']",['reuters'],0.2857142857142857,7.41e-06,"[30, 13, 33, 8, 38, 0, 0, 0]"
optimal,"['AA', 'P', 'T', 'AH', 'M', 'AH', 'L']","['op', 'tim', 'al']",['optimal'],0.2857142857142857,8.71e-06,"[1, 29, 33, 3, 26, 3, 25, 0]"
lebanon,"['L', 'EH', 'B', 'AH', 'N', 'AH', 'N']","['le', 'ban', 'on']",['lebanon'],0.2857142857142857,1.02e-05,"[25, 7, 16, 3, 27, 3, 27, 0]"
cardiovascular,"['K', 'AA', 'R', 'D', 'IY', 'OW', 'V', 'AE', 'S', 'K', 'Y', 'AH', 'L', 'ER']","['car', 'di', 'ovas', 'cu', 'lar']",['cardiovascular'],0.2857142857142857,4.79e-06,"[24, 1, 30, 18, 11, 12, 35, 2]"
cardiac,"['K', 'AA', 'R', 'D', 'IY', 'AE', 'K']","['car', 'di', 'ac']",['cardiac'],0.2857142857142857,6.92e-06,"[24, 1, 30, 18, 11, 2, 24, 0]"
unusual,"['AH', 'N', 'Y', 'UW', 'ZH', 'AH', 'W', 'AH', 'L']","['un', 'usu', 'al']",['unusual'],0.2857142857142857,2.82e-05,"[3, 27, 37, 15, 39, 3, 36, 3]"
nuclear,"['N', 'UW', 'K', 'L', 'IY', 'ER']","['nuc', 'le', 'ar']",['nuclear'],0.2857142857142857,5.37e-05,"[27, 15, 24, 25, 11, 8, 0, 0]"
dietary,"['D', 'AY', 'AH', 'T', 'EH', 'R', 'IY']","['di', 'et', 'ary']",['dietary'],0.2857142857142857,5.01e-06,"[18, 6, 3, 33, 7, 30, 11, 0]"
headset,"['HH', 'EH', 'D', 'S', 'EH', 'T']","['head', 'set']","['heads', '##et']",0.2857142857142857,3.47e-06,"[22, 7, 18, 31, 7, 33, 0, 0]"
qualifications,"['K', 'W', 'AA', 'L', 'AH', 'F', 'AH', 'K', 'EY', 'SH', 'AH', 'N', 'Z']","['qual', 'i', 'fic', 'a', 'tions']",['qualifications'],0.2857142857142857,7.59e-06,"[24, 36, 1, 25, 3, 20, 3, 24]"
creator,"['K', 'R', 'IY', 'EY', 'T', 'ER']","['cre', 'at', 'or']",['creator'],0.2857142857142857,1.62e-05,"[24, 30, 11, 9, 33, 8, 0, 0]"
administrative,"['AH', 'D', 'M', 'IH', 'N', 'AH', 'S', 'T', 'R', 'EY', 'T', 'IH', 'V']","['ad', 'min', 'is', 'trat', 'ive']",['administrative'],0.2857142857142857,2.82e-05,"[3, 18, 26, 10, 27, 3, 31, 33]"
namibia,"['N', 'AH', 'M', 'IH', 'B', 'IY', 'AH']","['nam', 'i', 'bia']",['namibia'],0.2857142857142857,1.78e-06,"[27, 3, 26, 10, 16, 11, 3, 0]"
queries,"['K', 'W', 'IH', 'R', 'IY', 'Z']","['quer', 'ies']","['que', '##ries']",0.2857142857142857,2.82e-06,"[24, 36, 10, 30, 11, 38, 0, 0]"
society,"['S', 'AH', 'S', 'AY', 'AH', 'T', 'IY']","['so', 'ci', 'ety']",['society'],0.2857142857142857,0.000148,"[31, 3, 31, 6, 3, 33, 11, 0]"
violent,"['V', 'AY', 'AH', 'L', 'AH', 'N', 'T']","['vi', 'ol', 'ent']",['violent'],0.2857142857142857,2.88e-05,"[35, 6, 3, 25, 3, 27, 33, 0]"
mobiles,"['M', 'OW', 'B', 'AH', 'L', 'Z']","['mo', 'biles']","['mobile', '##s']",0.2857142857142857,1.15e-06,"[26, 12, 16, 3, 25, 38, 0, 0]"
midwest,"['M', 'IH', 'D', 'W', 'EH', 'S', 'T']","['mid', 'w', 'est']",['midwest'],0.2857142857142857,6.31e-06,"[26, 10, 18, 36, 7, 31, 33, 0]"
mineral,"['M', 'IH', 'N', 'ER', 'AH', 'L']","['min', 'er', 'al']",['mineral'],0.2857142857142857,1.07e-05,"[26, 10, 27, 8, 3, 25, 0, 0]"
constitutional,"['K', 'AA', 'N', 'S', 'T', 'AH', 'T', 'UW', 'SH', 'AH', 'N', 'AH', 'L']","['con', 'sti', 'tu', 'tion', 'al']",['constitutional'],0.2857142857142857,2.14e-05,"[24, 1, 27, 31, 33, 3, 33, 15]"
several,"['S', 'EH', 'V', 'R', 'AH', 'L']","['sev', 'er', 'al']",['several'],0.2857142857142857,0.000245,"[31, 7, 35, 30, 3, 25, 0, 0]"
natural,"['N', 'AE', 'CH', 'ER', 'AH', 'L']","['nat', 'ur', 'al']",['natural'],0.2857142857142857,0.000129,"[27, 2, 17, 8, 3, 25, 0, 0]"
pharmaceutical,"['F', 'AA', 'R', 'M', 'AH', 'S', 'UW', 'T', 'IH', 'K', 'AH', 'L']","['phar', 'ma', 'ceut', 'ic', 'al']",['pharmaceutical'],0.2857142857142857,7.94e-06,"[20, 1, 30, 26, 3, 31, 15, 33]"
toddler,"['T', 'AA', 'D', 'L', 'ER']","['tod', 'dler']","['todd', '##ler']",0.2857142857142857,6.76e-06,"[33, 1, 18, 25, 8, 0, 0, 0]"
relying,"['R', 'IY', 'L', 'AY', 'IH', 'NG']","['re', 'ly', 'ing']",['relying'],0.2857142857142857,6.46e-06,"[30, 11, 25, 6, 10, 28, 0, 0]"
prepaid,"['P', 'R', 'IY', 'P', 'EY', 'D']","['pre', 'paid']","['prep', '##aid']",0.2857142857142857,2e-06,"[29, 30, 11, 29, 9, 18, 0, 0]"
indiana,"['IH', 'N', 'D', 'IY', 'AE', 'N', 'AH']","['in', 'di', 'ana']",['indiana'],0.2857142857142857,2.04e-05,"[10, 27, 18, 11, 2, 27, 3, 0]"
characteristic,"['K', 'EH', 'R', 'AH', 'K', 'T', 'ER', 'IH', 'S', 'T', 'IH', 'K']","['char', 'ac', 'ter', 'ist', 'ic']",['characteristic'],0.2857142857142857,9.33e-06,"[24, 7, 30, 3, 24, 33, 8, 10]"
logical,"['L', 'AA', 'JH', 'IH', 'K', 'AH', 'L']","['lo', 'gic', 'al']",['logical'],0.2857142857142857,1.38e-05,"[25, 1, 23, 10, 24, 3, 25, 0]"
adapted,"['AH', 'D', 'AE', 'P', 'T', 'AH', 'D']","['ad', 'ap', 'ted']",['adapted'],0.2857142857142857,1.48e-05,"[3, 18, 2, 29, 33, 3, 18, 0]"
insured,"['IH', 'N', 'SH', 'UH', 'R', 'D']","['in', 'sured']","['ins', '##ured']",0.2857142857142857,4.9e-06,"[10, 27, 32, 14, 30, 18, 0, 0]"
popular,"['P', 'AA', 'P', 'Y', 'AH', 'L', 'ER']","['pop', 'u', 'lar']",['popular'],0.2857142857142857,0.000117,"[29, 1, 29, 37, 3, 25, 8, 0]"
nigeria,"['N', 'AY', 'JH', 'IH', 'R', 'IY', 'AH']","['ni', 'ger', 'ia']",['nigeria'],0.2857142857142857,2.14e-05,"[27, 6, 23, 10, 30, 11, 3, 0]"
classification,"['K', 'L', 'AE', 'S', 'AH', 'F', 'AH', 'K', 'EY', 'SH', 'AH', 'N']","['clas', 'si', 'fic', 'a', 'tion']",['classification'],0.2857142857142857,1.51e-05,"[24, 25, 2, 31, 3, 20, 3, 24]"
administrators,"['AE', 'D', 'M', 'IH', 'N', 'IH', 'S', 'T', 'R', 'EY', 'T', 'ER', 'Z']","['ad', 'min', 'is', 'trat', 'ors']",['administrators'],0.2857142857142857,7.08e-06,"[2, 18, 26, 10, 27, 10, 31, 33]"
sustainability,"['S', 'AH', 'S', 'T', 'EY', 'N', 'AH', 'B', 'IH', 'L', 'IH', 'T', 'IY']","['sus', 'tain', 'ab', 'il', 'ity']",['sustainability'],0.2857142857142857,5.89e-06,"[31, 3, 31, 33, 9, 27, 3, 16]"
visitor,"['V', 'IH', 'Z', 'AH', 'T', 'ER']","['vis', 'it', 'or']",['visitor'],0.2857142857142857,1.02e-05,"[35, 10, 38, 3, 33, 8, 0, 0]"
virtual,"['V', 'ER', 'CH', 'UW', 'AH', 'L']","['vir', 'tu', 'al']",['virtual'],0.2857142857142857,2.09e-05,"[35, 8, 17, 15, 3, 25, 0, 0]"
holiday,"['HH', 'AA', 'L', 'AH', 'D', 'EY']","['hol', 'i', 'day']",['holiday'],0.2857142857142857,4.57e-05,"[22, 1, 25, 3, 18, 9, 0, 0]"
interpretation,"['IH', 'N', 'T', 'ER', 'P', 'R', 'IH', 'T', 'EY', 'SH', 'AH', 'N']","['in', 'ter', 'pret', 'a', 'tion']",['interpretation'],0.2857142857142857,1.66e-05,"[10, 27, 33, 8, 29, 30, 10, 33]"
william,"['W', 'IH', 'L', 'Y', 'AH', 'M']","['wil', 'li', 'am']",['william'],0.2857142857142857,7.59e-05,"[36, 10, 25, 37, 3, 26, 0, 0]"
modular,"['M', 'AA', 'JH', 'AH', 'L', 'ER']","['mod', 'u', 'lar']",['modular'],0.2857142857142857,3.24e-06,"[26, 1, 23, 3, 25, 8, 0, 0]"
pioneer,"['P', 'AY', 'AH', 'N', 'IH', 'R']","['pi', 'on', 'eer']",['pioneer'],0.2857142857142857,8.13e-06,"[29, 6, 3, 27, 10, 30, 0, 0]"
amateur,"['AE', 'M', 'AH', 'T', 'ER']","['am', 'a', 'teur']",['amateur'],0.2857142857142857,1.66e-05,"[2, 26, 3, 33, 8, 0, 0, 0]"
elegant,"['EH', 'L', 'AH', 'G', 'AH', 'N', 'T']","['el', 'eg', 'ant']",['elegant'],0.2857142857142857,8.91e-06,"[7, 25, 3, 21, 3, 27, 33, 0]"
implementation,"['IH', 'M', 'P', 'L', 'AH', 'M', 'EH', 'N', 'T', 'EY', 'SH', 'AH', 'N']","['im', 'ple', 'ment', 'a', 'tion']",['implementation'],0.2857142857142857,2.04e-05,"[10, 26, 29, 25, 3, 26, 7, 27]"
invalid,"['IH', 'N', 'V', 'AH', 'L', 'AH', 'D']","['in', 'val', 'id']",['invalid'],0.2857142857142857,6.03e-06,"[10, 27, 35, 3, 25, 3, 18, 0]"
gabriel,"['G', 'EY', 'B', 'R', 'IY', 'AH', 'L']","['gab', 'ri', 'el']",['gabriel'],0.2857142857142857,8.32e-06,"[21, 9, 16, 30, 11, 3, 25, 0]"
october,"['AA', 'K', 'T', 'OW', 'B', 'ER']","['oc', 'to', 'ber']",['october'],0.2857142857142857,0.000129,"[1, 24, 33, 12, 16, 8, 0, 0]"
ambient,"['AE', 'M', 'B', 'IY', 'AH', 'N', 'T']","['am', 'bi', 'ent']",['ambient'],0.2857142857142857,4.17e-06,"[2, 26, 16, 11, 3, 27, 33, 0]"
adaptor,"['AH', 'D', 'AE', 'P', 'T', 'ER']","['ad', 'aptor']","['adapt', '##or']",0.2857142857142857,4.37e-07,"[3, 18, 2, 29, 33, 8, 0, 0]"
deliver,"['D', 'IH', 'L', 'IH', 'V', 'ER']","['de', 'liv', 'er']",['deliver'],0.2857142857142857,3.55e-05,"[18, 10, 25, 10, 35, 8, 0, 0]"
carrier,"['K', 'AE', 'R', 'IY', 'ER']","['car', 'ri', 'er']",['carrier'],0.2857142857142857,1.95e-05,"[24, 2, 30, 11, 8, 0, 0, 0]"
identification,"['AY', 'D', 'EH', 'N', 'T', 'AH', 'F', 'AH', 'K', 'EY', 'SH', 'AH', 'N']","['iden', 'ti', 'fic', 'a', 'tion']",['identification'],0.2857142857142857,1.51e-05,"[6, 18, 7, 27, 33, 3, 20, 3]"
hostels,"['HH', 'AA', 'S', 'T', 'AH', 'L', 'Z']","['hos', 'tels']","['hostel', '##s']",0.2857142857142857,9.77e-07,"[22, 1, 31, 33, 3, 25, 38, 0]"
emerald,"['EH', 'M', 'R', 'AH', 'L', 'D']","['em', 'er', 'ald']",['emerald'],0.2857142857142857,3.98e-06,"[7, 26, 30, 3, 25, 18, 0, 0]"
benefit,"['B', 'EH', 'N', 'AH', 'F', 'IH', 'T']","['be', 'ne', 'fit']",['benefit'],0.2857142857142857,6.61e-05,"[16, 7, 27, 3, 20, 10, 33, 0]"
belgium,"['B', 'EH', 'L', 'JH', 'AH', 'M']","['bel', 'gi', 'um']",['belgium'],0.2857142857142857,1.41e-05,"[16, 7, 25, 23, 3, 26, 0, 0]"
abraham,"['EY', 'B', 'R', 'AH', 'HH', 'AE', 'M']","['ab', 'ra', 'ham']",['abraham'],0.2857142857142857,9.55e-06,"[9, 16, 30, 3, 22, 2, 26, 0]"
superintendent,"['S', 'UW', 'P', 'ER', 'AH', 'N', 'T', 'EH', 'N', 'D', 'AH', 'N', 'T']","['su', 'per', 'in', 'tend', 'ent']",['superintendent'],0.2857142857142857,9.33e-06,"[31, 15, 29, 8, 3, 27, 33, 7]"
veteran,"['V', 'EH', 'T', 'ER', 'AH', 'N']","['vet', 'er', 'an']",['veteran'],0.2857142857142857,1.62e-05,"[35, 7, 33, 8, 3, 27, 0, 0]"
warrior,"['W', 'AO', 'R', 'IY', 'ER']","['war', 'ri', 'or']",['warrior'],0.2857142857142857,1.45e-05,"[36, 4, 30, 11, 8, 0, 0, 0]"
similar,"['S', 'IH', 'M', 'AH', 'L', 'ER']","['sim', 'il', 'ar']",['similar'],0.2857142857142857,0.000162,"[31, 10, 26, 3, 25, 8, 0, 0]"
develop,"['D', 'IH', 'V', 'EH', 'L', 'AH', 'P']","['de', 'vel', 'op']",['develop'],0.2857142857142857,5.62e-05,"[18, 10, 35, 7, 25, 3, 29, 0]"
capitol,"['K', 'AE', 'P', 'IH', 'T', 'AH', 'L']","['cap', 'it', 'ol']",['capitol'],0.2857142857142857,1e-05,"[24, 2, 29, 10, 33, 3, 25, 0]"
responsibility,"['R', 'IY', 'S', 'P', 'AA', 'N', 'S', 'AH', 'B', 'IH', 'L', 'AH', 'T', 'IY']","['re', 'spons', 'ib', 'il', 'ity']",['responsibility'],0.2857142857142857,5.62e-05,"[30, 11, 31, 29, 1, 27, 31, 3]"
gadgets,"['G', 'AE', 'JH', 'AH', 'T', 'S']","['gad', 'gets']","['ga', '##dgets']",0.2857142857142857,3.89e-06,"[21, 2, 23, 3, 33, 31, 0, 0]"
andorra,"['AE', 'N', 'D', 'AO', 'R', 'AH']","['an', 'dorra']","['and', '##orra']",0.2857142857142857,4.9e-07,"[2, 27, 18, 4, 30, 3, 0, 0]"
monitor,"['M', 'AA', 'N', 'AH', 'T', 'ER']","['mon', 'it', 'or']",['monitor'],0.2857142857142857,2.34e-05,"[26, 1, 27, 3, 33, 8, 0, 0]"
recommendation,"['R', 'EH', 'K', 'AH', 'M', 'AH', 'N', 'D', 'EY', 'SH', 'AH', 'N']","['re', 'com', 'mend', 'a', 'tion']",['recommendation'],0.2857142857142857,1.23e-05,"[30, 7, 24, 3, 26, 3, 27, 18]"
accountability,"['AH', 'K', 'AW', 'N', 'T', 'AH', 'B', 'IH', 'L', 'IH', 'T', 'IY']","['ac', 'count', 'ab', 'il', 'ity']",['accountability'],0.2857142857142857,8.13e-06,"[3, 24, 5, 27, 33, 3, 16, 10]"
rentals,"['R', 'EH', 'N', 'T', 'AH', 'L', 'Z']","['rent', 'als']","['rental', '##s']",0.2857142857142857,2.63e-06,"[30, 7, 27, 33, 3, 25, 38, 0]"
considerations,"['K', 'AH', 'N', 'S', 'IH', 'D', 'ER', 'EY', 'SH', 'AH', 'N', 'Z']","['con', 'sid', 'er', 'a', 'tions']",['considerations'],0.2857142857142857,5.5e-06,"[24, 3, 27, 31, 10, 18, 8, 9]"
resumes,"['R', 'IH', 'Z', 'UW', 'M', 'Z']","['re', 'sumes']","['resume', '##s']",0.2857142857142857,2.82e-06,"[30, 10, 38, 15, 26, 38, 0, 0]"
dynamic,"['D', 'AY', 'N', 'AE', 'M', 'IH', 'K']","['dy', 'nam', 'ic']",['dynamic'],0.2857142857142857,2.04e-05,"[18, 6, 27, 2, 26, 10, 24, 0]"
existed,"['IH', 'G', 'Z', 'IH', 'S', 'T', 'AH', 'D']","['ex', 'is', 'ted']",['existed'],0.2857142857142857,1.95e-05,"[10, 21, 38, 10, 31, 33, 3, 18]"
halifax,"['HH', 'AE', 'L', 'IH', 'F', 'AE', 'K', 'S']","['hal', 'i', 'fax']",['halifax'],0.2857142857142857,3.89e-06,"[22, 2, 25, 10, 20, 2, 24, 31]"
configurations,"['K', 'AH', 'N', 'F', 'IH', 'G', 'Y', 'ER', 'EY', 'SH', 'AH', 'N', 'Z']","['con', 'fig', 'ur', 'a', 'tions']",['configurations'],0.2857142857142857,2.82e-06,"[24, 3, 27, 20, 10, 21, 37, 8]"
erotica,"['IH', 'R', 'AA', 'T', 'IH', 'K', 'AH']","['erot', 'ica']","['erotic', '##a']",0.2857142857142857,1.05e-06,"[10, 30, 1, 33, 10, 24, 3, 0]"
authentication,"['AO', 'TH', 'EH', 'N', 'T', 'AH', 'K', 'EY', 'SH', 'AH', 'N']","['au', 'then', 'tic', 'a', 'tion']",['authentication'],0.2857142857142857,2.24e-06,"[4, 34, 7, 27, 33, 3, 24, 9]"
discrimination,"['D', 'IH', 'S', 'K', 'R', 'IH', 'M', 'AH', 'N', 'EY', 'SH', 'AH', 'N']","['dis', 'crim', 'in', 'a', 'tion']",['discrimination'],0.2857142857142857,2.04e-05,"[18, 10, 31, 24, 30, 10, 26, 3]"
examine,"['IH', 'G', 'Z', 'AE', 'M', 'IH', 'N']","['ex', 'am', 'ine']",['examine'],0.2857142857142857,1.51e-05,"[10, 21, 38, 2, 26, 10, 27, 0]"
elliott,"['EH', 'L', 'IY', 'AH', 'T']","['el', 'li', 'ott']",['elliott'],0.2857142857142857,6.17e-06,"[7, 25, 11, 3, 33, 0, 0, 0]"
indians,"['IH', 'N', 'D', 'IY', 'AH', 'N', 'Z']","['in', 'di', 'ans']",['indians'],0.2857142857142857,1.78e-05,"[10, 27, 18, 11, 3, 27, 38, 0]"
calcium,"['K', 'AE', 'L', 'S', 'IY', 'AH', 'M']","['cal', 'ci', 'um']",['calcium'],0.2857142857142857,6.61e-06,"[24, 2, 25, 31, 11, 3, 26, 0]"
federal,"['F', 'EH', 'D', 'ER', 'AH', 'L']","['fed', 'er', 'al']",['federal'],0.2857142857142857,0.000135,"[20, 7, 18, 8, 3, 25, 0, 0]"
stadium,"['S', 'T', 'EY', 'D', 'IY', 'AH', 'M']","['sta', 'di', 'um']",['stadium'],0.2857142857142857,4.27e-05,"[31, 33, 9, 18, 11, 3, 26, 0]"
telecommunications,"['T', 'EH', 'L', 'AH', 'K', 'AH', 'M', 'Y', 'UW', 'N', 'AH', 'K', 'EY', 'SH', 'AH', 'N', 'Z']","['tele', 'com', 'mu', 'nic', 'a', 'tions']",['telecommunications'],0.2777777777777778,6.76e-06,"[33, 7, 25, 3, 24, 3, 26, 37]"
investigate,"['IH', 'N', 'V', 'EH', 'S', 'T', 'AH', 'G', 'EY', 'T']","['in', 'vest', 'ig', 'ate']",['investigate'],0.2727272727272727,2.04e-05,"[10, 27, 35, 7, 31, 33, 3, 21]"
peripherals,"['P', 'ER', 'IH', 'F', 'ER', 'AH', 'L', 'Z']","['peri', 'pher', 'als']","['peripheral', '##s']",0.2727272727272727,7.24e-07,"[29, 8, 10, 20, 8, 3, 25, 38]"
traditional,"['T', 'R', 'AH', 'D', 'IH', 'SH', 'AH', 'N', 'AH', 'L']","['tra', 'di', 'tion', 'al']",['traditional'],0.2727272727272727,6.92e-05,"[33, 30, 3, 18, 10, 32, 3, 27]"
utilization,"['Y', 'UW', 'T', 'AH', 'L', 'AH', 'Z', 'EY', 'SH', 'AH', 'N']","['util', 'iz', 'a', 'tion']",['utilization'],0.2727272727272727,3.16e-06,"[37, 15, 33, 3, 25, 3, 38, 9]"
application,"['AE', 'P', 'L', 'AH', 'K', 'EY', 'SH', 'AH', 'N']","['ap', 'plic', 'a', 'tion']",['application'],0.2727272727272727,7.24e-05,"[2, 29, 25, 3, 24, 9, 32, 3]"
immediately,"['IH', 'M', 'IY', 'D', 'IY', 'AH', 'T', 'L', 'IY']","['im', 'me', 'di', 'ately']",['immediately'],0.2727272727272727,9.55e-05,"[10, 26, 11, 18, 11, 3, 33, 25]"
exceptional,"['IH', 'K', 'S', 'EH', 'P', 'SH', 'AH', 'N', 'AH', 'L']","['ex', 'cep', 'tion', 'al']",['exceptional'],0.2727272727272727,1.12e-05,"[10, 24, 31, 7, 29, 32, 3, 27]"
manufacture,"['M', 'AE', 'N', 'Y', 'AH', 'F', 'AE', 'K', 'CH', 'ER']","['man', 'u', 'fac', 'ture']",['manufacture'],0.2727272727272727,9.55e-06,"[26, 2, 27, 37, 3, 20, 2, 24]"
eligibility,"['EH', 'L', 'IH', 'JH', 'AH', 'B', 'IH', 'L', 'IH', 'T', 'IY']","['eli', 'gib', 'il', 'ity']",['eligibility'],0.2727272727272727,5.62e-06,"[7, 25, 10, 23, 3, 16, 10, 25]"
significant,"['S', 'AH', 'G', 'N', 'IH', 'F', 'IH', 'K', 'AH', 'N', 'T']","['sig', 'ni', 'fic', 'ant']",['significant'],0.2727272727272727,9.55e-05,"[31, 3, 21, 27, 10, 20, 10, 24]"
inspiration,"['IH', 'N', 'S', 'P', 'ER', 'EY', 'SH', 'AH', 'N']","['in', 'spir', 'a', 'tion']",['inspiration'],0.2727272727272727,2.57e-05,"[10, 27, 31, 29, 8, 9, 32, 3]"
cholesterol,"['K', 'AH', 'L', 'EH', 'S', 'T', 'ER', 'AO', 'L']","['cho', 'les', 'ter', 'ol']","['cho', '##les', '##terol']",0.2727272727272727,5.25e-06,"[24, 3, 25, 7, 31, 33, 8, 4]"
proposition,"['P', 'R', 'AA', 'P', 'AH', 'Z', 'IH', 'SH', 'AH', 'N']","['pro', 'pos', 'i', 'tion']",['proposition'],0.2727272727272727,7.08e-06,"[29, 30, 1, 29, 3, 38, 10, 32]"
atmospheric,"['AE', 'T', 'M', 'AH', 'S', 'F', 'EH', 'R', 'IH', 'K']","['at', 'mo', 'spher', 'ic']",['atmospheric'],0.2727272727272727,6.92e-06,"[2, 33, 26, 3, 31, 20, 7, 30]"
designation,"['D', 'EH', 'Z', 'AH', 'G', 'N', 'EY', 'SH', 'AH', 'N']","['des', 'ig', 'na', 'tion']",['designation'],0.2727272727272727,5.75e-06,"[18, 7, 38, 3, 21, 27, 9, 32]"
temperature,"['T', 'EH', 'M', 'P', 'R', 'AH', 'CH', 'ER']","['tem', 'per', 'at', 'ure']",['temperature'],0.2727272727272727,4.37e-05,"[33, 7, 26, 29, 30, 3, 17, 8]"
statistical,"['S', 'T', 'AH', 'T', 'IH', 'S', 'T', 'IH', 'K', 'AH', 'L']","['stat', 'ist', 'ic', 'al']",['statistical'],0.2727272727272727,1.38e-05,"[31, 33, 3, 33, 10, 31, 33, 10]"
interaction,"['IH', 'N', 'T', 'ER', 'AE', 'K', 'SH', 'AH', 'N']","['in', 'ter', 'ac', 'tion']",['interaction'],0.2727272727272727,1.95e-05,"[10, 27, 33, 8, 2, 24, 32, 3]"
occupations,"['AA', 'K', 'Y', 'AH', 'P', 'EY', 'SH', 'AH', 'N', 'Z']","['oc', 'cu', 'pa', 'tions']",['occupations'],0.2727272727272727,2.75e-06,"[1, 24, 37, 3, 29, 9, 32, 3]"
probability,"['P', 'R', 'AA', 'B', 'AH', 'B', 'IH', 'L', 'AH', 'T', 'IY']","['prob', 'ab', 'il', 'ity']",['probability'],0.2727272727272727,1.05e-05,"[29, 30, 1, 16, 3, 16, 10, 25]"
regulations,"['R', 'EH', 'G', 'Y', 'AH', 'L', 'EY', 'SH', 'AH', 'N', 'Z']","['reg', 'u', 'la', 'tions']",['regulations'],0.2727272727272727,3.16e-05,"[30, 7, 21, 37, 3, 25, 9, 32]"
interracial,"['IH', 'N', 'T', 'ER', 'R', 'EY', 'SH', 'AH', 'L']","['in', 'ter', 'ra', 'cial']","['inter', '##rac', '##ial']",0.2727272727272727,2.34e-06,"[10, 27, 33, 8, 30, 9, 32, 3]"
competitive,"['K', 'AH', 'M', 'P', 'EH', 'T', 'AH', 'T', 'IH', 'V']","['com', 'pet', 'it', 'ive']",['competitive'],0.2727272727272727,3.72e-05,"[24, 3, 26, 29, 7, 33, 3, 33]"
permissions,"['P', 'ER', 'M', 'IH', 'SH', 'AH', 'N', 'Z']","['per', 'mis', 'sions']","['permission', '##s']",0.2727272727272727,1.29e-06,"[29, 8, 26, 10, 32, 3, 27, 38]"
anticipated,"['AE', 'N', 'T', 'IH', 'S', 'AH', 'P', 'EY', 'T', 'AH', 'D']","['an', 'ti', 'cip', 'ated']",['anticipated'],0.2727272727272727,1.2e-05,"[2, 27, 33, 10, 31, 3, 29, 9]"
respiratory,"['R', 'EH', 'S', 'P', 'ER', 'AH', 'T', 'AO', 'R', 'IY']","['res', 'pir', 'at', 'ory']",['respiratory'],0.2727272727272727,6.46e-06,"[30, 7, 31, 29, 8, 3, 33, 4]"
appreciated,"['AH', 'P', 'R', 'IY', 'SH', 'IY', 'EY', 'T', 'IH', 'D']","['ap', 'pre', 'ci', 'ated']",['appreciated'],0.2727272727272727,1.45e-05,"[3, 29, 30, 11, 32, 11, 9, 33]"
fundamental,"['F', 'AH', 'N', 'D', 'AH', 'M', 'EH', 'N', 'T', 'AH', 'L']","['fun', 'da', 'ment', 'al']",['fundamental'],0.2727272727272727,2.14e-05,"[20, 3, 27, 18, 3, 26, 7, 27]"
innovations,"['IH', 'N', 'AH', 'V', 'EY', 'SH', 'AH', 'N', 'Z']","['in', 'nov', 'a', 'tions']",['innovations'],0.2727272727272727,5.37e-06,"[10, 27, 3, 35, 9, 32, 3, 27]"
televisions,"['T', 'EH', 'L', 'AH', 'V', 'IH', 'ZH', 'AH', 'N', 'Z']","['tele', 'vi', 'sions']","['television', '##s']",0.2727272727272727,1.2e-06,"[33, 7, 25, 3, 35, 10, 39, 3]"
connecticut,"['K', 'AH', 'N', 'EH', 'T', 'AH', 'K', 'AH', 'T']","['con', 'necti', 'c', 'ut']",['connecticut'],0.2727272727272727,1.29e-05,"[24, 3, 27, 7, 33, 3, 24, 3]"
commodities,"['K', 'AH', 'M', 'AA', 'D', 'AH', 'T', 'IY', 'Z']","['com', 'mod', 'it', 'ies']",['commodities'],0.2727272727272727,5.37e-06,"[24, 3, 26, 1, 18, 3, 33, 11]"
fascinating,"['F', 'AE', 'S', 'AH', 'N', 'EY', 'T', 'IH', 'NG']","['fas', 'cin', 'at', 'ing']",['fascinating'],0.2727272727272727,1.35e-05,"[20, 2, 31, 3, 27, 9, 33, 10]"
computation,"['K', 'AA', 'M', 'P', 'Y', 'AH', 'T', 'EY', 'SH', 'AH', 'N']","['com', 'pu', 'ta', 'tion']",['computation'],0.2727272727272727,2.24e-06,"[24, 1, 26, 29, 37, 3, 33, 9]"
penetration,"['P', 'EH', 'N', 'AH', 'T', 'R', 'EY', 'SH', 'AH', 'N']","['pen', 'et', 'ra', 'tion']",['penetration'],0.2727272727272727,5.13e-06,"[29, 7, 27, 3, 33, 30, 9, 32]"
circulation,"['S', 'ER', 'K', 'Y', 'AH', 'L', 'EY', 'SH', 'AH', 'N']","['cir', 'cu', 'la', 'tion']",['circulation'],0.2727272727272727,9.12e-06,"[31, 8, 24, 37, 3, 25, 9, 32]"
corporation,"['K', 'AO', 'R', 'P', 'ER', 'EY', 'SH', 'AH', 'N']","['cor', 'por', 'a', 'tion']",['corporation'],0.2727272727272727,3.89e-05,"[24, 4, 30, 29, 8, 9, 32, 3]"
implemented,"['IH', 'M', 'P', 'L', 'AH', 'M', 'EH', 'N', 'T', 'AH', 'D']","['im', 'ple', 'men', 'ted']",['implemented'],0.2727272727272727,1.7e-05,"[10, 26, 29, 25, 3, 26, 7, 27]"
experiences,"['IH', 'K', 'S', 'P', 'IH', 'R', 'IY', 'AH', 'N', 'S', 'IH', 'Z']","['ex', 'per', 'i', 'ences']",['experiences'],0.2727272727272727,3.55e-05,"[10, 24, 31, 29, 10, 30, 11, 3]"
celebration,"['S', 'EH', 'L', 'AH', 'B', 'R', 'EY', 'SH', 'AH', 'N']","['cel', 'eb', 'ra', 'tion']",['celebration'],0.2727272727272727,1.95e-05,"[31, 7, 25, 3, 16, 30, 9, 32]"
equilibrium,"['IY', 'K', 'W', 'AH', 'L', 'IH', 'B', 'R', 'IY', 'AH', 'M']","['equi', 'lib', 'ri', 'um']",['equilibrium'],0.2727272727272727,3.98e-06,"[11, 24, 36, 3, 25, 10, 16, 30]"
restoration,"['R', 'EH', 'S', 'T', 'ER', 'EY', 'SH', 'AH', 'N']","['res', 'tor', 'a', 'tion']",['restoration'],0.2727272727272727,1.29e-05,"[30, 7, 31, 33, 8, 9, 32, 3]"
interesting,"['IH', 'N', 'T', 'R', 'AH', 'S', 'T', 'IH', 'NG']","['in', 'ter', 'est', 'ing']",['interesting'],0.2727272727272727,0.0001,"[10, 27, 33, 30, 3, 31, 33, 10]"
orientation,"['AO', 'R', 'IY', 'EH', 'N', 'T', 'EY', 'SH', 'AH', 'N']","['ori', 'ent', 'a', 'tion']",['orientation'],0.2727272727272727,1.12e-05,"[4, 30, 11, 7, 27, 33, 9, 32]"
development,"['D', 'IH', 'V', 'EH', 'L', 'AH', 'P', 'M', 'AH', 'N', 'T']","['de', 'vel', 'op', 'ment']",['development'],0.2727272727272727,0.000204,"[18, 10, 35, 7, 25, 3, 29, 26]"
negotiation,"['N', 'IH', 'G', 'OW', 'SH', 'IY', 'EY', 'SH', 'AH', 'N']","['ne', 'go', 'ti', 'ation']",['negotiation'],0.2727272727272727,6.03e-06,"[27, 10, 21, 12, 32, 11, 9, 32]"
smithsonian,"['S', 'M', 'IH', 'TH', 'S', 'OW', 'N', 'IY', 'AH', 'N']","['smith', 'so', 'ni', 'an']",['smithsonian'],0.2727272727272727,2.51e-06,"[31, 26, 10, 34, 31, 12, 27, 11]"
exploration,"['EH', 'K', 'S', 'P', 'L', 'ER', 'EY', 'SH', 'AH', 'N']","['ex', 'plor', 'a', 'tion']",['exploration'],0.2727272727272727,1.55e-05,"[7, 24, 31, 29, 25, 8, 9, 32]"
recommended,"['R', 'EH', 'K', 'AH', 'M', 'EH', 'N', 'D', 'AH', 'D']","['re', 'com', 'men', 'ded']",['recommended'],0.2727272727272727,3.16e-05,"[30, 7, 24, 3, 26, 7, 27, 18]"
replication,"['R', 'EH', 'P', 'L', 'AH', 'K', 'EY', 'SH', 'AH', 'N']","['rep', 'lic', 'a', 'tion']",['replication'],0.2727272727272727,2.63e-06,"[30, 7, 29, 25, 3, 24, 9, 32]"
individuals,"['IH', 'N', 'D', 'AH', 'V', 'IH', 'JH', 'AH', 'W', 'AH', 'L', 'Z']","['in', 'di', 'vidu', 'als']",['individuals'],0.2727272727272727,6.46e-05,"[10, 27, 18, 3, 35, 10, 23, 3]"
limitations,"['L', 'IH', 'M', 'IH', 'T', 'EY', 'SH', 'AH', 'N', 'Z']","['lim', 'it', 'a', 'tions']",['limitations'],0.2727272727272727,1.12e-05,"[25, 10, 26, 10, 33, 9, 32, 3]"
flexibility,"['F', 'L', 'EH', 'K', 'S', 'AH', 'B', 'IH', 'L', 'AH', 'T', 'IY']","['flex', 'ib', 'il', 'ity']",['flexibility'],0.2727272727272727,1.05e-05,"[20, 25, 7, 24, 31, 3, 16, 10]"
resolutions,"['R', 'EH', 'Z', 'AH', 'L', 'UW', 'SH', 'AH', 'N', 'Z']","['res', 'ol', 'u', 'tions']",['resolutions'],0.2727272727272727,5.01e-06,"[30, 7, 38, 3, 25, 15, 32, 3]"
competitors,"['K', 'AH', 'M', 'P', 'EH', 'T', 'AH', 'T', 'ER', 'Z']","['com', 'pet', 'it', 'ors']",['competitors'],0.2727272727272727,1.29e-05,"[24, 3, 26, 29, 7, 33, 3, 33]"
unsubscribe,"['AH', 'N', 'S', 'AH', 'B', 'S', 'K', 'R', 'AY', 'B']","['un', 'sub', 'scribe']","['un', '##su', '##bs', '##cr', '##ibe']",0.2727272727272727,1.07e-06,"[3, 27, 31, 3, 16, 31, 24, 30]"
promotional,"['P', 'R', 'AH', 'M', 'OW', 'SH', 'AH', 'N', 'AH', 'L']","['pro', 'mo', 'tion', 'al']",['promotional'],0.2727272727272727,7.41e-06,"[29, 30, 3, 26, 12, 32, 3, 27]"
preliminary,"['P', 'R', 'IH', 'L', 'IH', 'M', 'AH', 'N', 'EH', 'R', 'IY']","['pre', 'lim', 'in', 'ary']",['preliminary'],0.2727272727272727,1.45e-05,"[29, 30, 10, 25, 10, 26, 3, 27]"
terminology,"['T', 'ER', 'M', 'IH', 'N', 'AA', 'L', 'AH', 'JH', 'IY']","['ter', 'min', 'o', 'logy']",['terminology'],0.2727272727272727,4.79e-06,"[33, 8, 26, 10, 27, 1, 25, 3]"
association,"['AH', 'S', 'OW', 'S', 'IY', 'EY', 'SH', 'AH', 'N']","['as', 'so', 'ci', 'ation']",['association'],0.2727272727272727,0.000102,"[3, 31, 12, 31, 11, 9, 32, 3]"
imagination,"['IH', 'M', 'AE', 'JH', 'AH', 'N', 'EY', 'SH', 'AH', 'N']","['ima', 'gin', 'a', 'tion']",['imagination'],0.2727272727272727,1.66e-05,"[10, 26, 2, 23, 3, 27, 9, 32]"
approximate,"['AH', 'P', 'R', 'AA', 'K', 'S', 'AH', 'M', 'AH', 'T']","['ap', 'prox', 'im', 'ate']",['approximate'],0.2727272727272727,4.37e-06,"[3, 29, 30, 1, 24, 31, 3, 26]"
exhibitions,"['EH', 'K', 'S', 'AH', 'B', 'IH', 'SH', 'AH', 'N', 'Z']","['ex', 'hib', 'i', 'tions']",['exhibitions'],0.2727272727272727,4.79e-06,"[7, 24, 31, 3, 16, 10, 32, 3]"
spectacular,"['S', 'P', 'EH', 'K', 'T', 'AE', 'K', 'Y', 'AH', 'L', 'ER']","['spec', 'tac', 'u', 'lar']",['spectacular'],0.2727272727272727,1.15e-05,"[31, 29, 7, 24, 33, 2, 24, 37]"
coordinator,"['K', 'OW', 'AO', 'R', 'D', 'AH', 'N', 'EY', 'T', 'ER']","['co', 'ordin', 'at', 'or']",['coordinator'],0.2727272727272727,8.13e-06,"[24, 12, 4, 30, 18, 3, 27, 9]"
explanation,"['EH', 'K', 'S', 'P', 'L', 'AH', 'N', 'EY', 'SH', 'AH', 'N']","['ex', 'plan', 'a', 'tion']",['explanation'],0.2727272727272727,2.75e-05,"[7, 24, 31, 29, 25, 3, 27, 9]"
experienced,"['IH', 'K', 'S', 'P', 'IH', 'R', 'IY', 'AH', 'N', 'S', 'T']","['ex', 'per', 'i', 'enced']",['experienced'],0.2727272727272727,4.27e-05,"[10, 24, 31, 29, 10, 30, 11, 3]"
contributor,"['K', 'AH', 'N', 'T', 'R', 'IH', 'B', 'Y', 'AH', 'T', 'ER']","['con', 'trib', 'ut', 'or']",['contributor'],0.2727272727272727,5.25e-06,"[24, 3, 27, 33, 30, 10, 16, 37]"
possibility,"['P', 'AA', 'S', 'AH', 'B', 'IH', 'L', 'AH', 'T', 'IY']","['pos', 'sib', 'il', 'ity']",['possibility'],0.2727272727272727,3.8e-05,"[29, 1, 31, 3, 16, 10, 25, 3]"
residential,"['R', 'EH', 'Z', 'IH', 'D', 'EH', 'N', 'CH', 'AH', 'L']","['res', 'id', 'en', 'tial']",['residential'],0.2727272727272727,2.14e-05,"[30, 7, 38, 10, 18, 7, 27, 17]"
observation,"['AA', 'B', 'Z', 'ER', 'V', 'EY', 'SH', 'AH', 'N']","['ob', 'ser', 'va', 'tion']",['observation'],0.2727272727272727,1.35e-05,"[1, 16, 38, 8, 35, 9, 32, 3]"
integrating,"['IH', 'N', 'T', 'AH', 'G', 'R', 'EY', 'T', 'IH', 'NG']","['in', 'teg', 'rat', 'ing']",['integrating'],0.2727272727272727,3.31e-06,"[10, 27, 33, 3, 21, 30, 9, 33]"
magnificent,"['M', 'AE', 'G', 'N', 'IH', 'F', 'AH', 'S', 'AH', 'N', 'T']","['mag', 'ni', 'fi', 'cent']",['magnificent'],0.2727272727272727,1.1e-05,"[26, 2, 21, 27, 10, 20, 3, 31]"
combination,"['K', 'AA', 'M', 'B', 'AH', 'N', 'EY', 'SH', 'AH', 'N']","['com', 'bin', 'a', 'tion']",['combination'],0.2727272727272727,4.07e-05,"[24, 1, 26, 16, 3, 27, 9, 32]"
participate,"['P', 'AA', 'R', 'T', 'IH', 'S', 'AH', 'P', 'EY', 'T']","['par', 'ti', 'cip', 'ate']",['participate'],0.2727272727272727,2.63e-05,"[29, 1, 30, 33, 10, 31, 3, 29]"
represented,"['R', 'EH', 'P', 'R', 'AH', 'Z', 'EH', 'N', 'T', 'AH', 'D']","['rep', 'res', 'en', 'ted']",['represented'],0.2727272727272727,3.39e-05,"[30, 7, 29, 30, 3, 38, 7, 27]"
appropriate,"['AH', 'P', 'R', 'OW', 'P', 'R', 'IY', 'AH', 'T']","['ap', 'pro', 'pri', 'ate']",['appropriate'],0.2727272727272727,4.68e-05,"[3, 29, 30, 12, 29, 30, 11, 3]"
syndication,"['S', 'IH', 'N', 'D', 'IH', 'K', 'EY', 'SH', 'AH', 'N']","['syn', 'dic', 'a', 'tion']",['syndication'],0.2727272727272727,6.31e-07,"[31, 10, 27, 18, 10, 24, 9, 32]"
supervision,"['S', 'UW', 'P', 'ER', 'V', 'IH', 'ZH', 'AH', 'N']","['su', 'per', 'vi', 'sion']",['supervision'],0.2727272727272727,8.71e-06,"[31, 15, 29, 8, 35, 10, 39, 3]"
authorities,"['AH', 'TH', 'AO', 'R', 'AH', 'T', 'IY', 'Z']","['au', 'thor', 'it', 'ies']",['authorities'],0.2727272727272727,4.27e-05,"[3, 34, 4, 30, 3, 33, 11, 38]"
information,"['IH', 'N', 'F', 'ER', 'M', 'EY', 'SH', 'AH', 'N']","['in', 'form', 'a', 'tion']",['information'],0.2727272727272727,0.000269,"[10, 27, 20, 8, 26, 9, 32, 3]"
medications,"['M', 'EH', 'D', 'AH', 'K', 'EY', 'SH', 'AH', 'N', 'Z']","['med', 'ic', 'a', 'tions']",['medications'],0.2727272727272727,5.75e-06,"[26, 7, 18, 3, 24, 9, 32, 3]"
initiatives,"['IH', 'N', 'IH', 'SH', 'AH', 'T', 'IH', 'V', 'Z']","['ini', 'ti', 'at', 'ives']",['initiatives'],0.2727272727272727,1.05e-05,"[10, 27, 10, 32, 3, 33, 10, 35]"
composition,"['K', 'AA', 'M', 'P', 'AH', 'Z', 'IH', 'SH', 'AH', 'N']","['com', 'pos', 'i', 'tion']",['composition'],0.2727272727272727,2.14e-05,"[24, 1, 26, 29, 3, 38, 10, 32]"
independent,"['IH', 'N', 'D', 'IH', 'P', 'EH', 'N', 'D', 'AH', 'N', 'T']","['in', 'de', 'pend', 'ent']",['independent'],0.2727272727272727,8.51e-05,"[10, 27, 18, 10, 29, 7, 27, 18]"
mathematics,"['M', 'AE', 'TH', 'AH', 'M', 'AE', 'T', 'IH', 'K', 'S']","['math', 'em', 'at', 'ics']",['mathematics'],0.2727272727272727,1.41e-05,"[26, 2, 34, 3, 26, 2, 33, 10]"
declaration,"['D', 'EH', 'K', 'L', 'ER', 'EY', 'SH', 'AH', 'N']","['de', 'clar', 'a', 'tion']",['declaration'],0.2727272727272727,1.26e-05,"[18, 7, 24, 25, 8, 9, 32, 3]"
introducing,"['IH', 'N', 'T', 'R', 'AH', 'D', 'UW', 'S', 'IH', 'NG']","['in', 'tro', 'du', 'cing']",['introducing'],0.2727272727272727,1.45e-05,"[10, 27, 33, 30, 3, 18, 15, 31]"
territories,"['T', 'EH', 'R', 'AH', 'T', 'AO', 'R', 'IY', 'Z']","['ter', 'rit', 'or', 'ies']",['territories'],0.2727272727272727,1.05e-05,"[33, 7, 30, 3, 33, 4, 30, 11]"
nominations,"['N', 'AA', 'M', 'AH', 'N', 'EY', 'SH', 'AH', 'N', 'Z']","['nom', 'in', 'a', 'tions']",['nominations'],0.2727272727272727,6.61e-06,"[27, 1, 26, 3, 27, 9, 32, 3]"
calculators,"['K', 'AE', 'L', 'K', 'Y', 'AH', 'L', 'EY', 'T', 'ER', 'Z']","['cal', 'cu', 'lat', 'ors']","['cal', '##cula', '##tors']",0.2727272727272727,9.55e-07,"[24, 2, 25, 24, 37, 3, 25, 9]"
publication,"['P', 'AH', 'B', 'L', 'IH', 'K', 'EY', 'SH', 'AH', 'N']","['pub', 'lic', 'a', 'tion']",['publication'],0.2727272727272727,2.82e-05,"[29, 3, 16, 25, 10, 24, 9, 32]"
alternative,"['AO', 'L', 'T', 'ER', 'N', 'AH', 'T', 'IH', 'V']","['al', 'tern', 'at', 'ive']",['alternative'],0.2727272727272727,5.13e-05,"[4, 25, 33, 8, 27, 3, 33, 10]"
reservation,"['R', 'EH', 'Z', 'ER', 'V', 'EY', 'SH', 'AH', 'N']","['re', 'ser', 'va', 'tion']",['reservation'],0.2727272727272727,8.91e-06,"[30, 7, 38, 8, 35, 9, 32, 3]"
comparative,"['K', 'AH', 'M', 'P', 'EH', 'R', 'AH', 'T', 'IH', 'V']","['com', 'par', 'at', 'ive']",['comparative'],0.2727272727272727,5.89e-06,"[24, 3, 26, 29, 7, 30, 3, 33]"
documentary,"['D', 'AA', 'K', 'Y', 'AH', 'M', 'EH', 'N', 'T', 'ER', 'IY']","['doc', 'u', 'ment', 'ary']",['documentary'],0.2727272727272727,2.04e-05,"[18, 1, 24, 37, 3, 26, 7, 27]"
interactive,"['IH', 'N', 'T', 'ER', 'AE', 'K', 'T', 'IH', 'V']","['in', 'ter', 'act', 'ive']",['interactive'],0.2727272727272727,1.15e-05,"[10, 27, 33, 8, 2, 24, 33, 10]"
dimensional,"['D', 'IH', 'M', 'EH', 'N', 'SH', 'AH', 'N', 'AH', 'L']","['di', 'men', 'sion', 'al']",['dimensional'],0.2727272727272727,1.07e-05,"[18, 10, 26, 7, 27, 32, 3, 27]"
considering,"['K', 'AH', 'N', 'S', 'IH', 'D', 'ER', 'IH', 'NG']","['con', 'sid', 'er', 'ing']",['considering'],0.2727272727272727,4.37e-05,"[24, 3, 27, 31, 10, 18, 8, 10]"
correlation,"['K', 'AO', 'R', 'AH', 'L', 'EY', 'SH', 'AH', 'N']","['cor', 'rel', 'a', 'tion']",['correlation'],0.2727272727272727,7.24e-06,"[24, 4, 30, 3, 25, 9, 32, 3]"
agriculture,"['AE', 'G', 'R', 'IH', 'K', 'AH', 'L', 'CH', 'ER']","['ag', 'ri', 'cul', 'ture']",['agriculture'],0.2727272727272727,2.34e-05,"[2, 21, 30, 10, 24, 3, 25, 17]"
inexpensive,"['IH', 'N', 'IH', 'K', 'S', 'P', 'EH', 'N', 'S', 'IH', 'V']","['in', 'ex', 'pens', 'ive']",['inexpensive'],0.2727272727272727,3.72e-06,"[10, 27, 10, 24, 31, 29, 7, 27]"
legislation,"['L', 'EH', 'JH', 'AH', 'S', 'L', 'EY', 'SH', 'AH', 'N']","['le', 'gis', 'la', 'tion']",['legislation'],0.2727272727272727,3.55e-05,"[25, 7, 23, 3, 31, 25, 9, 32]"
experiments,"['IH', 'K', 'S', 'P', 'EH', 'R', 'AH', 'M', 'AH', 'N', 'T', 'S']","['ex', 'per', 'i', 'ments']",['experiments'],0.2727272727272727,1.58e-05,"[10, 24, 31, 29, 7, 30, 3, 26]"
destination,"['D', 'EH', 'S', 'T', 'AH', 'N', 'EY', 'SH', 'AH', 'N']","['des', 'tin', 'a', 'tion']",['destination'],0.2727272727272727,1.74e-05,"[18, 7, 31, 33, 3, 27, 9, 32]"
acquisition,"['AE', 'K', 'W', 'AH', 'Z', 'IH', 'SH', 'AH', 'N']","['ac', 'quis', 'i', 'tion']",['acquisition'],0.2727272727272727,1.82e-05,"[2, 24, 36, 3, 38, 10, 32, 3]"
republicans,"['R', 'IH', 'P', 'AH', 'B', 'L', 'IH', 'K', 'AH', 'N', 'Z']","['re', 'pub', 'lic', 'ans']",['republicans'],0.2727272727272727,3.16e-05,"[30, 10, 29, 3, 16, 25, 10, 24]"
comparisons,"['K', 'AH', 'M', 'P', 'EH', 'R', 'AH', 'S', 'AH', 'N', 'Z']","['com', 'par', 'is', 'ons']",['comparisons'],0.2727272727272727,6.17e-06,"[24, 3, 26, 29, 7, 30, 3, 31]"
cooperation,"['K', 'OW', 'AA', 'P', 'ER', 'EY', 'SH', 'AH', 'N']","['co', 'oper', 'a', 'tion']",['cooperation'],0.2727272727272727,2e-05,"[24, 12, 1, 29, 8, 9, 32, 3]"
simulations,"['S', 'IH', 'M', 'Y', 'UW', 'L', 'EY', 'SH', 'AH', 'N', 'Z']","['sim', 'u', 'la', 'tions']",['simulations'],0.2727272727272727,3.24e-06,"[31, 10, 26, 37, 15, 25, 9, 32]"
continental,"['K', 'AA', 'N', 'T', 'AH', 'N', 'EH', 'N', 'T', 'AH', 'L']","['con', 'tin', 'ent', 'al']",['continental'],0.2727272727272727,1.05e-05,"[24, 1, 27, 33, 3, 27, 7, 27]"
generations,"['JH', 'EH', 'N', 'ER', 'EY', 'SH', 'AH', 'N', 'Z']","['gen', 'er', 'a', 'tions']",['generations'],0.2727272727272727,1.95e-05,"[23, 7, 27, 8, 9, 32, 3, 27]"
incorporate,"['IH', 'N', 'K', 'AO', 'R', 'P', 'ER', 'EY', 'T']","['in', 'cor', 'por', 'ate']",['incorporate'],0.2727272727272727,7.08e-06,"[10, 27, 24, 4, 30, 29, 8, 9]"
populations,"['P', 'AA', 'P', 'Y', 'AH', 'L', 'EY', 'SH', 'AH', 'N', 'Z']","['pop', 'u', 'la', 'tions']",['populations'],0.2727272727272727,1.55e-05,"[29, 1, 29, 37, 3, 25, 9, 32]"
environment,"['IH', 'N', 'V', 'AY', 'R', 'AH', 'N', 'M', 'AH', 'N', 'T']","['en', 'vir', 'on', 'ment']",['environment'],0.2727272727272727,7.41e-05,"[10, 27, 35, 6, 30, 3, 27, 26]"
legislative,"['L', 'EH', 'JH', 'AH', 'S', 'L', 'EY', 'T', 'IH', 'V']","['le', 'gis', 'lat', 'ive']",['legislative'],0.2727272727272727,2.09e-05,"[25, 7, 23, 3, 31, 25, 9, 33]"
necessarily,"['N', 'EH', 'S', 'AH', 'S', 'EH', 'R', 'AH', 'L', 'IY']","['ne', 'ces', 'sar', 'ily']",['necessarily'],0.2727272727272727,3.02e-05,"[27, 7, 31, 3, 31, 7, 30, 3]"
communicate,"['K', 'AH', 'M', 'Y', 'UW', 'N', 'AH', 'K', 'EY', 'T']","['com', 'mu', 'nic', 'ate']",['communicate'],0.2727272727272727,1.58e-05,"[24, 3, 26, 37, 15, 27, 3, 24]"
ejaculation,"['IY', 'JH', 'AE', 'K', 'Y', 'UW', 'L', 'EY', 'SH', 'AH', 'N']","['ejac', 'u', 'la', 'tion']","['e', '##ja', '##cula', '##tion']",0.2727272727272727,8.32e-07,"[11, 23, 2, 24, 37, 15, 25, 9]"
conditional,"['K', 'AH', 'N', 'D', 'IH', 'SH', 'AH', 'N', 'AH', 'L']","['con', 'di', 'tion', 'al']",['conditional'],0.2727272727272727,3.89e-06,"[24, 3, 27, 18, 10, 32, 3, 27]"
sensitivity,"['S', 'EH', 'N', 'S', 'IH', 'T', 'IH', 'V', 'IH', 'T', 'IY']","['sens', 'it', 'iv', 'ity']",['sensitivity'],0.2727272727272727,8.91e-06,"[31, 7, 27, 31, 10, 33, 10, 35]"
institution,"['IH', 'N', 'S', 'T', 'IH', 'T', 'UW', 'SH', 'AH', 'N']","['in', 'sti', 'tu', 'tion']",['institution'],0.2727272727272727,2.57e-05,"[10, 27, 31, 33, 10, 33, 15, 32]"
termination,"['T', 'ER', 'M', 'AH', 'N', 'EY', 'SH', 'AH', 'N']","['ter', 'min', 'a', 'tion']",['termination'],0.2727272727272727,5.37e-06,"[33, 8, 26, 3, 27, 9, 32, 3]"
educational,"['EH', 'JH', 'AH', 'K', 'EY', 'SH', 'AH', 'N', 'AH', 'L']","['edu', 'ca', 'tion', 'al']",['educational'],0.2727272727272727,3.98e-05,"[7, 23, 3, 24, 9, 32, 3, 27]"
compilation,"['K', 'AA', 'M', 'P', 'AH', 'L', 'EY', 'SH', 'AH', 'N']","['com', 'pil', 'a', 'tion']",['compilation'],0.2727272727272727,7.08e-06,"[24, 1, 26, 29, 3, 25, 9, 32]"
obligations,"['AA', 'B', 'L', 'AH', 'G', 'EY', 'SH', 'AH', 'N', 'Z']","['ob', 'lig', 'a', 'tions']",['obligations'],0.2727272727272727,9.77e-06,"[1, 16, 25, 3, 21, 9, 32, 3]"
intelligent,"['IH', 'N', 'T', 'EH', 'L', 'AH', 'JH', 'AH', 'N', 'T']","['in', 'tel', 'li', 'gent']",['intelligent'],0.2727272727272727,1.95e-05,"[10, 27, 33, 7, 25, 3, 23, 3]"
newsletters,"['N', 'UW', 'Z', 'L', 'EH', 'T', 'ER', 'Z']","['news', 'let', 'ters']","['newsletter', '##s']",0.2727272727272727,8.71e-07,"[27, 15, 38, 25, 7, 33, 8, 38]"
integration,"['IH', 'N', 'T', 'AH', 'G', 'R', 'EY', 'SH', 'AH', 'N']","['in', 'teg', 'ra', 'tion']",['integration'],0.2727272727272727,1.66e-05,"[10, 27, 33, 3, 21, 30, 9, 32]"
recognition,"['R', 'EH', 'K', 'AH', 'G', 'N', 'IH', 'SH', 'AH', 'N']","['re', 'cog', 'ni', 'tion']",['recognition'],0.2727272727272727,2.95e-05,"[30, 7, 24, 3, 21, 27, 10, 32]"
consecutive,"['K', 'AH', 'N', 'S', 'EH', 'K', 'Y', 'AH', 'T', 'IH', 'V']","['con', 'sec', 'ut', 'ive']",['consecutive'],0.2727272727272727,1.51e-05,"[24, 3, 27, 31, 7, 24, 37, 3]"
proprietary,"['P', 'R', 'AH', 'P', 'R', 'AY', 'AH', 'T', 'EH', 'R', 'IY']","['pro', 'pri', 'et', 'ary']",['proprietary'],0.2727272727272727,4.68e-06,"[29, 30, 3, 29, 30, 6, 3, 33]"
accompanied,"['AH', 'K', 'AH', 'M', 'P', 'AH', 'N', 'IY', 'D']","['ac', 'com', 'pan', 'ied']",['accompanied'],0.2727272727272727,1.78e-05,"[3, 24, 3, 26, 29, 3, 27, 11]"
hospitality,"['HH', 'AA', 'S', 'P', 'AH', 'T', 'AE', 'L', 'AH', 'T', 'IY']","['hos', 'pit', 'al', 'ity']",['hospitality'],0.2727272727272727,7.94e-06,"[22, 1, 31, 29, 3, 33, 2, 25]"
immigration,"['IH', 'M', 'AH', 'G', 'R', 'EY', 'SH', 'AH', 'N']","['im', 'mig', 'ra', 'tion']",['immigration'],0.2727272727272727,2.95e-05,"[10, 26, 3, 21, 30, 9, 32, 3]"
calculation,"['K', 'AE', 'L', 'K', 'Y', 'AH', 'L', 'EY', 'SH', 'AH', 'N']","['cal', 'cu', 'la', 'tion']",['calculation'],0.2727272727272727,5.75e-06,"[24, 2, 25, 24, 37, 3, 25, 9]"
competition,"['K', 'AA', 'M', 'P', 'AH', 'T', 'IH', 'SH', 'AH', 'N']","['com', 'pet', 'i', 'tion']",['competition'],0.2727272727272727,8.13e-05,"[24, 1, 26, 29, 3, 33, 10, 32]"
temporarily,"['T', 'EH', 'M', 'P', 'ER', 'EH', 'R', 'AH', 'L', 'IY']","['tem', 'por', 'ar', 'ily']",['temporarily'],0.2727272727272727,1.15e-05,"[33, 7, 26, 29, 8, 7, 30, 3]"
preparation,"['P', 'R', 'EH', 'P', 'ER', 'EY', 'SH', 'AH', 'N']","['pre', 'par', 'a', 'tion']",['preparation'],0.2727272727272727,2.09e-05,"[29, 30, 7, 29, 8, 9, 32, 3]"
evaluations,"['IH', 'V', 'AE', 'L', 'Y', 'UW', 'EY', 'SH', 'AH', 'N', 'Z']","['eval', 'u', 'ations']","['evaluation', '##s']",0.2727272727272727,2.69e-06,"[10, 35, 2, 25, 37, 15, 9, 32]"
outsourcing,"['AW', 'T', 'S', 'AO', 'R', 'S', 'IH', 'NG']","['out', 'sourcing']","['outs', '##our', '##cing']",0.2727272727272727,2.29e-06,"[5, 33, 31, 4, 30, 31, 10, 28]"
attachments,"['AH', 'T', 'AE', 'CH', 'M', 'AH', 'N', 'T', 'S']","['at', 'tach', 'ments']","['attachment', '##s']",0.2727272727272727,2.4e-06,"[3, 33, 2, 17, 26, 3, 27, 33]"
engineering,"['EH', 'N', 'JH', 'AH', 'N', 'IH', 'R', 'IH', 'NG']","['en', 'gin', 'eer', 'ing']",['engineering'],0.2727272727272727,6.31e-05,"[7, 27, 23, 3, 27, 10, 30, 10]"
opportunity,"['AA', 'P', 'ER', 'T', 'UW', 'N', 'AH', 'T', 'IY']","['op', 'por', 'tun', 'ity']",['opportunity'],0.2727272727272727,8.91e-05,"[1, 29, 8, 33, 15, 27, 3, 33]"
personality,"['P', 'ER', 'S', 'AH', 'N', 'AE', 'L', 'IH', 'T', 'IY']","['per', 'son', 'al', 'ity']",['personality'],0.2727272727272727,3.55e-05,"[29, 8, 31, 3, 27, 2, 25, 10]"
cooperative,"['K', 'OW', 'AA', 'P', 'ER', 'EY', 'T', 'IH', 'V']","['co', 'oper', 'at', 'ive']",['cooperative'],0.2727272727272727,7.24e-06,"[24, 12, 1, 29, 8, 9, 33, 10]"
nutritional,"['N', 'UW', 'T', 'R', 'IH', 'SH', 'AH', 'N', 'AH', 'L']","['nu', 'tri', 'tion', 'al']",['nutritional'],0.2727272727272727,4.37e-06,"[27, 15, 33, 30, 10, 32, 3, 27]"
affiliation,"['AH', 'F', 'IH', 'L', 'IY', 'EY', 'SH', 'AH', 'N']","['af', 'fil', 'i', 'ation']",['affiliation'],0.2727272727272727,4.27e-06,"[3, 20, 10, 25, 11, 9, 32, 3]"
subdivision,"['S', 'AH', 'B', 'D', 'IH', 'V', 'IH', 'ZH', 'AH', 'N']","['sub', 'di', 'vi', 'sion']",['subdivision'],0.2727272727272727,4.27e-06,"[31, 3, 16, 18, 10, 35, 10, 39]"
accommodate,"['AH', 'K', 'AA', 'M', 'AH', 'D', 'EY', 'T']","['ac', 'com', 'mod', 'ate']",['accommodate'],0.2727272727272727,1.05e-05,"[3, 24, 1, 26, 3, 18, 9, 33]"
workstation,"['W', 'ER', 'K', 'S', 'T', 'EY', 'SH', 'AH', 'N']","['work', 'sta', 'tion']","['works', '##tation']",0.2727272727272727,1.1e-06,"[36, 8, 24, 31, 33, 9, 32, 3]"
methodology,"['M', 'EH', 'TH', 'AH', 'D', 'AA', 'L', 'AH', 'JH', 'IY']","['meth', 'od', 'o', 'logy']",['methodology'],0.2727272727272727,6.61e-06,"[26, 7, 34, 3, 18, 1, 25, 3]"
elimination,"['IH', 'L', 'IH', 'M', 'AH', 'N', 'EY', 'SH', 'AH', 'N']","['elim', 'in', 'a', 'tion']",['elimination'],0.2727272727272727,8.51e-06,"[10, 25, 10, 26, 3, 27, 9, 32]"
arbitration,"['AA', 'R', 'B', 'IH', 'T', 'R', 'EY', 'SH', 'AH', 'N']","['ar', 'bit', 'ra', 'tion']",['arbitration'],0.2727272727272727,5.25e-06,"[1, 30, 16, 10, 33, 30, 9, 32]"
configuring,"['K', 'AH', 'N', 'F', 'IH', 'G', 'Y', 'ER', 'IH', 'NG']","['con', 'fig', 'ur', 'ing']","['con', '##fi', '##gur', '##ing']",0.2727272727272727,4.17e-07,"[24, 3, 27, 20, 10, 21, 37, 8]"
unnecessary,"['AH', 'N', 'N', 'EH', 'S', 'AH', 'S', 'EH', 'R', 'IY']","['un', 'ne', 'ces', 'sary']",['unnecessary'],0.2727272727272727,1.51e-05,"[3, 27, 27, 7, 31, 3, 31, 7]"
secretariat,"['S', 'EH', 'K', 'R', 'IH', 'T', 'EH', 'R', 'IY', 'AH', 'T']","['sec', 'ret', 'ari', 'at']",['secretariat'],0.2727272727272727,2.82e-06,"[31, 7, 24, 30, 10, 33, 7, 30]"
determining,"['D', 'IH', 'T', 'ER', 'M', 'AH', 'N', 'IH', 'NG']","['de', 'term', 'in', 'ing']",['determining'],0.2727272727272727,9.33e-06,"[18, 10, 33, 8, 26, 3, 27, 10]"
certificate,"['S', 'ER', 'T', 'IH', 'F', 'IH', 'K', 'AH', 'T']","['cer', 'ti', 'fic', 'ate']",['certificate'],0.2727272727272727,1.95e-05,"[31, 8, 33, 10, 20, 10, 24, 3]"
disposition,"['D', 'IH', 'S', 'P', 'AH', 'Z', 'IH', 'SH', 'AH', 'N']","['dis', 'pos', 'i', 'tion']",['disposition'],0.2727272727272727,3.02e-06,"[18, 10, 31, 29, 3, 38, 10, 32]"
invitations,"['IH', 'N', 'V', 'IH', 'T', 'EY', 'SH', 'AH', 'N', 'Z']","['in', 'vit', 'a', 'tions']",['invitations'],0.2727272727272727,2.57e-06,"[10, 27, 35, 10, 33, 9, 32, 3]"
distributor,"['D', 'IH', 'S', 'T', 'R', 'IH', 'B', 'Y', 'AH', 'T', 'ER']","['dis', 'trib', 'ut', 'or']",['distributor'],0.2727272727272727,4.57e-06,"[18, 10, 31, 33, 30, 10, 16, 37]"
characteristics,"['K', 'EH', 'R', 'AH', 'K', 'T', 'ER', 'IH', 'S', 'T', 'IH', 'K', 'S']","['char', 'ac', 'ter', 'ist', 'ics']",['characteristics'],0.26666666666666666,1.91e-05,"[24, 7, 30, 3, 24, 33, 8, 10]"
pharmaceuticals,"['F', 'AA', 'R', 'M', 'AH', 'S', 'UW', 'T', 'IH', 'K', 'AH', 'L', 'Z']","['phar', 'ma', 'ceut', 'ic', 'als']",['pharmaceuticals'],0.26666666666666666,3.02e-06,"[20, 1, 30, 26, 3, 31, 15, 33]"
instrumentation,"['IH', 'N', 'S', 'T', 'R', 'AH', 'M', 'EH', 'N', 'T', 'EY', 'SH', 'AH', 'N']","['in', 'stru', 'ment', 'a', 'tion']",['instrumentation'],0.26666666666666666,2.88e-06,"[10, 27, 31, 33, 30, 3, 26, 7]"
congratulations,"['K', 'AH', 'N', 'G', 'R', 'AE', 'CH', 'AH', 'L', 'EY', 'SH', 'AH', 'N', 'Z']","['con', 'grat', 'u', 'la', 'tions']",['congratulations'],0.26666666666666666,2.51e-05,"[24, 3, 27, 21, 30, 2, 17, 3]"
representatives,"['R', 'EH', 'P', 'R', 'AH', 'Z', 'EH', 'N', 'T', 'AH', 'T', 'IH', 'V', 'Z']","['rep', 'res', 'ent', 'at', 'ives']",['representatives'],0.26666666666666666,3.31e-05,"[30, 7, 29, 30, 3, 38, 7, 27]"
representations,"['R', 'EH', 'P', 'R', 'AH', 'Z', 'AH', 'N', 'T', 'EY', 'SH', 'AH', 'N', 'Z']","['rep', 'res', 'ent', 'a', 'tions']",['representations'],0.26666666666666666,4.68e-06,"[30, 7, 29, 30, 3, 38, 3, 27]"
confidentiality,"['K', 'AA', 'N', 'F', 'AH', 'D', 'EH', 'N', 'SH', 'IY', 'AE', 'L', 'AH', 'T', 'IY']","['con', 'fid', 'en', 'ti', 'al', 'ity']","['confidential', '##ity']",0.26666666666666666,2.82e-06,"[24, 1, 27, 20, 3, 18, 7, 27]"
recommendations,"['R', 'EH', 'K', 'AH', 'M', 'AH', 'N', 'D', 'EY', 'SH', 'AH', 'N', 'Z']","['re', 'com', 'mend', 'a', 'tions']",['recommendations'],0.26666666666666666,1.95e-05,"[30, 7, 24, 3, 26, 3, 27, 18]"
internationally,"['IH', 'N', 'T', 'ER', 'N', 'AE', 'SH', 'AH', 'N', 'AH', 'L', 'IY']","['in', 'ter', 'na', 'tion', 'ally']",['internationally'],0.26666666666666666,8.91e-06,"[10, 27, 33, 8, 27, 2, 32, 3]"
creative,"['K', 'R', 'IY', 'EY', 'T', 'IH', 'V']","['cre', 'at', 'ive']",['creative'],0.25,3.98e-05,"[24, 30, 11, 9, 33, 10, 35, 0]"
leon,"['L', 'IY', 'AA', 'N']","['le', 'on']",['leon'],0.25,8.32e-06,"[25, 11, 1, 27, 0, 0, 0, 0]"
customer,"['K', 'AH', 'S', 'T', 'AH', 'M', 'ER']","['cus', 'tom', 'er']",['customer'],0.25,4.07e-05,"[24, 3, 31, 33, 3, 26, 8, 0]"
modeling,"['M', 'AA', 'D', 'AH', 'L', 'IH', 'NG']","['mod', 'el', 'ing']",['modeling'],0.25,8.71e-06,"[26, 1, 18, 3, 25, 10, 28, 0]"
families,"['F', 'AE', 'M', 'AH', 'L', 'IY', 'Z']","['fam', 'il', 'ies']",['families'],0.25,8.71e-05,"[20, 2, 26, 3, 25, 11, 38, 0]"
accepted,"['AE', 'K', 'S', 'EH', 'P', 'T', 'IH', 'D']","['ac', 'cep', 'ted']",['accepted'],0.25,4.68e-05,"[2, 24, 31, 7, 29, 33, 10, 18]"
judicial,"['JH', 'UW', 'D', 'IH', 'SH', 'AH', 'L']","['ju', 'di', 'cial']",['judicial'],0.25,1.38e-05,"[23, 15, 18, 10, 32, 3, 25, 0]"
animated,"['AE', 'N', 'AH', 'M', 'EY', 'T', 'AH', 'D']","['an', 'im', 'ated']",['animated'],0.25,1.17e-05,"[2, 27, 3, 26, 9, 33, 3, 18]"
surgical,"['S', 'ER', 'JH', 'IH', 'K', 'AH', 'L']","['sur', 'gic', 'al']",['surgical'],0.25,1.12e-05,"[31, 8, 23, 10, 24, 3, 25, 0]"
attitude,"['AE', 'T', 'AH', 'T', 'UW', 'D']","['at', 'ti', 'tude']",['attitude'],0.25,3.8e-05,"[2, 33, 3, 33, 15, 18, 0, 0]"
tomatoes,"['T', 'AH', 'M', 'EY', 'T', 'OW', 'Z']","['to', 'ma', 'toes']",['tomatoes'],0.25,7.94e-06,"[33, 3, 26, 9, 33, 12, 38, 0]"
receptor,"['R', 'IY', 'S', 'EH', 'P', 'T', 'ER']","['re', 'cept', 'or']",['receptor'],0.25,6.17e-06,"[30, 11, 31, 7, 29, 33, 8, 0]"
exercise,"['EH', 'K', 'S', 'ER', 'S', 'AY', 'Z']","['ex', 'er', 'cise']",['exercise'],0.25,4.79e-05,"[7, 24, 31, 8, 31, 6, 38, 0]"
emphasis,"['EH', 'M', 'F', 'AH', 'S', 'AH', 'S']","['em', 'phas', 'is']",['emphasis'],0.25,1.55e-05,"[7, 26, 20, 3, 31, 3, 31, 0]"
adjacent,"['AH', 'JH', 'EY', 'S', 'AH', 'N', 'T']","['ad', 'ja', 'cent']",['adjacent'],0.25,1.32e-05,"[3, 23, 9, 31, 3, 27, 33, 0]"
existing,"['IH', 'G', 'Z', 'IH', 'S', 'T', 'IH', 'NG']","['ex', 'ist', 'ing']",['existing'],0.25,5.62e-05,"[10, 21, 38, 10, 31, 33, 10, 28]"
selected,"['S', 'AH', 'L', 'EH', 'K', 'T', 'AH', 'D']","['se', 'lec', 'ted']",['selected'],0.25,4.79e-05,"[31, 3, 25, 7, 24, 33, 3, 18]"
exciting,"['IH', 'K', 'S', 'AY', 'T', 'IH', 'NG']","['ex', 'cit', 'ing']",['exciting'],0.25,3.47e-05,"[10, 24, 31, 6, 33, 10, 28, 0]"
admitted,"['AH', 'D', 'M', 'IH', 'T', 'AH', 'D']","['ad', 'mit', 'ted']",['admitted'],0.25,3.09e-05,"[3, 18, 26, 10, 33, 3, 18, 0]"
musician,"['M', 'Y', 'UW', 'Z', 'IH', 'SH', 'AH', 'N']","['mu', 'si', 'cian']",['musician'],0.25,1.02e-05,"[26, 37, 15, 38, 10, 32, 3, 27]"
embedded,"['EH', 'M', 'B', 'EH', 'D', 'IH', 'D']","['em', 'bed', 'ded']",['embedded'],0.25,7.76e-06,"[7, 26, 16, 7, 18, 10, 18, 0]"
develops,"['D', 'IH', 'V', 'EH', 'L', 'AH', 'P', 'S']","['de', 'vel', 'ops']",['develops'],0.25,7.76e-06,"[18, 10, 35, 7, 25, 3, 29, 31]"
alot,"['AH', 'L', 'AA', 'T']",['alot'],"['al', '##ot']",0.25,8.51e-06,"[3, 25, 1, 33, 0, 0, 0, 0]"
commissioner,"['K', 'AH', 'M', 'IH', 'SH', 'AH', 'N', 'ER']","['com', 'mis', 'sion', 'er']",['commissioner'],0.25,2.69e-05,"[24, 3, 26, 10, 32, 3, 27, 8]"
testimonials,"['T', 'EH', 'S', 'T', 'AH', 'M', 'OW', 'N', 'IY', 'AH', 'L', 'Z']","['testi', 'mo', 'ni', 'als']","['test', '##imo', '##nia', '##ls']",0.25,7.94e-07,"[33, 7, 31, 33, 3, 26, 12, 27]"
adapters,"['AH', 'D', 'AE', 'P', 'T', 'ER', 'Z']","['ad', 'apters']","['adapt', '##ers']",0.25,7.24e-07,"[3, 18, 2, 29, 33, 8, 38, 0]"
focusing,"['F', 'OW', 'K', 'AH', 'S', 'IH', 'NG']","['fo', 'cus', 'ing']",['focusing'],0.25,1.78e-05,"[20, 12, 24, 3, 31, 10, 28, 0]"
reproductive,"['R', 'IY', 'P', 'R', 'AH', 'D', 'AH', 'K', 'T', 'IH', 'V']","['re', 'pro', 'duct', 'ive']",['reproductive'],0.25,6.31e-06,"[30, 11, 29, 30, 3, 18, 3, 24]"
antibody,"['AE', 'N', 'T', 'IH', 'B', 'AA', 'D', 'IY']","['an', 'ti', 'body']",['antibody'],0.25,2.88e-06,"[2, 27, 33, 10, 16, 1, 18, 11]"
unauthorized,"['AH', 'N', 'AO', 'TH', 'ER', 'AY', 'Z', 'D']","['un', 'au', 'thor', 'ized']",['unauthorized'],0.25,3.72e-06,"[3, 27, 4, 34, 8, 6, 38, 18]"
advisory,"['AE', 'D', 'V', 'AY', 'Z', 'ER', 'IY']","['ad', 'vis', 'ory']",['advisory'],0.25,1.51e-05,"[2, 18, 35, 6, 38, 8, 11, 0]"
perl,"['P', 'ER', 'L']",['perl'],"['per', '##l']",0.25,9.33e-07,"[29, 8, 25, 0, 0, 0, 0, 0]"
directed,"['D', 'ER', 'EH', 'K', 'T', 'AH', 'D']","['dir', 'ec', 'ted']",['directed'],0.25,3.98e-05,"[18, 8, 7, 24, 33, 3, 18, 0]"
upcoming,"['AH', 'P', 'K', 'AH', 'M', 'IH', 'NG']","['up', 'com', 'ing']",['upcoming'],0.25,2.19e-05,"[3, 29, 24, 3, 26, 10, 28, 0]"
supplier,"['S', 'AH', 'P', 'L', 'AY', 'ER']","['sup', 'pli', 'er']",['supplier'],0.25,6.92e-06,"[31, 3, 29, 25, 6, 8, 0, 0]"
integral,"['IH', 'N', 'T', 'AH', 'G', 'R', 'AH', 'L']","['in', 'teg', 'ral']",['integral'],0.25,9.12e-06,"[10, 27, 33, 3, 21, 30, 3, 25]"
negotiations,"['N', 'AH', 'G', 'OW', 'SH', 'IY', 'EY', 'SH', 'AH', 'N', 'Z']","['ne', 'go', 'ti', 'ations']",['negotiations'],0.25,1.62e-05,"[27, 3, 21, 12, 32, 11, 9, 32]"
temperatures,"['T', 'EH', 'M', 'P', 'R', 'AH', 'CH', 'ER', 'Z']","['tem', 'per', 'at', 'ures']",['temperatures'],0.25,2.14e-05,"[33, 7, 26, 29, 30, 3, 17, 8]"
additionally,"['AH', 'D', 'IH', 'SH', 'AH', 'N', 'AH', 'L', 'IY']","['ad', 'di', 'tion', 'ally']",['additionally'],0.25,1.58e-05,"[3, 18, 10, 32, 3, 27, 3, 25]"
opponent,"['AH', 'P', 'OW', 'N', 'AH', 'N', 'T']","['op', 'pon', 'ent']",['opponent'],0.25,1.58e-05,"[3, 29, 12, 27, 3, 27, 33, 0]"
iran,"['IH', 'R', 'AA', 'N']","['ir', 'an']",['iran'],0.25,4.17e-05,"[10, 30, 1, 27, 0, 0, 0, 0]"
indicate,"['IH', 'N', 'D', 'AH', 'K', 'EY', 'T']","['in', 'dic', 'ate']",['indicate'],0.25,2.24e-05,"[10, 27, 18, 3, 24, 9, 33, 0]"
incorporated,"['IH', 'N', 'K', 'AO', 'R', 'P', 'ER', 'EY', 'T', 'AH', 'D']","['in', 'cor', 'por', 'ated']",['incorporated'],0.25,1.58e-05,"[10, 27, 24, 4, 30, 29, 8, 9]"
vibrator,"['V', 'AY', 'B', 'R', 'EY', 'T', 'ER']","['vi', 'brat', 'or']","['vi', '##bra', '##tor']",0.25,1.29e-06,"[35, 6, 16, 30, 9, 33, 8, 0]"
competitions,"['K', 'AA', 'M', 'P', 'AH', 'T', 'IH', 'SH', 'AH', 'N', 'Z']","['com', 'pet', 'i', 'tions']",['competitions'],0.25,6.76e-06,"[24, 1, 26, 29, 3, 33, 10, 32]"
photographic,"['F', 'OW', 'T', 'AH', 'G', 'R', 'AE', 'F', 'IH', 'K']","['pho', 'to', 'graph', 'ic']",['photographic'],0.25,5.75e-06,"[20, 12, 33, 3, 21, 30, 2, 20]"
registration,"['R', 'EH', 'JH', 'IH', 'S', 'T', 'R', 'EY', 'SH', 'AH', 'N']","['re', 'gis', 'tra', 'tion']",['registration'],0.25,2.09e-05,"[30, 7, 23, 10, 31, 33, 30, 9]"
bias,"['B', 'AY', 'AH', 'S']","['bi', 'as']",['bias'],0.25,1.51e-05,"[16, 6, 3, 31, 0, 0, 0, 0]"
theories,"['TH', 'IH', 'R', 'IY', 'Z']","['the', 'or', 'ies']",['theories'],0.25,1.66e-05,"[34, 10, 30, 11, 38, 0, 0, 0]"
contributors,"['K', 'AH', 'N', 'T', 'R', 'IH', 'B', 'Y', 'AH', 'T', 'ER', 'Z']","['con', 'trib', 'ut', 'ors']",['contributors'],0.25,4.68e-06,"[24, 3, 27, 33, 30, 10, 16, 37]"
previous,"['P', 'R', 'IY', 'V', 'IY', 'AH', 'S']","['pre', 'vi', 'ous']",['previous'],0.25,0.0001,"[29, 30, 11, 35, 11, 3, 31, 0]"
mongolia,"['M', 'AA', 'NG', 'G', 'OW', 'L', 'IY', 'AH']","['mon', 'go', 'lia']",['mongolia'],0.25,2.19e-06,"[26, 1, 28, 21, 12, 25, 11, 3]"
reid,"['R', 'IY', 'D']","['re', 'id']",['reid'],0.25,9.77e-06,"[30, 11, 18, 0, 0, 0, 0, 0]"
anderson,"['AE', 'N', 'D', 'ER', 'S', 'AH', 'N']","['an', 'der', 'son']",['anderson'],0.25,2.29e-05,"[2, 27, 18, 8, 31, 3, 27, 0]"
facility,"['F', 'AH', 'S', 'IH', 'L', 'IH', 'T', 'IY']","['fa', 'cil', 'ity']",['facility'],0.25,3.98e-05,"[20, 3, 31, 10, 25, 10, 33, 11]"
visitors,"['V', 'IH', 'Z', 'AH', 'T', 'ER', 'Z']","['vis', 'it', 'ors']",['visitors'],0.25,3.09e-05,"[35, 10, 38, 3, 33, 8, 38, 0]"
intelligence,"['IH', 'N', 'T', 'EH', 'L', 'AH', 'JH', 'AH', 'N', 'S']","['in', 'tel', 'li', 'gence']",['intelligence'],0.25,5.01e-05,"[10, 27, 33, 7, 25, 3, 23, 3]"
attended,"['AH', 'T', 'EH', 'N', 'D', 'AH', 'D']","['at', 'ten', 'ded']",['attended'],0.25,2.95e-05,"[3, 33, 7, 27, 18, 3, 18, 0]"
genetics,"['JH', 'AH', 'N', 'EH', 'T', 'IH', 'K', 'S']","['ge', 'net', 'ics']",['genetics'],0.25,6.92e-06,"[23, 3, 27, 7, 33, 10, 24, 31]"
reliance,"['R', 'IH', 'L', 'AY', 'AH', 'N', 'S']","['re', 'li', 'ance']",['reliance'],0.25,6.46e-06,"[30, 10, 25, 6, 3, 27, 31, 0]"
limiting,"['L', 'IH', 'M', 'AH', 'T', 'IH', 'NG']","['lim', 'it', 'ing']",['limiting'],0.25,8.91e-06,"[25, 10, 26, 3, 33, 10, 28, 0]"
biblical,"['B', 'IH', 'B', 'L', 'AH', 'K', 'AH', 'L']","['bib', 'lic', 'al']",['biblical'],0.25,8.32e-06,"[16, 10, 16, 25, 3, 24, 3, 25]"
engineer,"['EH', 'N', 'JH', 'AH', 'N', 'IH', 'R']","['en', 'gin', 'eer']",['engineer'],0.25,3.16e-05,"[7, 27, 23, 3, 27, 10, 30, 0]"
orgy,"['AO', 'R', 'JH', 'IY']",['orgy'],"['org', '##y']",0.25,1.74e-06,"[4, 30, 23, 11, 0, 0, 0, 0]"
modification,"['M', 'AA', 'D', 'AH', 'F', 'AH', 'K', 'EY', 'SH', 'AH', 'N']","['modi', 'fic', 'a', 'tion']",['modification'],0.25,5.89e-06,"[26, 1, 18, 3, 20, 3, 24, 9]"
opposite,"['AA', 'P', 'AH', 'Z', 'AH', 'T']","['op', 'pos', 'ite']",['opposite'],0.25,4.17e-05,"[1, 29, 3, 38, 3, 33, 0, 0]"
disposal,"['D', 'IH', 'S', 'P', 'OW', 'Z', 'AH', 'L']","['dis', 'pos', 'al']",['disposal'],0.25,1e-05,"[18, 10, 31, 29, 12, 38, 3, 25]"
intervention,"['IH', 'N', 'T', 'ER', 'V', 'EH', 'N', 'CH', 'AH', 'N']","['in', 'ter', 'ven', 'tion']",['intervention'],0.25,1.82e-05,"[10, 27, 33, 8, 35, 7, 27, 17]"
literacy,"['L', 'IH', 'T', 'ER', 'AH', 'S', 'IY']","['lit', 'er', 'acy']",['literacy'],0.25,7.94e-06,"[25, 10, 33, 8, 3, 31, 11, 0]"
relationship,"['R', 'IY', 'L', 'EY', 'SH', 'AH', 'N', 'SH', 'IH', 'P']","['re', 'la', 'tion', 'ship']",['relationship'],0.25,0.000141,"[30, 11, 25, 9, 32, 3, 27, 32]"
petition,"['P', 'AH', 'T', 'IH', 'SH', 'AH', 'N']","['pe', 'ti', 'tion']",['petition'],0.25,2e-05,"[29, 3, 33, 10, 32, 3, 27, 0]"
division,"['D', 'IH', 'V', 'IH', 'ZH', 'AH', 'N']","['di', 'vi', 'sion']",['division'],0.25,7.24e-05,"[18, 10, 35, 10, 39, 3, 27, 0]"
significance,"['S', 'AH', 'G', 'N', 'IH', 'F', 'IH', 'K', 'AH', 'N', 'S']","['sig', 'ni', 'fic', 'ance']",['significance'],0.25,1.51e-05,"[31, 3, 21, 27, 10, 20, 10, 24]"
entering,"['EH', 'N', 'T', 'ER', 'IH', 'NG']","['en', 'ter', 'ing']",['entering'],0.25,2.63e-05,"[7, 27, 33, 8, 10, 28, 0, 0]"
observations,"['AA', 'B', 'Z', 'ER', 'V', 'EY', 'SH', 'AH', 'N', 'Z']","['ob', 'ser', 'va', 'tions']",['observations'],0.25,1.05e-05,"[1, 16, 38, 8, 35, 9, 32, 3]"
manufacturer,"['M', 'AE', 'N', 'Y', 'AH', 'F', 'AE', 'K', 'CH', 'ER', 'ER']","['man', 'u', 'fac', 'turer']",['manufacturer'],0.25,1.62e-05,"[26, 2, 27, 37, 3, 20, 2, 24]"
injuries,"['IH', 'N', 'JH', 'ER', 'IY', 'Z']","['in', 'jur', 'ies']",['injuries'],0.25,2.75e-05,"[10, 27, 23, 8, 11, 38, 0, 0]"
interval,"['IH', 'N', 'T', 'ER', 'V', 'AH', 'L']","['in', 'ter', 'val']",['interval'],0.25,5.89e-06,"[10, 27, 33, 8, 35, 3, 25, 0]"
retailer,"['R', 'IY', 'T', 'EY', 'L', 'ER']","['re', 'tail', 'er']",['retailer'],0.25,5.62e-06,"[30, 11, 33, 9, 25, 8, 0, 0]"
expanded,"['IH', 'K', 'S', 'P', 'AE', 'N', 'D', 'AH', 'D']","['ex', 'pan', 'ded']",['expanded'],0.25,1.91e-05,"[10, 24, 31, 29, 2, 27, 18, 3]"
tabs,"['T', 'AE', 'B', 'Z']",['tabs'],"['tab', '##s']",0.25,4.07e-06,"[33, 2, 16, 38, 0, 0, 0, 0]"
aluminum,"['AH', 'L', 'UW', 'M', 'AH', 'N', 'AH', 'M']","['alu', 'min', 'um']",['aluminum'],0.25,1.02e-05,"[3, 25, 15, 26, 3, 27, 3, 26]"
clinical,"['K', 'L', 'IH', 'N', 'AH', 'K', 'AH', 'L']","['clin', 'ic', 'al']",['clinical'],0.25,3.24e-05,"[24, 25, 10, 27, 3, 24, 3, 25]"
cant,"['K', 'AE', 'N', 'T']",['cant'],"['can', '##t']",0.25,2.24e-05,"[24, 2, 27, 33, 0, 0, 0, 0]"
barriers,"['B', 'AE', 'R', 'IY', 'ER', 'Z']","['bar', 'ri', 'ers']",['barriers'],0.25,1.02e-05,"[16, 2, 30, 11, 8, 38, 0, 0]"
ciao,"['CH', 'AW']",['ciao'],"['cia', '##o']",0.25,6.46e-07,"[17, 5, 0, 0, 0, 0, 0, 0]"
intended,"['IH', 'N', 'T', 'EH', 'N', 'D', 'AH', 'D']","['in', 'ten', 'ded']",['intended'],0.25,5.01e-05,"[10, 27, 33, 7, 27, 18, 3, 18]"
chem,"['K', 'EH', 'M']",['chem'],"['che', '##m']",0.25,2.88e-06,"[24, 7, 26, 0, 0, 0, 0, 0]"
thailand,"['T', 'AY', 'L', 'AE', 'N', 'D']","['thai', 'l', 'and']",['thailand'],0.25,1.66e-05,"[33, 6, 25, 2, 27, 18, 0, 0]"
generous,"['JH', 'EH', 'N', 'ER', 'AH', 'S']","['gen', 'er', 'ous']",['generous'],0.25,1.58e-05,"[23, 7, 27, 8, 3, 31, 0, 0]"
actually,"['AE', 'K', 'CH', 'AH', 'W', 'AH', 'L', 'IY']","['ac', 'tu', 'ally']",['actually'],0.25,0.000309,"[2, 24, 17, 3, 36, 3, 25, 11]"
producer,"['P', 'R', 'AH', 'D', 'UW', 'S', 'ER']","['pro', 'du', 'cer']",['producer'],0.25,2.75e-05,"[29, 30, 3, 18, 15, 31, 8, 0]"
recovery,"['R', 'IH', 'K', 'AH', 'V', 'R', 'IY']","['re', 'cov', 'ery']",['recovery'],0.25,3.8e-05,"[30, 10, 24, 3, 35, 30, 11, 0]"
imported,"['IH', 'M', 'P', 'AO', 'R', 'T', 'IH', 'D']","['im', 'por', 'ted']",['imported'],0.25,8.91e-06,"[10, 26, 29, 4, 30, 33, 10, 18]"
military,"['M', 'IH', 'L', 'AH', 'T', 'EH', 'R', 'IY']","['mil', 'it', 'ary']",['military'],0.25,0.000158,"[26, 10, 25, 3, 33, 7, 30, 11]"
cambodia,"['K', 'AE', 'M', 'B', 'OW', 'D', 'IY', 'AH']","['cam', 'bod', 'ia']",['cambodia'],0.25,5.13e-06,"[24, 2, 26, 16, 12, 18, 11, 3]"
bios,"['B', 'AY', 'OW', 'S']",['bios'],"['bio', '##s']",0.25,1.82e-06,"[16, 6, 12, 31, 0, 0, 0, 0]"
dramatic,"['D', 'R', 'AH', 'M', 'AE', 'T', 'IH', 'K']","['dra', 'mat', 'ic']",['dramatic'],0.25,2.57e-05,"[18, 30, 3, 26, 2, 33, 10, 24]"
differential,"['D', 'IH', 'F', 'ER', 'EH', 'N', 'SH', 'AH', 'L']","['dif', 'fer', 'en', 'tial']",['differential'],0.25,6.76e-06,"[18, 10, 20, 8, 7, 27, 32, 3]"
illustration,"['IH', 'L', 'AH', 'S', 'T', 'R', 'EY', 'SH', 'AH', 'N']","['il', 'lus', 'tra', 'tion']",['illustration'],0.25,8.32e-06,"[10, 25, 3, 31, 33, 30, 9, 32]"
relation,"['R', 'IY', 'L', 'EY', 'SH', 'AH', 'N']","['re', 'la', 'tion']",['relation'],0.25,2.04e-05,"[30, 11, 25, 9, 32, 3, 27, 0]"
july,"['JH', 'UW', 'L', 'AY']","['ju', 'ly']",['july'],0.25,0.000148,"[23, 15, 25, 6, 0, 0, 0, 0]"
representing,"['R', 'EH', 'P', 'R', 'IH', 'Z', 'EH', 'N', 'T', 'IH', 'NG']","['rep', 'res', 'ent', 'ing']",['representing'],0.25,2.29e-05,"[30, 7, 29, 30, 10, 38, 7, 27]"
monetary,"['M', 'AA', 'N', 'AH', 'T', 'EH', 'R', 'IY']","['mon', 'et', 'ary']",['monetary'],0.25,1.26e-05,"[26, 1, 27, 3, 33, 7, 30, 11]"
assuming,"['AH', 'S', 'UW', 'M', 'IH', 'NG']","['as', 'sum', 'ing']",['assuming'],0.25,1.7e-05,"[3, 31, 15, 26, 10, 28, 0, 0]"
notified,"['N', 'OW', 'T', 'AH', 'F', 'AY', 'D']","['no', 'ti', 'fied']",['notified'],0.25,6.76e-06,"[27, 12, 33, 3, 20, 6, 18, 0]"
distributors,"['D', 'IH', 'S', 'T', 'R', 'IH', 'B', 'Y', 'AH', 'T', 'ER', 'Z']","['dis', 'trib', 'ut', 'ors']",['distributors'],0.25,3.98e-06,"[18, 10, 31, 33, 30, 10, 16, 37]"
slovenia,"['S', 'L', 'OW', 'V', 'IY', 'N', 'IY', 'AH']","['slov', 'e', 'nia']",['slovenia'],0.25,2.57e-06,"[31, 25, 12, 35, 11, 27, 11, 3]"
taxation,"['T', 'AE', 'K', 'S', 'EY', 'SH', 'AH', 'N']","['tax', 'a', 'tion']",['taxation'],0.25,6.46e-06,"[33, 2, 24, 31, 9, 32, 3, 27]"
nevertheless,"['N', 'EH', 'V', 'ER', 'DH', 'AH', 'L', 'EH', 'S']","['nev', 'er', 'the', 'less']",['nevertheless'],0.25,1.78e-05,"[27, 7, 35, 8, 19, 3, 25, 7]"
organisation,"['AO', 'R', 'G', 'AH', 'N', 'IH', 'Z', 'EY', 'SH', 'AH', 'N']","['or', 'gan', 'isa', 'tion']",['organisation'],0.25,2.29e-05,"[4, 30, 21, 3, 27, 10, 38, 9]"
nitrogen,"['N', 'AY', 'T', 'R', 'AH', 'JH', 'AH', 'N']","['ni', 'tro', 'gen']",['nitrogen'],0.25,5.75e-06,"[27, 6, 33, 30, 3, 23, 3, 27]"
investigated,"['IH', 'N', 'V', 'EH', 'S', 'T', 'AH', 'G', 'EY', 'T', 'AH', 'D']","['in', 'vest', 'ig', 'ated']",['investigated'],0.25,1.38e-05,"[10, 27, 35, 7, 31, 33, 3, 21]"
alliance,"['AH', 'L', 'AY', 'AH', 'N', 'S']","['al', 'li', 'ance']",['alliance'],0.25,2.51e-05,"[3, 25, 6, 3, 27, 31, 0, 0]"
relating,"['R', 'IH', 'L', 'EY', 'T', 'IH', 'NG']","['re', 'lat', 'ing']",['relating'],0.25,1.62e-05,"[30, 10, 25, 9, 33, 10, 28, 0]"
historic,"['HH', 'IH', 'S', 'T', 'AO', 'R', 'IH', 'K']","['his', 'tor', 'ic']",['historic'],0.25,3.09e-05,"[22, 10, 31, 33, 4, 30, 10, 24]"
civilization,"['S', 'IH', 'V', 'AH', 'L', 'IH', 'Z', 'EY', 'SH', 'AH', 'N']","['civil', 'iz', 'a', 'tion']",['civilization'],0.25,1.02e-05,"[31, 10, 35, 3, 25, 10, 38, 9]"
bachelor,"['B', 'AE', 'CH', 'AH', 'L', 'ER']","['bach', 'el', 'or']",['bachelor'],0.25,9.33e-06,"[16, 2, 17, 3, 25, 8, 0, 0]"
technologies,"['T', 'EH', 'K', 'N', 'AA', 'L', 'AH', 'JH', 'IY', 'Z']","['tech', 'no', 'lo', 'gies']",['technologies'],0.25,2.09e-05,"[33, 7, 24, 27, 1, 25, 3, 23]"
explicit,"['IH', 'K', 'S', 'P', 'L', 'IH', 'S', 'AH', 'T']","['ex', 'pli', 'cit']",['explicit'],0.25,9.12e-06,"[10, 24, 31, 29, 25, 10, 31, 3]"
senators,"['S', 'EH', 'N', 'AH', 'T', 'ER', 'Z']","['sen', 'at', 'ors']",['senators'],0.25,1.26e-05,"[31, 7, 27, 3, 33, 8, 38, 0]"
annoying,"['AH', 'N', 'OY', 'IH', 'NG']","['an', 'noy', 'ing']",['annoying'],0.25,2.51e-05,"[3, 27, 13, 10, 28, 0, 0, 0]"
survivor,"['S', 'ER', 'V', 'AY', 'V', 'ER']","['sur', 'viv', 'or']",['survivor'],0.25,1e-05,"[31, 8, 35, 6, 35, 8, 0, 0]"
internet,"['IH', 'N', 'T', 'ER', 'N', 'EH', 'T']","['in', 'ter', 'net']",['internet'],0.25,0.000115,"[10, 27, 33, 8, 27, 7, 33, 0]"
national,"['N', 'AE', 'SH', 'AH', 'N', 'AH', 'L']","['na', 'tion', 'al']",['national'],0.25,0.000324,"[27, 2, 32, 3, 27, 3, 25, 0]"
disciplinary,"['D', 'IH', 'S', 'AH', 'P', 'L', 'AH', 'N', 'EH', 'R', 'IY']","['dis', 'cip', 'lin', 'ary']",['disciplinary'],0.25,5.62e-06,"[18, 10, 31, 3, 29, 25, 3, 27]"
governmental,"['G', 'AH', 'V', 'ER', 'M', 'EH', 'N', 'T', 'AH', 'L']","['gov', 'ern', 'ment', 'al']",['governmental'],0.25,7.08e-06,"[21, 3, 35, 8, 26, 7, 27, 33]"
moms,"['M', 'AA', 'M', 'Z']",['moms'],"['mom', '##s']",0.25,7.24e-06,"[26, 1, 26, 38, 0, 0, 0, 0]"
argument,"['AA', 'R', 'G', 'Y', 'AH', 'M', 'AH', 'N', 'T']","['ar', 'gu', 'ment']",['argument'],0.25,4.37e-05,"[1, 30, 21, 37, 3, 26, 3, 27]"
creating,"['K', 'R', 'IY', 'EY', 'T', 'IH', 'NG']","['cre', 'at', 'ing']",['creating'],0.25,4.9e-05,"[24, 30, 11, 9, 33, 10, 28, 0]"
attorney,"['AH', 'T', 'ER', 'N', 'IY']","['at', 'tor', 'ney']",['attorney'],0.25,4.9e-05,"[3, 33, 8, 27, 11, 0, 0, 0]"
auctions,"['AA', 'K', 'SH', 'AH', 'N', 'Z']","['auc', 'tions']","['auction', '##s']",0.25,2.82e-06,"[1, 24, 32, 3, 27, 38, 0, 0]"
destinations,"['D', 'EH', 'S', 'T', 'AH', 'N', 'EY', 'SH', 'AH', 'N', 'Z']","['des', 'tin', 'a', 'tions']",['destinations'],0.25,6.76e-06,"[18, 7, 31, 33, 3, 27, 9, 32]"
specializing,"['S', 'P', 'EH', 'SH', 'AH', 'L', 'AY', 'Z', 'IH', 'NG']","['spe', 'cial', 'iz', 'ing']",['specializing'],0.25,3.24e-06,"[31, 29, 7, 32, 3, 25, 6, 38]"
masturbation,"['M', 'AE', 'S', 'T', 'ER', 'B', 'EY', 'SH', 'AH', 'N']","['mas', 'turb', 'a', 'tion']","['mast', '##ur', '##bation']",0.25,2.88e-06,"[26, 2, 31, 33, 8, 16, 9, 32]"
proposal,"['P', 'R', 'AH', 'P', 'OW', 'Z', 'AH', 'L']","['pro', 'pos', 'al']",['proposal'],0.25,2.95e-05,"[29, 30, 3, 29, 12, 38, 3, 25]"
arrested,"['ER', 'EH', 'S', 'T', 'AH', 'D']","['ar', 'res', 'ted']",['arrested'],0.25,4.37e-05,"[8, 7, 31, 33, 3, 18, 0, 0]"
ceremony,"['S', 'EH', 'R', 'AH', 'M', 'OW', 'N', 'IY']","['ce', 're', 'mony']",['ceremony'],0.25,2.63e-05,"[31, 7, 30, 3, 26, 12, 27, 11]"
observer,"['AH', 'B', 'Z', 'ER', 'V', 'ER']","['ob', 'serv', 'er']",['observer'],0.25,8.13e-06,"[3, 16, 38, 8, 35, 8, 0, 0]"
previews,"['P', 'R', 'IY', 'V', 'Y', 'UW', 'Z']","['pre', 'views']","['preview', '##s']",0.25,2.14e-06,"[29, 30, 11, 35, 37, 15, 38, 0]"
favorite,"['F', 'EY', 'V', 'ER', 'IH', 'T']","['fa', 'vor', 'ite']",['favorite'],0.25,9.33e-05,"[20, 9, 35, 8, 10, 33, 0, 0]"
manufactured,"['M', 'AE', 'N', 'Y', 'AH', 'F', 'AE', 'K', 'CH', 'ER', 'D']","['man', 'u', 'fac', 'tured']",['manufactured'],0.25,1.35e-05,"[26, 2, 27, 37, 3, 20, 2, 24]"
examines,"['IH', 'G', 'Z', 'AE', 'M', 'AH', 'N', 'Z']","['ex', 'am', 'ines']",['examines'],0.25,3.89e-06,"[10, 21, 38, 2, 26, 3, 27, 38]"
conventional,"['K', 'AH', 'N', 'V', 'EH', 'N', 'SH', 'AH', 'N', 'AH', 'L']","['con', 'ven', 'tion', 'al']",['conventional'],0.25,1.78e-05,"[24, 3, 27, 35, 7, 27, 32, 3]"
deferred,"['D', 'IH', 'F', 'ER', 'D']","['de', 'ferred']","['def', '##erre', '##d']",0.25,3.47e-06,"[18, 10, 20, 8, 18, 0, 0, 0]"
maximize,"['M', 'AE', 'K', 'S', 'AH', 'M', 'AY', 'Z']","['max', 'im', 'ize']",['maximize'],0.25,4.27e-06,"[26, 2, 24, 31, 3, 26, 6, 38]"
dramatically,"['D', 'R', 'AH', 'M', 'AE', 'T', 'IH', 'K', 'L', 'IY']","['dra', 'mat', 'ic', 'ally']",['dramatically'],0.25,8.91e-06,"[18, 30, 3, 26, 2, 33, 10, 24]"
engaging,"['EH', 'N', 'G', 'EY', 'JH', 'IH', 'NG']","['en', 'ga', 'ging']",['engaging'],0.25,1.35e-05,"[7, 27, 21, 9, 23, 10, 28, 0]"
certificates,"['S', 'ER', 'T', 'IH', 'F', 'IH', 'K', 'AH', 'T', 'S']","['cer', 'ti', 'fic', 'ates']",['certificates'],0.25,5.89e-06,"[31, 8, 33, 10, 20, 10, 24, 3]"
developments,"['D', 'IH', 'V', 'EH', 'L', 'AH', 'P', 'M', 'AH', 'N', 'T', 'S']","['de', 'vel', 'op', 'ments']",['developments'],0.25,1.66e-05,"[18, 10, 35, 7, 25, 3, 29, 26]"
literary,"['L', 'IH', 'T', 'ER', 'EH', 'R', 'IY']","['lit', 'er', 'ary']",['literary'],0.25,2.04e-05,"[25, 10, 33, 8, 7, 30, 11, 0]"
jurisdiction,"['JH', 'UH', 'R', 'AH', 'S', 'D', 'IH', 'K', 'SH', 'AH', 'N']","['jur', 'is', 'dic', 'tion']",['jurisdiction'],0.25,1.26e-05,"[23, 14, 30, 3, 31, 18, 10, 24]"
employee,"['EH', 'M', 'P', 'L', 'OY', 'IY']","['em', 'ploy', 'ee']",['employee'],0.25,3.16e-05,"[7, 26, 29, 25, 13, 11, 0, 0]"
carolina,"['K', 'EH', 'R', 'AH', 'L', 'AY', 'N', 'AH']","['car', 'o', 'lina']",['carolina'],0.25,3.31e-05,"[24, 7, 30, 3, 25, 6, 27, 3]"
introduction,"['IH', 'N', 'T', 'R', 'AH', 'D', 'AH', 'K', 'SH', 'AH', 'N']","['in', 'tro', 'duc', 'tion']",['introduction'],0.25,3.31e-05,"[10, 27, 33, 30, 3, 18, 3, 24]"
reviewer,"['R', 'IY', 'V', 'Y', 'UW', 'ER']","['re', 'view', 'er']",['reviewer'],0.25,2.95e-06,"[30, 11, 35, 37, 15, 8, 0, 0]"
critical,"['K', 'R', 'IH', 'T', 'IH', 'K', 'AH', 'L']","['crit', 'ic', 'al']",['critical'],0.25,6.76e-05,"[24, 30, 10, 33, 10, 24, 3, 25]"
into,"['IH', 'N', 'T', 'UW']","['in', 'to']",['into'],0.25,0.00129,"[10, 27, 33, 15, 0, 0, 0, 0]"
victoria,"['V', 'IH', 'K', 'T', 'AO', 'R', 'IY', 'AH']","['vic', 'tor', 'ia']",['victoria'],0.25,2.75e-05,"[35, 10, 24, 33, 4, 30, 11, 3]"
revision,"['R', 'IY', 'V', 'IH', 'ZH', 'AH', 'N']","['re', 'vi', 'sion']",['revision'],0.25,6.61e-06,"[30, 11, 35, 10, 39, 3, 27, 0]"
diff,"['D', 'IH', 'F']",['diff'],"['di', '##ff']",0.25,1.58e-06,"[18, 10, 20, 0, 0, 0, 0, 0]"
recorded,"['R', 'AH', 'K', 'AO', 'R', 'D', 'AH', 'D']","['re', 'cor', 'ded']",['recorded'],0.25,4.57e-05,"[30, 3, 24, 4, 30, 18, 3, 18]"
conservation,"['K', 'AA', 'N', 'S', 'ER', 'V', 'EY', 'SH', 'AH', 'N']","['con', 'ser', 'va', 'tion']",['conservation'],0.25,2.14e-05,"[24, 1, 27, 31, 8, 35, 9, 32]"
discover,"['D', 'IH', 'S', 'K', 'AH', 'V', 'ER']","['dis', 'cov', 'er']",['discover'],0.25,2.45e-05,"[18, 10, 31, 24, 3, 35, 8, 0]"
prisoner,"['P', 'R', 'IH', 'Z', 'AH', 'N', 'ER']","['pris', 'on', 'er']",['prisoner'],0.25,1.58e-05,"[29, 30, 10, 38, 3, 27, 8, 0]"
majority,"['M', 'AH', 'JH', 'AO', 'R', 'AH', 'T', 'IY']","['ma', 'jor', 'ity']",['majority'],0.25,8.71e-05,"[26, 3, 23, 4, 30, 3, 33, 11]"
exposure,"['IH', 'K', 'S', 'P', 'OW', 'ZH', 'ER']","['ex', 'pos', 'ure']",['exposure'],0.25,2.75e-05,"[10, 24, 31, 29, 12, 39, 8, 0]"
contemporary,"['K', 'AH', 'N', 'T', 'EH', 'M', 'P', 'ER', 'EH', 'R', 'IY']","['con', 'tem', 'por', 'ary']",['contemporary'],0.25,3.09e-05,"[24, 3, 27, 33, 7, 26, 29, 8]"
ordering,"['AO', 'R', 'D', 'ER', 'IH', 'NG']","['or', 'der', 'ing']",['ordering'],0.25,1.05e-05,"[4, 30, 18, 8, 10, 28, 0, 0]"
recreational,"['R', 'EH', 'K', 'R', 'IY', 'EY', 'SH', 'AH', 'N', 'AH', 'L']","['re', 'cre', 'ation', 'al']",['recreational'],0.25,8.13e-06,"[30, 7, 24, 30, 11, 9, 32, 3]"
occupied,"['AA', 'K', 'Y', 'AH', 'P', 'AY', 'D']","['oc', 'cu', 'pied']",['occupied'],0.25,2.09e-05,"[1, 24, 37, 3, 29, 6, 18, 0]"
practitioner,"['P', 'R', 'AE', 'K', 'T', 'IH', 'SH', 'AH', 'N', 'ER']","['prac', 'ti', 'tion', 'er']",['practitioner'],0.25,4.27e-06,"[29, 30, 2, 24, 33, 10, 32, 3]"
dictionaries,"['D', 'IH', 'K', 'SH', 'AH', 'N', 'EH', 'R', 'IY', 'Z']","['dic', 'tion', 'ar', 'ies']","['di', '##ction', '##aries']",0.25,1.51e-06,"[18, 10, 24, 32, 3, 27, 7, 30]"
velocity,"['V', 'AH', 'L', 'AA', 'S', 'AH', 'T', 'IY']","['ve', 'lo', 'city']",['velocity'],0.25,8.32e-06,"[35, 3, 25, 1, 31, 3, 33, 11]"
morrison,"['M', 'AO', 'R', 'IH', 'S', 'AH', 'N']","['mor', 'ris', 'on']",['morrison'],0.25,7.41e-06,"[26, 4, 30, 10, 31, 3, 27, 0]"
violence,"['V', 'AY', 'AH', 'L', 'AH', 'N', 'S']","['vi', 'ol', 'ence']",['violence'],0.25,5.62e-05,"[35, 6, 3, 25, 3, 27, 31, 0]"
spas,"['S', 'P', 'AA', 'Z']",['spas'],"['spa', '##s']",0.25,6.92e-07,"[31, 29, 1, 38, 0, 0, 0, 0]"
temporal,"['T', 'EH', 'M', 'P', 'ER', 'AH', 'L']","['tem', 'por', 'al']",['temporal'],0.25,4.27e-06,"[33, 7, 26, 29, 8, 3, 25, 0]"
asbestos,"['AE', 'S', 'B', 'EH', 'S', 'T', 'AH', 'S']","['as', 'bes', 'tos']",['asbestos'],0.25,3.47e-06,"[2, 31, 16, 7, 31, 33, 3, 31]"
ultimate,"['AH', 'L', 'T', 'AH', 'M', 'AH', 'T']","['ul', 'ti', 'mate']",['ultimate'],0.25,3.39e-05,"[3, 25, 33, 3, 26, 3, 33, 0]"
colorado,"['K', 'AA', 'L', 'ER', 'AA', 'D', 'OW']","['col', 'or', 'ado']",['colorado'],0.25,2.88e-05,"[24, 1, 25, 8, 1, 18, 12, 0]"
carrying,"['K', 'AE', 'R', 'IY', 'IH', 'NG']","['car', 'ry', 'ing']",['carrying'],0.25,4.07e-05,"[24, 2, 30, 11, 10, 28, 0, 0]"
platinum,"['P', 'L', 'AE', 'T', 'N', 'AH', 'M']","['plat', 'in', 'um']",['platinum'],0.25,1.05e-05,"[29, 25, 2, 33, 27, 3, 26, 0]"
covering,"['K', 'AH', 'V', 'ER', 'IH', 'NG']","['cov', 'er', 'ing']",['covering'],0.25,2.82e-05,"[24, 3, 35, 8, 10, 28, 0, 0]"
heritage,"['HH', 'EH', 'R', 'AH', 'T', 'AH', 'JH']","['her', 'it', 'age']",['heritage'],0.25,2.29e-05,"[22, 7, 30, 3, 33, 3, 23, 0]"
mime,"['M', 'AY', 'M']",['mime'],"['mi', '##me']",0.25,1.15e-06,"[26, 6, 26, 0, 0, 0, 0, 0]"
cunt,"['K', 'AH', 'N', 'T']",['cunt'],"['cu', '##nt']",0.25,7.41e-06,"[24, 3, 27, 33, 0, 0, 0, 0]"
personal,"['P', 'ER', 'S', 'IH', 'N', 'IH', 'L']","['per', 'son', 'al']",['personal'],0.25,0.000158,"[29, 8, 31, 10, 27, 10, 25, 0]"
location,"['L', 'OW', 'K', 'EY', 'SH', 'AH', 'N']","['loc', 'a', 'tion']",['location'],0.25,7.24e-05,"[25, 12, 24, 9, 32, 3, 27, 0]"
ethernet,"['EH', 'TH', 'ER', 'N', 'EH', 'T']","['eth', 'er', 'net']",['ethernet'],0.25,1.91e-06,"[7, 34, 8, 27, 7, 33, 0, 0]"
navigate,"['N', 'AE', 'V', 'AH', 'G', 'EY', 'T']","['nav', 'ig', 'ate']",['navigate'],0.25,4.79e-06,"[27, 2, 35, 3, 21, 9, 33, 0]"
virginia,"['V', 'ER', 'JH', 'IH', 'N', 'Y', 'AH']","['vir', 'gin', 'ia']",['virginia'],0.25,4.17e-05,"[35, 8, 23, 10, 27, 37, 3, 0]"
laboratories,"['L', 'AE', 'B', 'R', 'AH', 'T', 'AO', 'R', 'IY', 'Z']","['labor', 'at', 'or', 'ies']",['laboratories'],0.25,5.25e-06,"[25, 2, 16, 30, 3, 33, 4, 30]"
boob,"['B', 'UW', 'B']",['boob'],"['boo', '##b']",0.25,2.57e-06,"[16, 15, 16, 0, 0, 0, 0, 0]"
consolidated,"['K', 'AH', 'N', 'S', 'AA', 'L', 'AH', 'D', 'EY', 'T', 'AH', 'D']","['con', 'sol', 'id', 'ated']",['consolidated'],0.25,6.61e-06,"[24, 3, 27, 31, 1, 25, 3, 18]"
recorder,"['R', 'IH', 'K', 'AO', 'R', 'D', 'ER']","['re', 'cord', 'er']",['recorder'],0.25,5.13e-06,"[30, 10, 24, 4, 30, 18, 8, 0]"
receiver,"['R', 'AH', 'S', 'IY', 'V', 'ER']","['re', 'ceiv', 'er']",['receiver'],0.25,1.23e-05,"[30, 3, 31, 11, 35, 8, 0, 0]"
intimate,"['IH', 'N', 'T', 'AH', 'M', 'AH', 'T']","['in', 'tim', 'ate']",['intimate'],0.25,1.15e-05,"[10, 27, 33, 3, 26, 3, 33, 0]"
spam,"['S', 'P', 'AE', 'M']",['spam'],"['spa', '##m']",0.25,1.12e-05,"[31, 29, 2, 26, 0, 0, 0, 0]"
designer,"['D', 'IH', 'Z', 'AY', 'N', 'ER']","['de', 'sign', 'er']",['designer'],0.25,2.63e-05,"[18, 10, 38, 6, 27, 8, 0, 0]"
dentists,"['D', 'EH', 'N', 'T', 'AH', 'S', 'T', 'S']","['dent', 'ists']","['dentist', '##s']",0.25,2.09e-06,"[18, 7, 27, 33, 3, 31, 33, 31]"
inns,"['IH', 'N', 'Z']",['inns'],"['inn', '##s']",0.25,1.15e-06,"[10, 27, 38, 0, 0, 0, 0, 0]"
vertical,"['V', 'ER', 'T', 'IH', 'K', 'AH', 'L']","['ver', 'tic', 'al']",['vertical'],0.25,1.41e-05,"[35, 8, 33, 10, 24, 3, 25, 0]"
absolute,"['AE', 'B', 'S', 'AH', 'L', 'UW', 'T']","['ab', 'so', 'lute']",['absolute'],0.25,3.47e-05,"[2, 16, 31, 3, 25, 15, 33, 0]"
distribution,"['D', 'IH', 'S', 'T', 'R', 'AH', 'B', 'Y', 'UW', 'SH', 'AH', 'N']","['dis', 'tri', 'bu', 'tion']",['distribution'],0.25,4.37e-05,"[18, 10, 31, 33, 30, 3, 16, 37]"
dynamics,"['D', 'AY', 'N', 'AE', 'M', 'IH', 'K', 'S']","['dy', 'nam', 'ics']",['dynamics'],0.25,1.2e-05,"[18, 6, 27, 2, 26, 10, 24, 31]"
incident,"['IH', 'N', 'S', 'AH', 'D', 'AH', 'N', 'T']","['in', 'cid', 'ent']",['incident'],0.25,3.47e-05,"[10, 27, 31, 3, 18, 3, 27, 33]"
revenues,"['R', 'EH', 'V', 'AH', 'N', 'UW', 'Z']","['rev', 'en', 'ues']",['revenues'],0.25,1.15e-05,"[30, 7, 35, 3, 27, 15, 38, 0]"
spanking,"['S', 'P', 'AE', 'NG', 'K', 'IH', 'NG']","['spank', 'ing']","['span', '##king']",0.25,1.91e-06,"[31, 29, 2, 28, 24, 10, 28, 0]"
parental,"['P', 'ER', 'EH', 'N', 'T', 'AH', 'L']","['par', 'ent', 'al']",['parental'],0.25,6.03e-06,"[29, 8, 7, 27, 33, 3, 25, 0]"
adaptive,"['AH', 'D', 'AE', 'P', 'T', 'IH', 'V']","['ad', 'apt', 'ive']",['adaptive'],0.25,4.07e-06,"[3, 18, 2, 29, 33, 10, 35, 0]"
championship,"['CH', 'AE', 'M', 'P', 'IY', 'AH', 'N', 'SH', 'IH', 'P']","['cham', 'pi', 'on', 'ship']",['championship'],0.25,3.47e-05,"[17, 2, 26, 29, 11, 3, 27, 32]"
conditioning,"['K', 'AH', 'N', 'D', 'IH', 'SH', 'AH', 'N', 'IH', 'NG']","['con', 'di', 'tion', 'ing']",['conditioning'],0.25,7.76e-06,"[24, 3, 27, 18, 10, 32, 3, 27]"
minister,"['M', 'IH', 'N', 'AH', 'S', 'T', 'ER']","['min', 'is', 'ter']",['minister'],0.25,0.00011,"[26, 10, 27, 3, 31, 33, 8, 0]"
catering,"['K', 'EY', 'T', 'ER', 'IH', 'NG']","['ca', 'ter', 'ing']",['catering'],0.25,4.37e-06,"[24, 9, 33, 8, 10, 28, 0, 0]"
alternatives,"['AO', 'L', 'T', 'ER', 'N', 'AH', 'T', 'IH', 'V', 'Z']","['al', 'tern', 'at', 'ives']",['alternatives'],0.25,1.1e-05,"[4, 25, 33, 8, 27, 3, 33, 10]"
coverage,"['K', 'AH', 'V', 'ER', 'AH', 'JH']","['cov', 'er', 'age']",['coverage'],0.25,4.27e-05,"[24, 3, 35, 8, 3, 23, 0, 0]"
implementing,"['IH', 'M', 'P', 'L', 'AH', 'M', 'EH', 'N', 'T', 'IH', 'NG']","['im', 'ple', 'ment', 'ing']",['implementing'],0.25,8.13e-06,"[10, 26, 29, 25, 3, 26, 7, 27]"
conversation,"['K', 'AA', 'N', 'V', 'ER', 'S', 'EY', 'SH', 'AH', 'N']","['con', 'ver', 'sa', 'tion']",['conversation'],0.25,5.62e-05,"[24, 1, 27, 35, 8, 31, 9, 32]"
american,"['AH', 'M', 'EH', 'R', 'AH', 'K', 'AH', 'N']","['amer', 'ic', 'an']",['american'],0.25,0.000309,"[3, 26, 7, 30, 3, 24, 3, 27]"
security,"['S', 'IH', 'K', 'Y', 'UH', 'R', 'AH', 'T', 'IY']","['se', 'cur', 'ity']",['security'],0.25,0.000158,"[31, 10, 24, 37, 14, 30, 3, 33]"
aberdeen,"['AE', 'B', 'ER', 'D', 'IY', 'N']","['ab', 'er', 'deen']",['aberdeen'],0.25,6.46e-06,"[2, 16, 8, 18, 11, 27, 0, 0]"
anthropology,"['AE', 'N', 'TH', 'R', 'AH', 'P', 'AA', 'L', 'AH', 'JH', 'IY']","['an', 'thro', 'po', 'logy']",['anthropology'],0.25,4.47e-06,"[2, 27, 34, 30, 3, 29, 1, 25]"
bras,"['B', 'R', 'AE', 'S']",['bras'],"['bra', '##s']",0.25,2.4e-06,"[16, 30, 2, 31, 0, 0, 0, 0]"
grad,"['G', 'R', 'AE', 'D']",['grad'],"['gr', '##ad']",0.25,3.98e-06,"[21, 30, 2, 18, 0, 0, 0, 0]"
inserted,"['IH', 'N', 'S', 'ER', 'T', 'AH', 'D']","['in', 'ser', 'ted']",['inserted'],0.25,5.5e-06,"[10, 27, 31, 8, 33, 3, 18, 0]"
occasionally,"['AH', 'K', 'EY', 'ZH', 'AH', 'N', 'AH', 'L', 'IY']","['oc', 'ca', 'sion', 'ally']",['occasionally'],0.25,2.45e-05,"[3, 24, 9, 39, 3, 27, 3, 25]"
apparent,"['AH', 'P', 'EH', 'R', 'AH', 'N', 'T']","['ap', 'par', 'ent']",['apparent'],0.25,2.09e-05,"[3, 29, 7, 30, 3, 27, 33, 0]"
hospital,"['HH', 'AA', 'S', 'P', 'IH', 'T', 'AH', 'L']","['hos', 'pit', 'al']",['hospital'],0.25,0.000117,"[22, 1, 31, 29, 10, 33, 3, 25]"
harrison,"['HH', 'EH', 'R', 'IH', 'S', 'AH', 'N']","['har', 'ris', 'on']",['harrison'],0.25,1.2e-05,"[22, 7, 30, 10, 31, 3, 27, 0]"
comp,"['K', 'AA', 'M', 'P']",['comp'],"['com', '##p']",0.25,7.08e-06,"[24, 1, 26, 29, 0, 0, 0, 0]"
tropical,"['T', 'R', 'AA', 'P', 'IH', 'K', 'AH', 'L']","['trop', 'ic', 'al']",['tropical'],0.25,1.51e-05,"[33, 30, 1, 29, 10, 24, 3, 25]"
guardian,"['G', 'AA', 'R', 'D', 'IY', 'AH', 'N']","['guard', 'i', 'an']",['guardian'],0.25,1.82e-05,"[21, 1, 30, 18, 11, 3, 27, 0]"
physical,"['F', 'IH', 'Z', 'IH', 'K', 'AH', 'L']","['phys', 'ic', 'al']",['physical'],0.25,8.71e-05,"[20, 10, 38, 10, 24, 3, 25, 0]"
rejected,"['R', 'IH', 'JH', 'EH', 'K', 'T', 'IH', 'D']","['re', 'jec', 'ted']",['rejected'],0.25,2.34e-05,"[30, 10, 23, 7, 24, 33, 10, 18]"
negative,"['N', 'EH', 'G', 'AH', 'T', 'IH', 'V']","['neg', 'at', 'ive']",['negative'],0.25,6.17e-05,"[27, 7, 21, 3, 33, 10, 35, 0]"
reservations,"['R', 'EH', 'Z', 'ER', 'V', 'EY', 'SH', 'AH', 'N', 'Z']","['re', 'ser', 'va', 'tions']",['reservations'],0.25,6.17e-06,"[30, 7, 38, 8, 35, 9, 32, 3]"
introductory,"['IH', 'N', 'T', 'R', 'AH', 'D', 'AH', 'K', 'T', 'ER', 'IY']","['in', 'tro', 'duct', 'ory']",['introductory'],0.25,3.24e-06,"[10, 27, 33, 30, 3, 18, 3, 24]"
compensation,"['K', 'AA', 'M', 'P', 'AH', 'N', 'S', 'EY', 'SH', 'AH', 'N']","['com', 'pens', 'a', 'tion']",['compensation'],0.25,2.14e-05,"[24, 1, 26, 29, 3, 27, 31, 9]"
employer,"['EH', 'M', 'P', 'L', 'OY', 'ER']","['em', 'ploy', 'er']",['employer'],0.25,1.66e-05,"[7, 26, 29, 25, 13, 8, 0, 0]"
suburban,"['S', 'AH', 'B', 'ER', 'B', 'AH', 'N']","['sub', 'urb', 'an']",['suburban'],0.25,8.13e-06,"[31, 3, 16, 8, 16, 3, 27, 0]"
accurate,"['AE', 'K', 'Y', 'ER', 'AH', 'T']","['ac', 'cur', 'ate']",['accurate'],0.25,3.72e-05,"[2, 24, 37, 8, 3, 33, 0, 0]"
reproduction,"['R', 'IY', 'P', 'R', 'AH', 'D', 'AH', 'K', 'SH', 'AH', 'N']","['re', 'pro', 'duc', 'tion']",['reproduction'],0.25,6.17e-06,"[30, 11, 29, 30, 3, 18, 3, 24]"
generate,"['JH', 'EH', 'N', 'ER', 'EY', 'T']","['gen', 'er', 'ate']",['generate'],0.25,1.66e-05,"[23, 7, 27, 8, 9, 33, 0, 0]"
numerous,"['N', 'UW', 'M', 'ER', 'AH', 'S']","['nu', 'mer', 'ous']",['numerous'],0.25,4.47e-05,"[27, 15, 26, 8, 3, 31, 0, 0]"
modified,"['M', 'AA', 'D', 'AH', 'F', 'AY', 'D']","['mod', 'i', 'fied']",['modified'],0.25,1.74e-05,"[26, 1, 18, 3, 20, 6, 18, 0]"
japanese,"['JH', 'AE', 'P', 'AH', 'N', 'IY', 'Z']","['ja', 'pan', 'ese']",['japanese'],0.25,6.46e-05,"[23, 2, 29, 3, 27, 11, 38, 0]"
lite,"['L', 'AY', 'T']",['lite'],"['lit', '##e']",0.25,3.39e-06,"[25, 6, 33, 0, 0, 0, 0, 0]"
photographer,"['F', 'AH', 'T', 'AA', 'G', 'R', 'AH', 'F', 'ER']","['pho', 'to', 'graph', 'er']",['photographer'],0.25,1.91e-05,"[20, 3, 33, 1, 21, 30, 3, 20]"
lion,"['L', 'AY', 'AH', 'N']","['li', 'on']",['lion'],0.25,1.78e-05,"[25, 6, 3, 27, 0, 0, 0, 0]"
seasonal,"['S', 'IY', 'Z', 'AH', 'N', 'AH', 'L']","['sea', 'son', 'al']",['seasonal'],0.25,9.55e-06,"[31, 11, 38, 3, 27, 3, 25, 0]"
encoding,"['EH', 'N', 'K', 'OW', 'D', 'IH', 'NG']","['en', 'cod', 'ing']",['encoding'],0.25,2.4e-06,"[7, 27, 24, 12, 18, 10, 28, 0]"
bookings,"['B', 'UH', 'K', 'IH', 'NG', 'Z']","['book', 'ings']","['booking', '##s']",0.25,2.14e-06,"[16, 14, 24, 10, 28, 38, 0, 0]"
calendar,"['K', 'AE', 'L', 'AH', 'N', 'D', 'ER']","['cal', 'en', 'dar']",['calendar'],0.25,2e-05,"[24, 2, 25, 3, 27, 18, 8, 0]"
document,"['D', 'AA', 'K', 'Y', 'AH', 'M', 'EH', 'N', 'T']","['doc', 'u', 'ment']",['document'],0.25,3.16e-05,"[18, 1, 24, 37, 3, 26, 7, 27]"
humanity,"['HH', 'Y', 'UW', 'M', 'AE', 'N', 'IH', 'T', 'IY']","['hu', 'man', 'ity']",['humanity'],0.25,2.09e-05,"[22, 37, 15, 26, 2, 27, 10, 33]"
accident,"['AE', 'K', 'S', 'AH', 'D', 'AH', 'N', 'T']","['ac', 'ci', 'dent']",['accident'],0.25,5.13e-05,"[2, 24, 31, 3, 18, 3, 27, 33]"
supplemental,"['S', 'AH', 'P', 'L', 'AH', 'M', 'EH', 'N', 'T', 'AH', 'L']","['sup', 'ple', 'ment', 'al']",['supplemental'],0.25,3.09e-06,"[31, 3, 29, 25, 3, 26, 7, 27]"
institutions,"['IH', 'N', 'S', 'T', 'IH', 'T', 'UW', 'SH', 'AH', 'N', 'Z']","['in', 'sti', 'tu', 'tions']",['institutions'],0.25,3.8e-05,"[10, 27, 31, 33, 10, 33, 15, 32]"
universities,"['Y', 'UW', 'N', 'AH', 'V', 'ER', 'S', 'AH', 'T', 'IY', 'Z']","['uni', 'ver', 'sit', 'ies']",['universities'],0.25,2.29e-05,"[37, 15, 27, 3, 35, 8, 31, 3]"
mobility,"['M', 'OW', 'B', 'IH', 'L', 'AH', 'T', 'IY']","['mo', 'bil', 'ity']",['mobility'],0.25,1.12e-05,"[26, 12, 16, 10, 25, 3, 33, 11]"
carriers,"['K', 'AE', 'R', 'IY', 'ER', 'Z']","['car', 'ri', 'ers']",['carriers'],0.25,1.05e-05,"[24, 2, 30, 11, 8, 38, 0, 0]"
latitude,"['L', 'AE', 'T', 'AH', 'T', 'UW', 'D']","['lat', 'it', 'ude']",['latitude'],0.25,3.72e-06,"[25, 2, 33, 3, 33, 15, 18, 0]"
mpeg,"['EH', 'M', 'P', 'EH', 'G']",['mpeg'],"['mp', '##eg']",0.25,6.61e-07,"[7, 26, 29, 7, 21, 0, 0, 0]"
individually,"['IH', 'N', 'D', 'IH', 'V', 'IH', 'JH', 'UW', 'AH', 'L', 'IY']","['in', 'di', 'vidu', 'ally']",['individually'],0.25,7.94e-06,"[10, 27, 18, 10, 35, 10, 23, 15]"
periodic,"['P', 'IH', 'R', 'IY', 'AA', 'D', 'IH', 'K']","['peri', 'od', 'ic']",['periodic'],0.25,4.27e-06,"[29, 10, 30, 11, 1, 18, 10, 24]"
rugs,"['R', 'AH', 'G', 'Z']",['rugs'],"['rug', '##s']",0.25,1.55e-06,"[30, 3, 21, 38, 0, 0, 0, 0]"
gras,"['G', 'R', 'AE', 'S']",['gras'],"['gr', '##as']",0.25,2.14e-06,"[21, 30, 2, 31, 0, 0, 0, 0]"
reminder,"['R', 'IY', 'M', 'AY', 'N', 'D', 'ER']","['re', 'mind', 'er']",['reminder'],0.25,1.32e-05,"[30, 11, 26, 6, 27, 18, 8, 0]"
establishing,"['IH', 'S', 'T', 'AE', 'B', 'L', 'IH', 'SH', 'IH', 'NG']","['es', 'tab', 'lish', 'ing']",['establishing'],0.25,1.29e-05,"[10, 31, 33, 2, 16, 25, 10, 32]"
reported,"['R', 'IY', 'P', 'AO', 'R', 'T', 'AH', 'D']","['re', 'por', 'ted']",['reported'],0.25,0.0001,"[30, 11, 29, 4, 30, 33, 3, 18]"
coordination,"['K', 'OW', 'AO', 'R', 'D', 'AH', 'N', 'EY', 'SH', 'AH', 'N']","['co', 'ordin', 'a', 'tion']",['coordination'],0.25,7.94e-06,"[24, 12, 4, 30, 18, 3, 27, 9]"
republic,"['R', 'IY', 'P', 'AH', 'B', 'L', 'AH', 'K']","['re', 'pub', 'lic']",['republic'],0.25,3.98e-05,"[30, 11, 29, 3, 16, 25, 3, 24]"
resident,"['R', 'EH', 'Z', 'IH', 'D', 'AH', 'N', 'T']","['res', 'id', 'ent']",['resident'],0.25,2.4e-05,"[30, 7, 38, 10, 18, 3, 27, 33]"
barbados,"['B', 'AA', 'R', 'B', 'EY', 'D', 'OW', 'S']","['bar', 'ba', 'dos']",['barbados'],0.25,3.16e-06,"[16, 1, 30, 16, 9, 18, 12, 31]"
reporter,"['R', 'IH', 'P', 'AO', 'R', 'T', 'ER']","['re', 'port', 'er']",['reporter'],0.25,2.24e-05,"[30, 10, 29, 4, 30, 33, 8, 0]"
professional,"['P', 'R', 'AH', 'F', 'EH', 'SH', 'AH', 'N', 'AH', 'L']","['pro', 'fes', 'sion', 'al']",['professional'],0.25,0.000112,"[29, 30, 3, 20, 7, 32, 3, 27]"
goto,"['G', 'OW', 'T', 'UW']",['goto'],"['got', '##o']",0.25,1.17e-06,"[21, 12, 33, 15, 0, 0, 0, 0]"
bibliography,"['B', 'IH', 'B', 'L', 'IY', 'AA', 'G', 'R', 'AH', 'F', 'IY']","['bib', 'li', 'o', 'graphy']",['bibliography'],0.25,6.61e-06,"[16, 10, 16, 25, 11, 1, 21, 30]"
survival,"['S', 'ER', 'V', 'AY', 'V', 'AH', 'L']","['sur', 'viv', 'al']",['survival'],0.25,2.34e-05,"[31, 8, 35, 6, 35, 3, 25, 0]"
external,"['IH', 'K', 'S', 'T', 'ER', 'N', 'AH', 'L']","['ex', 'tern', 'al']",['external'],0.25,3.31e-05,"[10, 24, 31, 33, 8, 27, 3, 25]"
holidays,"['HH', 'AA', 'L', 'AH', 'D', 'EY', 'Z']","['hol', 'i', 'days']",['holidays'],0.25,1.66e-05,"[22, 1, 25, 3, 18, 9, 38, 0]"
traveler,"['T', 'R', 'AE', 'V', 'AH', 'L', 'ER']","['trav', 'el', 'er']",['traveler'],0.25,3.72e-06,"[33, 30, 2, 35, 3, 25, 8, 0]"
adjusted,"['AH', 'JH', 'AH', 'S', 'T', 'AH', 'D']","['ad', 'jus', 'ted']",['adjusted'],0.25,1.29e-05,"[3, 23, 3, 31, 33, 3, 18, 0]"
incoming,"['IH', 'N', 'K', 'AH', 'M', 'IH', 'NG']","['in', 'com', 'ing']",['incoming'],0.25,8.51e-06,"[10, 27, 24, 3, 26, 10, 28, 0]"
soma,"['S', 'OW', 'M', 'AH']",['soma'],"['so', '##ma']",0.25,1.62e-06,"[31, 12, 26, 3, 0, 0, 0, 0]"
director,"['D', 'ER', 'EH', 'K', 'T', 'ER']","['dir', 'ect', 'or']",['director'],0.25,0.000141,"[18, 8, 7, 24, 33, 8, 0, 0]"
official,"['AH', 'F', 'IH', 'SH', 'AH', 'L']","['of', 'fi', 'cial']",['official'],0.25,0.000138,"[3, 20, 10, 32, 3, 25, 0, 0]"
hydrogen,"['HH', 'AY', 'D', 'R', 'AH', 'JH', 'AH', 'N']","['hy', 'dro', 'gen']",['hydrogen'],0.25,9.55e-06,"[22, 6, 18, 30, 3, 23, 3, 27]"
geographical,"['JH', 'IY', 'AH', 'G', 'R', 'AE', 'F', 'IH', 'K', 'AH', 'L']","['geo', 'graph', 'ic', 'al']",['geographical'],0.25,7.08e-06,"[23, 11, 3, 21, 30, 2, 20, 10]"
specific,"['S', 'P', 'AH', 'S', 'IH', 'F', 'IH', 'K']","['spe', 'cif', 'ic']",['specific'],0.25,0.000107,"[31, 29, 3, 31, 10, 20, 10, 24]"
domestic,"['D', 'AH', 'M', 'EH', 'S', 'T', 'IH', 'K']","['do', 'mest', 'ic']",['domestic'],0.25,4.9e-05,"[18, 3, 26, 7, 31, 33, 10, 24]"
organize,"['AO', 'R', 'G', 'AH', 'N', 'AY', 'Z']","['or', 'gan', 'ize']",['organize'],0.25,9.55e-06,"[4, 30, 21, 3, 27, 6, 38, 0]"
extended,"['IH', 'K', 'S', 'T', 'EH', 'N', 'D', 'AH', 'D']","['ex', 'ten', 'ded']",['extended'],0.25,4.37e-05,"[10, 24, 31, 33, 7, 27, 18, 3]"
